fillHash,bettor,side,stake,odds,marketLabel,betLabel,competition,gameLabel,teamOneName,teamTwoName,marketHash,sportXeventId,maker,settled,tradeStatus,valid,betTime,gameTime,netReturn,chainVersion,baseToken
0x54536bac803b6aee6967d032959dd5c5003462a25888e3e60dcf91a49dcaca30,0xFD3a22179CA4104E97c670b834750Bd7Ff310b17,,12.65,1.3738,K1-League,,K1-League,Pohang Steelers vs Gimcheon Sangmu FC,Pohang Steelers,Gimcheon Sangmu FC,0x45d8dab8d57ce47487030e449f9f551dcf2e482572ae37cf2073618d9d85f1bd,L19596408,0,0,SUCCESS,1,1785541338,1785580200,33.846154,SXR,0x6629Ce1Cf35Cc1329ebB4F63202F3f197b3F050B
0xe39265609d04e57b943ddfd5f01d525cc48365825e0ba796f0738091d5893965,0x0C2DA7fC8702784d6f75c78Da25460783A6709a0,1,5,1.5137,K1-League,Jeonbuk Hyundai Motors 0,K1-League,Jeonbuk Hyundai Motors vs FC Seoul,Jeonbuk Hyundai Motors,FC Seoul,0xa036bc5906fe2a2c773bfb60744ae4b38c4edaa1e0aeff93334fbaf0757b557f,L19596479,0,0,SUCCESS,1,1785540445,1785580200,9.73236,SXR,0x6629Ce1Cf35Cc1329ebB4F63202F3f197b3F050B
0xbca96c48b2a29fae3c9f163ffdde987535a5ca92a3e5493c6ce933b2e4dfbc73,0x0C2DA7fC8702784d6f75c78Da25460783A6709a0,1,5,1.4475,Under/Over (2.5),Over 2.5,K1-League,Gangwon FC vs Bucheon FC 1995,Gangwon FC,Bucheon FC 1995,0x4f68b3603a8f8dd2d4d7c00f5d8fb01cadc834b026932f9798e0cab1e3dadb4b,L19596310,0,0,SUCCESS,1,1785537691,1785580200,11.173184,SXR,0x6629Ce1Cf35Cc1329ebB4F63202F3f197b3F050B
0x675379e49080811a81e7628c6b9da94ca125642ec01f82a85aead2fe819db918,0x0DeAbC808957aBc9f4778C03b03CC1D2cBBC9D60,1,5,1.71,Under/Over (1.5),Over 1.5,K1-League,Pohang Steelers vs Gimcheon Sangmu FC,Pohang Steelers,Gimcheon Sangmu FC,0xc0b466d7a576f7fb9ca8450774ece16662f0d03d905406dd935579cd701317b8,L19596408,0,0,SUCCESS,1,1785494724,1785580200,7.042254,SXR,0x6629Ce1Cf35Cc1329ebB4F63202F3f197b3F050B
0x64158d4565d902fe35efbde168b179a2db3476ac8309833df161c172faca3e20,0x8268feC8dCb0D284343054BDf2b649286c9aA0a1,1,38.47,1.7125,Under/Over (1.5),Over 1.5,K1-League,Pohang Steelers vs Gimcheon Sangmu FC,Pohang Steelers,Gimcheon Sangmu FC,0xc0b466d7a576f7fb9ca8450774ece16662f0d03d905406dd935579cd701317b8,L19596408,0,0,SUCCESS,1,1785494689,1785580200,53.992982,SXR,0x6629Ce1Cf35Cc1329ebB4F63202F3f197b3F050B
0x52d979a9bafe9b25e20b4ccc78cecc9059c215894f752c8a729bfb8330f0ef67,0xFD3a22179CA4104E97c670b834750Bd7Ff310b17,1,38.09999,1.655,K1-League,Pohang Steelers 0,K1-League,Pohang Steelers vs Gimcheon Sangmu FC,Pohang Steelers,Gimcheon Sangmu FC,0x19ebeecea898d51dbbf3e6ade987de060315f8037ced0912723875e2a93311ad,L19596408,0,0,SUCCESS,1,1785494659,1785580200,58.167924,SXR,0x6629Ce1Cf35Cc1329ebB4F63202F3f197b3F050B
0x9f8ad6a2e645f10f59ddf9a104c483a7836f5fb89f7aa7f33a47fddf8b36c32b,0xAB03DDB118c18F7EfC711f056a7A4B5D25e040aA,1,3.5,1.6525,1X2,Gangwon FC,K1-League,Gangwon FC vs Bucheon FC 1995,Gangwon FC,Bucheon FC 1995,0xddebad8424b59bc7ae9df67a417ae2ceee50dd168ef7fa6df926062fc5f3a0e8,L19596310,0,0,SUCCESS,1,1785471944,1785580200,5.363985,SXR,0x6629Ce1Cf35Cc1329ebB4F63202F3f197b3F050B
0x69da012863d72f1766b93e3f91a30e83dccff754011e4fa52c6ce8f219e5fad2,0x0DeAbC808957aBc9f4778C03b03CC1D2cBBC9D60,1,5,1.1538,Under/Over (4),Over 4.0,K1-League,Jeonbuk Hyundai Motors vs FC Seoul,Jeonbuk Hyundai Motors,FC Seoul,0x2b49e92384ff60b3338d26341b13412875d7956687173b99a89a492693e3bf82,L19596479,0,0,SUCCESS,1,1785413767,1785580200,32.520325,SXR,0x6629Ce1Cf35Cc1329ebB4F63202F3f197b3F050B
0x8caf201b1a896ab1bc9191cdd2bb0a337a201f25fcbfa9f3e4b9476987f4be6f,0x8268feC8dCb0D284343054BDf2b649286c9aA0a1,1,13.63,1.1538,Under/Over (4),Over 4.0,K1-League,Jeonbuk Hyundai Motors vs FC Seoul,Jeonbuk Hyundai Motors,FC Seoul,0x2b49e92384ff60b3338d26341b13412875d7956687173b99a89a492693e3bf82,L19596479,0,0,SUCCESS,1,1785413759,1785580200,88.650407,SXR,0x6629Ce1Cf35Cc1329ebB4F63202F3f197b3F050B
0x6626fed0cbc9eb3709bda61d2aed9b3c145dc642d3d4f87d188f3203429b8ea4,0x8268feC8dCb0D284343054BDf2b649286c9aA0a1,1,13.59,1.1113,Under/Over (4),Over 4.0,K1-League,Gangwon FC vs Bucheon FC 1995,Gangwon FC,Bucheon FC 1995,0xcd475fff5ea40131e79feb6e8fa882d53668c17447139c586f62c11ce2c8e4c1,L19596310,0,0,SUCCESS,1,1785412305,1785580200,122.157303,SXR,0x6629Ce1Cf35Cc1329ebB4F63202F3f197b3F050B
0x7c2c9f617f335ab4cb684d44fa93364def2a6c1140b12abd2a608e55d2bec091,0x8268feC8dCb0D284343054BDf2b649286c9aA0a1,1,14.21,1.1113,Under/Over (4),Over 4.0,K1-League,Gangwon FC vs Bucheon FC 1995,Gangwon FC,Bucheon FC 1995,0xcd475fff5ea40131e79feb6e8fa882d53668c17447139c586f62c11ce2c8e4c1,L19596310,0,0,SUCCESS,1,1785412303,1785580200,127.730337,SXR,0x6629Ce1Cf35Cc1329ebB4F63202F3f197b3F050B
0x999a8b7a9a164665837ef050f8206bb00742f9b81ebdef178707aac198aec718,0x0DeAbC808957aBc9f4778C03b03CC1D2cBBC9D60,1,4.99998,1.6625,Under/Over (2),Over 2.0,K1-League,Jeonbuk Hyundai Motors vs FC Seoul,Jeonbuk Hyundai Motors,FC Seoul,0xf91cb68aeafe0ba77df0e49678374e8e65f9085049c34ae861be4563557313d7,L19596479,0,0,SUCCESS,1,1785412094,1785580200,7.54714,SXR,0x6629Ce1Cf35Cc1329ebB4F63202F3f197b3F050B
0xce105ba95433f8fe2e0cbe858787c6c5371818559ea59affa50d9acfed5e498a,0x8268feC8dCb0D284343054BDf2b649286c9aA0a1,1,56.14999,1.6625,Under/Over (2),Over 2.0,K1-League,Jeonbuk Hyundai Motors vs FC Seoul,Jeonbuk Hyundai Motors,FC Seoul,0xf91cb68aeafe0ba77df0e49678374e8e65f9085049c34ae861be4563557313d7,L19596479,0,0,SUCCESS,1,1785412080,1785580200,84.754702,SXR,0x6629Ce1Cf35Cc1329ebB4F63202F3f197b3F050B
0x7ace5d6c890649ef939b6be7040963b54ae525a1b72a9a7710faa17a345c5f45,0x8268feC8dCb0D284343054BDf2b649286c9aA0a1,1,14.8,1.3562,Asian Handicap (-1.5),Gangwon FC -1.5,K1-League,Gangwon FC vs Bucheon FC 1995,Gangwon FC,Bucheon FC 1995,0x9df49181291c8f0b166761ecafc0591f0f663bb1788138d8bd8697692f349059,L19596310,0,0,SUCCESS,1,1785412079,1785580200,41.54386,SXR,0x6629Ce1Cf35Cc1329ebB4F63202F3f197b3F050B
0x6d758df4293e4c088108af1c30d9a87c44703777a057742d149b6449742753cd,0x8268feC8dCb0D284343054BDf2b649286c9aA0a1,1,26.36,1.4963,Asian Handicap (-1),Gangwon FC -1,K1-League,Gangwon FC vs Bucheon FC 1995,Gangwon FC,Bucheon FC 1995,0x3657836e916c7dcff3136583e5f9c8b84be15693123477a88a34dac0370908e2,L19596310,0,0,SUCCESS,1,1785412079,1785580200,53.118388,SXR,0x6629Ce1Cf35Cc1329ebB4F63202F3f197b3F050B
0x66bdc99db81e5de07a70c95b5ac0efdcde5455e3630ffaee102c6025ca1d8f7f,0x8268feC8dCb0D284343054BDf2b649286c9aA0a1,1,17.17,1.3912,Under/Over (3),Over 3.0,K1-League,Ulsan Hyundai vs FC Anyang,Ulsan Hyundai,FC Anyang,0x83b5e9b52fc699fc97875388c04163f4bd7c14aafd021f116c337b4039f98b8f,L19606551,0,0,SUCCESS,1,1785410773,1785666600,43.884984,SXR,0x6629Ce1Cf35Cc1329ebB4F63202F3f197b3F050B
0x131ab6ed7b0613758e87759531c4424d0ce3e97e9b63d2f2f1a2a573d80afe63,0x8268feC8dCb0D284343054BDf2b649286c9aA0a1,1,139.45899,1.6913,Under/Over (2),Over 2.0,K1-League,Ulsan Hyundai vs FC Anyang,Ulsan Hyundai,FC Anyang,0x1b071fcabfae68887e2c302a18d6e11f81f63b299c7bac15a95046b0cd7fef28,L19606551,0,0,SUCCESS,1,1785410773,1785666600,201.748991,SXR,0x6629Ce1Cf35Cc1329ebB4F63202F3f197b3F050B
0xeae52acc72a44a752ec39ebb0715fd68c16aa24c683cce84e8dc0c6e861f69df,0x0DeAbC808957aBc9f4778C03b03CC1D2cBBC9D60,1,4.99999,1.6387,1X2,Gangwon FC,K1-League,Gangwon FC vs Bucheon FC 1995,Gangwon FC,Bucheon FC 1995,0xddebad8424b59bc7ae9df67a417ae2ceee50dd168ef7fa6df926062fc5f3a0e8,L19596310,0,0,SUCCESS,1,1785409829,1785580200,7.827773,SXR,0x6629Ce1Cf35Cc1329ebB4F63202F3f197b3F050B
0xf19cbdf33c3206d15bbc1744711ac09adf57ddb86fe258d52bfae7fd22b5b110,0x8268feC8dCb0D284343054BDf2b649286c9aA0a1,1,30.46,1.64,1X2,Gangwon FC,K1-League,Gangwon FC vs Bucheon FC 1995,Gangwon FC,Bucheon FC 1995,0xddebad8424b59bc7ae9df67a417ae2ceee50dd168ef7fa6df926062fc5f3a0e8,L19596310,0,0,SUCCESS,1,1785409798,1785580200,47.59375,SXR,0x6629Ce1Cf35Cc1329ebB4F63202F3f197b3F050B
0x961a8eb210d9e10f98fd630919da95e968da1ad0d6010cf203d143687060791b,0x0DeAbC808957aBc9f4778C03b03CC1D2cBBC9D60,1,5,1.4912,Asian Handicap (-1),Gangwon FC -1,K1-League,Gangwon FC vs Bucheon FC 1995,Gangwon FC,Bucheon FC 1995,0x3657836e916c7dcff3136583e5f9c8b84be15693123477a88a34dac0370908e2,L19596310,0,0,SUCCESS,1,1785409550,1785580200,10.178117,SXR,0x6629Ce1Cf35Cc1329ebB4F63202F3f197b3F050B
0xbfb4ffb13ec99948588f66de4ba56f5a8d71a3fc5beebb455e007a5b6e1a87e0,0x8268feC8dCb0D284343054BDf2b649286c9aA0a1,1,14.66,1.4912,Asian Handicap (-1),Gangwon FC -1,K1-League,Gangwon FC vs Bucheon FC 1995,Gangwon FC,Bucheon FC 1995,0x3657836e916c7dcff3136583e5f9c8b84be15693123477a88a34dac0370908e2,L19596310,0,0,SUCCESS,1,1785409530,1785580200,29.842239,SXR,0x6629Ce1Cf35Cc1329ebB4F63202F3f197b3F050B
0xaceaf1afdc5faf929adf18a79def6669a7020fc8faeabc733470ab473d8dc931,0x8268feC8dCb0D284343054BDf2b649286c9aA0a1,1,13.49,1.1338,1X2,Bucheon FC 1995,K1-League,Gangwon FC vs Bucheon FC 1995,Gangwon FC,Bucheon FC 1995,0x67395e3b667bf54250720d03f56133997d720bffc2ecb368d85f4b32221c2996,L19596310,0,0,SUCCESS,1,1785354974,1785580200,100.859813,SXR,0x6629Ce1Cf35Cc1329ebB4F63202F3f197b3F050B
0x841a45a2cc15323d1dc9acb0f2838fbc4b5140a5f012eba7d0e545b8e9694cf7,0x0DeAbC808957aBc9f4778C03b03CC1D2cBBC9D60,1,5,1.1338,1X2,Bucheon FC 1995,K1-League,Gangwon FC vs Bucheon FC 1995,Gangwon FC,Bucheon FC 1995,0x67395e3b667bf54250720d03f56133997d720bffc2ecb368d85f4b32221c2996,L19596310,0,0,SUCCESS,1,1785353595,1785580200,37.383178,SXR,0x6629Ce1Cf35Cc1329ebB4F63202F3f197b3F050B
0x1262cfb41aacf53891a87f6a0b8b945719c0b239a089d1c20462b24950c2b6ad,0x8268feC8dCb0D284343054BDf2b649286c9aA0a1,1,13.41,1.1338,1X2,Bucheon FC 1995,K1-League,Gangwon FC vs Bucheon FC 1995,Gangwon FC,Bucheon FC 1995,0x67395e3b667bf54250720d03f56133997d720bffc2ecb368d85f4b32221c2996,L19596310,0,0,SUCCESS,1,1785353562,1785580200,100.261682,SXR,0x6629Ce1Cf35Cc1329ebB4F63202F3f197b3F050B
0x07c33ef1d01641b4341b1784af2aa9afc6b9d6945de33c8506eb6cd543800887,0x0DeAbC808957aBc9f4778C03b03CC1D2cBBC9D60,1,4.99999,1.655,Under/Over (2),Over 2.0,K1-League,Jeonbuk Hyundai Motors vs FC Seoul,Jeonbuk Hyundai Motors,FC Seoul,0xf91cb68aeafe0ba77df0e49678374e8e65f9085049c34ae861be4563557313d7,L19596479,0,0,SUCCESS,1,1785332798,1785580200,7.633573,SXR,0x6629Ce1Cf35Cc1329ebB4F63202F3f197b3F050B
0x91112dcc98d446071dead53d11ccb821a15fa123af9936d7c049745ffbdc1109,0x8268feC8dCb0D284343054BDf2b649286c9aA0a1,1,68.08,1.655,Under/Over (2),Over 2.0,K1-League,Jeonbuk Hyundai Motors vs FC Seoul,Jeonbuk Hyundai Motors,FC Seoul,0xf91cb68aeafe0ba77df0e49678374e8e65f9085049c34ae861be4563557313d7,L19596479,0,0,SUCCESS,1,1785332783,1785580200,103.938931,SXR,0x6629Ce1Cf35Cc1329ebB4F63202F3f197b3F050B
0xd8e10ca4fc409261ce033f87830cdea6b96b43c1753d3f5ca33bde686ca1ef0a,0x0DeAbC808957aBc9f4778C03b03CC1D2cBBC9D60,1,5,1.1313,1X2,Bucheon FC 1995,K1-League,Gangwon FC vs Bucheon FC 1995,Gangwon FC,Bucheon FC 1995,0x67395e3b667bf54250720d03f56133997d720bffc2ecb368d85f4b32221c2996,L19596310,0,0,SUCCESS,1,1785330208,1785580200,38.095238,SXR,0x6629Ce1Cf35Cc1329ebB4F63202F3f197b3F050B
0x59aed95d3202b4082c70579673cbc47cb9e67a3a75fb5f6a060d95c82616afee,0x8268feC8dCb0D284343054BDf2b649286c9aA0a1,1,16.06,1.1313,1X2,Bucheon FC 1995,K1-League,Gangwon FC vs Bucheon FC 1995,Gangwon FC,Bucheon FC 1995,0x67395e3b667bf54250720d03f56133997d720bffc2ecb368d85f4b32221c2996,L19596310,0,0,SUCCESS,1,1785330204,1785580200,122.361905,SXR,0x6629Ce1Cf35Cc1329ebB4F63202F3f197b3F050B
0x383a5809a900a166c6bbeab655e3db6895de1bfd141609f54439d338f96cf946,0x0DeAbC808957aBc9f4778C03b03CC1D2cBBC9D60,,4.99999,1.72,Under/Over (3.5),,K1-League,Daejeon Citizen vs Gwangju FC,Daejeon Citizen,Gwangju FC,0xe0b11ccc38b9335350797f03da4bc821f77ca37bb0ec4eb7e2165b37d066108f,L19606590,0,0,SUCCESS,1,1785308104,1785666600,6.944431,SXR,0x6629Ce1Cf35Cc1329ebB4F63202F3f197b3F050B
0xba1d28523409ee5a2e5075e4d12cb58edbddafe69088085db7e21803b5152f96,0x8268feC8dCb0D284343054BDf2b649286c9aA0a1,,35.56284,1.72,Under/Over (3.5),,K1-League,Daejeon Citizen vs Gwangju FC,Daejeon Citizen,Gwangju FC,0xe0b11ccc38b9335350797f03da4bc821f77ca37bb0ec4eb7e2165b37d066108f,L19606590,0,0,SUCCESS,1,1785308078,1785666600,49.392833,SXR,0x6629Ce1Cf35Cc1329ebB4F63202F3f197b3F050B
0xf54f2cc2432f3f8382d0b8ce7335ed700def21efcc6f2252e1da7d245115e54b,0x740d5718a79A8559fEeE8B00922F8Cd773A81D84,1,1.32,1.1213,1X2,Bucheon FC 1995,K1-League,Gangwon FC vs Bucheon FC 1995,Gangwon FC,Bucheon FC 1995,0x67395e3b667bf54250720d03f56133997d720bffc2ecb368d85f4b32221c2996,L19596310,0,0,SUCCESS,1,1785269025,1785580200,10.886598,SXR,0x6629Ce1Cf35Cc1329ebB4F63202F3f197b3F050B
0x19be44f8e5d30b45a1df18cdacde6bbd8bc88e7b1ddb9a77f342c183da8d8d8a,0x5A76a26f838Ff5430Fd53E61CD8Bd76D895c946E,1,1.43999,1.6887,1X2,Gangwon FC,K1-League,Gangwon FC vs Bucheon FC 1995,Gangwon FC,Bucheon FC 1995,0xddebad8424b59bc7ae9df67a417ae2ceee50dd168ef7fa6df926062fc5f3a0e8,L19596310,0,0,SUCCESS,1,1785267847,1785580200,2.09073,SXR,0x6629Ce1Cf35Cc1329ebB4F63202F3f197b3F050B
0xff960e092faa9cc19475786aeed07d25deed7c791a23bebf21d2ef2f7d3acca2,0x5A76a26f838Ff5430Fd53E61CD8Bd76D895c946E,1,1.43999,1.6887,1X2,Gangwon FC,K1-League,Gangwon FC vs Bucheon FC 1995,Gangwon FC,Bucheon FC 1995,0xddebad8424b59bc7ae9df67a417ae2ceee50dd168ef7fa6df926062fc5f3a0e8,L19596310,0,0,SUCCESS,1,1785267813,1785580200,2.09073,SXR,0x6629Ce1Cf35Cc1329ebB4F63202F3f197b3F050B
0x0b5717ac0e59943766281fcb281c5f04eccea310f5d0c7040f97a6968e6453f1,0x5A76a26f838Ff5430Fd53E61CD8Bd76D895c946E,1,1.43999,1.6887,1X2,Gangwon FC,K1-League,Gangwon FC vs Bucheon FC 1995,Gangwon FC,Bucheon FC 1995,0xddebad8424b59bc7ae9df67a417ae2ceee50dd168ef7fa6df926062fc5f3a0e8,L19596310,0,0,SUCCESS,1,1785267778,1785580200,2.09073,SXR,0x6629Ce1Cf35Cc1329ebB4F63202F3f197b3F050B
0xc6cb27ab8c1d9e0a5db51bd9ccf9cd7bd757ae68973c95fc55f979bcfe4d8537,0x5A76a26f838Ff5430Fd53E61CD8Bd76D895c946E,1,1.42999,1.6887,1X2,Gangwon FC,K1-League,Gangwon FC vs Bucheon FC 1995,Gangwon FC,Bucheon FC 1995,0xddebad8424b59bc7ae9df67a417ae2ceee50dd168ef7fa6df926062fc5f3a0e8,L19596310,0,0,SUCCESS,1,1785267744,1785580200,2.076211,SXR,0x6629Ce1Cf35Cc1329ebB4F63202F3f197b3F050B
0x47c103ad907eda604bbd51f2a06998a463267fe2908dca8f48bde3d45c11a770,0x5A76a26f838Ff5430Fd53E61CD8Bd76D895c946E,1,1.43,1.69,1X2,Gangwon FC,K1-League,Gangwon FC vs Bucheon FC 1995,Gangwon FC,Bucheon FC 1995,0xddebad8424b59bc7ae9df67a417ae2ceee50dd168ef7fa6df926062fc5f3a0e8,L19596310,0,0,SUCCESS,1,1785267711,1785580200,2.072464,SXR,0x6629Ce1Cf35Cc1329ebB4F63202F3f197b3F050B
0xdd28ac0a9613e7558ecf9fff0c479f9ae99ca9fa012afc46cccea35e4bc03472,0xFD3a22179CA4104E97c670b834750Bd7Ff310b17,,13.76,1.2463,1X2,,K1-League,FC Seoul vs Ulsan Hyundai,FC Seoul,Ulsan Hyundai,0xb8b4cb7c0f51a3d0db5932fe6b07b20da73a83dd07467ca7751e0ce3810f3370,L19529997,0,0,SUCCESS,1,1785064877,1785061800,55.878173,SXR,0x6629Ce1Cf35Cc1329ebB4F63202F3f197b3F050B
0x15fa92d6c450ca7a9fd71e22e778cf11945c35875cf1319cf77b63e617f61fab,0xFD3a22179CA4104E97c670b834750Bd7Ff310b17,1,2.92,1.1675,1X2,Tie,K1-League,FC Seoul vs Ulsan Hyundai,FC Seoul,Ulsan Hyundai,0x5874f4eba8d6ffdb0028f8f857de3bd62319b13749e9bb9360e6c117c3c0a1ce,L19529997,0,0,SUCCESS,1,1785064876,1785061800,17.432836,SXR,0x6629Ce1Cf35Cc1329ebB4F63202F3f197b3F050B
0x25be25ad16113d2c5d1df359fc5a08b8c7d33307b3e5a2ccf03682fee0fca40f,0xFD3a22179CA4104E97c670b834750Bd7Ff310b17,,77.77778,1.1,Under/Over (2.5),,K1-League,Gwangju FC vs Jeju Sk Fc,Gwangju FC,Jeju Sk Fc,0x7e2e098122aa83394beed2923eee2083c7c502d46d245e2793e8c5e99bf0b9dd,L19529971,0,0,SUCCESS,1,1785064863,1785061800,777.7778,SXR,0x6629Ce1Cf35Cc1329ebB4F63202F3f197b3F050B
0x33bd7a5906ac1e75cdd453990fd0dae34dbbbe17d7aafce41986786ca96762f6,0xFD3a22179CA4104E97c670b834750Bd7Ff310b17,,2.57,1.2463,1X2,,K1-League,FC Seoul vs Ulsan Hyundai,FC Seoul,Ulsan Hyundai,0xb8b4cb7c0f51a3d0db5932fe6b07b20da73a83dd07467ca7751e0ce3810f3370,L19529997,0,0,SUCCESS,1,1785064846,1785061800,10.436548,SXR,0x6629Ce1Cf35Cc1329ebB4F63202F3f197b3F050B
0xc8ba00fd49f7b385591b8eb108070193293045e64e22d3da7e91020d1bf69aa6,0xFD3a22179CA4104E97c670b834750Bd7Ff310b17,1,7.14,1.1675,1X2,Tie,K1-League,FC Seoul vs Ulsan Hyundai,FC Seoul,Ulsan Hyundai,0x5874f4eba8d6ffdb0028f8f857de3bd62319b13749e9bb9360e6c117c3c0a1ce,L19529997,0,0,SUCCESS,1,1785064832,1785061800,42.626866,SXR,0x6629Ce1Cf35Cc1329ebB4F63202F3f197b3F050B
0xe16af474c37de00ddf845cebf7ecb62727521a7a7d7c8017dcad4f4cb4e7f650,0xFD3a22179CA4104E97c670b834750Bd7Ff310b17,,323.57833,1.2525,1X2,,K1-League,FC Seoul vs Ulsan Hyundai,FC Seoul,Ulsan Hyundai,0xb8b4cb7c0f51a3d0db5932fe6b07b20da73a83dd07467ca7751e0ce3810f3370,L19529997,0,0,SUCCESS,1,1785064816,1785061800,1281.498337,SXR,0x6629Ce1Cf35Cc1329ebB4F63202F3f197b3F050B
0xda8680ef0216d6cafea0ec8baab0f26b65ba4f6ac30cd8f52b358bcf091160d0,0xFD3a22179CA4104E97c670b834750Bd7Ff310b17,1,10.42,1.1725,1X2,Tie,K1-League,FC Seoul vs Ulsan Hyundai,FC Seoul,Ulsan Hyundai,0x5874f4eba8d6ffdb0028f8f857de3bd62319b13749e9bb9360e6c117c3c0a1ce,L19529997,0,0,SUCCESS,1,1785064756,1785061800,60.405797,SXR,0x6629Ce1Cf35Cc1329ebB4F63202F3f197b3F050B
0x22db5bb8e726b1f2db2661afd3febcd520248487ca0928b0f6eb6127735e2687,0x28158c95DFf37A0c0b5992c368Eaf4E48cc25719,,900,1.485,Under/Over (3.5),,K1-League,FC Seoul vs Ulsan Hyundai,FC Seoul,Ulsan Hyundai,0x24bc3dd69c822e4789a6b8f4fcb3ba9a4022d1845b9f5b449cdea2d1228d3f25,L19529997,0,0,SUCCESS,1,1785064690,1785061800,1855.670103,SXR,0x6629Ce1Cf35Cc1329ebB4F63202F3f197b3F050B
0xbc46c1474aa36f7cd1458e9b1f122e4fe53a5d3b447d4bb5ebfc4e27f45cdff4,0x28158c95DFf37A0c0b5992c368Eaf4E48cc25719,,406.5044,1.455,Under/Over (3.5),,K1-League,FC Anyang vs Gangwon FC,FC Anyang,Gangwon FC,0xaa0096c27bd9372437433027a657fd9f5f69be5f7ad3ec0118153e6e0d97ed3c,L19529998,0,0,SUCCESS,1,1785064654,1785061800,893.416264,SXR,0x6629Ce1Cf35Cc1329ebB4F63202F3f197b3F050B
0x29b5ff74d3e15255770b279d6cb19175995951f432fc49460857acfef6f76aec,0xFD3a22179CA4104E97c670b834750Bd7Ff310b17,,100,1.125,Under/Over (1),,K1-League,Incheon United vs Bucheon FC 1995,Incheon United,Bucheon FC 1995,0xf4f53b7cbe85296ad35bb9073473053c5939dd936848cd7d97880734ca442df9,L19529954,0,0,SUCCESS,1,1785064640,1785061800,800.0,SXR,0x6629Ce1Cf35Cc1329ebB4F63202F3f197b3F050B
0x23d2bc7bd7e6df4b7e71d59c04824d2a2f1ca202abdbd71a8a29813148f891f1,0x9E844C0c1B06456051E307CC2d6F747387398Dda,1,100,1.7338,1X2,Ulsan Hyundai,K1-League,FC Seoul vs Ulsan Hyundai,FC Seoul,Ulsan Hyundai,0xb8b4cb7c0f51a3d0db5932fe6b07b20da73a83dd07467ca7751e0ce3810f3370,L19529997,0,0,SUCCESS,1,1785064595,1785061800,136.286201,SXR,0x6629Ce1Cf35Cc1329ebB4F63202F3f197b3F050B
0x3c68c4f6db6c0da3013db4b52b80ca4050d57eb063aaa005b3b73e0f5964a161,0x9E844C0c1B06456051E307CC2d6F747387398Dda,1,100,1.7338,1X2,Ulsan Hyundai,K1-League,FC Seoul vs Ulsan Hyundai,FC Seoul,Ulsan Hyundai,0xb8b4cb7c0f51a3d0db5932fe6b07b20da73a83dd07467ca7751e0ce3810f3370,L19529997,0,0,SUCCESS,1,1785064575,1785061800,136.286201,SXR,0x6629Ce1Cf35Cc1329ebB4F63202F3f197b3F050B
0x58fff176e41bc85c3fd872e258ac10f9f9d1fcbf3e5b0ecbd5d4a10d401c4a24,0xFD3a22179CA4104E97c670b834750Bd7Ff310b17,,17.89,1.2675,1X2,,K1-League,FC Seoul vs Ulsan Hyundai,FC Seoul,Ulsan Hyundai,0xb8b4cb7c0f51a3d0db5932fe6b07b20da73a83dd07467ca7751e0ce3810f3370,L19529997,0,0,SUCCESS,1,1785064561,1785061800,66.878505,SXR,0x6629Ce1Cf35Cc1329ebB4F63202F3f197b3F050B
0x27d1c86a5d0893e8c40036e6ac36c840eda86250eb4daa192f56afd174305d25,0xFD3a22179CA4104E97c670b834750Bd7Ff310b17,1,18.88,1.4625,Under/Over (3.5),Over 3.5,K1-League,Gwangju FC vs Jeju Sk Fc,Gwangju FC,Jeju Sk Fc,0xdff669182301d6619ab2557f048b13a7773bc7e974861610342c90583d85bac0,L19529971,0,0,SUCCESS,1,1785064525,1785061800,40.821622,SXR,0x6629Ce1Cf35Cc1329ebB4F63202F3f197b3F050B
0xd478ecd9987431ccf6ab45dc9f1403ba954f88b1c7949c9b5a7bd89307a1a7b7,0xFD3a22179CA4104E97c670b834750Bd7Ff310b17,1,51.82,1.4625,Under/Over (3.5),Over 3.5,K1-League,Gwangju FC vs Jeju Sk Fc,Gwangju FC,Jeju Sk Fc,0xdff669182301d6619ab2557f048b13a7773bc7e974861610342c90583d85bac0,L19529971,0,0,SUCCESS,1,1785064513,1785061800,112.043243,SXR,0x6629Ce1Cf35Cc1329ebB4F63202F3f197b3F050B
0xf1f04ae4deb9326c1235af32ca18d97072bb8f25d98f2ff55e9aedfb7fc52ee9,0x28158c95DFf37A0c0b5992c368Eaf4E48cc25719,,423.53,1.5413,Under/Over (3.5),,K1-League,Gwangju FC vs Jeju Sk Fc,Gwangju FC,Jeju Sk Fc,0xdff669182301d6619ab2557f048b13a7773bc7e974861610342c90583d85bac0,L19529971,0,0,SUCCESS,1,1785064470,1785061800,782.503464,SXR,0x6629Ce1Cf35Cc1329ebB4F63202F3f197b3F050B
0x4f40f53233454695278ef294663cb8513428eea5b75d2d3cd77740da3b645e7b,0xFD3a22179CA4104E97c670b834750Bd7Ff310b17,1,1.23,1.5837,Under/Over (3.5),Over 3.5,K1-League,FC Seoul vs Ulsan Hyundai,FC Seoul,Ulsan Hyundai,0x24bc3dd69c822e4789a6b8f4fcb3ba9a4022d1845b9f5b449cdea2d1228d3f25,L19529997,0,0,SUCCESS,1,1785064466,1785061800,2.107066,SXR,0x6629Ce1Cf35Cc1329ebB4F63202F3f197b3F050B
0xf99c19f7adbec755fdd3d857c85f8db7c0339af6e8b870a61a91c315f88e80bf,0xFD3a22179CA4104E97c670b834750Bd7Ff310b17,,1,1.13,Under/Over (1.5),,K1-League,Gwangju FC vs Jeju Sk Fc,Gwangju FC,Jeju Sk Fc,0xa8cb1a4ec0e012aede93dc32189dcca65e3cde7d2508026ee5023db5b75831b4,L19529971,0,0,SUCCESS,1,1785064213,1785061800,7.692308,SXR,0x6629Ce1Cf35Cc1329ebB4F63202F3f197b3F050B
0xe029121167f21ac7e359ba4382bc91fb8a8c9c7b061f604e33b740146a3bf64a,0xFD3a22179CA4104E97c670b834750Bd7Ff310b17,,7.58,1.2825,1X2,,K1-League,FC Seoul vs Ulsan Hyundai,FC Seoul,Ulsan Hyundai,0xb8b4cb7c0f51a3d0db5932fe6b07b20da73a83dd07467ca7751e0ce3810f3370,L19529997,0,0,SUCCESS,1,1785064101,1785061800,26.831858,SXR,0x6629Ce1Cf35Cc1329ebB4F63202F3f197b3F050B
0xce9dcf562cbace23282071effe889e12e35f6cedee136b1d429f31ba655fd555,0x9E844C0c1B06456051E307CC2d6F747387398Dda,,99.99999,1.6125,Under/Over (3),,K1-League,Gwangju FC vs Jeju Sk Fc,Gwangju FC,Jeju Sk Fc,0x1f05cdb3e349a85b744386f8a8c820778d498e9a834f0b32e9354d4c0348a94e,L19529971,0,0,SUCCESS,1,1785063901,1785061800,163.26529,SXR,0x6629Ce1Cf35Cc1329ebB4F63202F3f197b3F050B
0x3a8cfb8d682d5e74479ee8905de7d9fce9bcc3ce46a0828d27caf883f2039432,0x9E844C0c1B06456051E307CC2d6F747387398Dda,,99.99999,1.6125,Under/Over (3),,K1-League,Gwangju FC vs Jeju Sk Fc,Gwangju FC,Jeju Sk Fc,0x1f05cdb3e349a85b744386f8a8c820778d498e9a834f0b32e9354d4c0348a94e,L19529971,0,0,SUCCESS,1,1785063901,1785061800,163.26529,SXR,0x6629Ce1Cf35Cc1329ebB4F63202F3f197b3F050B
0xcf7d659a664b609c67d0e9703e5be284aae8502b520e343230aade0f7f316e53,0x0C2DA7fC8702784d6f75c78Da25460783A6709a0,,3,1.4925,1X2,,K1-League,Gwangju FC vs Jeju Sk Fc,Gwangju FC,Jeju Sk Fc,0x41eec21ac26b1917e3b0622a7e7b645fead5c3564c1f20019fca7d99885e7110,L19529971,0,0,SUCCESS,1,1785063818,1785061800,6.091371,SXR,0x6629Ce1Cf35Cc1329ebB4F63202F3f197b3F050B
0xf981c3c76f360625f3fd8c3cee26fba23b95b2c77b31eeb506e349b0cecdef56,0xFD3a22179CA4104E97c670b834750Bd7Ff310b17,1,0.00049,1.1987,1X2,Tie,K1-League,FC Seoul vs Ulsan Hyundai,FC Seoul,Ulsan Hyundai,0x5874f4eba8d6ffdb0028f8f857de3bd62319b13749e9bb9360e6c117c3c0a1ce,L19529997,0,0,SUCCESS,1,1785063636,1785061800,0.002465,SXR,0x6629Ce1Cf35Cc1329ebB4F63202F3f197b3F050B
0x52a23818e685f612ef74b7ae518fe6e60a2dda8ffc81045630c14782a87a0ff3,0x9E844C0c1B06456051E307CC2d6F747387398Dda,,99.99999,1.8113,1X2,,K1-League,FC Seoul vs Ulsan Hyundai,FC Seoul,Ulsan Hyundai,0x5874f4eba8d6ffdb0028f8f857de3bd62319b13749e9bb9360e6c117c3c0a1ce,L19529997,0,0,SUCCESS,1,1785063634,1785061800,123.266552,SXR,0x6629Ce1Cf35Cc1329ebB4F63202F3f197b3F050B
0xb74cd4c9353f065967be327f143d1fce359e732d6c69799f160b33042a6ff059,0xFD3a22179CA4104E97c670b834750Bd7Ff310b17,,2.36,1.3262,1X2,,K1-League,FC Seoul vs Ulsan Hyundai,FC Seoul,Ulsan Hyundai,0xb8b4cb7c0f51a3d0db5932fe6b07b20da73a83dd07467ca7751e0ce3810f3370,L19529997,0,0,SUCCESS,1,1785063584,1785061800,7.233716,SXR,0x6629Ce1Cf35Cc1329ebB4F63202F3f197b3F050B
0x1700a2e4238146a03d4ae775d44507828c690845db7b006aa84855888ed7b25c,0xFD3a22179CA4104E97c670b834750Bd7Ff310b17,1,0.00449,1.21,1X2,Tie,K1-League,FC Seoul vs Ulsan Hyundai,FC Seoul,Ulsan Hyundai,0x5874f4eba8d6ffdb0028f8f857de3bd62319b13749e9bb9360e6c117c3c0a1ce,L19529997,0,0,SUCCESS,1,1785063584,1785061800,0.021381,SXR,0x6629Ce1Cf35Cc1329ebB4F63202F3f197b3F050B
0x465d6dda1d04490b97138a0a3878d83b80e95b784135f6d11565c44bce07a190,0x9E844C0c1B06456051E307CC2d6F747387398Dda,,32.50845,1.61,Under/Over (3),,K1-League,Gwangju FC vs Jeju Sk Fc,Gwangju FC,Jeju Sk Fc,0x1f05cdb3e349a85b744386f8a8c820778d498e9a834f0b32e9354d4c0348a94e,L19529971,0,0,SUCCESS,1,1785063554,1785061800,53.292541,SXR,0x6629Ce1Cf35Cc1329ebB4F63202F3f197b3F050B
0x18d57f2e7fbde3deea5bc260efc6894c915d535a6d23c7cd8f03bc054ae48796,0x9E844C0c1B06456051E307CC2d6F747387398Dda,,5.85405,1.2063,Under/Over (2),,K1-League,Gwangju FC vs Jeju Sk Fc,Gwangju FC,Jeju Sk Fc,0x4d3904f331c9560c64f69ca2d2a6986073d5852d2e650055d2fa56da731813f4,L19529971,0,0,SUCCESS,1,1785063553,1785061800,28.383273,SXR,0x6629Ce1Cf35Cc1329ebB4F63202F3f197b3F050B
0xf95fa1d71486d681b0c2e2252b414ad6d5ca7b3055c441d720126fee0b0d4d79,0x9E844C0c1B06456051E307CC2d6F747387398Dda,,100,1.6987,Under/Over (3.5),,K1-League,Gwangju FC vs Jeju Sk Fc,Gwangju FC,Jeju Sk Fc,0xdff669182301d6619ab2557f048b13a7773bc7e974861610342c90583d85bac0,L19529971,0,0,SUCCESS,1,1785063552,1785061800,143.112701,SXR,0x6629Ce1Cf35Cc1329ebB4F63202F3f197b3F050B
0x01e56a75555332bf63557a6e29aa5740d36b3a5324e2b5c70c8b19d26c61ca31,0x9E844C0c1B06456051E307CC2d6F747387398Dda,,100,1.6987,Under/Over (3.5),,K1-League,Gwangju FC vs Jeju Sk Fc,Gwangju FC,Jeju Sk Fc,0xdff669182301d6619ab2557f048b13a7773bc7e974861610342c90583d85bac0,L19529971,0,0,SUCCESS,1,1785063551,1785061800,143.112701,SXR,0x6629Ce1Cf35Cc1329ebB4F63202F3f197b3F050B
0x5ccbe8f7d988f8bc72bcc240d8dd517dce30ad51149deb672fcf773cce4e9a18,0xFD3a22179CA4104E97c670b834750Bd7Ff310b17,1,12.11,1.195,1X2,Tie,K1-League,FC Seoul vs Ulsan Hyundai,FC Seoul,Ulsan Hyundai,0x5874f4eba8d6ffdb0028f8f857de3bd62319b13749e9bb9360e6c117c3c0a1ce,L19529997,0,0,SUCCESS,1,1785063504,1785061800,62.102564,SXR,0x6629Ce1Cf35Cc1329ebB4F63202F3f197b3F050B
0x9458f60e4b08b27d97e13d2206860302e404d9137d4ee12efb75db19f911c120,0xFD3a22179CA4104E97c670b834750Bd7Ff310b17,1,5.81999,1.6975,Under/Over (3.5),Over 3.5,K1-League,FC Seoul vs Ulsan Hyundai,FC Seoul,Ulsan Hyundai,0x24bc3dd69c822e4789a6b8f4fcb3ba9a4022d1845b9f5b449cdea2d1228d3f25,L19529997,0,0,SUCCESS,1,1785063480,1785061800,8.344072,SXR,0x6629Ce1Cf35Cc1329ebB4F63202F3f197b3F050B
0x2baf4506a92f3932093605542b5df938e01969d1c7da5527e924cf830d15a34c,0xFD3a22179CA4104E97c670b834750Bd7Ff310b17,1,12.4,1.1987,1X2,Tie,K1-League,FC Seoul vs Ulsan Hyundai,FC Seoul,Ulsan Hyundai,0x5874f4eba8d6ffdb0028f8f857de3bd62319b13749e9bb9360e6c117c3c0a1ce,L19529997,0,0,SUCCESS,1,1785063468,1785061800,62.389937,SXR,0x6629Ce1Cf35Cc1329ebB4F63202F3f197b3F050B
0x3e211a8fca4fc173c2b38f52d4bf059b5542c2a4759db2746f3f7a058ebda2c5,0x52e769B148C8472a973EcFC9FFC0Cd8A6eE913ea,,2,1.55,1X2,,K1-League,FC Anyang vs Gangwon FC,FC Anyang,Gangwon FC,0x5fc6f03b8b48c32500e59d490519f5256e805b7d18654249e41643a9364206cb,L19529998,0,0,SUCCESS,1,1785063271,1785061800,3.636364,SXR,0x6629Ce1Cf35Cc1329ebB4F63202F3f197b3F050B
0x1a568cd6a3055fb18e4d4954dc45bec600f4167d71a8d270efdbcc40dbf2432d,0xFD3a22179CA4104E97c670b834750Bd7Ff310b17,,1,1.185,Under/Over (2),,K1-League,Gwangju FC vs Jeju Sk Fc,Gwangju FC,Jeju Sk Fc,0x4d3904f331c9560c64f69ca2d2a6986073d5852d2e650055d2fa56da731813f4,L19529971,0,0,SUCCESS,1,1785063264,1785061800,5.405405,SXR,0x6629Ce1Cf35Cc1329ebB4F63202F3f197b3F050B
0x3c1c651faaaf501e853f679bbf10d9904ca3fbe2fbbee1570c839bd6b33ed30e,0xcBbD88cCd381d37Eb79e8F9f898B15A664477282,,10,1.7688,1X2,,K1-League,FC Anyang vs Gangwon FC,FC Anyang,Gangwon FC,0xc98867d2d317c220959fa0113a68bc909c348f487677ecc859b9e821afc5c700,L19529998,0,0,SUCCESS,1,1785063246,1785061800,13.00813,SXR,0x6629Ce1Cf35Cc1329ebB4F63202F3f197b3F050B
0x1c76d851498944e5e8e6c6b0853cc85f4b81b8d54e71f3ca0e6be27b6ab58f78,0xFD3a22179CA4104E97c670b834750Bd7Ff310b17,1,68.97,1.4412,Under/Over (4.5),Over 4.5,K1-League,FC Seoul vs Ulsan Hyundai,FC Seoul,Ulsan Hyundai,0x97dd57a2a2e54557a4badabf241bbbf10c7f78cad60266f85f25d122ce27bb23,L19529997,0,0,SUCCESS,1,1785063215,1785061800,156.305949,SXR,0x6629Ce1Cf35Cc1329ebB4F63202F3f197b3F050B
0x96793138531abf8c9b0189b76d1efe0957cc9cf3c4408dd0a684330bfbe7ce3a,0xFD3a22179CA4104E97c670b834750Bd7Ff310b17,1,10,1.4412,Under/Over (4.5),Over 4.5,K1-League,FC Seoul vs Ulsan Hyundai,FC Seoul,Ulsan Hyundai,0x97dd57a2a2e54557a4badabf241bbbf10c7f78cad60266f85f25d122ce27bb23,L19529997,0,0,SUCCESS,1,1785063200,1785061800,22.66289,SXR,0x6629Ce1Cf35Cc1329ebB4F63202F3f197b3F050B
0xdd66f5d71509482d6d6b397115ac85399a99538bb18627b3514da89eecd30473,0xFD3a22179CA4104E97c670b834750Bd7Ff310b17,1,183.2,1.45,1X2,FC Anyang,K1-League,FC Anyang vs Gangwon FC,FC Anyang,Gangwon FC,0x5fc6f03b8b48c32500e59d490519f5256e805b7d18654249e41643a9364206cb,L19529998,0,0,SUCCESS,1,1785063182,1785061800,407.111111,SXR,0x6629Ce1Cf35Cc1329ebB4F63202F3f197b3F050B
0x7ea8e6b8eb9819bde144251cd0d109b325dbe2ef7e25dda673657921aa96970e,0xFD3a22179CA4104E97c670b834750Bd7Ff310b17,1,126.20999,1.7163,Under/Over (3.5),Over 3.5,K1-League,FC Seoul vs Ulsan Hyundai,FC Seoul,Ulsan Hyundai,0x24bc3dd69c822e4789a6b8f4fcb3ba9a4022d1845b9f5b449cdea2d1228d3f25,L19529997,0,0,SUCCESS,1,1785063176,1785061800,176.20941,SXR,0x6629Ce1Cf35Cc1329ebB4F63202F3f197b3F050B
0xdfb7fc52c3414849ac827f2571eff3584edd03c85d7ae5e0d6757ff038186389,0xFD3a22179CA4104E97c670b834750Bd7Ff310b17,1,0.00139,1.7163,Under/Over (3.5),Over 3.5,K1-League,FC Seoul vs Ulsan Hyundai,FC Seoul,Ulsan Hyundai,0x24bc3dd69c822e4789a6b8f4fcb3ba9a4022d1845b9f5b449cdea2d1228d3f25,L19529997,0,0,SUCCESS,1,1785063175,1785061800,0.001941,SXR,0x6629Ce1Cf35Cc1329ebB4F63202F3f197b3F050B
0xb22a9bb349d3d1b0ded64e1801f180409eab63eb35cc643d37b998bb7727908d,0xFD3a22179CA4104E97c670b834750Bd7Ff310b17,1,338.37,1.45,1X2,FC Anyang,K1-League,FC Anyang vs Gangwon FC,FC Anyang,Gangwon FC,0x5fc6f03b8b48c32500e59d490519f5256e805b7d18654249e41643a9364206cb,L19529998,0,0,SUCCESS,1,1785063168,1785061800,751.933333,SXR,0x6629Ce1Cf35Cc1329ebB4F63202F3f197b3F050B
0xaeb12a279e9ea3dec2c088f124b1a4b80016e81e899a212b6bdd8f394d20a677,0xFD3a22179CA4104E97c670b834750Bd7Ff310b17,1,22.65,1.4612,1X2,FC Anyang,K1-League,FC Anyang vs Gangwon FC,FC Anyang,Gangwon FC,0x5fc6f03b8b48c32500e59d490519f5256e805b7d18654249e41643a9364206cb,L19529998,0,0,SUCCESS,1,1785063115,1785061800,49.105691,SXR,0x6629Ce1Cf35Cc1329ebB4F63202F3f197b3F050B
0xfdc6bb6a62b2343aebfcb3b75e18fcd38801b87215c3b43ee56c4f9fbada76d4,0xCA5FE59CB511e3B15948861b939f0CA0BC22f990,1,4.99998,1.6812,1X2,Ulsan Hyundai,K1-League,FC Seoul vs Ulsan Hyundai,FC Seoul,Ulsan Hyundai,0xb8b4cb7c0f51a3d0db5932fe6b07b20da73a83dd07467ca7751e0ce3810f3370,L19529997,0,0,SUCCESS,1,1785063088,1785061800,7.33942,SXR,0x6629Ce1Cf35Cc1329ebB4F63202F3f197b3F050B
0x1f24a921d9981c0852e84e600619cf672c2ad34309ebe85a4bfced2122a9a1ab,0xFD3a22179CA4104E97c670b834750Bd7Ff310b17,1,44.1,1.7262,Under/Over (3.5),Over 3.5,K1-League,FC Seoul vs Ulsan Hyundai,FC Seoul,Ulsan Hyundai,0x24bc3dd69c822e4789a6b8f4fcb3ba9a4022d1845b9f5b449cdea2d1228d3f25,L19529997,0,0,SUCCESS,1,1785063080,1785061800,60.722892,SXR,0x6629Ce1Cf35Cc1329ebB4F63202F3f197b3F050B
0xd399ec41ea850f448e9b64b7df979e00d652d576e89bfb4ca8c3d5c34ddc3855,0xFD3a22179CA4104E97c670b834750Bd7Ff310b17,1,79.56987,1.93,Under/Over (2.5),Over 2.5,K1-League,FC Seoul vs Ulsan Hyundai,FC Seoul,Ulsan Hyundai,0x7516c164edf492328c7837cbed161064946b18397e7940ad89a68e7a2b48b36c,L19529997,0,0,SUCCESS,1,1785063079,1785061800,85.559,SXR,0x6629Ce1Cf35Cc1329ebB4F63202F3f197b3F050B
0xed31b82613af31098ed5e8752c9fa9b13703a3b20f401fed3fe1fd87b7357457,0x9E844C0c1B06456051E307CC2d6F747387398Dda,1,24.47693,1.265,Asian Handicap (-1.5),Incheon United -1.5,K1-League,Incheon United vs Bucheon FC 1995,Incheon United,Bucheon FC 1995,0xecbe7fbf03b7e870163eda6a9020fe5bb3b99990a4e59ab3a97669bee80eb8aa,L19529954,0,0,SUCCESS,1,1785063027,1785061800,92.365774,SXR,0x6629Ce1Cf35Cc1329ebB4F63202F3f197b3F050B
0x986a9390dff581671403de8cd7f6071f2c44df3f662696d9bdd1dcc676d766de,0x31eed84E4EEAaA6c20EB2b3D5Dc80Ad13dBCB13b,,1.95364,1.3838,Under/Over (2.5),,K1-League,FC Anyang vs Gangwon FC,FC Anyang,Gangwon FC,0x3f485259d83a0e25aaa180d56990d059b0b260419548ed0428d12d0d8a677e7d,L19529998,0,0,SUCCESS,1,1785063027,1785061800,5.090919,SXR,0x6629Ce1Cf35Cc1329ebB4F63202F3f197b3F050B
0x787c6b370c8245de10ea34f76ba6f1eded88fa7a62eb8d92353550c5239ccc51,0x9E844C0c1B06456051E307CC2d6F747387398Dda,1,66.6,1.265,Asian Handicap (-1.5),Incheon United -1.5,K1-League,Incheon United vs Bucheon FC 1995,Incheon United,Bucheon FC 1995,0xecbe7fbf03b7e870163eda6a9020fe5bb3b99990a4e59ab3a97669bee80eb8aa,L19529954,0,0,SUCCESS,1,1785063027,1785061800,251.320755,SXR,0x6629Ce1Cf35Cc1329ebB4F63202F3f197b3F050B
0x9bb6e881cb9f3099a208d44ca9e66e4cc04c81bac0f55b7bb92875404a9963f2,0xFD3a22179CA4104E97c670b834750Bd7Ff310b17,,10,1.3562,1X2,,K1-League,FC Seoul vs Ulsan Hyundai,FC Seoul,Ulsan Hyundai,0xb8b4cb7c0f51a3d0db5932fe6b07b20da73a83dd07467ca7751e0ce3810f3370,L19529997,0,0,SUCCESS,1,1785062974,1785061800,28.070175,SXR,0x6629Ce1Cf35Cc1329ebB4F63202F3f197b3F050B
0x5b1c95ebf5e337507000d4c9bc280981e91ff80317162954993291982857f267,0xFD3a22179CA4104E97c670b834750Bd7Ff310b17,1,1,1.6425,Under/Over (2.5),Over 2.5,K1-League,Gwangju FC vs Jeju Sk Fc,Gwangju FC,Jeju Sk Fc,0x7e2e098122aa83394beed2923eee2083c7c502d46d245e2793e8c5e99bf0b9dd,L19529971,0,0,SUCCESS,1,1785062919,1785061800,1.55642,SXR,0x6629Ce1Cf35Cc1329ebB4F63202F3f197b3F050B
0xb6a3ec513ed1b856cee3174a625ecaf40563cf275f6470bd27b5a163a76f8a5f,0xFD3a22179CA4104E97c670b834750Bd7Ff310b17,,570.73171,1.4875,1X2,,K1-League,FC Anyang vs Gangwon FC,FC Anyang,Gangwon FC,0x5fc6f03b8b48c32500e59d490519f5256e805b7d18654249e41643a9364206cb,L19529998,0,0,SUCCESS,1,1785062814,1785061800,1170.731713,SXR,0x6629Ce1Cf35Cc1329ebB4F63202F3f197b3F050B
0x68dfe37ba56c762cf7cceb2b99827bd8fb525bf7fa52398ccbd4542fc3cf093e,0xFD3a22179CA4104E97c670b834750Bd7Ff310b17,,36.84211,1.05,Under/Over (1.5),,K1-League,FC Anyang vs Gangwon FC,FC Anyang,Gangwon FC,0x18dcc4b22a31978ddde330464e8a059e740bed12ef7292572b67ac6805a2196e,L19529998,0,0,SUCCESS,1,1785062813,1785061800,736.8422,SXR,0x6629Ce1Cf35Cc1329ebB4F63202F3f197b3F050B
0x10b7fb7c200717428f69067614f24e77d8c642bf4b70903a5cd7f5636f3d497c,0xFD3a22179CA4104E97c670b834750Bd7Ff310b17,,36.84211,1.05,Under/Over (2),,K1-League,FC Anyang vs Gangwon FC,FC Anyang,Gangwon FC,0x9933e3a14f9da9102ac61ba287a74e3716870dfb78e17550d2b39eccdec11f8d,L19529998,0,0,SUCCESS,1,1785062813,1785061800,736.8422,SXR,0x6629Ce1Cf35Cc1329ebB4F63202F3f197b3F050B
0xb05fd0b085eb5130bbf72ec00f15af901cc4330d876cdf56e6b492bcc6bd03a7,0x52e769B148C8472a973EcFC9FFC0Cd8A6eE913ea,1,2,1.0837,Asian Handicap (-1.5),FC Seoul -1.5,K1-League,FC Seoul vs Ulsan Hyundai,FC Seoul,Ulsan Hyundai,0xdbb8f7b1a1054c6179f4bea7dba1f6a12000f836d65d4eb10c06a3bb02dc67ef,L19529997,0,0,SUCCESS,1,1785062742,1785061800,23.880597,SXR,0x6629Ce1Cf35Cc1329ebB4F63202F3f197b3F050B
0x5756b3286f139451a23a2790222bbf1d33312602711ba168e2a8dcd744a73527,0xFD3a22179CA4104E97c670b834750Bd7Ff310b17,1,755.25,1.625,1X2,Ulsan Hyundai,K1-League,FC Seoul vs Ulsan Hyundai,FC Seoul,Ulsan Hyundai,0xb8b4cb7c0f51a3d0db5932fe6b07b20da73a83dd07467ca7751e0ce3810f3370,L19529997,0,0,SUCCESS,1,1785062741,1785061800,1208.4,SXR,0x6629Ce1Cf35Cc1329ebB4F63202F3f197b3F050B
0x35e688752c725e36756029a6afd4382cd7c140b778ee1c3ed650cef0d8a3702a,0xFD3a22179CA4104E97c670b834750Bd7Ff310b17,1,343.05999,1.6438,Under/Over (2.5),Over 2.5,K1-League,Gwangju FC vs Jeju Sk Fc,Gwangju FC,Jeju Sk Fc,0x7e2e098122aa83394beed2923eee2083c7c502d46d245e2793e8c5e99bf0b9dd,L19529971,0,0,SUCCESS,1,1785062709,1785061800,532.908722,SXR,0x6629Ce1Cf35Cc1329ebB4F63202F3f197b3F050B
0xe123d61564a8740b935883144b1a7c518e467ee6f2332b5cc5c66c60cc0c0879,0xFD3a22179CA4104E97c670b834750Bd7Ff310b17,,24.63985,1.9387,Under/Over (5.5),,K1-League,Gwangju FC vs Jeju Sk Fc,Gwangju FC,Jeju Sk Fc,0x44a90f1ca774106f05244df1890ebc05315f409d43953bdf099da24b4d816fbf,L19529971,0,0,SUCCESS,1,1785062669,1785061800,26.24751,SXR,0x6629Ce1Cf35Cc1329ebB4F63202F3f197b3F050B
0x63ac632b52ee755957a87c87a4767c7a1df029f6d95fec65d72c2db458013e24,0x31eed84E4EEAaA6c20EB2b3D5Dc80Ad13dBCB13b,1,1.04,1.065,Asian Handicap (-1.5),FC Seoul -1.5,K1-League,FC Seoul vs Ulsan Hyundai,FC Seoul,Ulsan Hyundai,0xdbb8f7b1a1054c6179f4bea7dba1f6a12000f836d65d4eb10c06a3bb02dc67ef,L19529997,0,0,SUCCESS,1,1785062656,1785061800,16.0,SXR,0x6629Ce1Cf35Cc1329ebB4F63202F3f197b3F050B
0x9278eeea2852e9cc2ac22e7e996961beeb73ab73edf4f36a059792b5603c5d97,0xFD3a22179CA4104E97c670b834750Bd7Ff310b17,,1.14,1.49,Under/Over (3),,K1-League,Gwangju FC vs Jeju Sk Fc,Gwangju FC,Jeju Sk Fc,0x1f05cdb3e349a85b744386f8a8c820778d498e9a834f0b32e9354d4c0348a94e,L19529971,0,0,SUCCESS,1,1785062561,1785061800,2.326531,SXR,0x6629Ce1Cf35Cc1329ebB4F63202F3f197b3F050B
0x81499e3f38898969890a247b117586ff9e4d62bbd5c22a140e68daf174fb6ea4,0xFD3a22179CA4104E97c670b834750Bd7Ff310b17,,664.62,1.55,1X2,,K1-League,FC Seoul vs Ulsan Hyundai,FC Seoul,Ulsan Hyundai,0xb8b4cb7c0f51a3d0db5932fe6b07b20da73a83dd07467ca7751e0ce3810f3370,L19529997,0,0,SUCCESS,1,1785062557,1785061800,1208.4,SXR,0x6629Ce1Cf35Cc1329ebB4F63202F3f197b3F050B
0x0f06357c13cadd2ed93c18508afbc4e7472c5c98e62c309aae13936aa1ce12a1,0xFD3a22179CA4104E97c670b834750Bd7Ff310b17,1,2.39,1.5488,Under/Over (3.5),Over 3.5,K1-League,FC Seoul vs Ulsan Hyundai,FC Seoul,Ulsan Hyundai,0x24bc3dd69c822e4789a6b8f4fcb3ba9a4022d1845b9f5b449cdea2d1228d3f25,L19529997,0,0,SUCCESS,1,1785062280,1785061800,4.355353,SXR,0x6629Ce1Cf35Cc1329ebB4F63202F3f197b3F050B
0xdf93f9c0e12a16de0911c87528068ddf2a43208a272fec9037af00f520591a66,0x52e769B148C8472a973EcFC9FFC0Cd8A6eE913ea,,2,1.33,Under/Over (2.5),,K1-League,FC Anyang vs Gangwon FC,FC Anyang,Gangwon FC,0x3f485259d83a0e25aaa180d56990d059b0b260419548ed0428d12d0d8a677e7d,L19529998,0,0,SUCCESS,1,1785062154,1785061800,6.060606,SXR,0x6629Ce1Cf35Cc1329ebB4F63202F3f197b3F050B
0x530d004ad70859d30134813bb00c91cafaf3cda4f203bc8dc06d0d3c82e77de8,0x9E844C0c1B06456051E307CC2d6F747387398Dda,,16.64995,1.8025,Under/Over (3.5),,K1-League,Gwangju FC vs Jeju Sk Fc,Gwangju FC,Jeju Sk Fc,0xdff669182301d6619ab2557f048b13a7773bc7e974861610342c90583d85bac0,L19529971,0,0,SUCCESS,1,1785062116,1785061800,20.747601,SXR,0x6629Ce1Cf35Cc1329ebB4F63202F3f197b3F050B
0x3d8121567a7123c61c97226748c99ee7089570ece7463fa9643d34e79684dd25,0x9E844C0c1B06456051E307CC2d6F747387398Dda,,16.64996,1.8,Under/Over (3.5),,K1-League,Gwangju FC vs Jeju Sk Fc,Gwangju FC,Jeju Sk Fc,0xdff669182301d6619ab2557f048b13a7773bc7e974861610342c90583d85bac0,L19529971,0,0,SUCCESS,1,1785062115,1785061800,20.81245,SXR,0x6629Ce1Cf35Cc1329ebB4F63202F3f197b3F050B
0xcc6ee863d5d5d064b1a8d5b8da0a1614bf50145be193074b97853fe8add0bfac,0x9E844C0c1B06456051E307CC2d6F747387398Dda,,99.99999,1.8962,Under/Over (4),,K1-League,Incheon United vs Bucheon FC 1995,Incheon United,Bucheon FC 1995,0x735ce78588a456fb4202da9985a4551e31b6fabed861401e910115b8a449d60b,L19529954,0,0,SUCCESS,1,1785062114,1785061800,111.576,SXR,0x6629Ce1Cf35Cc1329ebB4F63202F3f197b3F050B
0x1d1b5e2127e27d04a878b659dade70fff5d27e9d627fe33e027230902628531a,0x9E844C0c1B06456051E307CC2d6F747387398Dda,,99.99997,1.895,Under/Over (4),,K1-League,Incheon United vs Bucheon FC 1995,Incheon United,Bucheon FC 1995,0x735ce78588a456fb4202da9985a4551e31b6fabed861401e910115b8a449d60b,L19529954,0,0,SUCCESS,1,1785062113,1785061800,111.73181,SXR,0x6629Ce1Cf35Cc1329ebB4F63202F3f197b3F050B
0xb93ba6722e9ca8c9592b7d2eba1a6d3733d778d635247efe1a32033d5ca4f329,0x9E844C0c1B06456051E307CC2d6F747387398Dda,,99.99993,1.9062,Under/Over (4.5),,K1-League,Incheon United vs Bucheon FC 1995,Incheon United,Bucheon FC 1995,0x257c7903300e6e373ee961e2ab478130833e87acf85f375555bfc269eb084b85,L19529954,0,0,SUCCESS,1,1785062112,1785061800,110.34475,SXR,0x6629Ce1Cf35Cc1329ebB4F63202F3f197b3F050B
0x981c6952b19cf472f5290fe9faef3ef4d98b4679624d81879ae5973aca689cda,0x9E844C0c1B06456051E307CC2d6F747387398Dda,,99.99993,1.9062,Under/Over (4.5),,K1-League,Incheon United vs Bucheon FC 1995,Incheon United,Bucheon FC 1995,0x257c7903300e6e373ee961e2ab478130833e87acf85f375555bfc269eb084b85,L19529954,0,0,SUCCESS,1,1785062111,1785061800,110.34475,SXR,0x6629Ce1Cf35Cc1329ebB4F63202F3f197b3F050B
0x035bb36e1822d9e1a4fbf2147af52467b82414a4eb1e3502a3e8335e45464177,0x31eed84E4EEAaA6c20EB2b3D5Dc80Ad13dBCB13b,,1.63125,1.3337,Under/Over (2.5),,K1-League,FC Anyang vs Gangwon FC,FC Anyang,Gangwon FC,0x3f485259d83a0e25aaa180d56990d059b0b260419548ed0428d12d0d8a677e7d,L19529998,0,0,SUCCESS,1,1785062085,1785061800,4.88764,SXR,0x6629Ce1Cf35Cc1329ebB4F63202F3f197b3F050B
0xbc09cdc8276aee0e322f65bf9d08bee2c03ae4d7c65c655bd57c879cfd2a968d,0x9E844C0c1B06456051E307CC2d6F747387398Dda,,99.99999,1.75,Under/Over (3),,K1-League,Gwangju FC vs Jeju Sk Fc,Gwangju FC,Jeju Sk Fc,0x1f05cdb3e349a85b744386f8a8c820778d498e9a834f0b32e9354d4c0348a94e,L19529971,0,0,SUCCESS,1,1785062077,1785061800,133.33332,SXR,0x6629Ce1Cf35Cc1329ebB4F63202F3f197b3F050B
0x491b683d2320f06379c5d878ac49dc995e05e95ffdf6d917bd7a02b8de2238e6,0x9E844C0c1B06456051E307CC2d6F747387398Dda,,99.99999,1.75,Under/Over (3),,K1-League,Gwangju FC vs Jeju Sk Fc,Gwangju FC,Jeju Sk Fc,0x1f05cdb3e349a85b744386f8a8c820778d498e9a834f0b32e9354d4c0348a94e,L19529971,0,0,SUCCESS,1,1785062076,1785061800,133.33332,SXR,0x6629Ce1Cf35Cc1329ebB4F63202F3f197b3F050B
0x813ff2d9196dcda190144ee6a33c01360977446fae3f466d301b262d03ea10a9,0x0dc32f656f382cB67758F43c4d29A281feE11B76,1,16.4042,1.3025,1X2,Gangwon FC,K1-League,FC Anyang vs Gangwon FC,FC Anyang,Gangwon FC,0xc98867d2d317c220959fa0113a68bc909c348f487677ecc859b9e821afc5c700,L19529998,0,0,SUCCESS,1,1785062073,1785061800,54.22876,SXR,0x6629Ce1Cf35Cc1329ebB4F63202F3f197b3F050B
0xaa35794f49d1d4f357826b3f157e23204a84887889217a401f6706f9d1dcab32,0x31eed84E4EEAaA6c20EB2b3D5Dc80Ad13dBCB13b,,1.80625,1.3162,Under/Over (2.5),,K1-League,FC Anyang vs Gangwon FC,FC Anyang,Gangwon FC,0x3f485259d83a0e25aaa180d56990d059b0b260419548ed0428d12d0d8a677e7d,L19529998,0,0,SUCCESS,1,1785062060,1785061800,5.711462,SXR,0x6629Ce1Cf35Cc1329ebB4F63202F3f197b3F050B
0xe8f2c63ece334b6fca6ce0ab98a00ede959ab3673c1f792839a15a6900e31d85,0xFD3a22179CA4104E97c670b834750Bd7Ff310b17,,0.00227,1.3188,Under/Over (1.5),,K1-League,Gwangju FC vs Jeju Sk Fc,Gwangju FC,Jeju Sk Fc,0xa8cb1a4ec0e012aede93dc32189dcca65e3cde7d2508026ee5023db5b75831b4,L19529971,0,0,SUCCESS,1,1785062003,1785061800,0.007122,SXR,0x6629Ce1Cf35Cc1329ebB4F63202F3f197b3F050B
0xeccee30363825a1c34d054a79693596462b6a232d62e062cbd5714c3ef4c829b,0xFD3a22179CA4104E97c670b834750Bd7Ff310b17,1,10,1.4525,Under/Over (2.5),Over 2.5,K1-League,Incheon United vs Bucheon FC 1995,Incheon United,Bucheon FC 1995,0xf940f31d3c32421dee8b1db9d5be4196e69ff25d51792dc6cb7d858a9af75913,L19529954,0,0,SUCCESS,1,1785062000,1785061800,22.099448,SXR,0x6629Ce1Cf35Cc1329ebB4F63202F3f197b3F050B
0x6272e7133e9bbf9034610c8ed3009abaebc7dbcd15ec81ecc3645163e3a20656,0x9E844C0c1B06456051E307CC2d6F747387398Dda,,100,1.23,K1-League,,K1-League,Incheon United vs Bucheon FC 1995,Incheon United,Bucheon FC 1995,0x7c512c5023618c3500e3432b8037905582642c4d47bd2aa7c3c4bc6e87d88fd5,L19529954,0,0,SUCCESS,1,1785061984,1785061800,434.782609,SXR,0x6629Ce1Cf35Cc1329ebB4F63202F3f197b3F050B
0x468c30e3b38febf588f67b28bcfcaa1ef8fa98f9edac7375f870a507953b4b47,0xFD3a22179CA4104E97c670b834750Bd7Ff310b17,,31.18,1.3088,Under/Over (1.5),,K1-League,Gwangju FC vs Jeju Sk Fc,Gwangju FC,Jeju Sk Fc,0xa8cb1a4ec0e012aede93dc32189dcca65e3cde7d2508026ee5023db5b75831b4,L19529971,0,0,SUCCESS,1,1785061842,1785061800,100.987854,SXR,0x6629Ce1Cf35Cc1329ebB4F63202F3f197b3F050B
0xb9017b9b7cbce3feffeb547ac021a60e81f2e2cc37c74dd2577db98fc10dbe6c,0xFD3a22179CA4104E97c670b834750Bd7Ff310b17,,4.49,1.41,Asian Handicap (-0.5),,K1-League,Incheon United vs Bucheon FC 1995,Incheon United,Bucheon FC 1995,0xcf622bb8c611678f9d05357600ac3ada46208739c67dbdbcdf4bb0cbbc112429,L19529954,0,0,SUCCESS,1,1785061811,1785061800,10.95122,SXR,0x6629Ce1Cf35Cc1329ebB4F63202F3f197b3F050B
0x1c69ed350c09677284e50e5a39d248f9a9f71225aeb67245051e01dabc510578,0xa141274f45d09C2533035cd3c6ab42F3470dF7A8,,200,1.5488,1X2,,K1-League,Gwangju FC vs Jeju Sk Fc,Gwangju FC,Jeju Sk Fc,0x8d136a56f43f6151f925abf850630cde983d2984da0022dc2f07653b5d212326,L19529971,0,0,SUCCESS,1,1785061789,1785061800,364.464692,SXR,0x6629Ce1Cf35Cc1329ebB4F63202F3f197b3F050B
0x17b8095d65b971fd47b161b020933eb73bb3fd6b8996e8bfd7b720dd26e95cbf,0x4c67719710F563c9CE4Df1836c8d643BACc6986a,,26.4,1.4387,Under/Over (2),,K1-League,FC Anyang vs Gangwon FC,FC Anyang,Gangwon FC,0x9933e3a14f9da9102ac61ba287a74e3716870dfb78e17550d2b39eccdec11f8d,L19529998,0,0,SUCCESS,1,1785061742,1785061800,60.17094,SXR,0x6629Ce1Cf35Cc1329ebB4F63202F3f197b3F050B
0x2c0dbdffa5978b5a68adaa9206a3ac9cfdb7e3767029314198ac7918d3d60124,0x0DeAbC808957aBc9f4778C03b03CC1D2cBBC9D60,1,4.99999,1.5463,Asian Handicap (0.5),Gwangju FC +0.5,K1-League,Gwangju FC vs Jeju Sk Fc,Gwangju FC,Jeju Sk Fc,0xccf0f837cc0c91bd59ea9a356a3655ac595475bf6ccef7df1ea4dd9e6d1b6e8b,L19529971,0,0,SUCCESS,1,1785061713,1785061800,9.1533,SXR,0x6629Ce1Cf35Cc1329ebB4F63202F3f197b3F050B
0xdbc16e624b06b05d2c7a893794d30590da28656506bf9b7d83afdf8b85f0c472,0x4c67719710F563c9CE4Df1836c8d643BACc6986a,,26.4,1.4387,Under/Over (2),,K1-League,FC Anyang vs Gangwon FC,FC Anyang,Gangwon FC,0x9933e3a14f9da9102ac61ba287a74e3716870dfb78e17550d2b39eccdec11f8d,L19529998,0,0,SUCCESS,1,1785061711,1785061800,60.17094,SXR,0x6629Ce1Cf35Cc1329ebB4F63202F3f197b3F050B
0xd0b14161ea57cb1beeeac9ae2574f7b69e8400c360f023385f4a4cce7abdeffc,0xFD3a22179CA4104E97c670b834750Bd7Ff310b17,1,15.95,1.2563,1X2,Gwangju FC,K1-League,Gwangju FC vs Jeju Sk Fc,Gwangju FC,Jeju Sk Fc,0x41eec21ac26b1917e3b0622a7e7b645fead5c3564c1f20019fca7d99885e7110,L19529971,0,0,SUCCESS,1,1785061711,1785061800,62.243902,SXR,0x6629Ce1Cf35Cc1329ebB4F63202F3f197b3F050B
0x46516494fc7899314da4f2a0606203d0a434c40943cbd69ce9782edfdef99675,0x8268feC8dCb0D284343054BDf2b649286c9aA0a1,1,192,1.4525,1X2,Jeju Sk Fc,K1-League,Gwangju FC vs Jeju Sk Fc,Gwangju FC,Jeju Sk Fc,0x8d136a56f43f6151f925abf850630cde983d2984da0022dc2f07653b5d212326,L19529971,0,0,SUCCESS,1,1785061705,1785061800,424.309392,SXR,0x6629Ce1Cf35Cc1329ebB4F63202F3f197b3F050B
0xbea9ce5cf0025739a7d1d24b327b3c49d30c25d2bce6e8a6a2a1361dd64d35eb,0x8268feC8dCb0D284343054BDf2b649286c9aA0a1,1,1240.42,1.5475,Asian Handicap (0.5),Gwangju FC +0.5,K1-League,Gwangju FC vs Jeju Sk Fc,Gwangju FC,Jeju Sk Fc,0xccf0f837cc0c91bd59ea9a356a3655ac595475bf6ccef7df1ea4dd9e6d1b6e8b,L19529971,0,0,SUCCESS,1,1785061704,1785061800,2265.607306,SXR,0x6629Ce1Cf35Cc1329ebB4F63202F3f197b3F050B
0x93f813e590c0e68eda361205dd86cc26a366630f603c54f9dc29bddc8c1757f8,0x8268feC8dCb0D284343054BDf2b649286c9aA0a1,1,480,1.2525,1X2,Gwangju FC,K1-League,Gwangju FC vs Jeju Sk Fc,Gwangju FC,Jeju Sk Fc,0x41eec21ac26b1917e3b0622a7e7b645fead5c3564c1f20019fca7d99885e7110,L19529971,0,0,SUCCESS,1,1785061704,1785061800,1900.990099,SXR,0x6629Ce1Cf35Cc1329ebB4F63202F3f197b3F050B
0x1e486967cc31ec6980dac7963ffa27f0b7abf5e5347c344f3d2f15f9275ee6f6,0x4c67719710F563c9CE4Df1836c8d643BACc6986a,,0.29291,1.4563,Under/Over (2),,K1-League,FC Anyang vs Gangwon FC,FC Anyang,Gangwon FC,0x9933e3a14f9da9102ac61ba287a74e3716870dfb78e17550d2b39eccdec11f8d,L19529998,0,0,SUCCESS,1,1785061699,1785061800,0.641995,SXR,0x6629Ce1Cf35Cc1329ebB4F63202F3f197b3F050B
0x56288b81ff2fae3e24f1c68024a188b80157e714939f3c95edf16de005ef372b,0x8268feC8dCb0D284343054BDf2b649286c9aA0a1,1,27.39,1.455,Asian Handicap (-1),Incheon United -1,K1-League,Incheon United vs Bucheon FC 1995,Incheon United,Bucheon FC 1995,0x4695af9c315e4316dfd4bf0505239ea71dc7064499573686b688c648722053cc,L19529954,0,0,SUCCESS,1,1785061670,1785061800,60.197802,SXR,0x6629Ce1Cf35Cc1329ebB4F63202F3f197b3F050B
0xb42c452a98806f1b109577a40ecb3a8d1def98eb8ce01b4daa3ca2370f6d94b2,0xa141274f45d09C2533035cd3c6ab42F3470dF7A8,,200,1.4375,Under/Over (2),,K1-League,FC Anyang vs Gangwon FC,FC Anyang,Gangwon FC,0x9933e3a14f9da9102ac61ba287a74e3716870dfb78e17550d2b39eccdec11f8d,L19529998,0,0,SUCCESS,1,1785061661,1785061800,457.142857,SXR,0x6629Ce1Cf35Cc1329ebB4F63202F3f197b3F050B
0x4cf249523abb2d69920d0701b69683834a79dbeed62a6d835e5bb597a2f62eea,0xa141274f45d09C2533035cd3c6ab42F3470dF7A8,,200,1.4375,Under/Over (2),,K1-League,FC Anyang vs Gangwon FC,FC Anyang,Gangwon FC,0x9933e3a14f9da9102ac61ba287a74e3716870dfb78e17550d2b39eccdec11f8d,L19529998,0,0,SUCCESS,1,1785061606,1785061800,457.142857,SXR,0x6629Ce1Cf35Cc1329ebB4F63202F3f197b3F050B
0x205d77c66e7cec8196432a2704e5eb601da8adbd10395fd1631e465357c394bd,0x97EC1C9682F70091efB04e97b0B34698cF815EE1,1,22.49,1.4725,1X2,Gangwon FC,K1-League,FC Anyang vs Gangwon FC,FC Anyang,Gangwon FC,0xc98867d2d317c220959fa0113a68bc909c348f487677ecc859b9e821afc5c700,L19529998,0,0,SUCCESS,1,1785061467,1785061800,47.597884,SXR,0x6629Ce1Cf35Cc1329ebB4F63202F3f197b3F050B
0xe39ddbff69fb49e42313c1e743d9b81bd7c7ac4280cc833b79b02f95dd14d7a2,0x0DeAbC808957aBc9f4778C03b03CC1D2cBBC9D60,1,5,1.7188,K1-League,FC Seoul,K1-League,FC Seoul vs Ulsan Hyundai,FC Seoul,Ulsan Hyundai,0x79d0a6141955b0c50ee21f68b22e74e3d790a680770afe492d0a63e360299c9e,L19529997,0,0,SUCCESS,1,1785061424,1785061800,6.956522,SXR,0x6629Ce1Cf35Cc1329ebB4F63202F3f197b3F050B
0x26f6e02800f818c21aaba4bc0079c6493b13293062ab54754d16a2cf8a239da5,0xcBbD88cCd381d37Eb79e8F9f898B15A664477282,,32.99999,1.7538,1X2,,K1-League,Gwangju FC vs Jeju Sk Fc,Gwangju FC,Jeju Sk Fc,0x41eec21ac26b1917e3b0622a7e7b645fead5c3564c1f20019fca7d99885e7110,L19529971,0,0,SUCCESS,1,1785061407,1785061800,43.781081,SXR,0x6629Ce1Cf35Cc1329ebB4F63202F3f197b3F050B
0xbc1b4ebbd6a3177772f0151347022f19cc36a8473a43ea2f6ffb9db52efdeffb,0x8268feC8dCb0D284343054BDf2b649286c9aA0a1,1,43.11,1.7163,K1-League,FC Seoul,K1-League,FC Seoul vs Ulsan Hyundai,FC Seoul,Ulsan Hyundai,0x79d0a6141955b0c50ee21f68b22e74e3d790a680770afe492d0a63e360299c9e,L19529997,0,0,SUCCESS,1,1785061397,1785061800,60.188482,SXR,0x6629Ce1Cf35Cc1329ebB4F63202F3f197b3F050B
0x7c96c35fb51864f0672bae5e5b9ccbf413ee7913df86c71e055fff723e06c520,0xE531A1CE55b94E311cC1629a6D68cAcf4F74d044,,189.4675,1.465,1X2,,K1-League,FC Seoul vs Ulsan Hyundai,FC Seoul,Ulsan Hyundai,0xa5f1b8f05427c761a3b5d449a376f6e9b1481a4e53d422e1ec96afaa82c86945,L19529997,0,0,SUCCESS,1,1785061380,1785061800,407.456989,SXR,0x6629Ce1Cf35Cc1329ebB4F63202F3f197b3F050B
0x29fe95a563250fec5c144ea3755afb5095a3e0a5f232c4c633bddfe20de273a2,0xFD3a22179CA4104E97c670b834750Bd7Ff310b17,1,15.76,1.4387,Under/Over (2.5),Over 2.5,K1-League,Gwangju FC vs Jeju Sk Fc,Gwangju FC,Jeju Sk Fc,0x7e2e098122aa83394beed2923eee2083c7c502d46d245e2793e8c5e99bf0b9dd,L19529971,0,0,SUCCESS,1,1785061322,1785061800,35.920228,SXR,0x6629Ce1Cf35Cc1329ebB4F63202F3f197b3F050B
0xd49e7e459fc140b31b7d4a3ae06b61a8aec5e23f2c569017165c547e459fd7c6,0xFD3a22179CA4104E97c670b834750Bd7Ff310b17,,28.58,1.41,1X2,,K1-League,Incheon United vs Bucheon FC 1995,Incheon United,Bucheon FC 1995,0xe5c969c7a349545c80c5f8491c3cf5677ee9cf750d849fb605ffd3be92593431,L19529954,0,0,SUCCESS,1,1785061264,1785061800,69.707317,SXR,0x6629Ce1Cf35Cc1329ebB4F63202F3f197b3F050B
0x53cbb7bb3965e705f3991f8ff34d6c2f5e8977e4f1419711fdc61050f6f78600,0x97EC1C9682F70091efB04e97b0B34698cF815EE1,1,11.24,1.2512,1X2,Tie,K1-League,Incheon United vs Bucheon FC 1995,Incheon United,Bucheon FC 1995,0x1195f25592d503e284834dc891473ad781eba6ee7ad6f1b151e2be17d9e96b58,L19529954,0,0,SUCCESS,1,1785061243,1785061800,44.736318,SXR,0x6629Ce1Cf35Cc1329ebB4F63202F3f197b3F050B
0xfa9dbf94a91f0271117bba86b8f55d65786ce837742ab6a61630f1f892b8b59e,0xFD3a22179CA4104E97c670b834750Bd7Ff310b17,,7.38,1.41,1X2,,K1-League,Incheon United vs Bucheon FC 1995,Incheon United,Bucheon FC 1995,0xe5c969c7a349545c80c5f8491c3cf5677ee9cf750d849fb605ffd3be92593431,L19529954,0,0,SUCCESS,1,1785061175,1785061800,18.0,SXR,0x6629Ce1Cf35Cc1329ebB4F63202F3f197b3F050B
0x09a9a1db5398a05e9356017b0edc241e5e9a8322c5139b2297a3e1a62212f70d,0xFD3a22179CA4104E97c670b834750Bd7Ff310b17,,6.5,1.5737,Under/Over (2.5),,K1-League,Gwangju FC vs Jeju Sk Fc,Gwangju FC,Jeju Sk Fc,0x7e2e098122aa83394beed2923eee2083c7c502d46d245e2793e8c5e99bf0b9dd,L19529971,0,0,SUCCESS,1,1785061171,1785061800,11.328976,SXR,0x6629Ce1Cf35Cc1329ebB4F63202F3f197b3F050B
0x109b7599c291fcb13bfcab6a005146c9b7745fc6d3d5918f2fbb7ac2b35872ef,0x09b3a190a1e971Dd0B4F82Eb9008287fe43a540C,1,15,1.22,1X2,Ulsan Hyundai,K1-League,FC Seoul vs Ulsan Hyundai,FC Seoul,Ulsan Hyundai,0xb8b4cb7c0f51a3d0db5932fe6b07b20da73a83dd07467ca7751e0ce3810f3370,L19529997,0,0,SUCCESS,1,1785061045,1785061800,68.181818,SXR,0x6629Ce1Cf35Cc1329ebB4F63202F3f197b3F050B
0x5a1d01aa0eaf9d1ee28f1af949e469c1cd15139a084a7a36d204556a69a059e7,0xFD3a22179CA4104E97c670b834750Bd7Ff310b17,1,118.1,1.3213,Asian Handicap (-1.5),Incheon United -1.5,K1-League,Incheon United vs Bucheon FC 1995,Incheon United,Bucheon FC 1995,0xecbe7fbf03b7e870163eda6a9020fe5bb3b99990a4e59ab3a97669bee80eb8aa,L19529954,0,0,SUCCESS,1,1785061041,1785061800,367.626459,SXR,0x6629Ce1Cf35Cc1329ebB4F63202F3f197b3F050B
0x294e6b2f204c63203e4fbed143cb407f0e7bf83c5538bf3c8e9f89236602e452,0xFD3a22179CA4104E97c670b834750Bd7Ff310b17,,15.79983,1.2625,Under/Over (2),,K1-League,FC Seoul vs Ulsan Hyundai,FC Seoul,Ulsan Hyundai,0x25c1d48851b2b2be88031486578889b7bea933ca295c04963aecaf8b0145aed7,L19529997,0,0,SUCCESS,1,1785060993,1785061800,60.189829,SXR,0x6629Ce1Cf35Cc1329ebB4F63202F3f197b3F050B
0x2142c22d8ec64acc077ffd3d76d615c27c4ff257978f9ed0aeb850817877a19b,0xFD3a22179CA4104E97c670b834750Bd7Ff310b17,,33.62999,1.5587,Under/Over (3),,K1-League,FC Seoul vs Ulsan Hyundai,FC Seoul,Ulsan Hyundai,0x4a072f1da9b493778f0f6f3aecad9840964acedac319c0e5fef6240f0fc59948,L19529997,0,0,SUCCESS,1,1785060993,1785061800,60.187902,SXR,0x6629Ce1Cf35Cc1329ebB4F63202F3f197b3F050B
0xf3c618d2f584cbb47fef682c532c4f426c579fa3ac1510106440615e62347a83,0xFD3a22179CA4104E97c670b834750Bd7Ff310b17,,67.55,1.7087,Asian Handicap (-1.5),,K1-League,FC Seoul vs Ulsan Hyundai,FC Seoul,Ulsan Hyundai,0xdbb8f7b1a1054c6179f4bea7dba1f6a12000f836d65d4eb10c06a3bb02dc67ef,L19529997,0,0,SUCCESS,1,1785060965,1785061800,95.308642,SXR,0x6629Ce1Cf35Cc1329ebB4F63202F3f197b3F050B
0xc75f4e2a6f1c51c8c04816e2d193a64b93aa96dd77d24dfd2a21c37417536d71,0xFD3a22179CA4104E97c670b834750Bd7Ff310b17,,122.96999,1.7125,1X2,,K1-League,FC Anyang vs Gangwon FC,FC Anyang,Gangwon FC,0xa64103fd8ece270ed55a9ed8e8fc24522b7d16c7432147cc21765efcf7d6decc,L19529998,0,0,SUCCESS,1,1785060916,1785061800,172.58946,SXR,0x6629Ce1Cf35Cc1329ebB4F63202F3f197b3F050B
0x4070ed44e6e089310f705a96cde8f68f48bd947001368c16388658dd0ba4fd7f,0x0DeAbC808957aBc9f4778C03b03CC1D2cBBC9D60,,5,1.5263,1X2,,K1-League,FC Anyang vs Gangwon FC,FC Anyang,Gangwon FC,0xc98867d2d317c220959fa0113a68bc909c348f487677ecc859b9e821afc5c700,L19529998,0,0,SUCCESS,1,1785060824,1785061800,9.501188,SXR,0x6629Ce1Cf35Cc1329ebB4F63202F3f197b3F050B
0xbca2a09d617528fdd1d430901252ed7bc74f07a14616df2bca28b77f8c27720f,0x8268feC8dCb0D284343054BDf2b649286c9aA0a1,,26.51466,1.5238,1X2,,K1-League,FC Anyang vs Gangwon FC,FC Anyang,Gangwon FC,0xc98867d2d317c220959fa0113a68bc909c348f487677ecc859b9e821afc5c700,L19529998,0,0,SUCCESS,1,1785060791,1785061800,50.624649,SXR,0x6629Ce1Cf35Cc1329ebB4F63202F3f197b3F050B
0x78721a5d8e711c3177748862e25709a97637665ce2f62febcb3acffb151726dc,0x0DeAbC808957aBc9f4778C03b03CC1D2cBBC9D60,,4.99999,1.5238,1X2,,K1-League,FC Anyang vs Gangwon FC,FC Anyang,Gangwon FC,0xc98867d2d317c220959fa0113a68bc909c348f487677ecc859b9e821afc5c700,L19529998,0,0,SUCCESS,1,1785060747,1785061800,9.54652,SXR,0x6629Ce1Cf35Cc1329ebB4F63202F3f197b3F050B
0x7b807ca9b453273156360e24c84693b8d01b4e1fb8ca6a35134029818aa332a8,0xFD3a22179CA4104E97c670b834750Bd7Ff310b17,1,27.55934,1.2312,1X2,FC Anyang,K1-League,FC Anyang vs Gangwon FC,FC Anyang,Gangwon FC,0x5fc6f03b8b48c32500e59d490519f5256e805b7d18654249e41643a9364206cb,L19529998,0,0,SUCCESS,1,1785060731,1785061800,119.175524,SXR,0x6629Ce1Cf35Cc1329ebB4F63202F3f197b3F050B
0xa1f199bbcd4226883427fb1fe80fe364e91f14dd883178ab7cf239ac8d6d5164,0xFD3a22179CA4104E97c670b834750Bd7Ff310b17,1,27.56,1.23,1X2,FC Anyang,K1-League,FC Anyang vs Gangwon FC,FC Anyang,Gangwon FC,0x5fc6f03b8b48c32500e59d490519f5256e805b7d18654249e41643a9364206cb,L19529998,0,0,SUCCESS,1,1785060730,1785061800,119.826087,SXR,0x6629Ce1Cf35Cc1329ebB4F63202F3f197b3F050B
0x69e28737757444577017652e772410343cdc9d9bebb20ca1f6c68897dc5c5a76,0x8268feC8dCb0D284343054BDf2b649286c9aA0a1,,27.27942,1.5225,1X2,,K1-League,FC Anyang vs Gangwon FC,FC Anyang,Gangwon FC,0xc98867d2d317c220959fa0113a68bc909c348f487677ecc859b9e821afc5c700,L19529998,0,0,SUCCESS,1,1785060708,1785061800,52.209416,SXR,0x6629Ce1Cf35Cc1329ebB4F63202F3f197b3F050B
0x33c158a8261b5a83561454ea80bd223c682cd03c57a4ecc3b29b56577fe88f4d,0x97EC1C9682F70091efB04e97b0B34698cF815EE1,1,22.49,1.2525,1X2,Tie,K1-League,Incheon United vs Bucheon FC 1995,Incheon United,Bucheon FC 1995,0x1195f25592d503e284834dc891473ad781eba6ee7ad6f1b151e2be17d9e96b58,L19529954,0,0,SUCCESS,1,1785060638,1785061800,89.069307,SXR,0x6629Ce1Cf35Cc1329ebB4F63202F3f197b3F050B
0xac4dcda19ca21b38222c761ea0ff5e9722cf44295d48d67a1296dace8614e963,0xFD3a22179CA4104E97c670b834750Bd7Ff310b17,,10.75,1.4125,1X2,,K1-League,Incheon United vs Bucheon FC 1995,Incheon United,Bucheon FC 1995,0xe5c969c7a349545c80c5f8491c3cf5677ee9cf750d849fb605ffd3be92593431,L19529954,0,0,SUCCESS,1,1785060497,1785061800,26.060606,SXR,0x6629Ce1Cf35Cc1329ebB4F63202F3f197b3F050B
0x4f38b18f56bfcded2968dba77975ed6a5424c9184e2ee3c7c989abdfc266fe78,0xF544c218C0Ba0BAfD9Dd049E469097AE58B235c2,,1.17,1.465,1X2,,K1-League,FC Seoul vs Ulsan Hyundai,FC Seoul,Ulsan Hyundai,0xa5f1b8f05427c761a3b5d449a376f6e9b1481a4e53d422e1ec96afaa82c86945,L19529997,0,0,SUCCESS,1,1785060455,1785061800,2.516129,SXR,0x6629Ce1Cf35Cc1329ebB4F63202F3f197b3F050B
0xf9989f35847d21a574d2a8275e1fda9b7358104c5c4a81f503b00ecebfc4b483,0x8268feC8dCb0D284343054BDf2b649286c9aA0a1,1,40.2,1.2488,1X2,Gwangju FC,K1-League,Gwangju FC vs Jeju Sk Fc,Gwangju FC,Jeju Sk Fc,0x41eec21ac26b1917e3b0622a7e7b645fead5c3564c1f20019fca7d99885e7110,L19529971,0,0,SUCCESS,1,1785060442,1785061800,161.60804,SXR,0x6629Ce1Cf35Cc1329ebB4F63202F3f197b3F050B
0xfb00aa992b7f7fd167e94fc09a185253c38f18b45afc8dc1517eae3c5ce6475a,0xFD3a22179CA4104E97c670b834750Bd7Ff310b17,,127.41,1.5463,1X2,,K1-League,Gwangju FC vs Jeju Sk Fc,Gwangju FC,Jeju Sk Fc,0x8d136a56f43f6151f925abf850630cde983d2984da0022dc2f07653b5d212326,L19529971,0,0,SUCCESS,1,1785060441,1785061800,233.244851,SXR,0x6629Ce1Cf35Cc1329ebB4F63202F3f197b3F050B
0x5fa7a5a5aefe90647ff7f138c99ccc989d9c68c04e8c7e2e54fa96fb9b41cf1c,0xFD3a22179CA4104E97c670b834750Bd7Ff310b17,1,439.8,1.2488,1X2,Gwangju FC,K1-League,Gwangju FC vs Jeju Sk Fc,Gwangju FC,Jeju Sk Fc,0x41eec21ac26b1917e3b0622a7e7b645fead5c3564c1f20019fca7d99885e7110,L19529971,0,0,SUCCESS,1,1785060441,1785061800,1768.040201,SXR,0x6629Ce1Cf35Cc1329ebB4F63202F3f197b3F050B
0x82757acbe31d0e13ec8790ddfcf7dcac7cb3840cf1c717663135f9930815d032,0xFD3a22179CA4104E97c670b834750Bd7Ff310b17,1,41.26,1.295,1X2,Tie,K1-League,Gwangju FC vs Jeju Sk Fc,Gwangju FC,Jeju Sk Fc,0x55fdfdb0cc0b03c40474e54bd96dd129e705c8c994af4c09eb64526c2df4d22d,L19529971,0,0,SUCCESS,1,1785060366,1785061800,139.864407,SXR,0x6629Ce1Cf35Cc1329ebB4F63202F3f197b3F050B
0xaa69b99262164e35afcea7882da2d73c76067153508e9aa152a1ce4583597fea,0x51F8e5692A80d7752047bc43Ab5444953F542F91,1,10.45,1.5938,1X2,Incheon United,K1-League,Incheon United vs Bucheon FC 1995,Incheon United,Bucheon FC 1995,0xe5c969c7a349545c80c5f8491c3cf5677ee9cf750d849fb605ffd3be92593431,L19529954,0,0,SUCCESS,1,1785060347,1785061800,17.6,SXR,0x6629Ce1Cf35Cc1329ebB4F63202F3f197b3F050B
0x3159a5e8ac9535ed6e247bb1143c2c414aba6dc55bb15f51e2f80c5e9768feb2,0x97EC1C9682F70091efB04e97b0B34698cF815EE1,1,33.74,1.2463,1X2,Tie,K1-League,FC Seoul vs Ulsan Hyundai,FC Seoul,Ulsan Hyundai,0x5874f4eba8d6ffdb0028f8f857de3bd62319b13749e9bb9360e6c117c3c0a1ce,L19529997,0,0,SUCCESS,1,1785060105,1785061800,137.015228,SXR,0x6629Ce1Cf35Cc1329ebB4F63202F3f197b3F050B
0xa7ed16b882480446818086c9b80ec092e8776eb400ac4537a516bed2ac4d436e,0x7E3a6e22cac4eECeceCc7D9086d7c0fE1195Ec16,,2,1.5225,1X2,,K1-League,FC Anyang vs Gangwon FC,FC Anyang,Gangwon FC,0xc98867d2d317c220959fa0113a68bc909c348f487677ecc859b9e821afc5c700,L19529998,0,0,SUCCESS,1,1785060077,1785061800,3.827751,SXR,0x6629Ce1Cf35Cc1329ebB4F63202F3f197b3F050B
0xa383539def526927c0b9693aebb65d0576906dd8690df49608898cd693accb74,0x97EC1C9682F70091efB04e97b0B34698cF815EE1,1,6.74,1.16,1X2,Bucheon FC 1995,K1-League,Incheon United vs Bucheon FC 1995,Incheon United,Bucheon FC 1995,0xdef27d216a07a9fb59a22cd1d0fcceb705b248c70b4557dd8ff287d8df9c0285,L19529954,0,0,SUCCESS,1,1785060075,1785061800,42.125,SXR,0x6629Ce1Cf35Cc1329ebB4F63202F3f197b3F050B
0x33c31aade8dae29424e0b50393c8a960a1dcd97db565bb48bee431ecad37178a,0x7E3a6e22cac4eECeceCc7D9086d7c0fE1195Ec16,,2,1.7862,1X2,,K1-League,FC Seoul vs Ulsan Hyundai,FC Seoul,Ulsan Hyundai,0xb8b4cb7c0f51a3d0db5932fe6b07b20da73a83dd07467ca7751e0ce3810f3370,L19529997,0,0,SUCCESS,1,1785060069,1785061800,2.54372,SXR,0x6629Ce1Cf35Cc1329ebB4F63202F3f197b3F050B
0x7ee4328ec47982abdbf34ce37b2e30c5e9ca8e5380cd31282ebab555a14b3325,0x0DeAbC808957aBc9f4778C03b03CC1D2cBBC9D60,,5,1.285,Asian Handicap (1),,K1-League,Gwangju FC vs Jeju Sk Fc,Gwangju FC,Jeju Sk Fc,0xa9e82c596d8f49bf8d01d014c1ce5cacbd7ab25e5172d4af2358e7370ad36af5,L19529971,0,0,SUCCESS,1,1785060063,1785061800,17.54386,SXR,0x6629Ce1Cf35Cc1329ebB4F63202F3f197b3F050B
0xdddbbbb811a15ce2819c811d7e7e34d8114114d29f7b9df56f7c1b2c62acf653,0x0DeAbC808957aBc9f4778C03b03CC1D2cBBC9D60,,5,1.285,Asian Handicap (1),,K1-League,Gwangju FC vs Jeju Sk Fc,Gwangju FC,Jeju Sk Fc,0xa9e82c596d8f49bf8d01d014c1ce5cacbd7ab25e5172d4af2358e7370ad36af5,L19529971,0,0,SUCCESS,1,1785060061,1785061800,17.54386,SXR,0x6629Ce1Cf35Cc1329ebB4F63202F3f197b3F050B
0xf4c61f23a9a66d800926b5ddd6bc85126178bf5f4e6805991dc7141603d34029,0x0DeAbC808957aBc9f4778C03b03CC1D2cBBC9D60,,5,1.285,Asian Handicap (1),,K1-League,Gwangju FC vs Jeju Sk Fc,Gwangju FC,Jeju Sk Fc,0xa9e82c596d8f49bf8d01d014c1ce5cacbd7ab25e5172d4af2358e7370ad36af5,L19529971,0,0,SUCCESS,1,1785060058,1785061800,17.54386,SXR,0x6629Ce1Cf35Cc1329ebB4F63202F3f197b3F050B
0xd1c33c6bb12f416d01fccba996b6aa4092a0c044d0c3ffc67829c9f5f140eae4,0x97EC1C9682F70091efB04e97b0B34698cF815EE1,1,6.74,1.295,1X2,Tie,K1-League,Gwangju FC vs Jeju Sk Fc,Gwangju FC,Jeju Sk Fc,0x55fdfdb0cc0b03c40474e54bd96dd129e705c8c994af4c09eb64526c2df4d22d,L19529971,0,0,SUCCESS,1,1785060042,1785061800,22.847458,SXR,0x6629Ce1Cf35Cc1329ebB4F63202F3f197b3F050B
0x2f550d8bd8ba7541af068bf73a6e87a414461f96f13adc94d21f468e1ff4c364,0x8268feC8dCb0D284343054BDf2b649286c9aA0a1,,26.54685,1.285,Asian Handicap (1),,K1-League,Gwangju FC vs Jeju Sk Fc,Gwangju FC,Jeju Sk Fc,0xa9e82c596d8f49bf8d01d014c1ce5cacbd7ab25e5172d4af2358e7370ad36af5,L19529971,0,0,SUCCESS,1,1785060038,1785061800,93.146842,SXR,0x6629Ce1Cf35Cc1329ebB4F63202F3f197b3F050B
0xa93b1a865b5e639058b65c649ef220f316d1807090ab7be4fc888776d99bc6f3,0x8268feC8dCb0D284343054BDf2b649286c9aA0a1,,26.54685,1.285,Asian Handicap (1),,K1-League,Gwangju FC vs Jeju Sk Fc,Gwangju FC,Jeju Sk Fc,0xa9e82c596d8f49bf8d01d014c1ce5cacbd7ab25e5172d4af2358e7370ad36af5,L19529971,0,0,SUCCESS,1,1785060037,1785061800,93.146842,SXR,0x6629Ce1Cf35Cc1329ebB4F63202F3f197b3F050B
0x8d27a045fa35ca0284e73d157b1df6991b250f210d91dacbc39bbe3ce6fdf561,0x8268feC8dCb0D284343054BDf2b649286c9aA0a1,,16.54594,1.285,Asian Handicap (1),,K1-League,Gwangju FC vs Jeju Sk Fc,Gwangju FC,Jeju Sk Fc,0xa9e82c596d8f49bf8d01d014c1ce5cacbd7ab25e5172d4af2358e7370ad36af5,L19529971,0,0,SUCCESS,1,1785060035,1785061800,58.05593,SXR,0x6629Ce1Cf35Cc1329ebB4F63202F3f197b3F050B
0xe9346e36dc45caadca8163b97e71c54a8c88c955963c17b5cb6b702bdddbcf62,0x8268feC8dCb0D284343054BDf2b649286c9aA0a1,1,205.73,1.3162,K1-League,FC Anyang,K1-League,FC Anyang vs Gangwon FC,FC Anyang,Gangwon FC,0x8a5b931f75fa4bb917f3c80d50a73a3a855633a19e6b6a5d83e813073ea67b3f,L19529998,0,0,SUCCESS,1,1785060032,1785061800,650.529644,SXR,0x6629Ce1Cf35Cc1329ebB4F63202F3f197b3F050B
0x0ff2adf36c97535e4a7c2d52fe6e041805527acf70639d1b51ff0318826b71f0,0x97EC1C9682F70091efB04e97b0B34698cF815EE1,1,22.49,1.2575,1X2,Tie,K1-League,Incheon United vs Bucheon FC 1995,Incheon United,Bucheon FC 1995,0x1195f25592d503e284834dc891473ad781eba6ee7ad6f1b151e2be17d9e96b58,L19529954,0,0,SUCCESS,1,1785060032,1785061800,87.339806,SXR,0x6629Ce1Cf35Cc1329ebB4F63202F3f197b3F050B
0x474c1c26db3476d2107a5bdafeaf9730434d8e6ac53007a8c4179dfb549c8833,0x0DeAbC808957aBc9f4778C03b03CC1D2cBBC9D60,1,5,1.8925,Under/Over (1),Over 1.0,K1-League,Incheon United vs Bucheon FC 1995,Incheon United,Bucheon FC 1995,0xf4f53b7cbe85296ad35bb9073473053c5939dd936848cd7d97880734ca442df9,L19529954,0,0,SUCCESS,1,1785060013,1785061800,5.602241,SXR,0x6629Ce1Cf35Cc1329ebB4F63202F3f197b3F050B
0x0a95eb4f41704e4e19398bf16736b3e0c0f8ea44431150ee06ab34e923dcdda3,0x0DeAbC808957aBc9f4778C03b03CC1D2cBBC9D60,,5,1.285,Asian Handicap (1),,K1-League,Gwangju FC vs Jeju Sk Fc,Gwangju FC,Jeju Sk Fc,0xa9e82c596d8f49bf8d01d014c1ce5cacbd7ab25e5172d4af2358e7370ad36af5,L19529971,0,0,SUCCESS,1,1785060012,1785061800,17.54386,SXR,0x6629Ce1Cf35Cc1329ebB4F63202F3f197b3F050B
0xf9a4f535f13bc9a55827ecc31511cee74bd824d917381f78f09a21de610800ad,0x8268feC8dCb0D284343054BDf2b649286c9aA0a1,,312.41964,1.6713,K1-League,,K1-League,FC Anyang vs Gangwon FC,FC Anyang,Gangwon FC,0x8a5b931f75fa4bb917f3c80d50a73a3a855633a19e6b6a5d83e813073ea67b3f,L19529998,0,0,SUCCESS,1,1785060011,1785061800,465.429631,SXR,0x6629Ce1Cf35Cc1329ebB4F63202F3f197b3F050B
0xcafcb63feef8651b73d01c2e8c5d67acb067722efa21ae83ba39d6993bb21a31,0x8268feC8dCb0D284343054BDf2b649286c9aA0a1,,140.31907,1.7688,1X2,,K1-League,FC Anyang vs Gangwon FC,FC Anyang,Gangwon FC,0x5fc6f03b8b48c32500e59d490519f5256e805b7d18654249e41643a9364206cb,L19529998,0,0,SUCCESS,1,1785060011,1785061800,182.528872,SXR,0x6629Ce1Cf35Cc1329ebB4F63202F3f197b3F050B
0xb067d0a482d718f3be6c75682e5841d08526ef8fdc911595039bd16afd1dc50a,0x8268feC8dCb0D284343054BDf2b649286c9aA0a1,,23.1619,1.475,Asian Handicap (0.5),,K1-League,FC Anyang vs Gangwon FC,FC Anyang,Gangwon FC,0xeac09f90ba0e262b36715872ed5b831fe3959f597d7341b9d0f8e9b678337bad,L19529998,0,0,SUCCESS,1,1785060011,1785061800,48.761895,SXR,0x6629Ce1Cf35Cc1329ebB4F63202F3f197b3F050B
0x669f710910a507913628e570fdaf927d7d4e99b64bba95a623cfbcabdd7b491e,0x8268feC8dCb0D284343054BDf2b649286c9aA0a1,,19.28562,1.2975,Asian Handicap (1),,K1-League,FC Anyang vs Gangwon FC,FC Anyang,Gangwon FC,0x9245f612a8b9007fde65d3a6e5809bc07adb28af634508d05a3ccc38e6f6d9ed,L19529998,0,0,SUCCESS,1,1785060011,1785061800,64.825613,SXR,0x6629Ce1Cf35Cc1329ebB4F63202F3f197b3F050B
0x4d997d5f3bb8894f3aefc14eee7ebfbe43232d1ec54754a3fbb574175aff20c6,0x0DeAbC808957aBc9f4778C03b03CC1D2cBBC9D60,,5,1.285,Asian Handicap (1),,K1-League,Gwangju FC vs Jeju Sk Fc,Gwangju FC,Jeju Sk Fc,0xa9e82c596d8f49bf8d01d014c1ce5cacbd7ab25e5172d4af2358e7370ad36af5,L19529971,0,0,SUCCESS,1,1785060010,1785061800,17.54386,SXR,0x6629Ce1Cf35Cc1329ebB4F63202F3f197b3F050B
0x426496d79c19813a0e929409bd826396ce89a25aa14a1fd75b6ddbc72d9d5ce3,0xFD3a22179CA4104E97c670b834750Bd7Ff310b17,,7.95,1.4125,1X2,,K1-League,Incheon United vs Bucheon FC 1995,Incheon United,Bucheon FC 1995,0xe5c969c7a349545c80c5f8491c3cf5677ee9cf750d849fb605ffd3be92593431,L19529954,0,0,SUCCESS,1,1785059992,1785061800,19.272727,SXR,0x6629Ce1Cf35Cc1329ebB4F63202F3f197b3F050B
0xe0d838ed02987bce80b5dcb32a63feb3b37daf00f2748129756fb6836603b7eb,0x8268feC8dCb0D284343054BDf2b649286c9aA0a1,1,921.50995,1.8875,Under/Over (1),Over 1.0,K1-League,Incheon United vs Bucheon FC 1995,Incheon United,Bucheon FC 1995,0xf4f53b7cbe85296ad35bb9073473053c5939dd936848cd7d97880734ca442df9,L19529954,0,0,SUCCESS,1,1785059990,1785061800,1038.32107,SXR,0x6629Ce1Cf35Cc1329ebB4F63202F3f197b3F050B
0xbd831affa8b962f4299a957c7831065e48bf921fc7d3b1e484ae5899f6370abb,0x8268feC8dCb0D284343054BDf2b649286c9aA0a1,,26.54685,1.285,Asian Handicap (1),,K1-League,Gwangju FC vs Jeju Sk Fc,Gwangju FC,Jeju Sk Fc,0xa9e82c596d8f49bf8d01d014c1ce5cacbd7ab25e5172d4af2358e7370ad36af5,L19529971,0,0,SUCCESS,1,1785059990,1785061800,93.146842,SXR,0x6629Ce1Cf35Cc1329ebB4F63202F3f197b3F050B
0xdf131cd2996cf9a9cec9e52b3f4e91b9f1cd4f1615373981e10d24e048e99de6,0x8268feC8dCb0D284343054BDf2b649286c9aA0a1,,22.78007,1.285,Asian Handicap (1),,K1-League,Gwangju FC vs Jeju Sk Fc,Gwangju FC,Jeju Sk Fc,0xa9e82c596d8f49bf8d01d014c1ce5cacbd7ab25e5172d4af2358e7370ad36af5,L19529971,0,0,SUCCESS,1,1785059988,1785061800,79.93007,SXR,0x6629Ce1Cf35Cc1329ebB4F63202F3f197b3F050B
0xbc9dbebd7b12fa793e2949eefebbda5f48be0ff7c28f138a08a57dcbec36d84f,0x68E1818FF20BBe84F9be9E0A4A395FB11079Bd35,1,312.35,1.5488,1X2,FC Seoul,K1-League,FC Seoul vs Ulsan Hyundai,FC Seoul,Ulsan Hyundai,0xa5f1b8f05427c761a3b5d449a376f6e9b1481a4e53d422e1ec96afaa82c86945,L19529997,0,0,SUCCESS,1,1785059976,1785061800,569.202733,SXR,0x6629Ce1Cf35Cc1329ebB4F63202F3f197b3F050B
0x305669c33b0412fec040f236e73b9ecaec5ac0403f8b64fb46f6abf36de9f083,0xFD3a22179CA4104E97c670b834750Bd7Ff310b17,,256.85,1.4512,1X2,,K1-League,FC Seoul vs Ulsan Hyundai,FC Seoul,Ulsan Hyundai,0xa5f1b8f05427c761a3b5d449a376f6e9b1481a4e53d422e1ec96afaa82c86945,L19529997,0,0,SUCCESS,1,1785059975,1785061800,569.196676,SXR,0x6629Ce1Cf35Cc1329ebB4F63202F3f197b3F050B
0x8578f9b856fe812a9858e221f2cf9c53292e41811a4f4077203b59157db2bbd2,0xFD3a22179CA4104E97c670b834750Bd7Ff310b17,,20.27,1.4512,1X2,,K1-League,FC Seoul vs Ulsan Hyundai,FC Seoul,Ulsan Hyundai,0xa5f1b8f05427c761a3b5d449a376f6e9b1481a4e53d422e1ec96afaa82c86945,L19529997,0,0,SUCCESS,1,1785059971,1785061800,44.919668,SXR,0x6629Ce1Cf35Cc1329ebB4F63202F3f197b3F050B
0x034491d812db5a5bed5e4c2662109dd1450a32daccf49ff3e680e7a7dcd5b4ec,0xFD3a22179CA4104E97c670b834750Bd7Ff310b17,1,25.97,1.2112,1X2,Ulsan Hyundai,K1-League,FC Seoul vs Ulsan Hyundai,FC Seoul,Ulsan Hyundai,0xb8b4cb7c0f51a3d0db5932fe6b07b20da73a83dd07467ca7751e0ce3810f3370,L19529997,0,0,SUCCESS,1,1785059971,1785061800,122.934911,SXR,0x6629Ce1Cf35Cc1329ebB4F63202F3f197b3F050B
0x3f3e9477c78c4a818879a42a029b8a7b996a772988b0eb0073ab6eb60d2dc9a8,0xF544c218C0Ba0BAfD9Dd049E469097AE58B235c2,1,166.37653,1.55,1X2,FC Seoul,K1-League,FC Seoul vs Ulsan Hyundai,FC Seoul,Ulsan Hyundai,0xa5f1b8f05427c761a3b5d449a376f6e9b1481a4e53d422e1ec96afaa82c86945,L19529997,0,0,SUCCESS,1,1785059962,1785061800,302.502782,SXR,0x6629Ce1Cf35Cc1329ebB4F63202F3f197b3F050B
0x5f27f11236cfe1ca04f91e39353dd854fad4e9d7c19e5af5730b4284cd0564e8,0xFD3a22179CA4104E97c670b834750Bd7Ff310b17,,40.61014,1.4512,1X2,,K1-League,FC Seoul vs Ulsan Hyundai,FC Seoul,Ulsan Hyundai,0xa5f1b8f05427c761a3b5d449a376f6e9b1481a4e53d422e1ec96afaa82c86945,L19529997,0,0,SUCCESS,1,1785059958,1785061800,89.99477,SXR,0x6629Ce1Cf35Cc1329ebB4F63202F3f197b3F050B
0x967a0d7f9c0a6b251f7a87378a40d3db8c00fc6f8079e640d37040309322beff,0xF544c218C0Ba0BAfD9Dd049E469097AE58B235c2,,135.36709,1.4512,1X2,,K1-League,FC Seoul vs Ulsan Hyundai,FC Seoul,Ulsan Hyundai,0xa5f1b8f05427c761a3b5d449a376f6e9b1481a4e53d422e1ec96afaa82c86945,L19529997,0,0,SUCCESS,1,1785059957,1785061800,299.982471,SXR,0x6629Ce1Cf35Cc1329ebB4F63202F3f197b3F050B
0xee99a7116b04d8c5ca759165d470142afafcc4dc278c24794d9b0e4b156e5a65,0xFD3a22179CA4104E97c670b834750Bd7Ff310b17,1,25.97,1.21,1X2,Ulsan Hyundai,K1-League,FC Seoul vs Ulsan Hyundai,FC Seoul,Ulsan Hyundai,0xb8b4cb7c0f51a3d0db5932fe6b07b20da73a83dd07467ca7751e0ce3810f3370,L19529997,0,0,SUCCESS,1,1785059956,1785061800,123.666667,SXR,0x6629Ce1Cf35Cc1329ebB4F63202F3f197b3F050B
0x5b4048475f80d5deda70ee11495b2b16902ff51b46d914ac4914da8bb0ef29cb,0x68E1818FF20BBe84F9be9E0A4A395FB11079Bd35,1,262,1.5513,1X2,FC Seoul,K1-League,FC Seoul vs Ulsan Hyundai,FC Seoul,Ulsan Hyundai,0xa5f1b8f05427c761a3b5d449a376f6e9b1481a4e53d422e1ec96afaa82c86945,L19529997,0,0,SUCCESS,1,1785059953,1785061800,475.283447,SXR,0x6629Ce1Cf35Cc1329ebB4F63202F3f197b3F050B
0xd96defbc494e7e9dee3e5c49ab6b34abd57fa50e75738586064f68923587b32e,0xFD3a22179CA4104E97c670b834750Bd7Ff310b17,,213.01,1.4487,1X2,,K1-League,FC Seoul vs Ulsan Hyundai,FC Seoul,Ulsan Hyundai,0xa5f1b8f05427c761a3b5d449a376f6e9b1481a4e53d422e1ec96afaa82c86945,L19529997,0,0,SUCCESS,1,1785059952,1785061800,474.674095,SXR,0x6629Ce1Cf35Cc1329ebB4F63202F3f197b3F050B
0x6acc310f938836e294128bdbbe41d5049e3a06c6f976c7fb6a6b3c1d7f524b37,0xFD3a22179CA4104E97c670b834750Bd7Ff310b17,,30.93998,1.7913,1X2,,K1-League,FC Seoul vs Ulsan Hyundai,FC Seoul,Ulsan Hyundai,0xb8b4cb7c0f51a3d0db5932fe6b07b20da73a83dd07467ca7751e0ce3810f3370,L19529997,0,0,SUCCESS,1,1785059952,1785061800,39.10266,SXR,0x6629Ce1Cf35Cc1329ebB4F63202F3f197b3F050B
0xf57b306204658848cac943f5ca4d3770a3c0d53958f2496f4c941aa189296267,0xFD3a22179CA4104E97c670b834750Bd7Ff310b17,1,51.07982,1.2412,1X2,Tie,K1-League,FC Seoul vs Ulsan Hyundai,FC Seoul,Ulsan Hyundai,0x5874f4eba8d6ffdb0028f8f857de3bd62319b13749e9bb9360e6c117c3c0a1ce,L19529997,0,0,SUCCESS,1,1785059951,1785061800,211.729824,SXR,0x6629Ce1Cf35Cc1329ebB4F63202F3f197b3F050B
0xd1fefb91f6383508a316244da236bfc8299c69270f8fdb89d22f7e498058d9e2,0xCEab8a8F1b9601CF597cA79720da24565e12147f,1,1,1.5925,1X2,Incheon United,K1-League,Incheon United vs Bucheon FC 1995,Incheon United,Bucheon FC 1995,0xe5c969c7a349545c80c5f8491c3cf5677ee9cf750d849fb605ffd3be92593431,L19529954,0,0,SUCCESS,1,1785059886,1785061800,1.687764,SXR,0x6629Ce1Cf35Cc1329ebB4F63202F3f197b3F050B
0x9e92aef3c443baf5115efdc9ef59282722943cab9f84296ea77f495a6fcd15d8,0xFD3a22179CA4104E97c670b834750Bd7Ff310b17,,30,1.5537,Under/Over (3),,K1-League,FC Seoul vs Ulsan Hyundai,FC Seoul,Ulsan Hyundai,0x4a072f1da9b493778f0f6f3aecad9840964acedac319c0e5fef6240f0fc59948,L19529997,0,0,SUCCESS,1,1785059864,1785061800,54.176072,SXR,0x6629Ce1Cf35Cc1329ebB4F63202F3f197b3F050B
0x151f99a532e18ba5ee5e0e59a1be8b6ed80c5935a5859a9b3138e8c93d525274,0x8268feC8dCb0D284343054BDf2b649286c9aA0a1,,22.64058,1.2837,Asian Handicap (1),,K1-League,Gwangju FC vs Jeju Sk Fc,Gwangju FC,Jeju Sk Fc,0xa9e82c596d8f49bf8d01d014c1ce5cacbd7ab25e5172d4af2358e7370ad36af5,L19529971,0,0,SUCCESS,1,1785059681,1785061800,79.79059,SXR,0x6629Ce1Cf35Cc1329ebB4F63202F3f197b3F050B
0x2be5a2ac27b558034c574b49f2d93a623d056332e5a0e05d95ab37b29241c991,0x8268feC8dCb0D284343054BDf2b649286c9aA0a1,,62.93486,1.4163,1X2,,K1-League,Incheon United vs Bucheon FC 1995,Incheon United,Bucheon FC 1995,0xe5c969c7a349545c80c5f8491c3cf5677ee9cf750d849fb605ffd3be92593431,L19529954,0,0,SUCCESS,1,1785059501,1785061800,151.194859,SXR,0x6629Ce1Cf35Cc1329ebB4F63202F3f197b3F050B
0xf30cebb6b73e595fbe7bbac453e63cc2d681a4b7d2777dc25864e38a83d330d0,0x0DeAbC808957aBc9f4778C03b03CC1D2cBBC9D60,,5,1.4163,1X2,,K1-League,Incheon United vs Bucheon FC 1995,Incheon United,Bucheon FC 1995,0xe5c969c7a349545c80c5f8491c3cf5677ee9cf750d849fb605ffd3be92593431,L19529954,0,0,SUCCESS,1,1785059223,1785061800,12.012012,SXR,0x6629Ce1Cf35Cc1329ebB4F63202F3f197b3F050B
0xf21c4f3d5b9bd331e10058e34032a49afbaf58758afc09fba4d7fa0e1a15df6f,0x8268feC8dCb0D284343054BDf2b649286c9aA0a1,,169.2952,1.4163,1X2,,K1-League,Incheon United vs Bucheon FC 1995,Incheon United,Bucheon FC 1995,0xe5c969c7a349545c80c5f8491c3cf5677ee9cf750d849fb605ffd3be92593431,L19529954,0,0,SUCCESS,1,1785059184,1785061800,406.715195,SXR,0x6629Ce1Cf35Cc1329ebB4F63202F3f197b3F050B
0x1f6d5f87ddf86f901f3451ab4a169de0ae728c4f7dcdf5c3d099427eed7cd00c,0xFD3a22179CA4104E97c670b834750Bd7Ff310b17,1,5.55,1.2575,1X2,Tie,K1-League,Incheon United vs Bucheon FC 1995,Incheon United,Bucheon FC 1995,0x1195f25592d503e284834dc891473ad781eba6ee7ad6f1b151e2be17d9e96b58,L19529954,0,0,SUCCESS,1,1785059182,1785061800,21.553398,SXR,0x6629Ce1Cf35Cc1329ebB4F63202F3f197b3F050B
0xdfc337d65fa6438b54aa2da4e7eadcf661f66df0547a2cd4360ac144f5eff4f0,0xFD3a22179CA4104E97c670b834750Bd7Ff310b17,,6.49999,1.695,Asian Handicap (-1.5),,K1-League,Incheon United vs Bucheon FC 1995,Incheon United,Bucheon FC 1995,0xecbe7fbf03b7e870163eda6a9020fe5bb3b99990a4e59ab3a97669bee80eb8aa,L19529954,0,0,SUCCESS,1,1785059064,1785061800,9.352504,SXR,0x6629Ce1Cf35Cc1329ebB4F63202F3f197b3F050B
0x747bb3e971ba4a6d40b79e40b7e2697c03297532bdbdd70804a92db8fceacf98,0x68E1818FF20BBe84F9be9E0A4A395FB11079Bd35,1,62,1.2437,1X2,Gwangju FC,K1-League,Gwangju FC vs Jeju Sk Fc,Gwangju FC,Jeju Sk Fc,0x41eec21ac26b1917e3b0622a7e7b645fead5c3564c1f20019fca7d99885e7110,L19529971,0,0,SUCCESS,1,1785058907,1785061800,254.358974,SXR,0x6629Ce1Cf35Cc1329ebB4F63202F3f197b3F050B
0xb76a1a2ace9a0e7a58f76865b069223ed14e6e14ca91ba8f67ea22ba05eaa3b3,0x68E1818FF20BBe84F9be9E0A4A395FB11079Bd35,1,66,1.2437,1X2,Gwangju FC,K1-League,Gwangju FC vs Jeju Sk Fc,Gwangju FC,Jeju Sk Fc,0x41eec21ac26b1917e3b0622a7e7b645fead5c3564c1f20019fca7d99885e7110,L19529971,0,0,SUCCESS,1,1785058906,1785061800,270.769231,SXR,0x6629Ce1Cf35Cc1329ebB4F63202F3f197b3F050B
0xa9ecac7460d6edb38c496b0660afa0712119b87cfc05fa7e68572e06df9d8471,0x68E1818FF20BBe84F9be9E0A4A395FB11079Bd35,,234.6,1.535,1X2,,K1-League,Gwangju FC vs Jeju Sk Fc,Gwangju FC,Jeju Sk Fc,0x8d136a56f43f6151f925abf850630cde983d2984da0022dc2f07653b5d212326,L19529971,0,0,SUCCESS,1,1785058906,1785061800,438.504673,SXR,0x6629Ce1Cf35Cc1329ebB4F63202F3f197b3F050B
0x8000620d46f51c467da3b037628c303af79a40c75b1b8585c957596b16896721,0x68E1818FF20BBe84F9be9E0A4A395FB11079Bd35,1,61,1.2437,1X2,Gwangju FC,K1-League,Gwangju FC vs Jeju Sk Fc,Gwangju FC,Jeju Sk Fc,0x41eec21ac26b1917e3b0622a7e7b645fead5c3564c1f20019fca7d99885e7110,L19529971,0,0,SUCCESS,1,1785058906,1785061800,250.25641,SXR,0x6629Ce1Cf35Cc1329ebB4F63202F3f197b3F050B
0x38ec4f0b08230775977df413289bb96e71a09c176472e297aeb2c02b08f3b217,0x68E1818FF20BBe84F9be9E0A4A395FB11079Bd35,1,65,1.2437,1X2,Gwangju FC,K1-League,Gwangju FC vs Jeju Sk Fc,Gwangju FC,Jeju Sk Fc,0x41eec21ac26b1917e3b0622a7e7b645fead5c3564c1f20019fca7d99885e7110,L19529971,0,0,SUCCESS,1,1785058906,1785061800,266.666667,SXR,0x6629Ce1Cf35Cc1329ebB4F63202F3f197b3F050B
0xea8ab02f64892b2feb0259b3c6ae89451e0d4da5f77338d1d658387ebcab549d,0x8268feC8dCb0D284343054BDf2b649286c9aA0a1,1,217.42,1.2437,1X2,Gwangju FC,K1-League,Gwangju FC vs Jeju Sk Fc,Gwangju FC,Jeju Sk Fc,0x41eec21ac26b1917e3b0622a7e7b645fead5c3564c1f20019fca7d99885e7110,L19529971,0,0,SUCCESS,1,1785058905,1785061800,891.979487,SXR,0x6629Ce1Cf35Cc1329ebB4F63202F3f197b3F050B
0x6aaa4a9a7da1e89edae980bc55fb089f2ae3ee30403f8e270f4092adb9f41b54,0x8268feC8dCb0D284343054BDf2b649286c9aA0a1,,531.70085,1.5337,1X2,,K1-League,Gwangju FC vs Jeju Sk Fc,Gwangju FC,Jeju Sk Fc,0x8d136a56f43f6151f925abf850630cde983d2984da0022dc2f07653b5d212326,L19529971,0,0,SUCCESS,1,1785058905,1785061800,996.160843,SXR,0x6629Ce1Cf35Cc1329ebB4F63202F3f197b3F050B
0xc42833afeedf8378bdd31e905914cb972c7f5e6c9e1f94f6493361766b142829,0xFD3a22179CA4104E97c670b834750Bd7Ff310b17,,11.68,1.1975,Under/Over (1.5),,K1-League,FC Seoul vs Ulsan Hyundai,FC Seoul,Ulsan Hyundai,0x6985666e265a9de28497a5f4e3059c99ed5c69edf5fb0eb1dea7a9a4908f8148,L19529997,0,0,SUCCESS,1,1785058869,1785061800,59.139241,SXR,0x6629Ce1Cf35Cc1329ebB4F63202F3f197b3F050B
0x1a7904aa1c6ec6e318c56779c047650f9ce6761cd194b721969ab8aab4f983db,0x0DeAbC808957aBc9f4778C03b03CC1D2cBBC9D60,,4.45999,1.7612,1X2,,K1-League,Gwangju FC vs Jeju Sk Fc,Gwangju FC,Jeju Sk Fc,0x41eec21ac26b1917e3b0622a7e7b645fead5c3564c1f20019fca7d99885e7110,L19529971,0,0,SUCCESS,1,1785058857,1785061800,5.858772,SXR,0x6629Ce1Cf35Cc1329ebB4F63202F3f197b3F050B
0xa2144dfba00b5fadce3d37f0038a3871c73302e28594a0dbae9038f3bc874c80,0x8268feC8dCb0D284343054BDf2b649286c9aA0a1,,164.52563,1.7612,1X2,,K1-League,Gwangju FC vs Jeju Sk Fc,Gwangju FC,Jeju Sk Fc,0x41eec21ac26b1917e3b0622a7e7b645fead5c3564c1f20019fca7d99885e7110,L19529971,0,0,SUCCESS,1,1785058839,1785061800,216.125622,SXR,0x6629Ce1Cf35Cc1329ebB4F63202F3f197b3F050B
0xf296b9e5dc003e93b3cb9942d763cd21a41a096b1335d14fe7df2cc3b9c5ee5d,0xFD3a22179CA4104E97c670b834750Bd7Ff310b17,,24.46,1.4163,1X2,,K1-League,Incheon United vs Bucheon FC 1995,Incheon United,Bucheon FC 1995,0xe5c969c7a349545c80c5f8491c3cf5677ee9cf750d849fb605ffd3be92593431,L19529954,0,0,SUCCESS,1,1785058613,1785061800,58.762763,SXR,0x6629Ce1Cf35Cc1329ebB4F63202F3f197b3F050B
0xfa54d6f080f0923df51a170e71f244c92c2fde277ab1566fa1b378f764e646bc,0xFD3a22179CA4104E97c670b834750Bd7Ff310b17,,206.07,1.4163,1X2,,K1-League,Incheon United vs Bucheon FC 1995,Incheon United,Bucheon FC 1995,0xe5c969c7a349545c80c5f8491c3cf5677ee9cf750d849fb605ffd3be92593431,L19529954,0,0,SUCCESS,1,1785058609,1785061800,495.063063,SXR,0x6629Ce1Cf35Cc1329ebB4F63202F3f197b3F050B
0x412dc182405245df977ae1562ec64585033ec9ae4abb7bc4415ffb29be9e5949,0x7E3a6e22cac4eECeceCc7D9086d7c0fE1195Ec16,,2,1.7625,1X2,,K1-League,Gwangju FC vs Jeju Sk Fc,Gwangju FC,Jeju Sk Fc,0x41eec21ac26b1917e3b0622a7e7b645fead5c3564c1f20019fca7d99885e7110,L19529971,0,0,SUCCESS,1,1785058593,1785061800,2.622951,SXR,0x6629Ce1Cf35Cc1329ebB4F63202F3f197b3F050B
0x676a47103778096d794b7d8afdeb643fc0c75d75d71c129fce6020b89276e889,0xFD3a22179CA4104E97c670b834750Bd7Ff310b17,,18.65841,1.31,Under/Over (1.5),,K1-League,Incheon United vs Bucheon FC 1995,Incheon United,Bucheon FC 1995,0x3615ce372cefd5918af34b8e049968afe44c02aed7c93d16c796c0c9ad77c1bb,L19529954,0,0,SUCCESS,1,1785058573,1785061800,60.188419,SXR,0x6629Ce1Cf35Cc1329ebB4F63202F3f197b3F050B
0x4efbaaa92cffbcbb464123016dfd488086decde90eaad87e05d322591463fc3b,0x8268feC8dCb0D284343054BDf2b649286c9aA0a1,,20.26934,1.4138,Asian Handicap (-0.5),,K1-League,Incheon United vs Bucheon FC 1995,Incheon United,Bucheon FC 1995,0xcf622bb8c611678f9d05357600ac3ada46208739c67dbdbcdf4bb0cbbc112429,L19529954,0,0,SUCCESS,1,1785058562,1785061800,48.989341,SXR,0x6629Ce1Cf35Cc1329ebB4F63202F3f197b3F050B
0xc9644c426b66ea5dc2114d909bf388bc4aee8e376a43c7d33b67834b40990c1e,0xFD3a22179CA4104E97c670b834750Bd7Ff310b17,1,6.18,1.2575,1X2,Tie,K1-League,Incheon United vs Bucheon FC 1995,Incheon United,Bucheon FC 1995,0x1195f25592d503e284834dc891473ad781eba6ee7ad6f1b151e2be17d9e96b58,L19529954,0,0,SUCCESS,1,1785058542,1785061800,24.0,SXR,0x6629Ce1Cf35Cc1329ebB4F63202F3f197b3F050B
0x34b5ba72af43d7d619e75f153bfa1641a817350dda54dc53a07e4df71783f5a2,0x8268feC8dCb0D284343054BDf2b649286c9aA0a1,,20.26934,1.4138,Asian Handicap (-0.5),,K1-League,Incheon United vs Bucheon FC 1995,Incheon United,Bucheon FC 1995,0xcf622bb8c611678f9d05357600ac3ada46208739c67dbdbcdf4bb0cbbc112429,L19529954,0,0,SUCCESS,1,1785058539,1785061800,48.989341,SXR,0x6629Ce1Cf35Cc1329ebB4F63202F3f197b3F050B
0xdff1aabdc7352e6b695111318175df5db89b5176218ad1a17bee61f25512c79c,0xFD3a22179CA4104E97c670b834750Bd7Ff310b17,1,22.97,1.2425,1X2,FC Anyang,K1-League,FC Anyang vs Gangwon FC,FC Anyang,Gangwon FC,0x5fc6f03b8b48c32500e59d490519f5256e805b7d18654249e41643a9364206cb,L19529998,0,0,SUCCESS,1,1785058526,1785061800,94.721649,SXR,0x6629Ce1Cf35Cc1329ebB4F63202F3f197b3F050B
0xb29fa48df211ce8bc893333457879bd36085446901d6596d475b87f18804e418,0x8268feC8dCb0D284343054BDf2b649286c9aA0a1,,38.35083,1.4138,1X2,,K1-League,Incheon United vs Bucheon FC 1995,Incheon United,Bucheon FC 1995,0xe5c969c7a349545c80c5f8491c3cf5677ee9cf750d849fb605ffd3be92593431,L19529954,0,0,SUCCESS,1,1785058525,1785061800,92.690828,SXR,0x6629Ce1Cf35Cc1329ebB4F63202F3f197b3F050B
0xbd696c7779060a001e7083dcc46f886e3b775fc557c4413c269ad302a5a9557b,0xFD3a22179CA4104E97c670b834750Bd7Ff310b17,,40.11,1.3088,Under/Over (1.5),,K1-League,Incheon United vs Bucheon FC 1995,Incheon United,Bucheon FC 1995,0x3615ce372cefd5918af34b8e049968afe44c02aed7c93d16c796c0c9ad77c1bb,L19529954,0,0,SUCCESS,1,1785058518,1785061800,129.910931,SXR,0x6629Ce1Cf35Cc1329ebB4F63202F3f197b3F050B
0x4ff017e3a49217219797ac4f9d8afe45d766fa49672a5b7653662689ff1200a2,0x8268feC8dCb0D284343054BDf2b649286c9aA0a1,1,9.46651,1.4112,Asian Handicap (-1),FC Seoul -1,K1-League,FC Seoul vs Ulsan Hyundai,FC Seoul,Ulsan Hyundai,0x6045b6be712ac8093e3be7daa7d292c4d7e35f6746efcf66bb2e7fa1f423d70e,L19529997,0,0,SUCCESS,1,1785058518,1785061800,23.018869,SXR,0x6629Ce1Cf35Cc1329ebB4F63202F3f197b3F050B
0x083482860a98cb2820704246919cda39a3c648cbf7549eb625e35cc1eb30664e,0xFD3a22179CA4104E97c670b834750Bd7Ff310b17,1,56.85,1.2575,1X2,Tie,K1-League,Incheon United vs Bucheon FC 1995,Incheon United,Bucheon FC 1995,0x1195f25592d503e284834dc891473ad781eba6ee7ad6f1b151e2be17d9e96b58,L19529954,0,0,SUCCESS,1,1785058518,1785061800,220.776699,SXR,0x6629Ce1Cf35Cc1329ebB4F63202F3f197b3F050B
0xf6864ee5b1e3a00e3d02593a70e6107603af7300ee069365b1f94a1cbbb029ab,0xFD3a22179CA4104E97c670b834750Bd7Ff310b17,,22.48,1.415,Under/Over (2),,K1-League,Incheon United vs Bucheon FC 1995,Incheon United,Bucheon FC 1995,0x29107a14702eb45252e83989b54ebd0ee61b763c608cd03eaefff5efe2d4c6a0,L19529954,0,0,SUCCESS,1,1785058517,1785061800,54.168675,SXR,0x6629Ce1Cf35Cc1329ebB4F63202F3f197b3F050B
0xf5f6d6ba5b894303b14cb31c387e4fd4aec8e243890beb4f919ce383a93d837f,0xFD3a22179CA4104E97c670b834750Bd7Ff310b17,,18.51,1.3075,Under/Over (1.5),,K1-League,Incheon United vs Bucheon FC 1995,Incheon United,Bucheon FC 1995,0x3615ce372cefd5918af34b8e049968afe44c02aed7c93d16c796c0c9ad77c1bb,L19529954,0,0,SUCCESS,1,1785058513,1785061800,60.195122,SXR,0x6629Ce1Cf35Cc1329ebB4F63202F3f197b3F050B
0xba4ae76f7fa4d600d380e20a7fb772d1fbe0aef3bbc5977534ff87de5db12f36,0xA44AB2Cf43d5D82896598FF80855897B50aC323A,1,417,1.5625,1X2,FC Seoul,K1-League,FC Seoul vs Ulsan Hyundai,FC Seoul,Ulsan Hyundai,0xa5f1b8f05427c761a3b5d449a376f6e9b1481a4e53d422e1ec96afaa82c86945,L19529997,0,0,SUCCESS,1,1785058483,1785061800,741.333333,SXR,0x6629Ce1Cf35Cc1329ebB4F63202F3f197b3F050B
0x0f3b6a584326eff3deefed4e027086ea13f2259312abdccd7ed86431f41a9a31,0xFD3a22179CA4104E97c670b834750Bd7Ff310b17,1,19.3389,1.3213,Asian Handicap (-1.5),Incheon United -1.5,K1-League,Incheon United vs Bucheon FC 1995,Incheon United,Bucheon FC 1995,0xecbe7fbf03b7e870163eda6a9020fe5bb3b99990a4e59ab3a97669bee80eb8aa,L19529954,0,0,SUCCESS,1,1785058457,1785061800,60.198911,SXR,0x6629Ce1Cf35Cc1329ebB4F63202F3f197b3F050B
0x77007b8bb1133100e53527de3fbd4cb6c1a95e7209c6c3958123473887072254,0x358078dD5Ee4d532029b3cD743Bba2B6EFF8c6CA,1,9.47,1.4112,Asian Handicap (-1),FC Seoul -1,K1-League,FC Seoul vs Ulsan Hyundai,FC Seoul,Ulsan Hyundai,0x6045b6be712ac8093e3be7daa7d292c4d7e35f6746efcf66bb2e7fa1f423d70e,L19529997,0,0,SUCCESS,1,1785058434,1785061800,23.027356,SXR,0x6629Ce1Cf35Cc1329ebB4F63202F3f197b3F050B
0xe6f39b83e7fc1cd35ea5e423a86add896a96dafdbc2e89085d84ede288a4ff3c,0x0DeAbC808957aBc9f4778C03b03CC1D2cBBC9D60,1,5,1.4112,Asian Handicap (-1),FC Seoul -1,K1-League,FC Seoul vs Ulsan Hyundai,FC Seoul,Ulsan Hyundai,0x6045b6be712ac8093e3be7daa7d292c4d7e35f6746efcf66bb2e7fa1f423d70e,L19529997,0,0,SUCCESS,1,1785058430,1785061800,12.158055,SXR,0x6629Ce1Cf35Cc1329ebB4F63202F3f197b3F050B
0xd1b888d49f83a048b3cf8fc0afc0645e462bc9262d40d0c29ebea4bda6749e47,0x8268feC8dCb0D284343054BDf2b649286c9aA0a1,1,15.21,1.41,Asian Handicap (-1),FC Seoul -1,K1-League,FC Seoul vs Ulsan Hyundai,FC Seoul,Ulsan Hyundai,0x6045b6be712ac8093e3be7daa7d292c4d7e35f6746efcf66bb2e7fa1f423d70e,L19529997,0,0,SUCCESS,1,1785058400,1785061800,37.097561,SXR,0x6629Ce1Cf35Cc1329ebB4F63202F3f197b3F050B
0x8fc275199e8cfb3368b0fac42fbfc242eb854011595e30245fd3a0a9ed9bd28b,0x0DeAbC808957aBc9f4778C03b03CC1D2cBBC9D60,1,5,1.4112,Asian Handicap (-1),FC Seoul -1,K1-League,FC Seoul vs Ulsan Hyundai,FC Seoul,Ulsan Hyundai,0x6045b6be712ac8093e3be7daa7d292c4d7e35f6746efcf66bb2e7fa1f423d70e,L19529997,0,0,SUCCESS,1,1785058392,1785061800,12.158055,SXR,0x6629Ce1Cf35Cc1329ebB4F63202F3f197b3F050B
0x85d046597442adcddd4267a3e305f8c0766562e267a74912c7e143b3343019bc,0x358078dD5Ee4d532029b3cD743Bba2B6EFF8c6CA,1,5.11585,1.4238,Asian Handicap (-1),FC Seoul -1,K1-League,FC Seoul vs Ulsan Hyundai,FC Seoul,Ulsan Hyundai,0x6045b6be712ac8093e3be7daa7d292c4d7e35f6746efcf66bb2e7fa1f423d70e,L19529997,0,0,SUCCESS,1,1785058373,1785061800,12.072802,SXR,0x6629Ce1Cf35Cc1329ebB4F63202F3f197b3F050B
0x9b1befbaea7bb52dbdd92c3f12fd1475886ac763fc4702099ef99e7e28dd0ffa,0x8268feC8dCb0D284343054BDf2b649286c9aA0a1,1,14.47,1.4112,Asian Handicap (-1),FC Seoul -1,K1-League,FC Seoul vs Ulsan Hyundai,FC Seoul,Ulsan Hyundai,0x6045b6be712ac8093e3be7daa7d292c4d7e35f6746efcf66bb2e7fa1f423d70e,L19529997,0,0,SUCCESS,1,1785058369,1785061800,35.18541,SXR,0x6629Ce1Cf35Cc1329ebB4F63202F3f197b3F050B
0x2423c1c5a491408897745faaaaf8c16d10c887e13eadc9606b71cd77e050e0fb,0x97EC1C9682F70091efB04e97b0B34698cF815EE1,,5,1.3062,Under/Over (1.5),,K1-League,Incheon United vs Bucheon FC 1995,Incheon United,Bucheon FC 1995,0x3615ce372cefd5918af34b8e049968afe44c02aed7c93d16c796c0c9ad77c1bb,L19529954,0,0,SUCCESS,1,1785058318,1785061800,16.326531,SXR,0x6629Ce1Cf35Cc1329ebB4F63202F3f197b3F050B
0x8bf12b37706c4bea9e68ebeea16d0ab2f794e7bb29f7c7538e87a043a81bc678,0x8268feC8dCb0D284343054BDf2b649286c9aA0a1,,142.2513,1.5225,1X2,,K1-League,Gwangju FC vs Jeju Sk Fc,Gwangju FC,Jeju Sk Fc,0x8d136a56f43f6151f925abf850630cde983d2984da0022dc2f07653b5d212326,L19529971,0,0,SUCCESS,1,1785058228,1785061800,272.251292,SXR,0x6629Ce1Cf35Cc1329ebB4F63202F3f197b3F050B
0x11dd2212be2c60a747a3be1cd0631611445de972f8d14b21d10ae69a87a13fa9,0x8268feC8dCb0D284343054BDf2b649286c9aA0a1,,151.66666,1.52,1X2,,K1-League,Gwangju FC vs Jeju Sk Fc,Gwangju FC,Jeju Sk Fc,0x8d136a56f43f6151f925abf850630cde983d2984da0022dc2f07653b5d212326,L19529971,0,0,SUCCESS,1,1785058227,1785061800,291.666654,SXR,0x6629Ce1Cf35Cc1329ebB4F63202F3f197b3F050B
0xc40a0c943a6b954d31a0cc2980a5f4ead70e7830b3bdddd5bbe71a3c7ab3b263,0xFD3a22179CA4104E97c670b834750Bd7Ff310b17,,5.73,1.1975,Under/Over (1.5),,K1-League,FC Seoul vs Ulsan Hyundai,FC Seoul,Ulsan Hyundai,0x6985666e265a9de28497a5f4e3059c99ed5c69edf5fb0eb1dea7a9a4908f8148,L19529997,0,0,SUCCESS,1,1785058222,1785061800,29.012658,SXR,0x6629Ce1Cf35Cc1329ebB4F63202F3f197b3F050B
0x3c6ba3d011ce07b47610e7c78a721ddac85bb8a94d92d7742094098e41be598e,0x97EC1C9682F70091efB04e97b0B34698cF815EE1,,42.07,1.3062,Under/Over (1.5),,K1-League,Incheon United vs Bucheon FC 1995,Incheon United,Bucheon FC 1995,0x3615ce372cefd5918af34b8e049968afe44c02aed7c93d16c796c0c9ad77c1bb,L19529954,0,0,SUCCESS,1,1785058168,1785061800,137.371429,SXR,0x6629Ce1Cf35Cc1329ebB4F63202F3f197b3F050B
0x9cfa1f53ca9f3317c3933f86892cd1dfbd3905c8ecad9e6f3a749e1fdd4ab91c,0xA44AB2Cf43d5D82896598FF80855897B50aC323A,1,613.95999,1.5613,1X2,FC Seoul,K1-League,FC Seoul vs Ulsan Hyundai,FC Seoul,Ulsan Hyundai,0xa5f1b8f05427c761a3b5d449a376f6e9b1481a4e53d422e1ec96afaa82c86945,L19529997,0,0,SUCCESS,1,1785058148,1785061800,1093.91535,SXR,0x6629Ce1Cf35Cc1329ebB4F63202F3f197b3F050B
0x2794cc54fd96238ea7a80e6eed4e1c0174169746f1630281bcd08a4a18e42ace,0x8268feC8dCb0D284343054BDf2b649286c9aA0a1,1,194.02999,1.695,Under/Over (1.5),Over 1.5,K1-League,FC Anyang vs Gangwon FC,FC Anyang,Gangwon FC,0x18dcc4b22a31978ddde330464e8a059e740bed12ef7292572b67ac6805a2196e,L19529998,0,0,SUCCESS,1,1785058042,1785061800,279.179842,SXR,0x6629Ce1Cf35Cc1329ebB4F63202F3f197b3F050B
0x9969176e291f901d605058cf5b1b31d383d3eb97ad71c1e79d3a9eae910142b0,0x8268feC8dCb0D284343054BDf2b649286c9aA0a1,1,161.84999,1.5863,Under/Over (2),Over 2.0,K1-League,FC Anyang vs Gangwon FC,FC Anyang,Gangwon FC,0x9933e3a14f9da9102ac61ba287a74e3716870dfb78e17550d2b39eccdec11f8d,L19529998,0,0,SUCCESS,1,1785058041,1785061800,276.076742,SXR,0x6629Ce1Cf35Cc1329ebB4F63202F3f197b3F050B
0x9d068bb86df1fddf2ebe18a26d1fa7e84db6ad479b1efbe9c58a7c188d1bed42,0xFD3a22179CA4104E97c670b834750Bd7Ff310b17,1,26.35,1.3,1X2,Tie,K1-League,FC Anyang vs Gangwon FC,FC Anyang,Gangwon FC,0xa64103fd8ece270ed55a9ed8e8fc24522b7d16c7432147cc21765efcf7d6decc,L19529998,0,0,SUCCESS,1,1785057876,1785061800,87.833333,SXR,0x6629Ce1Cf35Cc1329ebB4F63202F3f197b3F050B
0x66b5e09615591617c5ec5d096f83dccb10feede1479386dcbdc3701b357d48b3,0x8268feC8dCb0D284343054BDf2b649286c9aA0a1,,15.30732,1.2063,K1-League,,K1-League,Incheon United vs Bucheon FC 1995,Incheon United,Bucheon FC 1995,0x7c512c5023618c3500e3432b8037905582642c4d47bd2aa7c3c4bc6e87d88fd5,L19529954,0,0,SUCCESS,1,1785057874,1785061800,74.217309,SXR,0x6629Ce1Cf35Cc1329ebB4F63202F3f197b3F050B
0x361d4ca40aa04cb55690aea57a4317080dba8ab318739c49df7f3d34926b306f,0x8268feC8dCb0D284343054BDf2b649286c9aA0a1,,153.07063,1.2063,K1-League,,K1-League,Incheon United vs Bucheon FC 1995,Incheon United,Bucheon FC 1995,0xc6e1edd20330b279b7cafbba2561cb2a7b92bc2d9d246151892d636a9b8080f0,L19529954,0,0,SUCCESS,1,1785057874,1785061800,742.16063,SXR,0x6629Ce1Cf35Cc1329ebB4F63202F3f197b3F050B
0xa68d85562cff358b2740f4c518210f81ba1594ceb3c89e93239b4af77632d294,0x636A8B7f32Af6930DA1E71812156de1b99a19580,1,1.34999,1.5987,Under/Over (2),Over 2.0,K1-League,Incheon United vs Bucheon FC 1995,Incheon United,Bucheon FC 1995,0x29107a14702eb45252e83989b54ebd0ee61b763c608cd03eaefff5efe2d4c6a0,L19529954,0,0,SUCCESS,1,1785057810,1785061800,2.254681,SXR,0x6629Ce1Cf35Cc1329ebB4F63202F3f197b3F050B
0x67e6ad7280b2c8e6b9f442c078d3e5054be1ced8d204197f6ca8c0bf70e74ffd,0x7E3a6e22cac4eECeceCc7D9086d7c0fE1195Ec16,1,2,1.5613,1X2,FC Seoul,K1-League,FC Seoul vs Ulsan Hyundai,FC Seoul,Ulsan Hyundai,0xa5f1b8f05427c761a3b5d449a376f6e9b1481a4e53d422e1ec96afaa82c86945,L19529997,0,0,SUCCESS,1,1785057773,1785061800,3.563474,SXR,0x6629Ce1Cf35Cc1329ebB4F63202F3f197b3F050B
0x0986bcf8f8468ca7d97e0db89e54ab8df4bb404a650c7526ed584f3d1fe0b88a,0x0DeAbC808957aBc9f4778C03b03CC1D2cBBC9D60,,4.99998,1.77,1X2,,K1-League,FC Anyang vs Gangwon FC,FC Anyang,Gangwon FC,0x5fc6f03b8b48c32500e59d490519f5256e805b7d18654249e41643a9364206cb,L19529998,0,0,SUCCESS,1,1785057704,1785061800,6.493481,SXR,0x6629Ce1Cf35Cc1329ebB4F63202F3f197b3F050B
0xf70ea4d989daa41d13b822f2ae46b6c102c1f124da002b44a6a29308424c7c2b,0x8268feC8dCb0D284343054BDf2b649286c9aA0a1,,54.70349,1.6725,K1-League,,K1-League,FC Anyang vs Gangwon FC,FC Anyang,Gangwon FC,0xdb9d1794a3fd3066028ea39342038bf2cb3ca764b6817b353c67ace28681c735,L19529998,0,0,SUCCESS,1,1785057665,1785061800,81.34348,SXR,0x6629Ce1Cf35Cc1329ebB4F63202F3f197b3F050B
0x80be4936e30785345dc6d2d4fc46c4bddbd033014f8f591e70e5f2568857cb59,0x8268feC8dCb0D284343054BDf2b649286c9aA0a1,,90.72075,1.6725,K1-League,,K1-League,FC Anyang vs Gangwon FC,FC Anyang,Gangwon FC,0x8a5b931f75fa4bb917f3c80d50a73a3a855633a19e6b6a5d83e813073ea67b3f,L19529998,0,0,SUCCESS,1,1785057665,1785061800,134.900743,SXR,0x6629Ce1Cf35Cc1329ebB4F63202F3f197b3F050B
0x6467692243aa6b20e1da66fbeb1be555cf57d3c1239e5cb193df2cc746bd2494,0x8268feC8dCb0D284343054BDf2b649286c9aA0a1,,156.24321,1.7688,1X2,,K1-League,FC Anyang vs Gangwon FC,FC Anyang,Gangwon FC,0x5fc6f03b8b48c32500e59d490519f5256e805b7d18654249e41643a9364206cb,L19529998,0,0,SUCCESS,1,1785057665,1785061800,203.2432,SXR,0x6629Ce1Cf35Cc1329ebB4F63202F3f197b3F050B
0x7b91bb5fcf31b6be6b6f19aa9571423fdf1f22dc57f637ed37229ea48bdeab57,0xFD3a22179CA4104E97c670b834750Bd7Ff310b17,,131.32999,1.7738,1X2,,K1-League,Gwangju FC vs Jeju Sk Fc,Gwangju FC,Jeju Sk Fc,0x41eec21ac26b1917e3b0622a7e7b645fead5c3564c1f20019fca7d99885e7110,L19529971,0,0,SUCCESS,1,1785057644,1785061800,169.731813,SXR,0x6629Ce1Cf35Cc1329ebB4F63202F3f197b3F050B
0x74d64b79847d5308ed88d1099232384c7488716bf09b479d9bca1c3f828ed633,0xFD3a22179CA4104E97c670b834750Bd7Ff310b17,1,26.96,1.2888,1X2,Tie,K1-League,Gwangju FC vs Jeju Sk Fc,Gwangju FC,Jeju Sk Fc,0x55fdfdb0cc0b03c40474e54bd96dd129e705c8c994af4c09eb64526c2df4d22d,L19529971,0,0,SUCCESS,1,1785057644,1785061800,93.367965,SXR,0x6629Ce1Cf35Cc1329ebB4F63202F3f197b3F050B
0x66005ff1619d8397c3ddb90228c8de86fa28336fd5dfca82acea8073109bf986,0xFD3a22179CA4104E97c670b834750Bd7Ff310b17,1,2.92,1.2263,Under/Over (3.5),Over 3.5,K1-League,Gwangju FC vs Jeju Sk Fc,Gwangju FC,Jeju Sk Fc,0xdff669182301d6619ab2557f048b13a7773bc7e974861610342c90583d85bac0,L19529971,0,0,SUCCESS,1,1785057644,1785061800,12.906077,SXR,0x6629Ce1Cf35Cc1329ebB4F63202F3f197b3F050B
0x18810b9b618c5b70fb7486bd7c0702a6ed2a41b95ef1d28335859790e0ebc839,0xFD3a22179CA4104E97c670b834750Bd7Ff310b17,1,7.73836,1.4363,Under/Over (2.5),Over 2.5,K1-League,Gwangju FC vs Jeju Sk Fc,Gwangju FC,Jeju Sk Fc,0x7e2e098122aa83394beed2923eee2083c7c502d46d245e2793e8c5e99bf0b9dd,L19529971,0,0,SUCCESS,1,1785057644,1785061800,17.738361,SXR,0x6629Ce1Cf35Cc1329ebB4F63202F3f197b3F050B
0xc508b6786efa5b0a7d8d4e2d0281af811e1cff00387e4888359ebaf61a5da23e,0x7E3a6e22cac4eECeceCc7D9086d7c0fE1195Ec16,1,2,1.2888,1X2,Tie,K1-League,Gwangju FC vs Jeju Sk Fc,Gwangju FC,Jeju Sk Fc,0x55fdfdb0cc0b03c40474e54bd96dd129e705c8c994af4c09eb64526c2df4d22d,L19529971,0,0,SUCCESS,1,1785057613,1785061800,6.926407,SXR,0x6629Ce1Cf35Cc1329ebB4F63202F3f197b3F050B
0x8da21595032270222ebfbc75df6428cb33600dcdd1a266dcd4a768076c473cb1,0x7E3a6e22cac4eECeceCc7D9086d7c0fE1195Ec16,1,2,1.3025,1X2,Tie,K1-League,FC Anyang vs Gangwon FC,FC Anyang,Gangwon FC,0xa64103fd8ece270ed55a9ed8e8fc24522b7d16c7432147cc21765efcf7d6decc,L19529998,0,0,SUCCESS,1,1785057362,1785061800,6.61157,SXR,0x6629Ce1Cf35Cc1329ebB4F63202F3f197b3F050B
0xbb01417d41e474d83a86e3da1c78186c3afb5c47042ef9b03f2d957f4e32f95d,0xFD3a22179CA4104E97c670b834750Bd7Ff310b17,,105.41998,1.7788,1X2,,K1-League,Gwangju FC vs Jeju Sk Fc,Gwangju FC,Jeju Sk Fc,0x41eec21ac26b1917e3b0622a7e7b645fead5c3564c1f20019fca7d99885e7110,L19529971,0,0,SUCCESS,1,1785057330,1785061800,135.370761,SXR,0x6629Ce1Cf35Cc1329ebB4F63202F3f197b3F050B
0xf3ca749175ad82c5b9fdd80dd178a089665b70483cf954fc53fcc6de7a08070d,0x740d5718a79A8559fEeE8B00922F8Cd773A81D84,1,4.99,1.4187,Under/Over (2.5),Over 2.5,K1-League,FC Anyang vs Gangwon FC,FC Anyang,Gangwon FC,0x3f485259d83a0e25aaa180d56990d059b0b260419548ed0428d12d0d8a677e7d,L19529998,0,0,SUCCESS,1,1785057256,1785061800,11.916418,SXR,0x6629Ce1Cf35Cc1329ebB4F63202F3f197b3F050B
0xfea643a4565fd3411f679caabe1cf5c8eda4cddf357495c3866819b02ab3d757,0x0DeAbC808957aBc9f4778C03b03CC1D2cBBC9D60,1,5,1.155,1X2,Bucheon FC 1995,K1-League,Incheon United vs Bucheon FC 1995,Incheon United,Bucheon FC 1995,0xdef27d216a07a9fb59a22cd1d0fcceb705b248c70b4557dd8ff287d8df9c0285,L19529954,0,0,SUCCESS,1,1785057227,1785061800,32.258065,SXR,0x6629Ce1Cf35Cc1329ebB4F63202F3f197b3F050B
0x6d3e16b717827df4599acfca70afad3aa46e518a6bb3e5c5f74519bafeb748ee,0x8268feC8dCb0D284343054BDf2b649286c9aA0a1,1,16.85,1.155,1X2,Bucheon FC 1995,K1-League,Incheon United vs Bucheon FC 1995,Incheon United,Bucheon FC 1995,0xdef27d216a07a9fb59a22cd1d0fcceb705b248c70b4557dd8ff287d8df9c0285,L19529954,0,0,SUCCESS,1,1785057217,1785061800,108.709677,SXR,0x6629Ce1Cf35Cc1329ebB4F63202F3f197b3F050B
0x27b7dc9a07269c72b1eac4ef43d9d7ad78edd3785405d43c4cf1c41950203dda,0x0DeAbC808957aBc9f4778C03b03CC1D2cBBC9D60,,4.99997,1.8512,1X2,,K1-League,Incheon United vs Bucheon FC 1995,Incheon United,Bucheon FC 1995,0xdef27d216a07a9fb59a22cd1d0fcceb705b248c70b4557dd8ff287d8df9c0285,L19529954,0,0,SUCCESS,1,1785057079,1785061800,5.87368,SXR,0x6629Ce1Cf35Cc1329ebB4F63202F3f197b3F050B
0x665530d6237c04d459c6be15237bd19c70390fc13e7931ed91dc7a642d791bcf,0x0DeAbC808957aBc9f4778C03b03CC1D2cBBC9D60,,4.99997,1.8512,1X2,,K1-League,Incheon United vs Bucheon FC 1995,Incheon United,Bucheon FC 1995,0xdef27d216a07a9fb59a22cd1d0fcceb705b248c70b4557dd8ff287d8df9c0285,L19529954,0,0,SUCCESS,1,1785057077,1785061800,5.87368,SXR,0x6629Ce1Cf35Cc1329ebB4F63202F3f197b3F050B
0x3bcf1d1adee2dd02a8bdc389edc122a54e1c17fa46cbb7343152bb3b2f9e7e11,0x0DeAbC808957aBc9f4778C03b03CC1D2cBBC9D60,,4.99997,1.8512,1X2,,K1-League,Incheon United vs Bucheon FC 1995,Incheon United,Bucheon FC 1995,0xdef27d216a07a9fb59a22cd1d0fcceb705b248c70b4557dd8ff287d8df9c0285,L19529954,0,0,SUCCESS,1,1785057074,1785061800,5.87368,SXR,0x6629Ce1Cf35Cc1329ebB4F63202F3f197b3F050B
0x1446986c1d4dea5a7705c2b81b624da4419d999ea42ee71c782b0b9be89b3340,0xFD3a22179CA4104E97c670b834750Bd7Ff310b17,,445.96,1.4025,1X2,,K1-League,Incheon United vs Bucheon FC 1995,Incheon United,Bucheon FC 1995,0xe5c969c7a349545c80c5f8491c3cf5677ee9cf750d849fb605ffd3be92593431,L19529954,0,0,SUCCESS,1,1785057065,1785061800,1107.975155,SXR,0x6629Ce1Cf35Cc1329ebB4F63202F3f197b3F050B
0x1d850e94f8abec22085a7542fd36e2ccc20875332b1fb2bb124fa08e19db6bec,0x8268feC8dCb0D284343054BDf2b649286c9aA0a1,1,64.3,1.32,Asian Handicap (-1.5),Incheon United -1.5,K1-League,Incheon United vs Bucheon FC 1995,Incheon United,Bucheon FC 1995,0xecbe7fbf03b7e870163eda6a9020fe5bb3b99990a4e59ab3a97669bee80eb8aa,L19529954,0,0,SUCCESS,1,1785057059,1785061800,200.9375,SXR,0x6629Ce1Cf35Cc1329ebB4F63202F3f197b3F050B
0x4c47f67abfac04fb23c772b6a993394d159bc2461628bb4d72db71c8170afb29,0x8268feC8dCb0D284343054BDf2b649286c9aA0a1,1,160.31581,1.5962,1X2,Incheon United,K1-League,Incheon United vs Bucheon FC 1995,Incheon United,Bucheon FC 1995,0xe5c969c7a349545c80c5f8491c3cf5677ee9cf750d849fb605ffd3be92593431,L19529954,0,0,SUCCESS,1,1785057053,1785061800,268.873476,SXR,0x6629Ce1Cf35Cc1329ebB4F63202F3f197b3F050B
0x33abb769e66c0860477930c4a324b2486cd2926a5508fc142e9ecdf62734c5eb,0x8268feC8dCb0D284343054BDf2b649286c9aA0a1,,90.91875,1.8475,1X2,,K1-League,Incheon United vs Bucheon FC 1995,Incheon United,Bucheon FC 1995,0xdef27d216a07a9fb59a22cd1d0fcceb705b248c70b4557dd8ff287d8df9c0285,L19529954,0,0,SUCCESS,1,1785057053,1785061800,107.278761,SXR,0x6629Ce1Cf35Cc1329ebB4F63202F3f197b3F050B
0x5b2091692c2ba3b7a2b233e707a995e2c9153025cdbcec61a81fad1edb2d734c,0x8268feC8dCb0D284343054BDf2b649286c9aA0a1,,190.79334,1.8487,1X2,,K1-League,Incheon United vs Bucheon FC 1995,Incheon United,Bucheon FC 1995,0xdef27d216a07a9fb59a22cd1d0fcceb705b248c70b4557dd8ff287d8df9c0285,L19529954,0,0,SUCCESS,1,1785057052,1785061800,224.793331,SXR,0x6629Ce1Cf35Cc1329ebB4F63202F3f197b3F050B
0xfc012b67391242a4b03e11ebb952c299cda099d6627ba36a6e47bb3bf8efc239,0x8268feC8dCb0D284343054BDf2b649286c9aA0a1,1,105.79999,1.5962,1X2,Incheon United,K1-League,Incheon United vs Bucheon FC 1995,Incheon United,Bucheon FC 1995,0xe5c969c7a349545c80c5f8491c3cf5677ee9cf750d849fb605ffd3be92593431,L19529954,0,0,SUCCESS,1,1785057051,1785061800,177.442331,SXR,0x6629Ce1Cf35Cc1329ebB4F63202F3f197b3F050B
0xd63030f02e5740067ec50003cad0d1bf77322281897e7c0f71f1af6c5e2e1870,0xFD3a22179CA4104E97c670b834750Bd7Ff310b17,1,10,1.44,Asian Handicap (-1),Incheon United -1,K1-League,Incheon United vs Bucheon FC 1995,Incheon United,Bucheon FC 1995,0x4695af9c315e4316dfd4bf0505239ea71dc7064499573686b688c648722053cc,L19529954,0,0,SUCCESS,1,1785057051,1785061800,22.727273,SXR,0x6629Ce1Cf35Cc1329ebB4F63202F3f197b3F050B
0x928efc8e34479ea5d68642052203de55a18be3e7ed988cdff6dff4fab0537c18,0x8268feC8dCb0D284343054BDf2b649286c9aA0a1,,17.94482,1.4112,Under/Over (2),,K1-League,Incheon United vs Bucheon FC 1995,Incheon United,Bucheon FC 1995,0x29107a14702eb45252e83989b54ebd0ee61b763c608cd03eaefff5efe2d4c6a0,L19529954,0,0,SUCCESS,1,1785057049,1785061800,43.634821,SXR,0x6629Ce1Cf35Cc1329ebB4F63202F3f197b3F050B
0x922e71bca71400f22913b189da5d49779fa1337766bb963b15c6d9230707960f,0x8268feC8dCb0D284343054BDf2b649286c9aA0a1,,74.45406,1.5513,Asian Handicap (-1),,K1-League,Incheon United vs Bucheon FC 1995,Incheon United,Bucheon FC 1995,0x4695af9c315e4316dfd4bf0505239ea71dc7064499573686b688c648722053cc,L19529954,0,0,SUCCESS,1,1785057049,1785061800,135.064054,SXR,0x6629Ce1Cf35Cc1329ebB4F63202F3f197b3F050B
0x54d4ff220e9404e26b31d38f4849bb69c896df287bd576d9c8e49b414d576286,0x8268feC8dCb0D284343054BDf2b649286c9aA0a1,,70.24519,1.8475,1X2,,K1-League,Incheon United vs Bucheon FC 1995,Incheon United,Bucheon FC 1995,0xdef27d216a07a9fb59a22cd1d0fcceb705b248c70b4557dd8ff287d8df9c0285,L19529954,0,0,SUCCESS,1,1785057049,1785061800,82.88518,SXR,0x6629Ce1Cf35Cc1329ebB4F63202F3f197b3F050B
0xdc287f81585df6e4481b30b487969d7b8bbb3e437771c64b321bc25274ee99b8,0x8268feC8dCb0D284343054BDf2b649286c9aA0a1,,67.99221,1.55,Asian Handicap (-1),,K1-League,Incheon United vs Bucheon FC 1995,Incheon United,Bucheon FC 1995,0x4695af9c315e4316dfd4bf0505239ea71dc7064499573686b688c648722053cc,L19529954,0,0,SUCCESS,1,1785057048,1785061800,123.6222,SXR,0x6629Ce1Cf35Cc1329ebB4F63202F3f197b3F050B
0xd5eac04f746ac0785db876e223fc442cbd95c0db5c9a2693f9b4a8153ad13332,0xFD3a22179CA4104E97c670b834750Bd7Ff310b17,1,1.39,1.22,Under/Over (3.5),Over 3.5,K1-League,Incheon United vs Bucheon FC 1995,Incheon United,Bucheon FC 1995,0xa3cf09d0d0a07ab71d0d0f1d6a1a89b78bd3aa932e98d71a358d42a5d42a088a,L19529954,0,0,SUCCESS,1,1785057047,1785061800,6.318182,SXR,0x6629Ce1Cf35Cc1329ebB4F63202F3f197b3F050B
0xcdffc080889e4b75d46eab5149a1c340a0339eaadbb7d653717db061a68532aa,0x8268feC8dCb0D284343054BDf2b649286c9aA0a1,1,20.62,1.425,Asian Handicap (-1),Incheon United -1,K1-League,Incheon United vs Bucheon FC 1995,Incheon United,Bucheon FC 1995,0x4695af9c315e4316dfd4bf0505239ea71dc7064499573686b688c648722053cc,L19529954,0,0,SUCCESS,1,1785057047,1785061800,48.517647,SXR,0x6629Ce1Cf35Cc1329ebB4F63202F3f197b3F050B
0x5e2c9e256f10874199cbbb82e0543a842675b39b4f38d5ca9103d5b2aa36c28e,0x8268feC8dCb0D284343054BDf2b649286c9aA0a1,1,28.93999,1.5962,Asian Handicap (-0.5),Incheon United -0.5,K1-League,Incheon United vs Bucheon FC 1995,Incheon United,Bucheon FC 1995,0xcf622bb8c611678f9d05357600ac3ada46208739c67dbdbcdf4bb0cbbc112429,L19529954,0,0,SUCCESS,1,1785057047,1785061800,48.536671,SXR,0x6629Ce1Cf35Cc1329ebB4F63202F3f197b3F050B
0xb1213b69dc187ec9fe2aaf9bd33ffeafa7eab854dfa60aebfa656dd3d6815716,0x8268feC8dCb0D284343054BDf2b649286c9aA0a1,,157.49995,1.84,1X2,,K1-League,Incheon United vs Bucheon FC 1995,Incheon United,Bucheon FC 1995,0xdef27d216a07a9fb59a22cd1d0fcceb705b248c70b4557dd8ff287d8df9c0285,L19529954,0,0,SUCCESS,1,1785057046,1785061800,187.49994,SXR,0x6629Ce1Cf35Cc1329ebB4F63202F3f197b3F050B
0xaba5e4e247a77b5fbfe530abc130998ce255c65c5636b8f5ecbf2b32f7da8270,0x8268feC8dCb0D284343054BDf2b649286c9aA0a1,,149.77774,1.8413,1X2,,K1-League,Incheon United vs Bucheon FC 1995,Incheon United,Bucheon FC 1995,0xdef27d216a07a9fb59a22cd1d0fcceb705b248c70b4557dd8ff287d8df9c0285,L19529954,0,0,SUCCESS,1,1785057046,1785061800,178.04189,SXR,0x6629Ce1Cf35Cc1329ebB4F63202F3f197b3F050B
0x62cd488a18fc2286bcd042691d3b6cb237ade79995db3ffdfc8380fe5c9ff74d,0x8268feC8dCb0D284343054BDf2b649286c9aA0a1,,4183.43237,1.5475,Asian Handicap (-1),,K1-League,Incheon United vs Bucheon FC 1995,Incheon United,Bucheon FC 1995,0x4695af9c315e4316dfd4bf0505239ea71dc7064499573686b688c648722053cc,L19529954,0,0,SUCCESS,1,1785057046,1785061800,7640.972365,SXR,0x6629Ce1Cf35Cc1329ebB4F63202F3f197b3F050B
0x50756c90177b2615200ecefe3673ece1402681dfc89118c3f6b0bf362f5bec9f,0x8268feC8dCb0D284343054BDf2b649286c9aA0a1,1,152.71224,1.5825,1X2,Incheon United,K1-League,Incheon United vs Bucheon FC 1995,Incheon United,Bucheon FC 1995,0xe5c969c7a349545c80c5f8491c3cf5677ee9cf750d849fb605ffd3be92593431,L19529954,0,0,SUCCESS,1,1785057046,1785061800,262.166936,SXR,0x6629Ce1Cf35Cc1329ebB4F63202F3f197b3F050B
0x35033cded0ca6b616eb07b64329200d00220882cab13888a352a7a30b33a1d8b,0x8268feC8dCb0D284343054BDf2b649286c9aA0a1,1,842.03998,1.7825,K1-League,Incheon United,K1-League,Incheon United vs Bucheon FC 1995,Incheon United,Bucheon FC 1995,0xc6e1edd20330b279b7cafbba2561cb2a7b92bc2d9d246151892d636a9b8080f0,L19529954,0,0,SUCCESS,1,1785057045,1785061800,1076.089431,SXR,0x6629Ce1Cf35Cc1329ebB4F63202F3f197b3F050B
0x0891961f0eb05302c46e978d1be66c4c0fdeb2a3bd92c5eed97bbae3f736228f,0xFD3a22179CA4104E97c670b834750Bd7Ff310b17,,105.17645,1.745,1X2,,K1-League,Incheon United vs Bucheon FC 1995,Incheon United,Bucheon FC 1995,0x1195f25592d503e284834dc891473ad781eba6ee7ad6f1b151e2be17d9e96b58,L19529954,0,0,SUCCESS,1,1785057045,1785061800,141.176443,SXR,0x6629Ce1Cf35Cc1329ebB4F63202F3f197b3F050B
0xef36b80e78731962c8bae53fc6a749c596b398fbdedb98795975c2a243a8cc6a,0xFD3a22179CA4104E97c670b834750Bd7Ff310b17,,133.19,1.5475,Asian Handicap (-1),,K1-League,Incheon United vs Bucheon FC 1995,Incheon United,Bucheon FC 1995,0x4695af9c315e4316dfd4bf0505239ea71dc7064499573686b688c648722053cc,L19529954,0,0,SUCCESS,1,1785057044,1785061800,243.269406,SXR,0x6629Ce1Cf35Cc1329ebB4F63202F3f197b3F050B
0xaec68253478f1e64d75170a2e7264ea73c4381bd429e3845488d78aa2877189d,0xFD3a22179CA4104E97c670b834750Bd7Ff310b17,1,31.48003,1.4213,Asian Handicap (-1),Incheon United -1,K1-League,Incheon United vs Bucheon FC 1995,Incheon United,Bucheon FC 1995,0x4695af9c315e4316dfd4bf0505239ea71dc7064499573686b688c648722053cc,L19529954,0,0,SUCCESS,1,1785057044,1785061800,74.730042,SXR,0x6629Ce1Cf35Cc1329ebB4F63202F3f197b3F050B
0x90b4168c28902ce8f71b8a82262abdec5108dc92c478d19b76ef8a32f086f228,0x8268feC8dCb0D284343054BDf2b649286c9aA0a1,,39.16763,1.8388,1X2,,K1-League,Incheon United vs Bucheon FC 1995,Incheon United,Bucheon FC 1995,0xdef27d216a07a9fb59a22cd1d0fcceb705b248c70b4557dd8ff287d8df9c0285,L19529954,0,0,SUCCESS,1,1785057044,1785061800,46.697621,SXR,0x6629Ce1Cf35Cc1329ebB4F63202F3f197b3F050B
0x9027da898240c4369c812f97c2566899234220574b7c30e55b2d8d73b0799700,0xFD3a22179CA4104E97c670b834750Bd7Ff310b17,1,77.73999,1.5825,1X2,Incheon United,K1-League,Incheon United vs Bucheon FC 1995,Incheon United,Bucheon FC 1995,0xe5c969c7a349545c80c5f8491c3cf5677ee9cf750d849fb605ffd3be92593431,L19529954,0,0,SUCCESS,1,1785057044,1785061800,133.45921,SXR,0x6629Ce1Cf35Cc1329ebB4F63202F3f197b3F050B
0x81632308721b1139e0a6e81995b681886a9dafe03e8446ba3dd55bd73daf206e,0xFD3a22179CA4104E97c670b834750Bd7Ff310b17,,1.04999,1.7437,1X2,,K1-League,Incheon United vs Bucheon FC 1995,Incheon United,Bucheon FC 1995,0x1195f25592d503e284834dc891473ad781eba6ee7ad6f1b151e2be17d9e96b58,L19529954,0,0,SUCCESS,1,1785057044,1785061800,1.411751,SXR,0x6629Ce1Cf35Cc1329ebB4F63202F3f197b3F050B
0x735c2c043c48b7be04dc9615e21e11f12e114716da90749b97286cd8bb43f09e,0x8268feC8dCb0D284343054BDf2b649286c9aA0a1,1,155.34,1.7825,K1-League,Incheon United 0,K1-League,Incheon United vs Bucheon FC 1995,Incheon United,Bucheon FC 1995,0x7c512c5023618c3500e3432b8037905582642c4d47bd2aa7c3c4bc6e87d88fd5,L19529954,0,0,SUCCESS,1,1785057044,1785061800,198.517572,SXR,0x6629Ce1Cf35Cc1329ebB4F63202F3f197b3F050B
0xc3beb38f11cc738bf161222729b1245d1b8175f28bd004d3cec5f6127c8df84d,0x8268feC8dCb0D284343054BDf2b649286c9aA0a1,1,77.74,1.5787,1X2,Incheon United,K1-League,Incheon United vs Bucheon FC 1995,Incheon United,Bucheon FC 1995,0xe5c969c7a349545c80c5f8491c3cf5677ee9cf750d849fb605ffd3be92593431,L19529954,0,0,SUCCESS,1,1785057043,1785061800,134.323974,SXR,0x6629Ce1Cf35Cc1329ebB4F63202F3f197b3F050B
0x3df38d434ab69411086f9d517734ebbbe70a4825f349dab54188fa84bc24ef9b,0x0DeAbC808957aBc9f4778C03b03CC1D2cBBC9D60,1,4.99999,1.5787,1X2,Incheon United,K1-League,Incheon United vs Bucheon FC 1995,Incheon United,Bucheon FC 1995,0xe5c969c7a349545c80c5f8491c3cf5677ee9cf750d849fb605ffd3be92593431,L19529954,0,0,SUCCESS,1,1785057029,1785061800,8.639292,SXR,0x6629Ce1Cf35Cc1329ebB4F63202F3f197b3F050B
0xec43e91926d64b53699e8fe071dfa48b00d64a1349527e03ccef265436d0ac98,0x0DeAbC808957aBc9f4778C03b03CC1D2cBBC9D60,1,4.99999,1.5787,1X2,Incheon United,K1-League,Incheon United vs Bucheon FC 1995,Incheon United,Bucheon FC 1995,0xe5c969c7a349545c80c5f8491c3cf5677ee9cf750d849fb605ffd3be92593431,L19529954,0,0,SUCCESS,1,1785057027,1785061800,8.639292,SXR,0x6629Ce1Cf35Cc1329ebB4F63202F3f197b3F050B
0x20573b360b07778cf287bad117ad076aae7d784775b0b96e5967161c6aa1438a,0x0DeAbC808957aBc9f4778C03b03CC1D2cBBC9D60,1,4.99999,1.5787,1X2,Incheon United,K1-League,Incheon United vs Bucheon FC 1995,Incheon United,Bucheon FC 1995,0xe5c969c7a349545c80c5f8491c3cf5677ee9cf750d849fb605ffd3be92593431,L19529954,0,0,SUCCESS,1,1785057025,1785061800,8.639292,SXR,0x6629Ce1Cf35Cc1329ebB4F63202F3f197b3F050B
0x33d1b0759f4d2687e1e9af10cd410f33ced63b6676d76e01269a3adee1ac56d0,0x0DeAbC808957aBc9f4778C03b03CC1D2cBBC9D60,1,4.99999,1.5787,1X2,Incheon United,K1-League,Incheon United vs Bucheon FC 1995,Incheon United,Bucheon FC 1995,0xe5c969c7a349545c80c5f8491c3cf5677ee9cf750d849fb605ffd3be92593431,L19529954,0,0,SUCCESS,1,1785057023,1785061800,8.639292,SXR,0x6629Ce1Cf35Cc1329ebB4F63202F3f197b3F050B
0x72ea39b7d474257be6d243363f2e24f50cd96111aed0be9c64721d47ba7f5437,0x8268feC8dCb0D284343054BDf2b649286c9aA0a1,1,14.94,1.5787,1X2,Incheon United,K1-League,Incheon United vs Bucheon FC 1995,Incheon United,Bucheon FC 1995,0xe5c969c7a349545c80c5f8491c3cf5677ee9cf750d849fb605ffd3be92593431,L19529954,0,0,SUCCESS,1,1785057019,1785061800,25.814255,SXR,0x6629Ce1Cf35Cc1329ebB4F63202F3f197b3F050B
0x7bd6d083d93d02db79762fb280c39b9373346e796f3a4c0dab37704d1d1ff8ee,0xFD3a22179CA4104E97c670b834750Bd7Ff310b17,1,112.6,1.5787,1X2,Incheon United,K1-League,Incheon United vs Bucheon FC 1995,Incheon United,Bucheon FC 1995,0xe5c969c7a349545c80c5f8491c3cf5677ee9cf750d849fb605ffd3be92593431,L19529954,0,0,SUCCESS,1,1785057018,1785061800,194.557235,SXR,0x6629Ce1Cf35Cc1329ebB4F63202F3f197b3F050B
0x50179433d2b12f01338b830da302a0d1a3a1d755082edb9ecff2f22fc55ac952,0x8268feC8dCb0D284343054BDf2b649286c9aA0a1,1,28.46,1.5787,1X2,Incheon United,K1-League,Incheon United vs Bucheon FC 1995,Incheon United,Bucheon FC 1995,0xe5c969c7a349545c80c5f8491c3cf5677ee9cf750d849fb605ffd3be92593431,L19529954,0,0,SUCCESS,1,1785057017,1785061800,49.174946,SXR,0x6629Ce1Cf35Cc1329ebB4F63202F3f197b3F050B
0x7db37da44eba1841cd6570f0e75429bf044be40da29387922818cf9cc8e012e8,0x8268feC8dCb0D284343054BDf2b649286c9aA0a1,1,246.72,1.5787,1X2,Incheon United,K1-League,Incheon United vs Bucheon FC 1995,Incheon United,Bucheon FC 1995,0xe5c969c7a349545c80c5f8491c3cf5677ee9cf750d849fb605ffd3be92593431,L19529954,0,0,SUCCESS,1,1785057016,1785061800,426.298056,SXR,0x6629Ce1Cf35Cc1329ebB4F63202F3f197b3F050B
0xe4913c074815a3df60d7bfa5d2989f927502d2c17177f39b7c34787161d11ad5,0xFD3a22179CA4104E97c670b834750Bd7Ff310b17,1,7.04,1.1625,1X2,Bucheon FC 1995,K1-League,Incheon United vs Bucheon FC 1995,Incheon United,Bucheon FC 1995,0xdef27d216a07a9fb59a22cd1d0fcceb705b248c70b4557dd8ff287d8df9c0285,L19529954,0,0,SUCCESS,1,1785057014,1785061800,43.323077,SXR,0x6629Ce1Cf35Cc1329ebB4F63202F3f197b3F050B
0x1d9f7ce4191785b978996bd23d161bd2ec635b57e5c6c50ab2dcba20fb8fc20a,0x8268feC8dCb0D284343054BDf2b649286c9aA0a1,1,237.69,1.5787,1X2,Incheon United,K1-League,Incheon United vs Bucheon FC 1995,Incheon United,Bucheon FC 1995,0xe5c969c7a349545c80c5f8491c3cf5677ee9cf750d849fb605ffd3be92593431,L19529954,0,0,SUCCESS,1,1785057014,1785061800,410.695464,SXR,0x6629Ce1Cf35Cc1329ebB4F63202F3f197b3F050B
0x0a24e624ef870c96c09d366e5428ab090053361a12fd47a606502bf2de5fa7ea,0x68E1818FF20BBe84F9be9E0A4A395FB11079Bd35,,178.12,1.4213,1X2,,K1-League,Incheon United vs Bucheon FC 1995,Incheon United,Bucheon FC 1995,0xe5c969c7a349545c80c5f8491c3cf5677ee9cf750d849fb605ffd3be92593431,L19529954,0,0,SUCCESS,1,1785056975,1785061800,422.836795,SXR,0x6629Ce1Cf35Cc1329ebB4F63202F3f197b3F050B
0x42d76ef09a0cbeaeeb63bd3444d6cadf4fad14afd9985b9ba1fb18a04d6f6afe,0x68E1818FF20BBe84F9be9E0A4A395FB11079Bd35,,174.47,1.4213,1X2,,K1-League,Incheon United vs Bucheon FC 1995,Incheon United,Bucheon FC 1995,0xe5c969c7a349545c80c5f8491c3cf5677ee9cf750d849fb605ffd3be92593431,L19529954,0,0,SUCCESS,1,1785056966,1785061800,414.172107,SXR,0x6629Ce1Cf35Cc1329ebB4F63202F3f197b3F050B
0xcffbeb9097b6faf228a9ece85677539760a33d10fb1b5deed37ab54bd9a5e132,0xFD3a22179CA4104E97c670b834750Bd7Ff310b17,1,10.64,1.5825,1X2,Incheon United,K1-League,Incheon United vs Bucheon FC 1995,Incheon United,Bucheon FC 1995,0xe5c969c7a349545c80c5f8491c3cf5677ee9cf750d849fb605ffd3be92593431,L19529954,0,0,SUCCESS,1,1785056964,1785061800,18.266094,SXR,0x6629Ce1Cf35Cc1329ebB4F63202F3f197b3F050B
0x338f656fc8098026218ffb6f4aec40943f567892fd3a2b48dbedd6ce15625976,0xFD3a22179CA4104E97c670b834750Bd7Ff310b17,,30.60999,1.7012,Asian Handicap (-1.5),,K1-League,Incheon United vs Bucheon FC 1995,Incheon United,Bucheon FC 1995,0xecbe7fbf03b7e870163eda6a9020fe5bb3b99990a4e59ab3a97669bee80eb8aa,L19529954,0,0,SUCCESS,1,1785056962,1785061800,43.65061,SXR,0x6629Ce1Cf35Cc1329ebB4F63202F3f197b3F050B
0x106ea09d9ab1fed860d3e6649fcde29f27a55350b6f1c148c2425c9338adf9c2,0x8268feC8dCb0D284343054BDf2b649286c9aA0a1,1,15.63,1.1562,1X2,Bucheon FC 1995,K1-League,Incheon United vs Bucheon FC 1995,Incheon United,Bucheon FC 1995,0xdef27d216a07a9fb59a22cd1d0fcceb705b248c70b4557dd8ff287d8df9c0285,L19529954,0,0,SUCCESS,1,1785056958,1785061800,100.032,SXR,0x6629Ce1Cf35Cc1329ebB4F63202F3f197b3F050B
0xe35999734fb03d052bd95417c01ca95e347ad8fe82db0c059f9f2dab56262f41,0xFD3a22179CA4104E97c670b834750Bd7Ff310b17,,71.66,1.8525,1X2,,K1-League,Incheon United vs Bucheon FC 1995,Incheon United,Bucheon FC 1995,0xdef27d216a07a9fb59a22cd1d0fcceb705b248c70b4557dd8ff287d8df9c0285,L19529954,0,0,SUCCESS,1,1785056928,1785061800,84.058651,SXR,0x6629Ce1Cf35Cc1329ebB4F63202F3f197b3F050B
0x8262bab96dc5545abdd301f814c3c96d208ee1fd36a4cf6cbc9908c2a0e782c0,0xFD3a22179CA4104E97c670b834750Bd7Ff310b17,,115.79,1.4375,Under/Over (2),,K1-League,Incheon United vs Bucheon FC 1995,Incheon United,Bucheon FC 1995,0x29107a14702eb45252e83989b54ebd0ee61b763c608cd03eaefff5efe2d4c6a0,L19529954,0,0,SUCCESS,1,1785056928,1785061800,264.662857,SXR,0x6629Ce1Cf35Cc1329ebB4F63202F3f197b3F050B
0xcc5784c45275886dfa63929604980959973bdcc0ac67aa53d34227cb857a4834,0x8268feC8dCb0D284343054BDf2b649286c9aA0a1,1,20.09,1.5562,Under/Over (2),Over 2.0,K1-League,Incheon United vs Bucheon FC 1995,Incheon United,Bucheon FC 1995,0x29107a14702eb45252e83989b54ebd0ee61b763c608cd03eaefff5efe2d4c6a0,L19529954,0,0,SUCCESS,1,1785056918,1785061800,36.116854,SXR,0x6629Ce1Cf35Cc1329ebB4F63202F3f197b3F050B
0x0cc7709cc52b9dfbc4210717df95672a9872be74aea6e115aa91b96986bf4263,0x8268feC8dCb0D284343054BDf2b649286c9aA0a1,1,6.63761,1.5562,Under/Over (2),Over 2.0,K1-League,Incheon United vs Bucheon FC 1995,Incheon United,Bucheon FC 1995,0x29107a14702eb45252e83989b54ebd0ee61b763c608cd03eaefff5efe2d4c6a0,L19529954,0,0,SUCCESS,1,1785056914,1785061800,11.932782,SXR,0x6629Ce1Cf35Cc1329ebB4F63202F3f197b3F050B
0x79701a263d198b131a6835fe1a7b8989d617a5e02de7bb3a907459642185730a,0x8268feC8dCb0D284343054BDf2b649286c9aA0a1,1,20.1,1.5562,Under/Over (2),Over 2.0,K1-League,Incheon United vs Bucheon FC 1995,Incheon United,Bucheon FC 1995,0x29107a14702eb45252e83989b54ebd0ee61b763c608cd03eaefff5efe2d4c6a0,L19529954,0,0,SUCCESS,1,1785056913,1785061800,36.134831,SXR,0x6629Ce1Cf35Cc1329ebB4F63202F3f197b3F050B
0x17631ca5dbd90117d10abbf8d8d0eb3b0206d187414cde027a3e4ef191962d3b,0x0DeAbC808957aBc9f4778C03b03CC1D2cBBC9D60,1,5,1.1513,1X2,Bucheon FC 1995,K1-League,Incheon United vs Bucheon FC 1995,Incheon United,Bucheon FC 1995,0xdef27d216a07a9fb59a22cd1d0fcceb705b248c70b4557dd8ff287d8df9c0285,L19529954,0,0,SUCCESS,1,1785056910,1785061800,33.057851,SXR,0x6629Ce1Cf35Cc1329ebB4F63202F3f197b3F050B
0xbe9c9d21a472a400be2010df9e031259df8cea9837f77c2679039a2d72ab3590,0x8268feC8dCb0D284343054BDf2b649286c9aA0a1,1,17.79,1.1513,1X2,Bucheon FC 1995,K1-League,Incheon United vs Bucheon FC 1995,Incheon United,Bucheon FC 1995,0xdef27d216a07a9fb59a22cd1d0fcceb705b248c70b4557dd8ff287d8df9c0285,L19529954,0,0,SUCCESS,1,1785056904,1785061800,117.619835,SXR,0x6629Ce1Cf35Cc1329ebB4F63202F3f197b3F050B
0xe0d7ad1946d6085f4222cd71281022a0c2997d81310995c2b710bd58899a5fcb,0xFD3a22179CA4104E97c670b834750Bd7Ff310b17,,1,1.7425,1X2,,K1-League,Incheon United vs Bucheon FC 1995,Incheon United,Bucheon FC 1995,0x1195f25592d503e284834dc891473ad781eba6ee7ad6f1b151e2be17d9e96b58,L19529954,0,0,SUCCESS,1,1785056894,1785061800,1.346801,SXR,0x6629Ce1Cf35Cc1329ebB4F63202F3f197b3F050B
0x60b1a46c857215dfb60f66d16ffa89a8c04f6bb837bab8fd78e1f44fa2b49d53,0xFD3a22179CA4104E97c670b834750Bd7Ff310b17,,0.99667,1.7437,1X2,,K1-League,Incheon United vs Bucheon FC 1995,Incheon United,Bucheon FC 1995,0x1195f25592d503e284834dc891473ad781eba6ee7ad6f1b151e2be17d9e96b58,L19529954,0,0,SUCCESS,1,1785056894,1785061800,1.340061,SXR,0x6629Ce1Cf35Cc1329ebB4F63202F3f197b3F050B
0x320c96a93862f737455aec49b12800b160f5d02ca7f1d01ea36041ec98bf47b4,0x8268feC8dCb0D284343054BDf2b649286c9aA0a1,1,9.89647,1.15,1X2,Bucheon FC 1995,K1-League,Incheon United vs Bucheon FC 1995,Incheon United,Bucheon FC 1995,0xdef27d216a07a9fb59a22cd1d0fcceb705b248c70b4557dd8ff287d8df9c0285,L19529954,0,0,SUCCESS,1,1785056881,1785061800,65.976467,SXR,0x6629Ce1Cf35Cc1329ebB4F63202F3f197b3F050B
0xe298c4a95c5082d5f97234147b6b5aa579674a7196b66ac56232827724984a76,0x8268feC8dCb0D284343054BDf2b649286c9aA0a1,1,18.12,1.15,1X2,Bucheon FC 1995,K1-League,Incheon United vs Bucheon FC 1995,Incheon United,Bucheon FC 1995,0xdef27d216a07a9fb59a22cd1d0fcceb705b248c70b4557dd8ff287d8df9c0285,L19529954,0,0,SUCCESS,1,1785056879,1785061800,120.8,SXR,0x6629Ce1Cf35Cc1329ebB4F63202F3f197b3F050B
0xecd25600ada7f002995afdf59a063155f9a9108f6ccbcbd86ea0d504fac75600,0x8268feC8dCb0D284343054BDf2b649286c9aA0a1,1,28.01,1.15,1X2,Bucheon FC 1995,K1-League,Incheon United vs Bucheon FC 1995,Incheon United,Bucheon FC 1995,0xdef27d216a07a9fb59a22cd1d0fcceb705b248c70b4557dd8ff287d8df9c0285,L19529954,0,0,SUCCESS,1,1785056867,1785061800,186.733333,SXR,0x6629Ce1Cf35Cc1329ebB4F63202F3f197b3F050B
0x1253e6715ac6a28f5e1e3ed5acbbee250817d37fda7338451ad8692fad477528,0xFD3a22179CA4104E97c670b834750Bd7Ff310b17,1,113.44999,1.595,1X2,Incheon United,K1-League,Incheon United vs Bucheon FC 1995,Incheon United,Bucheon FC 1995,0xe5c969c7a349545c80c5f8491c3cf5677ee9cf750d849fb605ffd3be92593431,L19529954,0,0,SUCCESS,1,1785056864,1785061800,190.672252,SXR,0x6629Ce1Cf35Cc1329ebB4F63202F3f197b3F050B
0xb2263756c8bbe0410755dc8edfe2e5d60261b27fce27e31dc7f8be41e933d70d,0xFD3a22179CA4104E97c670b834750Bd7Ff310b17,1,80.6,1.595,1X2,Incheon United,K1-League,Incheon United vs Bucheon FC 1995,Incheon United,Bucheon FC 1995,0xe5c969c7a349545c80c5f8491c3cf5677ee9cf750d849fb605ffd3be92593431,L19529954,0,0,SUCCESS,1,1785056834,1785061800,135.462185,SXR,0x6629Ce1Cf35Cc1329ebB4F63202F3f197b3F050B
0x4a04782039f7f55007fe3cdae6efed41a784c8aebf4563d3b8dae4707b10dadd,0x0DeAbC808957aBc9f4778C03b03CC1D2cBBC9D60,,5,1.2138,K1-League,,K1-League,Incheon United vs Bucheon FC 1995,Incheon United,Bucheon FC 1995,0x7c512c5023618c3500e3432b8037905582642c4d47bd2aa7c3c4bc6e87d88fd5,L19529954,0,0,SUCCESS,1,1785056797,1785061800,23.391813,SXR,0x6629Ce1Cf35Cc1329ebB4F63202F3f197b3F050B
0x7bef8102d59ef8960df236bcda536c42d61915e6f4b460c83d0a75c116881156,0x8268feC8dCb0D284343054BDf2b649286c9aA0a1,,45.67875,1.4163,1X2,,K1-League,Incheon United vs Bucheon FC 1995,Incheon United,Bucheon FC 1995,0xe5c969c7a349545c80c5f8491c3cf5677ee9cf750d849fb605ffd3be92593431,L19529954,0,0,SUCCESS,1,1785056776,1785061800,109.738739,SXR,0x6629Ce1Cf35Cc1329ebB4F63202F3f197b3F050B
0xdfa7e505b2b01e8450310772df2930133a3368b5e4d663fe8f3b1d3a847ceb14,0x8268feC8dCb0D284343054BDf2b649286c9aA0a1,1,26.99,1.1513,1X2,Bucheon FC 1995,K1-League,Incheon United vs Bucheon FC 1995,Incheon United,Bucheon FC 1995,0xdef27d216a07a9fb59a22cd1d0fcceb705b248c70b4557dd8ff287d8df9c0285,L19529954,0,0,SUCCESS,1,1785056775,1785061800,178.446281,SXR,0x6629Ce1Cf35Cc1329ebB4F63202F3f197b3F050B
0xc61d9bb89adfe40a486f94982534e71b41159629dc6822669dac8f77ea2e3cf1,0x8268feC8dCb0D284343054BDf2b649286c9aA0a1,,0.41965,1.24,K1-League,,K1-League,Incheon United vs Bucheon FC 1995,Incheon United,Bucheon FC 1995,0x7c512c5023618c3500e3432b8037905582642c4d47bd2aa7c3c4bc6e87d88fd5,L19529954,0,0,SUCCESS,1,1785056773,1785061800,1.748542,SXR,0x6629Ce1Cf35Cc1329ebB4F63202F3f197b3F050B
0x8d5e1cd0a300896749c5358ba1c43b98e29c13ed83b59c2661fd43b5fb2eb73d,0x8268feC8dCb0D284343054BDf2b649286c9aA0a1,,113.29925,1.205,K1-League,,K1-League,Incheon United vs Bucheon FC 1995,Incheon United,Bucheon FC 1995,0xc6e1edd20330b279b7cafbba2561cb2a7b92bc2d9d246151892d636a9b8080f0,L19529954,0,0,SUCCESS,1,1785056773,1785061800,552.679268,SXR,0x6629Ce1Cf35Cc1329ebB4F63202F3f197b3F050B
0x798e6b38d80e3341230a5bf53da09f18fac48f68e8c33daec324ad7c8e6cc833,0x8268feC8dCb0D284343054BDf2b649286c9aA0a1,1,48.92,1.1513,1X2,Bucheon FC 1995,K1-League,Incheon United vs Bucheon FC 1995,Incheon United,Bucheon FC 1995,0xdef27d216a07a9fb59a22cd1d0fcceb705b248c70b4557dd8ff287d8df9c0285,L19529954,0,0,SUCCESS,1,1785056773,1785061800,323.438017,SXR,0x6629Ce1Cf35Cc1329ebB4F63202F3f197b3F050B
0xd29ad987e07b964d5a2d4b3e66979c2bc202e44810f760698daea58278cc4ada,0x8268feC8dCb0D284343054BDf2b649286c9aA0a1,1,59.45,1.5787,1X2,Incheon United,K1-League,Incheon United vs Bucheon FC 1995,Incheon United,Bucheon FC 1995,0xe5c969c7a349545c80c5f8491c3cf5677ee9cf750d849fb605ffd3be92593431,L19529954,0,0,SUCCESS,1,1785056596,1785061800,102.721382,SXR,0x6629Ce1Cf35Cc1329ebB4F63202F3f197b3F050B
0xd777ed0a272bee37cfa1adc213b8dbd8b999da58674de103ba752c0b1303eb84,0x8268feC8dCb0D284343054BDf2b649286c9aA0a1,1,22.83,1.5787,1X2,Incheon United,K1-League,Incheon United vs Bucheon FC 1995,Incheon United,Bucheon FC 1995,0xe5c969c7a349545c80c5f8491c3cf5677ee9cf750d849fb605ffd3be92593431,L19529954,0,0,SUCCESS,1,1785056595,1785061800,39.447084,SXR,0x6629Ce1Cf35Cc1329ebB4F63202F3f197b3F050B
0x95a71195168e3b399bc13bc71aee11fae2bb0486b065e66db80373bef23ef866,0xA44AB2Cf43d5D82896598FF80855897B50aC323A,1,399.99999,1.5713,1X2,FC Seoul,K1-League,FC Seoul vs Ulsan Hyundai,FC Seoul,Ulsan Hyundai,0xa5f1b8f05427c761a3b5d449a376f6e9b1481a4e53d422e1ec96afaa82c86945,L19529997,0,0,SUCCESS,1,1785056503,1785061800,700.218801,SXR,0x6629Ce1Cf35Cc1329ebB4F63202F3f197b3F050B
0xd5d77f868754b83ffac40f025a744bc4011d54ffc96845753fcc98d29c10d37f,0xFD3a22179CA4104E97c670b834750Bd7Ff310b17,,29.15999,1.7788,1X2,,K1-League,Gwangju FC vs Jeju Sk Fc,Gwangju FC,Jeju Sk Fc,0x41eec21ac26b1917e3b0622a7e7b645fead5c3564c1f20019fca7d99885e7110,L19529971,0,0,SUCCESS,1,1785056488,1785061800,37.44461,SXR,0x6629Ce1Cf35Cc1329ebB4F63202F3f197b3F050B
0xba431d4e409b122d4aaad0c226aa4f8ae73d54f8a9fa608da0bb56ad58018cfd,0x7E3a6e22cac4eECeceCc7D9086d7c0fE1195Ec16,,2,1.4387,1X2,,K1-League,FC Seoul vs Ulsan Hyundai,FC Seoul,Ulsan Hyundai,0xa5f1b8f05427c761a3b5d449a376f6e9b1481a4e53d422e1ec96afaa82c86945,L19529997,0,0,SUCCESS,1,1785056484,1785061800,4.558405,SXR,0x6629Ce1Cf35Cc1329ebB4F63202F3f197b3F050B
0x29c28ccb05497cfefd33dbe95af079b9de72c7d0561c4900f45755e090d02194,0x0DeAbC808957aBc9f4778C03b03CC1D2cBBC9D60,,4.99995,1.8462,1X2,,K1-League,Incheon United vs Bucheon FC 1995,Incheon United,Bucheon FC 1995,0xdef27d216a07a9fb59a22cd1d0fcceb705b248c70b4557dd8ff287d8df9c0285,L19529954,0,0,SUCCESS,1,1785056401,1785061800,5.90836,SXR,0x6629Ce1Cf35Cc1329ebB4F63202F3f197b3F050B
0x09cfe6777f5951ab84c96a383e2c02bdb690404e264ccd131831f5fcb8db5547,0x8268feC8dCb0D284343054BDf2b649286c9aA0a1,,158.09672,1.845,1X2,,K1-League,Incheon United vs Bucheon FC 1995,Incheon United,Bucheon FC 1995,0xdef27d216a07a9fb59a22cd1d0fcceb705b248c70b4557dd8ff287d8df9c0285,L19529954,0,0,SUCCESS,1,1785056380,1785061800,187.09671,SXR,0x6629Ce1Cf35Cc1329ebB4F63202F3f197b3F050B
0xd3c966effcc277ec0c7e13c36121a7f164576a366d64fc2f25b77a5547e0693f,0x8268feC8dCb0D284343054BDf2b649286c9aA0a1,1,32.52,1.405,Asian Handicap (-1),Incheon United -1,K1-League,Incheon United vs Bucheon FC 1995,Incheon United,Bucheon FC 1995,0x4695af9c315e4316dfd4bf0505239ea71dc7064499573686b688c648722053cc,L19529954,0,0,SUCCESS,1,1785056378,1785061800,80.296296,SXR,0x6629Ce1Cf35Cc1329ebB4F63202F3f197b3F050B
0x60bb8e5092027418017a26a285f8c1dc0ceccf43fb4125359c4145a1d2fdcdcf,0x8268feC8dCb0D284343054BDf2b649286c9aA0a1,1,19.63,1.2913,Asian Handicap (-1.5),Incheon United -1.5,K1-League,Incheon United vs Bucheon FC 1995,Incheon United,Bucheon FC 1995,0xecbe7fbf03b7e870163eda6a9020fe5bb3b99990a4e59ab3a97669bee80eb8aa,L19529954,0,0,SUCCESS,1,1785056378,1785061800,67.399142,SXR,0x6629Ce1Cf35Cc1329ebB4F63202F3f197b3F050B
0x8b7cadf13696776b19933898c6113b9d79bbcf920076606b771ddc756ebcd213,0x7E3a6e22cac4eECeceCc7D9086d7c0fE1195Ec16,,1.99999,1.7712,1X2,,K1-League,FC Anyang vs Gangwon FC,FC Anyang,Gangwon FC,0x5fc6f03b8b48c32500e59d490519f5256e805b7d18654249e41643a9364206cb,L19529998,0,0,SUCCESS,1,1785056091,1785061800,2.59318,SXR,0x6629Ce1Cf35Cc1329ebB4F63202F3f197b3F050B
0x26f9f8a57510094119b064651fcceb5d5595c3dd059be3f2f967f71759fd34f7,0xFD3a22179CA4104E97c670b834750Bd7Ff310b17,,5.76997,1.7788,1X2,,K1-League,Gwangju FC vs Jeju Sk Fc,Gwangju FC,Jeju Sk Fc,0x41eec21ac26b1917e3b0622a7e7b645fead5c3564c1f20019fca7d99885e7110,L19529971,0,0,SUCCESS,1,1785055953,1785061800,7.409271,SXR,0x6629Ce1Cf35Cc1329ebB4F63202F3f197b3F050B
0xfebb4070e43366a077a5f02e65cdee892e5da6eed419eade5deff7df53daa9f8,0xFD3a22179CA4104E97c670b834750Bd7Ff310b17,1,1,1.2763,1X2,Tie,K1-League,Incheon United vs Bucheon FC 1995,Incheon United,Bucheon FC 1995,0x1195f25592d503e284834dc891473ad781eba6ee7ad6f1b151e2be17d9e96b58,L19529954,0,0,SUCCESS,1,1785055664,1785061800,3.61991,SXR,0x6629Ce1Cf35Cc1329ebB4F63202F3f197b3F050B
0xf656c26dd23c5d718af9ef5a60956aa2b3b6ba2e51fb027182a1e55d1e38c41f,0xFD3a22179CA4104E97c670b834750Bd7Ff310b17,,1.42998,1.7788,1X2,,K1-League,Gwangju FC vs Jeju Sk Fc,Gwangju FC,Jeju Sk Fc,0x41eec21ac26b1917e3b0622a7e7b645fead5c3564c1f20019fca7d99885e7110,L19529971,0,0,SUCCESS,1,1785055531,1785061800,1.83625,SXR,0x6629Ce1Cf35Cc1329ebB4F63202F3f197b3F050B
0x7c6268893dfdbb52a590e9d00e773925954b7e11a39d9dd645b28b51747e68ec,0x403558C308Dbb56F024A307d85CAF3F3f061F8C3,1,16,1.2763,1X2,Tie,K1-League,Incheon United vs Bucheon FC 1995,Incheon United,Bucheon FC 1995,0x1195f25592d503e284834dc891473ad781eba6ee7ad6f1b151e2be17d9e96b58,L19529954,0,0,SUCCESS,1,1785055160,1785061800,57.918552,SXR,0x6629Ce1Cf35Cc1329ebB4F63202F3f197b3F050B
0xc7591930f86f195d729783d17c6914d28a9f269be34a4ed84e72ec1528e11e16,0x403558C308Dbb56F024A307d85CAF3F3f061F8C3,1,4,1.2937,1X2,Tie,K1-League,Gwangju FC vs Jeju Sk Fc,Gwangju FC,Jeju Sk Fc,0x55fdfdb0cc0b03c40474e54bd96dd129e705c8c994af4c09eb64526c2df4d22d,L19529971,0,0,SUCCESS,1,1785054865,1785061800,13.617021,SXR,0x6629Ce1Cf35Cc1329ebB4F63202F3f197b3F050B
0x39cc7ec443790003598e3fc422f051a0abea99659aeff5b41e08793660ac201b,0x403558C308Dbb56F024A307d85CAF3F3f061F8C3,1,4,1.2763,1X2,Tie,K1-League,Incheon United vs Bucheon FC 1995,Incheon United,Bucheon FC 1995,0x1195f25592d503e284834dc891473ad781eba6ee7ad6f1b151e2be17d9e96b58,L19529954,0,0,SUCCESS,1,1785054801,1785061800,14.479638,SXR,0x6629Ce1Cf35Cc1329ebB4F63202F3f197b3F050B
0x90de64ba3c527616fe4fb8cd06f9d0c6394b68479600f352da4285442cbe6d1f,0x403558C308Dbb56F024A307d85CAF3F3f061F8C3,1,4,1.3025,1X2,Tie,K1-League,FC Anyang vs Gangwon FC,FC Anyang,Gangwon FC,0xa64103fd8ece270ed55a9ed8e8fc24522b7d16c7432147cc21765efcf7d6decc,L19529998,0,0,SUCCESS,1,1785054709,1785061800,13.22314,SXR,0x6629Ce1Cf35Cc1329ebB4F63202F3f197b3F050B
0xa31a75cdb0d1c6ff0f61d26e0d3634a4a90dee2359ab3ab0f5f721f85f007cd3,0x403558C308Dbb56F024A307d85CAF3F3f061F8C3,1,4,1.2925,1X2,Tie,K1-League,Gwangju FC vs Jeju Sk Fc,Gwangju FC,Jeju Sk Fc,0x55fdfdb0cc0b03c40474e54bd96dd129e705c8c994af4c09eb64526c2df4d22d,L19529971,0,0,SUCCESS,1,1785054705,1785061800,13.675214,SXR,0x6629Ce1Cf35Cc1329ebB4F63202F3f197b3F050B
0x77ce4508fae32fbc95c6cc8ca512188415e3ee47bbc39b676e08aaf2bc104d3a,0x403558C308Dbb56F024A307d85CAF3F3f061F8C3,1,10,1.3013,1X2,Tie,K1-League,FC Anyang vs Gangwon FC,FC Anyang,Gangwon FC,0xa64103fd8ece270ed55a9ed8e8fc24522b7d16c7432147cc21765efcf7d6decc,L19529998,0,0,SUCCESS,1,1785054670,1785061800,33.195021,SXR,0x6629Ce1Cf35Cc1329ebB4F63202F3f197b3F050B
0x1b32d36d8153216b788bc7ae039d8f2c6fd09e3f35610b73fb4661fc3dc9d1a0,0xFD3a22179CA4104E97c670b834750Bd7Ff310b17,,1.3,1.7788,1X2,,K1-League,Gwangju FC vs Jeju Sk Fc,Gwangju FC,Jeju Sk Fc,0x41eec21ac26b1917e3b0622a7e7b645fead5c3564c1f20019fca7d99885e7110,L19529971,0,0,SUCCESS,1,1785054646,1785061800,1.669342,SXR,0x6629Ce1Cf35Cc1329ebB4F63202F3f197b3F050B
0x81b98667c78063415691bcb43a6e96c77d8f1531220c08b07c204903e4d074a6,0xFD3a22179CA4104E97c670b834750Bd7Ff310b17,,9.99997,1.8025,1X2,,K1-League,FC Seoul vs Ulsan Hyundai,FC Seoul,Ulsan Hyundai,0xb8b4cb7c0f51a3d0db5932fe6b07b20da73a83dd07467ca7751e0ce3810f3370,L19529997,0,0,SUCCESS,1,1785054616,1785061800,12.461022,SXR,0x6629Ce1Cf35Cc1329ebB4F63202F3f197b3F050B
0x4f4ceb9ef73ef517c6edc20f69502f75964fca0299cc7c469e77661f6240e0b4,0xFD3a22179CA4104E97c670b834750Bd7Ff310b17,,131.06999,1.8438,1X2,,K1-League,Incheon United vs Bucheon FC 1995,Incheon United,Bucheon FC 1995,0xdef27d216a07a9fb59a22cd1d0fcceb705b248c70b4557dd8ff287d8df9c0285,L19529954,0,0,SUCCESS,1,1785054577,1785061800,155.34221,SXR,0x6629Ce1Cf35Cc1329ebB4F63202F3f197b3F050B
0xf3621ba338cad3dff040510808d1e366107c400ca38db3c6ddb3aa659ef1f421,0x7E3a6e22cac4eECeceCc7D9086d7c0fE1195Ec16,1,2,1.4912,1X2,Jeju Sk Fc,K1-League,Gwangju FC vs Jeju Sk Fc,Gwangju FC,Jeju Sk Fc,0x8d136a56f43f6151f925abf850630cde983d2984da0022dc2f07653b5d212326,L19529971,0,0,SUCCESS,1,1785054543,1785061800,4.071247,SXR,0x6629Ce1Cf35Cc1329ebB4F63202F3f197b3F050B
0x0d142aa3e41c3e092a9dfae91d156e700f45b42391c0e85c37033df2d22c7915,0xFD3a22179CA4104E97c670b834750Bd7Ff310b17,,20.12996,1.8438,1X2,,K1-League,Incheon United vs Bucheon FC 1995,Incheon United,Bucheon FC 1995,0xdef27d216a07a9fb59a22cd1d0fcceb705b248c70b4557dd8ff287d8df9c0285,L19529954,0,0,SUCCESS,1,1785054339,1785061800,23.85773,SXR,0x6629Ce1Cf35Cc1329ebB4F63202F3f197b3F050B
0xf4cad44cc7182f19cb89c41ef5a6716ff9aedf9907e474752f7737232526ea5c,0xFD3a22179CA4104E97c670b834750Bd7Ff310b17,,3.77999,1.7988,1X2,,K1-League,FC Seoul vs Ulsan Hyundai,FC Seoul,Ulsan Hyundai,0xb8b4cb7c0f51a3d0db5932fe6b07b20da73a83dd07467ca7751e0ce3810f3370,L19529997,0,0,SUCCESS,1,1785054187,1785061800,4.732382,SXR,0x6629Ce1Cf35Cc1329ebB4F63202F3f197b3F050B
0xca05987c13be5012a59ab195cfa8993f7c4ea2877f52a992e0aa0858d620e733,0xFD3a22179CA4104E97c670b834750Bd7Ff310b17,1,35.95723,1.2425,1X2,Tie,K1-League,FC Seoul vs Ulsan Hyundai,FC Seoul,Ulsan Hyundai,0x5874f4eba8d6ffdb0028f8f857de3bd62319b13749e9bb9360e6c117c3c0a1ce,L19529997,0,0,SUCCESS,1,1785054187,1785061800,148.277237,SXR,0x6629Ce1Cf35Cc1329ebB4F63202F3f197b3F050B
0x4c207ef25b8cf413a7c3520c5c4fc16688fca819ac00f912ae0534c9a4b7ac4e,0x8268feC8dCb0D284343054BDf2b649286c9aA0a1,1,2.13747,1.29,Asian Handicap (-1.5),Incheon United -1.5,K1-League,Incheon United vs Bucheon FC 1995,Incheon United,Bucheon FC 1995,0xecbe7fbf03b7e870163eda6a9020fe5bb3b99990a4e59ab3a97669bee80eb8aa,L19529954,0,0,SUCCESS,1,1785053632,1785061800,7.370586,SXR,0x6629Ce1Cf35Cc1329ebB4F63202F3f197b3F050B
0x252edd88131362c2032f9e7fbe03814f843bfafa1791319d359536c98a825f33,0x8268feC8dCb0D284343054BDf2b649286c9aA0a1,1,16.01,1.29,Asian Handicap (-1.5),Incheon United -1.5,K1-League,Incheon United vs Bucheon FC 1995,Incheon United,Bucheon FC 1995,0xecbe7fbf03b7e870163eda6a9020fe5bb3b99990a4e59ab3a97669bee80eb8aa,L19529954,0,0,SUCCESS,1,1785053631,1785061800,55.206897,SXR,0x6629Ce1Cf35Cc1329ebB4F63202F3f197b3F050B
0x3b30acba9d67cb980299c63ed6564bba7fecf86af941cdfaaf51e96528637e54,0xA44AB2Cf43d5D82896598FF80855897B50aC323A,1,210.14,1.56,1X2,FC Seoul,K1-League,FC Seoul vs Ulsan Hyundai,FC Seoul,Ulsan Hyundai,0xa5f1b8f05427c761a3b5d449a376f6e9b1481a4e53d422e1ec96afaa82c86945,L19529997,0,0,SUCCESS,1,1785053280,1785061800,375.25,SXR,0x6629Ce1Cf35Cc1329ebB4F63202F3f197b3F050B
0x14dce19720c2d69d94e17da159eee6e6e10d13ffd5bad5165f581e363bc3e400,0xA44AB2Cf43d5D82896598FF80855897B50aC323A,1,212.15,1.56,1X2,FC Seoul,K1-League,FC Seoul vs Ulsan Hyundai,FC Seoul,Ulsan Hyundai,0xa5f1b8f05427c761a3b5d449a376f6e9b1481a4e53d422e1ec96afaa82c86945,L19529997,0,0,SUCCESS,1,1785053266,1785061800,378.839286,SXR,0x6629Ce1Cf35Cc1329ebB4F63202F3f197b3F050B
0x74433307b99de34084c773e7a104e75758f61d421609b4549385dc1b71fdf46d,0xA44AB2Cf43d5D82896598FF80855897B50aC323A,1,220.18999,1.56,1X2,FC Seoul,K1-League,FC Seoul vs Ulsan Hyundai,FC Seoul,Ulsan Hyundai,0xa5f1b8f05427c761a3b5d449a376f6e9b1481a4e53d422e1ec96afaa82c86945,L19529997,0,0,SUCCESS,1,1785053243,1785061800,393.196411,SXR,0x6629Ce1Cf35Cc1329ebB4F63202F3f197b3F050B
0xfdd0464642373d19d27af9a93319081506c23d76138b87736256d0f0f9f50074,0xFD3a22179CA4104E97c670b834750Bd7Ff310b17,,158.97638,1.8413,1X2,,K1-League,Incheon United vs Bucheon FC 1995,Incheon United,Bucheon FC 1995,0xdef27d216a07a9fb59a22cd1d0fcceb705b248c70b4557dd8ff287d8df9c0285,L19529954,0,0,SUCCESS,1,1785053121,1785061800,188.97638,SXR,0x6629Ce1Cf35Cc1329ebB4F63202F3f197b3F050B
0xc2a92a94437673006d55add847d6d5f610182412dc9844195a54eee41ab6df64,0xFD3a22179CA4104E97c670b834750Bd7Ff310b17,1,75.45,1.5575,1X2,FC Seoul,K1-League,FC Seoul vs Ulsan Hyundai,FC Seoul,Ulsan Hyundai,0xa5f1b8f05427c761a3b5d449a376f6e9b1481a4e53d422e1ec96afaa82c86945,L19529997,0,0,SUCCESS,1,1785053103,1785061800,135.336323,SXR,0x6629Ce1Cf35Cc1329ebB4F63202F3f197b3F050B
0xc5dd557bcb8e28848a67330ba40035d150e64d350405e32745733dc5e5ddbbdd,0x97EC1C9682F70091efB04e97b0B34698cF815EE1,1,28.11,1.5413,Under/Over (2),Over 2.0,K1-League,Incheon United vs Bucheon FC 1995,Incheon United,Bucheon FC 1995,0x29107a14702eb45252e83989b54ebd0ee61b763c608cd03eaefff5efe2d4c6a0,L19529954,0,0,SUCCESS,1,1785053054,1785061800,51.935335,SXR,0x6629Ce1Cf35Cc1329ebB4F63202F3f197b3F050B
0xa2c736fda0128e9feb1b624d42e7138dce50a12a2faa7e7d9390eb0b828c3d81,0xFD3a22179CA4104E97c670b834750Bd7Ff310b17,,33.72999,1.795,1X2,,K1-League,FC Seoul vs Ulsan Hyundai,FC Seoul,Ulsan Hyundai,0xb8b4cb7c0f51a3d0db5932fe6b07b20da73a83dd07467ca7751e0ce3810f3370,L19529997,0,0,SUCCESS,1,1785053008,1785061800,42.42766,SXR,0x6629Ce1Cf35Cc1329ebB4F63202F3f197b3F050B
0x2676fb1ae4f90e0159229722f2e3e57504fb6b14e55bbaa67069b18640808ccc,0xFD3a22179CA4104E97c670b834750Bd7Ff310b17,,32.22997,1.8413,1X2,,K1-League,Incheon United vs Bucheon FC 1995,Incheon United,Bucheon FC 1995,0xdef27d216a07a9fb59a22cd1d0fcceb705b248c70b4557dd8ff287d8df9c0285,L19529954,0,0,SUCCESS,1,1785052690,1785061800,38.312,SXR,0x6629Ce1Cf35Cc1329ebB4F63202F3f197b3F050B
0xd626e58ea9352858a733187dd6a02dba42311e4ba737d14ec22539513d283650,0xFD3a22179CA4104E97c670b834750Bd7Ff310b17,,1.33,1.7937,1X2,,K1-League,FC Seoul vs Ulsan Hyundai,FC Seoul,Ulsan Hyundai,0xb8b4cb7c0f51a3d0db5932fe6b07b20da73a83dd07467ca7751e0ce3810f3370,L19529997,0,0,SUCCESS,1,1785052646,1785061800,1.675591,SXR,0x6629Ce1Cf35Cc1329ebB4F63202F3f197b3F050B
0xf74035f9b7a9168cc810078fbeb2c726f784da53e8b441aec6d8129719c2de6a,0xFD3a22179CA4104E97c670b834750Bd7Ff310b17,,37.84,1.7937,1X2,,K1-League,FC Seoul vs Ulsan Hyundai,FC Seoul,Ulsan Hyundai,0xb8b4cb7c0f51a3d0db5932fe6b07b20da73a83dd07467ca7751e0ce3810f3370,L19529997,0,0,SUCCESS,1,1785052642,1785061800,47.672441,SXR,0x6629Ce1Cf35Cc1329ebB4F63202F3f197b3F050B
0xc74e40b0c70db085327ed5120780eae126b657c8cad5e2b16ab1039ba14c25f3,0xFD3a22179CA4104E97c670b834750Bd7Ff310b17,1,3.38,1.5725,Under/Over (2.5),Over 2.5,K1-League,FC Seoul vs Ulsan Hyundai,FC Seoul,Ulsan Hyundai,0x7516c164edf492328c7837cbed161064946b18397e7940ad89a68e7a2b48b36c,L19529997,0,0,SUCCESS,1,1785052489,1785061800,5.90393,SXR,0x6629Ce1Cf35Cc1329ebB4F63202F3f197b3F050B
0x8fa00ac901e4b2ca1eabd845b57a0fce182b134b26f1da32c768da4627ed2864,0x97EC1C9682F70091efB04e97b0B34698cF815EE1,1,17.99,1.3025,1X2,Tie,K1-League,FC Anyang vs Gangwon FC,FC Anyang,Gangwon FC,0xa64103fd8ece270ed55a9ed8e8fc24522b7d16c7432147cc21765efcf7d6decc,L19529998,0,0,SUCCESS,1,1785052269,1785061800,59.471074,SXR,0x6629Ce1Cf35Cc1329ebB4F63202F3f197b3F050B
0xf84dbcd59ea611ebcd5a8a9d873aeda656df9159d4f880f90308bee1628171eb,0xFD3a22179CA4104E97c670b834750Bd7Ff310b17,,9.99998,1.7937,1X2,,K1-League,FC Seoul vs Ulsan Hyundai,FC Seoul,Ulsan Hyundai,0xb8b4cb7c0f51a3d0db5932fe6b07b20da73a83dd07467ca7751e0ce3810f3370,L19529997,0,0,SUCCESS,1,1785051987,1785061800,12.5984,SXR,0x6629Ce1Cf35Cc1329ebB4F63202F3f197b3F050B
0x380ec7886a4bdf47cab3aa06ce868f1ac56f9486566c5f6968283c6cb4fef524,0xFD3a22179CA4104E97c670b834750Bd7Ff310b17,,15.76998,1.7937,1X2,,K1-League,FC Seoul vs Ulsan Hyundai,FC Seoul,Ulsan Hyundai,0xb8b4cb7c0f51a3d0db5932fe6b07b20da73a83dd07467ca7751e0ce3810f3370,L19529997,0,0,SUCCESS,1,1785051974,1785061800,19.867691,SXR,0x6629Ce1Cf35Cc1329ebB4F63202F3f197b3F050B
0xe71af320f3996f49d95719d138bfe7452f898cd46ecaf848f8fb30b00811857f,0xFD3a22179CA4104E97c670b834750Bd7Ff310b17,,3.02999,1.7937,1X2,,K1-League,FC Seoul vs Ulsan Hyundai,FC Seoul,Ulsan Hyundai,0xb8b4cb7c0f51a3d0db5932fe6b07b20da73a83dd07467ca7751e0ce3810f3370,L19529997,0,0,SUCCESS,1,1785051911,1785061800,3.81731,SXR,0x6629Ce1Cf35Cc1329ebB4F63202F3f197b3F050B
0xe7903cf34b865f1c3a2538185168b471484be1011ce8d7b276ac91b37f4c6e03,0xFD3a22179CA4104E97c670b834750Bd7Ff310b17,1,1.32,1.3025,1X2,Tie,K1-League,FC Anyang vs Gangwon FC,FC Anyang,Gangwon FC,0xa64103fd8ece270ed55a9ed8e8fc24522b7d16c7432147cc21765efcf7d6decc,L19529998,0,0,SUCCESS,1,1785051447,1785061800,4.363636,SXR,0x6629Ce1Cf35Cc1329ebB4F63202F3f197b3F050B
0x75d7c6c6bac6413f17b71fe73087329c02e68cd81e8353fc75e7864c50d84f3d,0x7E3a6e22cac4eECeceCc7D9086d7c0fE1195Ec16,1,2,1.4788,1X2,Gangwon FC,K1-League,FC Anyang vs Gangwon FC,FC Anyang,Gangwon FC,0xc98867d2d317c220959fa0113a68bc909c348f487677ecc859b9e821afc5c700,L19529998,0,0,SUCCESS,1,1785050492,1785061800,4.177546,SXR,0x6629Ce1Cf35Cc1329ebB4F63202F3f197b3F050B
0x7b4ff8ccbe0942eb6491696146450629eed0d874cb5a15c7cd2e6756b5c0686a,0xCA5FE59CB511e3B15948861b939f0CA0BC22f990,,1.99999,1.795,1X2,,K1-League,FC Seoul vs Ulsan Hyundai,FC Seoul,Ulsan Hyundai,0xb8b4cb7c0f51a3d0db5932fe6b07b20da73a83dd07467ca7751e0ce3810f3370,L19529997,0,0,SUCCESS,1,1785049616,1785061800,2.515711,SXR,0x6629Ce1Cf35Cc1329ebB4F63202F3f197b3F050B
0x66d933c30bea8ee6ea6d559c4a2f246071cce88ffd637dfefa29b93897d45d0d,0x0DeAbC808957aBc9f4778C03b03CC1D2cBBC9D60,,4.99997,1.795,1X2,,K1-League,FC Seoul vs Ulsan Hyundai,FC Seoul,Ulsan Hyundai,0xb8b4cb7c0f51a3d0db5932fe6b07b20da73a83dd07467ca7751e0ce3810f3370,L19529997,0,0,SUCCESS,1,1785049613,1785061800,6.28927,SXR,0x6629Ce1Cf35Cc1329ebB4F63202F3f197b3F050B
0x90bc8371974c29341855f167b42e5e9fa07a12984057fdd1c868879571ca7692,0x0DeAbC808957aBc9f4778C03b03CC1D2cBBC9D60,,4.99997,1.795,1X2,,K1-League,FC Seoul vs Ulsan Hyundai,FC Seoul,Ulsan Hyundai,0xb8b4cb7c0f51a3d0db5932fe6b07b20da73a83dd07467ca7751e0ce3810f3370,L19529997,0,0,SUCCESS,1,1785049611,1785061800,6.28927,SXR,0x6629Ce1Cf35Cc1329ebB4F63202F3f197b3F050B
0x0a488c132063b95dcf549a13d3d8ab28e7f4f9856820a9048fcddf695f8d91d5,0x0DeAbC808957aBc9f4778C03b03CC1D2cBBC9D60,,4.99997,1.795,1X2,,K1-League,FC Seoul vs Ulsan Hyundai,FC Seoul,Ulsan Hyundai,0xb8b4cb7c0f51a3d0db5932fe6b07b20da73a83dd07467ca7751e0ce3810f3370,L19529997,0,0,SUCCESS,1,1785049610,1785061800,6.28927,SXR,0x6629Ce1Cf35Cc1329ebB4F63202F3f197b3F050B
0x34d11e9df41789d21afad2ffb890d153e26a4e85ce7ef9c73b98bd35b49a3d80,0x0DeAbC808957aBc9f4778C03b03CC1D2cBBC9D60,,4.99997,1.795,1X2,,K1-League,FC Seoul vs Ulsan Hyundai,FC Seoul,Ulsan Hyundai,0xb8b4cb7c0f51a3d0db5932fe6b07b20da73a83dd07467ca7751e0ce3810f3370,L19529997,0,0,SUCCESS,1,1785049608,1785061800,6.28927,SXR,0x6629Ce1Cf35Cc1329ebB4F63202F3f197b3F050B
0xdb027b7a5264e2870e9b306824d6b6191cf83ab380c311e0a3df4a8e5e9b8cbb,0x0DeAbC808957aBc9f4778C03b03CC1D2cBBC9D60,1,5,1.5537,1X2,FC Seoul,K1-League,FC Seoul vs Ulsan Hyundai,FC Seoul,Ulsan Hyundai,0xa5f1b8f05427c761a3b5d449a376f6e9b1481a4e53d422e1ec96afaa82c86945,L19529997,0,0,SUCCESS,1,1785049606,1785061800,9.029345,SXR,0x6629Ce1Cf35Cc1329ebB4F63202F3f197b3F050B
0x83d87e0dd59c1b2ad77ed4e7b90349a97288e533c0c3d1c80806fbe9d6617d5e,0x8268feC8dCb0D284343054BDf2b649286c9aA0a1,,82.44728,1.795,1X2,,K1-League,FC Seoul vs Ulsan Hyundai,FC Seoul,Ulsan Hyundai,0xb8b4cb7c0f51a3d0db5932fe6b07b20da73a83dd07467ca7751e0ce3810f3370,L19529997,0,0,SUCCESS,1,1785049600,1785061800,103.70727,SXR,0x6629Ce1Cf35Cc1329ebB4F63202F3f197b3F050B
0xa526bb9130652374d2f9546eb018faed1071ae022c9b2199e0965db080e63b21,0x8268feC8dCb0D284343054BDf2b649286c9aA0a1,,37.81172,1.795,1X2,,K1-League,FC Seoul vs Ulsan Hyundai,FC Seoul,Ulsan Hyundai,0xb8b4cb7c0f51a3d0db5932fe6b07b20da73a83dd07467ca7751e0ce3810f3370,L19529997,0,0,SUCCESS,1,1785049595,1785061800,47.561912,SXR,0x6629Ce1Cf35Cc1329ebB4F63202F3f197b3F050B
0x00e2e4b2a5916e8e66aec005fac8e19409a379a83256cedd95237fb809de8ecf,0xFD3a22179CA4104E97c670b834750Bd7Ff310b17,,97.92,1.795,1X2,,K1-League,FC Seoul vs Ulsan Hyundai,FC Seoul,Ulsan Hyundai,0xb8b4cb7c0f51a3d0db5932fe6b07b20da73a83dd07467ca7751e0ce3810f3370,L19529997,0,0,SUCCESS,1,1785049595,1785061800,123.169811,SXR,0x6629Ce1Cf35Cc1329ebB4F63202F3f197b3F050B
0xc553bdf5f48567937fde158946d140314a2d285e797c9a958b473b49243c5812,0x8268feC8dCb0D284343054BDf2b649286c9aA0a1,,139.60972,1.795,1X2,,K1-League,FC Seoul vs Ulsan Hyundai,FC Seoul,Ulsan Hyundai,0xb8b4cb7c0f51a3d0db5932fe6b07b20da73a83dd07467ca7751e0ce3810f3370,L19529997,0,0,SUCCESS,1,1785049591,1785061800,175.609711,SXR,0x6629Ce1Cf35Cc1329ebB4F63202F3f197b3F050B
0x8a307ed6f6b6ea2b815e01dc8de7525599ae429785ef77986bad665f350bfb28,0x8268feC8dCb0D284343054BDf2b649286c9aA0a1,,100.83027,1.7937,1X2,,K1-League,FC Seoul vs Ulsan Hyundai,FC Seoul,Ulsan Hyundai,0xb8b4cb7c0f51a3d0db5932fe6b07b20da73a83dd07467ca7751e0ce3810f3370,L19529997,0,0,SUCCESS,1,1785049590,1785061800,127.030261,SXR,0x6629Ce1Cf35Cc1329ebB4F63202F3f197b3F050B
0x4f9cdfc643d13744e99a7dc4a861c1c84800d0ad0a7d6e10738c7a26d6185e55,0x8268feC8dCb0D284343054BDf2b649286c9aA0a1,1,73.8,1.5525,1X2,FC Seoul,K1-League,FC Seoul vs Ulsan Hyundai,FC Seoul,Ulsan Hyundai,0xa5f1b8f05427c761a3b5d449a376f6e9b1481a4e53d422e1ec96afaa82c86945,L19529997,0,0,SUCCESS,1,1785049590,1785061800,133.574661,SXR,0x6629Ce1Cf35Cc1329ebB4F63202F3f197b3F050B
0x23d091eaacdb6503248c60063286c47c108fe8339289124b4fb95b2639569420,0x0DeAbC808957aBc9f4778C03b03CC1D2cBBC9D60,,4.99999,1.7937,1X2,,K1-League,FC Seoul vs Ulsan Hyundai,FC Seoul,Ulsan Hyundai,0xb8b4cb7c0f51a3d0db5932fe6b07b20da73a83dd07467ca7751e0ce3810f3370,L19529997,0,0,SUCCESS,1,1785049434,1785061800,6.2992,SXR,0x6629Ce1Cf35Cc1329ebB4F63202F3f197b3F050B
0x0fd9220de9ccfe36408c46b589f2f0e84bb0cb95a32448913302fbfa5fc9313f,0x0DeAbC808957aBc9f4778C03b03CC1D2cBBC9D60,,4.99999,1.7937,1X2,,K1-League,FC Seoul vs Ulsan Hyundai,FC Seoul,Ulsan Hyundai,0xb8b4cb7c0f51a3d0db5932fe6b07b20da73a83dd07467ca7751e0ce3810f3370,L19529997,0,0,SUCCESS,1,1785049432,1785061800,6.2992,SXR,0x6629Ce1Cf35Cc1329ebB4F63202F3f197b3F050B
0xd04847f0f46461124bbc40fd8aea6106c3adfc2d1e20c92fe94f14a5a8b81a48,0x0DeAbC808957aBc9f4778C03b03CC1D2cBBC9D60,,4.99999,1.7937,1X2,,K1-League,FC Seoul vs Ulsan Hyundai,FC Seoul,Ulsan Hyundai,0xb8b4cb7c0f51a3d0db5932fe6b07b20da73a83dd07467ca7751e0ce3810f3370,L19529997,0,0,SUCCESS,1,1785049430,1785061800,6.2992,SXR,0x6629Ce1Cf35Cc1329ebB4F63202F3f197b3F050B
0x78b267b0a843a497003da13aa8102e7fa2f51b2b2e5ef209067900f551ce8a9e,0x0DeAbC808957aBc9f4778C03b03CC1D2cBBC9D60,,4.99999,1.7937,1X2,,K1-League,FC Seoul vs Ulsan Hyundai,FC Seoul,Ulsan Hyundai,0xb8b4cb7c0f51a3d0db5932fe6b07b20da73a83dd07467ca7751e0ce3810f3370,L19529997,0,0,SUCCESS,1,1785049428,1785061800,6.2992,SXR,0x6629Ce1Cf35Cc1329ebB4F63202F3f197b3F050B
0x65b6f9ce19c4aa201b97d3933717b0211336b4c3d9811deea0514e704785e7ae,0x0DeAbC808957aBc9f4778C03b03CC1D2cBBC9D60,,4.99999,1.7937,1X2,,K1-League,FC Seoul vs Ulsan Hyundai,FC Seoul,Ulsan Hyundai,0xb8b4cb7c0f51a3d0db5932fe6b07b20da73a83dd07467ca7751e0ce3810f3370,L19529997,0,0,SUCCESS,1,1785049427,1785061800,6.2992,SXR,0x6629Ce1Cf35Cc1329ebB4F63202F3f197b3F050B
0x09d7220be8f88105428c13973e00f55cced2cb5085ce70f06275bebba3f60c92,0x0DeAbC808957aBc9f4778C03b03CC1D2cBBC9D60,,4.99999,1.7937,1X2,,K1-League,FC Seoul vs Ulsan Hyundai,FC Seoul,Ulsan Hyundai,0xb8b4cb7c0f51a3d0db5932fe6b07b20da73a83dd07467ca7751e0ce3810f3370,L19529997,0,0,SUCCESS,1,1785049425,1785061800,6.2992,SXR,0x6629Ce1Cf35Cc1329ebB4F63202F3f197b3F050B
0x66fa14d3ee67516102ef1608bd37d274edb5b530c8531bdbdf338425e8e07737,0x8268feC8dCb0D284343054BDf2b649286c9aA0a1,,130.84845,1.7937,1X2,,K1-League,FC Seoul vs Ulsan Hyundai,FC Seoul,Ulsan Hyundai,0xb8b4cb7c0f51a3d0db5932fe6b07b20da73a83dd07467ca7751e0ce3810f3370,L19529997,0,0,SUCCESS,1,1785049411,1785061800,164.848441,SXR,0x6629Ce1Cf35Cc1329ebB4F63202F3f197b3F050B
0x515284ea302f785e27c5883d5d0a0d75b280d60b336cebc38e259b7de8acc6cb,0x8268feC8dCb0D284343054BDf2b649286c9aA0a1,,130.84845,1.7937,1X2,,K1-League,FC Seoul vs Ulsan Hyundai,FC Seoul,Ulsan Hyundai,0xb8b4cb7c0f51a3d0db5932fe6b07b20da73a83dd07467ca7751e0ce3810f3370,L19529997,0,0,SUCCESS,1,1785049405,1785061800,164.848441,SXR,0x6629Ce1Cf35Cc1329ebB4F63202F3f197b3F050B
0x82813ac731ddc4c08fabaf650185bfc8c654420a3b8f436c886bd8926126342d,0x8268feC8dCb0D284343054BDf2b649286c9aA0a1,,142.3939,1.7937,1X2,,K1-League,FC Seoul vs Ulsan Hyundai,FC Seoul,Ulsan Hyundai,0xb8b4cb7c0f51a3d0db5932fe6b07b20da73a83dd07467ca7751e0ce3810f3370,L19529997,0,0,SUCCESS,1,1785049401,1785061800,179.39389,SXR,0x6629Ce1Cf35Cc1329ebB4F63202F3f197b3F050B
0x348c5eafe47821262185e3bbe7c35ac43bfe4b328e3204f9f2cb9e7bbd4dc24d,0x8268feC8dCb0D284343054BDf2b649286c9aA0a1,,130.84845,1.7937,1X2,,K1-League,FC Seoul vs Ulsan Hyundai,FC Seoul,Ulsan Hyundai,0xb8b4cb7c0f51a3d0db5932fe6b07b20da73a83dd07467ca7751e0ce3810f3370,L19529997,0,0,SUCCESS,1,1785049397,1785061800,164.848441,SXR,0x6629Ce1Cf35Cc1329ebB4F63202F3f197b3F050B
0xa763b88d49306714f1cb49307df274b39a825ef2eb33fb67ceb3454fcc5159f3,0x8268feC8dCb0D284343054BDf2b649286c9aA0a1,,130.84849,1.7937,1X2,,K1-League,FC Seoul vs Ulsan Hyundai,FC Seoul,Ulsan Hyundai,0xb8b4cb7c0f51a3d0db5932fe6b07b20da73a83dd07467ca7751e0ce3810f3370,L19529997,0,0,SUCCESS,1,1785049391,1785061800,164.848491,SXR,0x6629Ce1Cf35Cc1329ebB4F63202F3f197b3F050B
0x96b3d155129aac37818fa48d8f38c24782990dcf3077a189e26f19c01be28733,0x0DeAbC808957aBc9f4778C03b03CC1D2cBBC9D60,,5,1.7988,1X2,,K1-League,FC Seoul vs Ulsan Hyundai,FC Seoul,Ulsan Hyundai,0xb8b4cb7c0f51a3d0db5932fe6b07b20da73a83dd07467ca7751e0ce3810f3370,L19529997,0,0,SUCCESS,1,1785049389,1785061800,6.259781,SXR,0x6629Ce1Cf35Cc1329ebB4F63202F3f197b3F050B
0xabd062f5a2229fb0023bbe652eecb8c874b16451ee5ce9280f2abbac6886a308,0x8268feC8dCb0D284343054BDf2b649286c9aA0a1,,123.15152,1.7937,1X2,,K1-League,FC Seoul vs Ulsan Hyundai,FC Seoul,Ulsan Hyundai,0xb8b4cb7c0f51a3d0db5932fe6b07b20da73a83dd07467ca7751e0ce3810f3370,L19529997,0,0,SUCCESS,1,1785049387,1785061800,155.151521,SXR,0x6629Ce1Cf35Cc1329ebB4F63202F3f197b3F050B
0x90fd268eafce0449d3a19ae5574c1eea85b7f9b23cdea654671a8450da000df8,0x8268feC8dCb0D284343054BDf2b649286c9aA0a1,,18.08784,1.7937,1X2,,K1-League,FC Seoul vs Ulsan Hyundai,FC Seoul,Ulsan Hyundai,0xb8b4cb7c0f51a3d0db5932fe6b07b20da73a83dd07467ca7751e0ce3810f3370,L19529997,0,0,SUCCESS,1,1785049386,1785061800,22.78783,SXR,0x6629Ce1Cf35Cc1329ebB4F63202F3f197b3F050B
0x821f9af25cf1391c7640a09ca757abf999a806856ba57120a2d29cac745510c2,0x8268feC8dCb0D284343054BDf2b649286c9aA0a1,1,20.98,1.55,1X2,FC Seoul,K1-League,FC Seoul vs Ulsan Hyundai,FC Seoul,Ulsan Hyundai,0xa5f1b8f05427c761a3b5d449a376f6e9b1481a4e53d422e1ec96afaa82c86945,L19529997,0,0,SUCCESS,1,1785049386,1785061800,38.145455,SXR,0x6629Ce1Cf35Cc1329ebB4F63202F3f197b3F050B
0x5436a24642d672a255e6af4fdc31acb6ca057d8161c32636c79caa511b245e5c,0x8268feC8dCb0D284343054BDf2b649286c9aA0a1,,136.15719,1.7925,1X2,,K1-League,FC Seoul vs Ulsan Hyundai,FC Seoul,Ulsan Hyundai,0xb8b4cb7c0f51a3d0db5932fe6b07b20da73a83dd07467ca7751e0ce3810f3370,L19529997,0,0,SUCCESS,1,1785049386,1785061800,171.80718,SXR,0x6629Ce1Cf35Cc1329ebB4F63202F3f197b3F050B
0x2458b9b3da01606096103f7a1572f075d6e910153723e41bf682e5cab07f3ed4,0x0C2DA7fC8702784d6f75c78Da25460783A6709a0,1,1.5,1.5012,Asian Handicap (-1),Incheon United -1,K1-League,Incheon United vs Bucheon FC 1995,Incheon United,Bucheon FC 1995,0x4695af9c315e4316dfd4bf0505239ea71dc7064499573686b688c648722053cc,L19529954,0,0,SUCCESS,1,1785049033,1785061800,2.992519,SXR,0x6629Ce1Cf35Cc1329ebB4F63202F3f197b3F050B
0x3330be0a747fc57abdb2a31a0a4271f8a3c72aadd1b9e850743d19207a73f5b9,0x0C2DA7fC8702784d6f75c78Da25460783A6709a0,1,1.5,1.5012,Asian Handicap (-0.5),Incheon United -0.5,K1-League,Incheon United vs Bucheon FC 1995,Incheon United,Bucheon FC 1995,0xcf622bb8c611678f9d05357600ac3ada46208739c67dbdbcdf4bb0cbbc112429,L19529954,0,0,SUCCESS,1,1785049032,1785061800,2.992519,SXR,0x6629Ce1Cf35Cc1329ebB4F63202F3f197b3F050B
0x2d27cc5422c223236fd0a6d195afdf96f761c1acaad4e03a97127773aa145938,0xFD3a22179CA4104E97c670b834750Bd7Ff310b17,,1.32999,1.7925,1X2,,K1-League,FC Seoul vs Ulsan Hyundai,FC Seoul,Ulsan Hyundai,0xb8b4cb7c0f51a3d0db5932fe6b07b20da73a83dd07467ca7751e0ce3810f3370,L19529997,0,0,SUCCESS,1,1785048996,1785061800,1.678221,SXR,0x6629Ce1Cf35Cc1329ebB4F63202F3f197b3F050B
0xc1846190d412583713f35129702d1a25907ba6d7d0751e04414191560caead29,0xFD3a22179CA4104E97c670b834750Bd7Ff310b17,,17.13,1.28,K1-League,,K1-League,FC Seoul vs Ulsan Hyundai,FC Seoul,Ulsan Hyundai,0x871943203754e5abd4cd7ac7446d6b3f523ec810b0b0de29c427d45337469793,L19529997,0,0,SUCCESS,1,1785048548,1785061800,61.178571,SXR,0x6629Ce1Cf35Cc1329ebB4F63202F3f197b3F050B
0x0e7465c4359c6c3d03e6ac57c4add77709ee83a7fcb06505d228dba580cfb91e,0x8268feC8dCb0D284343054BDf2b649286c9aA0a1,1,69.87,1.5425,1X2,FC Seoul,K1-League,FC Seoul vs Ulsan Hyundai,FC Seoul,Ulsan Hyundai,0xa5f1b8f05427c761a3b5d449a376f6e9b1481a4e53d422e1ec96afaa82c86945,L19529997,0,0,SUCCESS,1,1785048462,1785061800,128.792627,SXR,0x6629Ce1Cf35Cc1329ebB4F63202F3f197b3F050B
0x523fd224c84271de24231ab628c40484c60724030021c68a09f319e9d02dd26b,0xFD3a22179CA4104E97c670b834750Bd7Ff310b17,1,1.23,1.5425,1X2,FC Seoul,K1-League,FC Seoul vs Ulsan Hyundai,FC Seoul,Ulsan Hyundai,0xa5f1b8f05427c761a3b5d449a376f6e9b1481a4e53d422e1ec96afaa82c86945,L19529997,0,0,SUCCESS,1,1785048196,1785061800,2.267281,SXR,0x6629Ce1Cf35Cc1329ebB4F63202F3f197b3F050B
0x4ffe2b9e67f605abb706e50b431399f82713984e35c2b26355eeb7ebd98af836,0xE531A1CE55b94E311cC1629a6D68cAcf4F74d044,,23.91461,1.7588,1X2,,K1-League,FC Seoul vs Ulsan Hyundai,FC Seoul,Ulsan Hyundai,0x5874f4eba8d6ffdb0028f8f857de3bd62319b13749e9bb9360e6c117c3c0a1ce,L19529997,0,0,SUCCESS,1,1785048177,1785061800,31.518432,SXR,0x6629Ce1Cf35Cc1329ebB4F63202F3f197b3F050B
0x8fe5e1d4879bb1b1e651c3befa10975fff3dfdc52a462eb37174672b890ac2dc,0x97EC1C9682F70091efB04e97b0B34698cF815EE1,,11.24,1.4625,1X2,,K1-League,FC Seoul vs Ulsan Hyundai,FC Seoul,Ulsan Hyundai,0xa5f1b8f05427c761a3b5d449a376f6e9b1481a4e53d422e1ec96afaa82c86945,L19529997,0,0,SUCCESS,1,1785047475,1785061800,24.302703,SXR,0x6629Ce1Cf35Cc1329ebB4F63202F3f197b3F050B
0x3bdba98ac41601ec565124fd1ede781373a3a3fec1e465dedb20cbb8940be8a5,0xE531A1CE55b94E311cC1629a6D68cAcf4F74d044,,340.19202,1.79,1X2,,K1-League,FC Seoul vs Ulsan Hyundai,FC Seoul,Ulsan Hyundai,0xb8b4cb7c0f51a3d0db5932fe6b07b20da73a83dd07467ca7751e0ce3810f3370,L19529997,0,0,SUCCESS,1,1785047322,1785061800,430.62281,SXR,0x6629Ce1Cf35Cc1329ebB4F63202F3f197b3F050B
0xaff5d30816c2b6496c09cb4c9604fb046a5da65a1b461dd5aafa5231629ea7fb,0xFD3a22179CA4104E97c670b834750Bd7Ff310b17,,5.63,1.7812,1X2,,K1-League,FC Anyang vs Gangwon FC,FC Anyang,Gangwon FC,0x5fc6f03b8b48c32500e59d490519f5256e805b7d18654249e41643a9364206cb,L19529998,0,0,SUCCESS,1,1785047297,1785061800,7.2064,SXR,0x6629Ce1Cf35Cc1329ebB4F63202F3f197b3F050B
0x64952690ef3b4174f7c545303faabdfcee668f1e82ee5aa0dd642ea7c9e4064d,0xFD3a22179CA4104E97c670b834750Bd7Ff310b17,,148.25,1.7788,1X2,,K1-League,Gwangju FC vs Jeju Sk Fc,Gwangju FC,Jeju Sk Fc,0x41eec21ac26b1917e3b0622a7e7b645fead5c3564c1f20019fca7d99885e7110,L19529971,0,0,SUCCESS,1,1785047117,1785061800,190.369181,SXR,0x6629Ce1Cf35Cc1329ebB4F63202F3f197b3F050B
0x15474231e38862ae1b05d87652db5fdc66f6d72dec6dc6c7cc6390461e6fdb1f,0x97EC1C9682F70091efB04e97b0B34698cF815EE1,1,33.43,1.2788,1X2,Tie,K1-League,Incheon United vs Bucheon FC 1995,Incheon United,Bucheon FC 1995,0x1195f25592d503e284834dc891473ad781eba6ee7ad6f1b151e2be17d9e96b58,L19529954,0,0,SUCCESS,1,1785047037,1785061800,119.928251,SXR,0x6629Ce1Cf35Cc1329ebB4F63202F3f197b3F050B
0x5caa1469e7bdba3afb03dad397516b9bd44f410847ef4bdf1f47578c04afe884,0x97EC1C9682F70091efB04e97b0B34698cF815EE1,1,56.24,1.4875,1X2,Gangwon FC,K1-League,FC Anyang vs Gangwon FC,FC Anyang,Gangwon FC,0xc98867d2d317c220959fa0113a68bc909c348f487677ecc859b9e821afc5c700,L19529998,0,0,SUCCESS,1,1785046973,1785061800,115.364103,SXR,0x6629Ce1Cf35Cc1329ebB4F63202F3f197b3F050B
0x0d325c5932fd42dbb1ebd59f32bc32127d2040bcffab7454a360577db4927671,0xE531A1CE55b94E311cC1629a6D68cAcf4F74d044,1,215.5807,1.555,Under/Over (2.5),Over 2.5,K1-League,FC Seoul vs Ulsan Hyundai,FC Seoul,Ulsan Hyundai,0x7516c164edf492328c7837cbed161064946b18397e7940ad89a68e7a2b48b36c,L19529997,0,0,SUCCESS,1,1785046696,1785061800,388.433694,SXR,0x6629Ce1Cf35Cc1329ebB4F63202F3f197b3F050B
0x69ee42a0c30645bd3735c6425dc22678feb6b883e90f13ea71959f178291c390,0x0C2DA7fC8702784d6f75c78Da25460783A6709a0,,3,1.4625,1X2,,K1-League,FC Seoul vs Ulsan Hyundai,FC Seoul,Ulsan Hyundai,0xa5f1b8f05427c761a3b5d449a376f6e9b1481a4e53d422e1ec96afaa82c86945,L19529997,0,0,SUCCESS,1,1785046653,1785061800,6.486486,SXR,0x6629Ce1Cf35Cc1329ebB4F63202F3f197b3F050B
0x0b728f687441268acdfd0b7bb373a996c048e92d91b0c352649d0eb698156a53,0xFD3a22179CA4104E97c670b834750Bd7Ff310b17,,49.09999,1.8388,1X2,,K1-League,Incheon United vs Bucheon FC 1995,Incheon United,Bucheon FC 1995,0xdef27d216a07a9fb59a22cd1d0fcceb705b248c70b4557dd8ff287d8df9c0285,L19529954,0,0,SUCCESS,1,1785045746,1785061800,58.539481,SXR,0x6629Ce1Cf35Cc1329ebB4F63202F3f197b3F050B
0xa1d058c901f497e8af73c6b963b54debe35d1154f4baa4bce77bf946089c9000,0xFD3a22179CA4104E97c670b834750Bd7Ff310b17,,118.94938,1.8375,1X2,,K1-League,Incheon United vs Bucheon FC 1995,Incheon United,Bucheon FC 1995,0xdef27d216a07a9fb59a22cd1d0fcceb705b248c70b4557dd8ff287d8df9c0285,L19529954,0,0,SUCCESS,1,1785045745,1785061800,142.02911,SXR,0x6629Ce1Cf35Cc1329ebB4F63202F3f197b3F050B
0xe12307b36c7eadeea52bb8ebf90e6a2fefb2021a194ed37016b8e23345ce34bb,0xFD3a22179CA4104E97c670b834750Bd7Ff310b17,1,1,1.2788,1X2,Tie,K1-League,Incheon United vs Bucheon FC 1995,Incheon United,Bucheon FC 1995,0x1195f25592d503e284834dc891473ad781eba6ee7ad6f1b151e2be17d9e96b58,L19529954,0,0,SUCCESS,1,1785045551,1785061800,3.587444,SXR,0x6629Ce1Cf35Cc1329ebB4F63202F3f197b3F050B
0xc810003b7e13faefbd6e9258c1707fb21ed9afa9f9b0c918b414667039d3213e,0xE531A1CE55b94E311cC1629a6D68cAcf4F74d044,,46.96601,1.7887,1X2,,K1-League,FC Seoul vs Ulsan Hyundai,FC Seoul,Ulsan Hyundai,0xb8b4cb7c0f51a3d0db5932fe6b07b20da73a83dd07467ca7751e0ce3810f3370,L19529997,0,0,SUCCESS,1,1785045370,1785061800,59.544862,SXR,0x6629Ce1Cf35Cc1329ebB4F63202F3f197b3F050B
0x078e1b4e651dd6a3756801a07828be029349145e75cec8e0a417f911860817a9,0xFD3a22179CA4104E97c670b834750Bd7Ff310b17,1,6.64,1.2788,1X2,Tie,K1-League,Incheon United vs Bucheon FC 1995,Incheon United,Bucheon FC 1995,0x1195f25592d503e284834dc891473ad781eba6ee7ad6f1b151e2be17d9e96b58,L19529954,0,0,SUCCESS,1,1785045165,1785061800,23.820628,SXR,0x6629Ce1Cf35Cc1329ebB4F63202F3f197b3F050B
0xa23017a6e5b34f63822c2101de7fc0412cb36f30ff4a330affd02cd422077662,0xFD3a22179CA4104E97c670b834750Bd7Ff310b17,,113.31997,1.8363,1X2,,K1-League,Incheon United vs Bucheon FC 1995,Incheon United,Bucheon FC 1995,0xdef27d216a07a9fb59a22cd1d0fcceb705b248c70b4557dd8ff287d8df9c0285,L19529954,0,0,SUCCESS,1,1785045135,1785061800,135.50968,SXR,0x6629Ce1Cf35Cc1329ebB4F63202F3f197b3F050B
0x6b7c4a1b3c3c1b63a46e7dfc9ed206240b8f0a39dd1da346850337222aeaf257,0xFD3a22179CA4104E97c670b834750Bd7Ff310b17,1,1,1.2788,1X2,Tie,K1-League,Incheon United vs Bucheon FC 1995,Incheon United,Bucheon FC 1995,0x1195f25592d503e284834dc891473ad781eba6ee7ad6f1b151e2be17d9e96b58,L19529954,0,0,SUCCESS,1,1785045135,1785061800,3.587444,SXR,0x6629Ce1Cf35Cc1329ebB4F63202F3f197b3F050B
0x31a074eac0d436674afd1640bc43d71bbc5af58bf12e017d074420328b75858b,0xFD3a22179CA4104E97c670b834750Bd7Ff310b17,1,36.98885,1.2537,1X2,Tie,K1-League,FC Seoul vs Ulsan Hyundai,FC Seoul,Ulsan Hyundai,0x5874f4eba8d6ffdb0028f8f857de3bd62319b13749e9bb9360e6c117c3c0a1ce,L19529997,0,0,SUCCESS,1,1785044620,1785061800,145.768867,SXR,0x6629Ce1Cf35Cc1329ebB4F63202F3f197b3F050B
0x4bf97da089afd3e2d2ea475a468a1ed3f4ea7f9b1bb20cef91c140e89c7e8424,0x0DeAbC808957aBc9f4778C03b03CC1D2cBBC9D60,,4.99998,1.7875,1X2,,K1-League,FC Seoul vs Ulsan Hyundai,FC Seoul,Ulsan Hyundai,0xb8b4cb7c0f51a3d0db5932fe6b07b20da73a83dd07467ca7751e0ce3810f3370,L19529997,0,0,SUCCESS,1,1785044126,1785061800,6.349181,SXR,0x6629Ce1Cf35Cc1329ebB4F63202F3f197b3F050B
0x5c6176f4a6771de345202cdeac74f87049edaad7bb16d796b8980dd5a5c21646,0x0DeAbC808957aBc9f4778C03b03CC1D2cBBC9D60,,4.99998,1.7875,1X2,,K1-League,FC Seoul vs Ulsan Hyundai,FC Seoul,Ulsan Hyundai,0xb8b4cb7c0f51a3d0db5932fe6b07b20da73a83dd07467ca7751e0ce3810f3370,L19529997,0,0,SUCCESS,1,1785044123,1785061800,6.349181,SXR,0x6629Ce1Cf35Cc1329ebB4F63202F3f197b3F050B
0xdd554c9d036c07348e1381b84505e5e79f8992fec8c14f6551e390c1309a1869,0x0DeAbC808957aBc9f4778C03b03CC1D2cBBC9D60,,4.99998,1.7875,1X2,,K1-League,FC Seoul vs Ulsan Hyundai,FC Seoul,Ulsan Hyundai,0xb8b4cb7c0f51a3d0db5932fe6b07b20da73a83dd07467ca7751e0ce3810f3370,L19529997,0,0,SUCCESS,1,1785044121,1785061800,6.349181,SXR,0x6629Ce1Cf35Cc1329ebB4F63202F3f197b3F050B
0xdf2c5cc33505b8b90a200720aab03675653bc59bcff6b4d277b07f5c8e8f3a90,0x97EC1C9682F70091efB04e97b0B34698cF815EE1,1,11.24,1.2888,1X2,Tie,K1-League,Gwangju FC vs Jeju Sk Fc,Gwangju FC,Jeju Sk Fc,0x55fdfdb0cc0b03c40474e54bd96dd129e705c8c994af4c09eb64526c2df4d22d,L19529971,0,0,SUCCESS,1,1785044106,1785061800,38.926407,SXR,0x6629Ce1Cf35Cc1329ebB4F63202F3f197b3F050B
0xc2e1f3d7b6d6cd33738b2549222f48423c7cc67ac023e4939d4e2c23db38df37,0x8268feC8dCb0D284343054BDf2b649286c9aA0a1,1,763.89,1.5375,Asian Handicap (-0.5),FC Seoul -0.5,K1-League,FC Seoul vs Ulsan Hyundai,FC Seoul,Ulsan Hyundai,0x1ad10f43c300c3fd5309b4c794f03a7d44b1533df8a0475e97ff99327909c8d1,L19529997,0,0,SUCCESS,1,1785044097,1785061800,1421.190698,SXR,0x6629Ce1Cf35Cc1329ebB4F63202F3f197b3F050B
0x46749c21415e1df7aa3671870de1a8f5021f6f5f73916e0361216d82cb9880f6,0x8268feC8dCb0D284343054BDf2b649286c9aA0a1,,48.54228,1.7875,1X2,,K1-League,FC Seoul vs Ulsan Hyundai,FC Seoul,Ulsan Hyundai,0xb8b4cb7c0f51a3d0db5932fe6b07b20da73a83dd07467ca7751e0ce3810f3370,L19529997,0,0,SUCCESS,1,1785044097,1785061800,61.64099,SXR,0x6629Ce1Cf35Cc1329ebB4F63202F3f197b3F050B
0xdd1af985ca99c665baa61b198c540a378da5affb2d36c412657d4494053fec91,0x8268feC8dCb0D284343054BDf2b649286c9aA0a1,1,575.15,1.5375,Asian Handicap (-0.5),FC Seoul -0.5,K1-League,FC Seoul vs Ulsan Hyundai,FC Seoul,Ulsan Hyundai,0x1ad10f43c300c3fd5309b4c794f03a7d44b1533df8a0475e97ff99327909c8d1,L19529997,0,0,SUCCESS,1,1785044096,1785061800,1070.046512,SXR,0x6629Ce1Cf35Cc1329ebB4F63202F3f197b3F050B
0xd7d95b6dbfdf9aba63b9d5034e0edbadebe7a6d1f4c269d41bd459f20e561934,0xFD3a22179CA4104E97c670b834750Bd7Ff310b17,,68.82478,1.7862,1X2,,K1-League,FC Seoul vs Ulsan Hyundai,FC Seoul,Ulsan Hyundai,0xb8b4cb7c0f51a3d0db5932fe6b07b20da73a83dd07467ca7751e0ce3810f3370,L19529997,0,0,SUCCESS,1,1785044096,1785061800,87.535491,SXR,0x6629Ce1Cf35Cc1329ebB4F63202F3f197b3F050B
0x5e052ed8f92dbc36590ae6cc26e16a86ba854706d4fc4bc7746f0a5f3a0318c2,0x8268feC8dCb0D284343054BDf2b649286c9aA0a1,,40.3989,1.7875,1X2,,K1-League,FC Seoul vs Ulsan Hyundai,FC Seoul,Ulsan Hyundai,0xb8b4cb7c0f51a3d0db5932fe6b07b20da73a83dd07467ca7751e0ce3810f3370,L19529997,0,0,SUCCESS,1,1785044096,1785061800,51.30019,SXR,0x6629Ce1Cf35Cc1329ebB4F63202F3f197b3F050B
0xa679b7e81a65fe017151e1af78f859833ec5541d31bb0c4ef24e4b92e8688217,0x8268feC8dCb0D284343054BDf2b649286c9aA0a1,,62.27465,1.7862,1X2,,K1-League,FC Seoul vs Ulsan Hyundai,FC Seoul,Ulsan Hyundai,0xb8b4cb7c0f51a3d0db5932fe6b07b20da73a83dd07467ca7751e0ce3810f3370,L19529997,0,0,SUCCESS,1,1785044095,1785061800,79.204642,SXR,0x6629Ce1Cf35Cc1329ebB4F63202F3f197b3F050B
0xaffba12e93d300334426d04b7d5b368177a588a254d5d7d8c0b2aace5f234b07,0x0DeAbC808957aBc9f4778C03b03CC1D2cBBC9D60,,5,1.7862,1X2,,K1-League,FC Seoul vs Ulsan Hyundai,FC Seoul,Ulsan Hyundai,0xb8b4cb7c0f51a3d0db5932fe6b07b20da73a83dd07467ca7751e0ce3810f3370,L19529997,0,0,SUCCESS,1,1785043986,1785061800,6.3593,SXR,0x6629Ce1Cf35Cc1329ebB4F63202F3f197b3F050B
0xbf9aac489733fada3e69a964446d9e5dac482a862bbfc4cd2fcafc6ba9e3dce3,0x8268feC8dCb0D284343054BDf2b649286c9aA0a1,,88.24857,1.785,1X2,,K1-League,FC Seoul vs Ulsan Hyundai,FC Seoul,Ulsan Hyundai,0xb8b4cb7c0f51a3d0db5932fe6b07b20da73a83dd07467ca7751e0ce3810f3370,L19529997,0,0,SUCCESS,1,1785043973,1785061800,112.418561,SXR,0x6629Ce1Cf35Cc1329ebB4F63202F3f197b3F050B
0xc965db8f3b541b50fe1390e5f5a5100f31edc5e2a898ecc48835ce3454682cfe,0xFD3a22179CA4104E97c670b834750Bd7Ff310b17,1,7.97,1.2788,1X2,Tie,K1-League,Incheon United vs Bucheon FC 1995,Incheon United,Bucheon FC 1995,0x1195f25592d503e284834dc891473ad781eba6ee7ad6f1b151e2be17d9e96b58,L19529954,0,0,SUCCESS,1,1785043962,1785061800,28.591928,SXR,0x6629Ce1Cf35Cc1329ebB4F63202F3f197b3F050B
0xbeb300123f6780a668a912e7b95e8b637ff20e4da3611fedf36dc8101b9cdf87,0x0DeAbC808957aBc9f4778C03b03CC1D2cBBC9D60,,4.99996,1.8375,1X2,,K1-League,Incheon United vs Bucheon FC 1995,Incheon United,Bucheon FC 1995,0xdef27d216a07a9fb59a22cd1d0fcceb705b248c70b4557dd8ff287d8df9c0285,L19529954,0,0,SUCCESS,1,1785043561,1785061800,5.970101,SXR,0x6629Ce1Cf35Cc1329ebB4F63202F3f197b3F050B
0x7226cfca84aa5035b4c47ed7a221de7fd7b323b027b0d88c49b353de31ab3458,0x0DeAbC808957aBc9f4778C03b03CC1D2cBBC9D60,,4.99996,1.8375,1X2,,K1-League,Incheon United vs Bucheon FC 1995,Incheon United,Bucheon FC 1995,0xdef27d216a07a9fb59a22cd1d0fcceb705b248c70b4557dd8ff287d8df9c0285,L19529954,0,0,SUCCESS,1,1785043559,1785061800,5.970101,SXR,0x6629Ce1Cf35Cc1329ebB4F63202F3f197b3F050B
0xfde72376a5d9f9f25e35118fdd44c29fde563d23f18952940d5b803fc311e5dc,0x8268feC8dCb0D284343054BDf2b649286c9aA0a1,,41.12764,1.8375,1X2,,K1-League,Incheon United vs Bucheon FC 1995,Incheon United,Bucheon FC 1995,0xdef27d216a07a9fb59a22cd1d0fcceb705b248c70b4557dd8ff287d8df9c0285,L19529954,0,0,SUCCESS,1,1785043555,1785061800,49.10763,SXR,0x6629Ce1Cf35Cc1329ebB4F63202F3f197b3F050B
0x80698d54925a606495a1d9a63cce914c72484009d3393bb91bd766b85a4fa900,0x8268feC8dCb0D284343054BDf2b649286c9aA0a1,,91.464,1.8363,1X2,,K1-League,Incheon United vs Bucheon FC 1995,Incheon United,Bucheon FC 1995,0xdef27d216a07a9fb59a22cd1d0fcceb705b248c70b4557dd8ff287d8df9c0285,L19529954,0,0,SUCCESS,1,1785043555,1785061800,109.373991,SXR,0x6629Ce1Cf35Cc1329ebB4F63202F3f197b3F050B
0xebaf52ba8c39e2b07976e242c59dd6a0c15af93df8e687b9c1fd1fa3cd53308c,0xFD3a22179CA4104E97c670b834750Bd7Ff310b17,,20.58999,1.8363,1X2,,K1-League,Incheon United vs Bucheon FC 1995,Incheon United,Bucheon FC 1995,0xdef27d216a07a9fb59a22cd1d0fcceb705b248c70b4557dd8ff287d8df9c0285,L19529954,0,0,SUCCESS,1,1785043479,1785061800,24.621812,SXR,0x6629Ce1Cf35Cc1329ebB4F63202F3f197b3F050B
0xe6b6b85216230b78170c3e1815eb76df196aba635871ca1b7713ca08f52f0ed0,0xFD3a22179CA4104E97c670b834750Bd7Ff310b17,,3.66,1.8363,1X2,,K1-League,Incheon United vs Bucheon FC 1995,Incheon United,Bucheon FC 1995,0xdef27d216a07a9fb59a22cd1d0fcceb705b248c70b4557dd8ff287d8df9c0285,L19529954,0,0,SUCCESS,1,1785043479,1785061800,4.376682,SXR,0x6629Ce1Cf35Cc1329ebB4F63202F3f197b3F050B
0x2bb712e153cde637b3dfa21b49a692bd96b98f337ab4ed3fc69b6fbc2390b59c,0xFD3a22179CA4104E97c670b834750Bd7Ff310b17,,57.77998,1.785,1X2,,K1-League,FC Seoul vs Ulsan Hyundai,FC Seoul,Ulsan Hyundai,0xb8b4cb7c0f51a3d0db5932fe6b07b20da73a83dd07467ca7751e0ce3810f3370,L19529997,0,0,SUCCESS,1,1785043085,1785061800,73.60507,SXR,0x6629Ce1Cf35Cc1329ebB4F63202F3f197b3F050B
0x0be6520bc4009025098527b184c1fc9440931cefdcca07c365cba787803e1fe7,0xE531A1CE55b94E311cC1629a6D68cAcf4F74d044,,11.0003,1.79,1X2,,K1-League,FC Seoul vs Ulsan Hyundai,FC Seoul,Ulsan Hyundai,0xb8b4cb7c0f51a3d0db5932fe6b07b20da73a83dd07467ca7751e0ce3810f3370,L19529997,0,0,SUCCESS,1,1785042893,1785061800,13.92443,SXR,0x6629Ce1Cf35Cc1329ebB4F63202F3f197b3F050B
0xb915605ace37cec94fa6e902dd477daa95593048112c56a8cae112b1c6dcff6f,0xFD3a22179CA4104E97c670b834750Bd7Ff310b17,1,20.63,1.2988,1X2,Tie,K1-League,FC Anyang vs Gangwon FC,FC Anyang,Gangwon FC,0xa64103fd8ece270ed55a9ed8e8fc24522b7d16c7432147cc21765efcf7d6decc,L19529998,0,0,SUCCESS,1,1785042776,1785061800,69.054393,SXR,0x6629Ce1Cf35Cc1329ebB4F63202F3f197b3F050B
0x2600a41ebb14e5c5f47b78a372a3f4fab91fa8767995cae24e96163d12da7367,0xFD3a22179CA4104E97c670b834750Bd7Ff310b17,,1.81999,1.8363,1X2,,K1-League,Incheon United vs Bucheon FC 1995,Incheon United,Bucheon FC 1995,0xdef27d216a07a9fb59a22cd1d0fcceb705b248c70b4557dd8ff287d8df9c0285,L19529954,0,0,SUCCESS,1,1785042500,1785061800,2.176371,SXR,0x6629Ce1Cf35Cc1329ebB4F63202F3f197b3F050B
0x1de22e6b27685dcf873722853c902f5fd2de2a8239db03d2600fa1314790db33,0x9C5e354F1Dd3e2031bE83f341a9FeFdE8739680E,1,8.78993,1.895,Under/Over (0.5),Over 0.5,K1-League,Incheon United vs Bucheon FC 1995,Incheon United,Bucheon FC 1995,0xfeb7be6b6c295a5e71618b3078a774498934e616c3d9d3314f15f37ee6d746d6,L19529954,0,0,SUCCESS,1,1785042174,1785061800,9.821151,SXR,0x6629Ce1Cf35Cc1329ebB4F63202F3f197b3F050B
0xbf585370dd0753f239be89194a0e7258ada230762b4548ac7f386844b90f3678,0x0DeAbC808957aBc9f4778C03b03CC1D2cBBC9D60,,4.99999,1.8363,1X2,,K1-League,Incheon United vs Bucheon FC 1995,Incheon United,Bucheon FC 1995,0xdef27d216a07a9fb59a22cd1d0fcceb705b248c70b4557dd8ff287d8df9c0285,L19529954,0,0,SUCCESS,1,1785042059,1785061800,5.979061,SXR,0x6629Ce1Cf35Cc1329ebB4F63202F3f197b3F050B
0xacd8a98d6984b49cbda4413e7d62f32ea1fc7c77e0e0cd62f332af8e9a0328c5,0x8268feC8dCb0D284343054BDf2b649286c9aA0a1,,127.67171,1.8363,1X2,,K1-League,Incheon United vs Bucheon FC 1995,Incheon United,Bucheon FC 1995,0xdef27d216a07a9fb59a22cd1d0fcceb705b248c70b4557dd8ff287d8df9c0285,L19529954,0,0,SUCCESS,1,1785042039,1785061800,152.671701,SXR,0x6629Ce1Cf35Cc1329ebB4F63202F3f197b3F050B
0x9ad6864ffe9bdb6a76252123a9fdf9539db3dd2ca917304d3ec72d159537259d,0xFD3a22179CA4104E97c670b834750Bd7Ff310b17,1,116.2,1.2588,1X2,Tie,K1-League,FC Seoul vs Ulsan Hyundai,FC Seoul,Ulsan Hyundai,0x5874f4eba8d6ffdb0028f8f857de3bd62319b13749e9bb9360e6c117c3c0a1ce,L19529997,0,0,SUCCESS,1,1785041907,1785061800,449.082126,SXR,0x6629Ce1Cf35Cc1329ebB4F63202F3f197b3F050B
0x51aa6c654742a13b18c86853a5b602f30e0f200246c8ccfa446e3ba4f9500634,0xFD3a22179CA4104E97c670b834750Bd7Ff310b17,1,52.08545,1.2812,1X2,Tie,K1-League,Incheon United vs Bucheon FC 1995,Incheon United,Bucheon FC 1995,0x1195f25592d503e284834dc891473ad781eba6ee7ad6f1b151e2be17d9e96b58,L19529954,0,0,SUCCESS,1,1785041876,1785061800,185.192711,SXR,0x6629Ce1Cf35Cc1329ebB4F63202F3f197b3F050B
0x5a72c988412b22c42dc905b6f3de95ca7a78873210a63570736ea29e9fd4e65f,0xFD3a22179CA4104E97c670b834750Bd7Ff310b17,,137.8855,1.8363,1X2,,K1-League,Incheon United vs Bucheon FC 1995,Incheon United,Bucheon FC 1995,0xdef27d216a07a9fb59a22cd1d0fcceb705b248c70b4557dd8ff287d8df9c0285,L19529954,0,0,SUCCESS,1,1785041875,1785061800,164.885501,SXR,0x6629Ce1Cf35Cc1329ebB4F63202F3f197b3F050B
0x26b9376e6c816fc9574108cfd8eab05a94f1997aabff0703c8132af3191f5906,0xFD3a22179CA4104E97c670b834750Bd7Ff310b17,1,0.00499,1.2812,1X2,Tie,K1-League,Incheon United vs Bucheon FC 1995,Incheon United,Bucheon FC 1995,0x1195f25592d503e284834dc891473ad781eba6ee7ad6f1b151e2be17d9e96b58,L19529954,0,0,SUCCESS,1,1785041875,1785061800,0.017742,SXR,0x6629Ce1Cf35Cc1329ebB4F63202F3f197b3F050B
0x8a60516b336fd6fbf01a8f43e8092b8f14ed28d581c1cc2246be52087d2e3bf7,0xFD3a22179CA4104E97c670b834750Bd7Ff310b17,1,5.21,1.28,1X2,Tie,K1-League,Incheon United vs Bucheon FC 1995,Incheon United,Bucheon FC 1995,0x1195f25592d503e284834dc891473ad781eba6ee7ad6f1b151e2be17d9e96b58,L19529954,0,0,SUCCESS,1,1785041856,1785061800,18.607143,SXR,0x6629Ce1Cf35Cc1329ebB4F63202F3f197b3F050B
0x8b548724f8f8f6ebade60c5cdcba50bb6e1093946b4c9b5c7bfc0253ec6a339d,0xFD3a22179CA4104E97c670b834750Bd7Ff310b17,1,9.08,1.28,1X2,Tie,K1-League,Incheon United vs Bucheon FC 1995,Incheon United,Bucheon FC 1995,0x1195f25592d503e284834dc891473ad781eba6ee7ad6f1b151e2be17d9e96b58,L19529954,0,0,SUCCESS,1,1785041848,1785061800,32.428571,SXR,0x6629Ce1Cf35Cc1329ebB4F63202F3f197b3F050B
0xf2caf12aee638a133d479df02ebe3c0db8759f86f44941a8f2f0dd36337ae3e8,0xFD3a22179CA4104E97c670b834750Bd7Ff310b17,,127.66997,1.8363,1X2,,K1-League,Incheon United vs Bucheon FC 1995,Incheon United,Bucheon FC 1995,0xdef27d216a07a9fb59a22cd1d0fcceb705b248c70b4557dd8ff287d8df9c0285,L19529954,0,0,SUCCESS,1,1785041845,1785061800,152.66962,SXR,0x6629Ce1Cf35Cc1329ebB4F63202F3f197b3F050B
0xbfee9aaa51ba4d5661c9a74d85ee00ba4e114c922f6f750e8ae3a0037612e1fc,0xFD3a22179CA4104E97c670b834750Bd7Ff310b17,1,35.6294,1.2788,1X2,Tie,K1-League,Incheon United vs Bucheon FC 1995,Incheon United,Bucheon FC 1995,0x1195f25592d503e284834dc891473ad781eba6ee7ad6f1b151e2be17d9e96b58,L19529954,0,0,SUCCESS,1,1785041845,1785061800,127.818475,SXR,0x6629Ce1Cf35Cc1329ebB4F63202F3f197b3F050B
0x9f00127281cd13f3297e2ad2b5a1144f452efa74404a3a6310fe6dad0f63cec2,0xFD3a22179CA4104E97c670b834750Bd7Ff310b17,1,10,1.2788,1X2,Tie,K1-League,Incheon United vs Bucheon FC 1995,Incheon United,Bucheon FC 1995,0x1195f25592d503e284834dc891473ad781eba6ee7ad6f1b151e2be17d9e96b58,L19529954,0,0,SUCCESS,1,1785041845,1785061800,35.874439,SXR,0x6629Ce1Cf35Cc1329ebB4F63202F3f197b3F050B
0x08972a1b70a7b6ed4db64b137efd248754f4170c00dd126c9a7ade3be6526d65,0xFD3a22179CA4104E97c670b834750Bd7Ff310b17,1,4.42,1.2788,1X2,Tie,K1-League,Incheon United vs Bucheon FC 1995,Incheon United,Bucheon FC 1995,0x1195f25592d503e284834dc891473ad781eba6ee7ad6f1b151e2be17d9e96b58,L19529954,0,0,SUCCESS,1,1785041844,1785061800,15.856502,SXR,0x6629Ce1Cf35Cc1329ebB4F63202F3f197b3F050B
0xdac27d0b77a3147ee8852198051b677580af7ae4cb59eaae6ec161e2c79b8057,0x5D69C3af95Ff47088b415B25F41b1fFDc8571063,,1.03,1.5875,Under/Over (2.5),,K1-League,FC Anyang vs Gangwon FC,FC Anyang,Gangwon FC,0x3f485259d83a0e25aaa180d56990d059b0b260419548ed0428d12d0d8a677e7d,L19529998,0,0,SUCCESS,1,1785041766,1785061800,1.753191,SXR,0x6629Ce1Cf35Cc1329ebB4F63202F3f197b3F050B
0x7a2da1c8593dcbb045814933da6657f5346c6e6e798bbba3b6ddfd0b2ad3e9f6,0x740d5718a79A8559fEeE8B00922F8Cd773A81D84,,25.42999,1.5875,Under/Over (2.5),,K1-League,FC Anyang vs Gangwon FC,FC Anyang,Gangwon FC,0x3f485259d83a0e25aaa180d56990d059b0b260419548ed0428d12d0d8a677e7d,L19529998,0,0,SUCCESS,1,1785041754,1785061800,43.285089,SXR,0x6629Ce1Cf35Cc1329ebB4F63202F3f197b3F050B
0xf147b25c96eb31cbeb0856e5f627484546a02d47cce914fd4ad1cf283effc36e,0xFD3a22179CA4104E97c670b834750Bd7Ff310b17,,0.99997,1.7788,1X2,,K1-League,Gwangju FC vs Jeju Sk Fc,Gwangju FC,Jeju Sk Fc,0x41eec21ac26b1917e3b0622a7e7b645fead5c3564c1f20019fca7d99885e7110,L19529971,0,0,SUCCESS,1,1785041738,1785061800,1.284071,SXR,0x6629Ce1Cf35Cc1329ebB4F63202F3f197b3F050B
0xa543969e8772c0bb2bbbfbf1e87bc80cdfb0e06b7c86e09ccc3b1da975107ef7,0xFD3a22179CA4104E97c670b834750Bd7Ff310b17,1,52.50102,1.3025,1X2,Tie,K1-League,FC Anyang vs Gangwon FC,FC Anyang,Gangwon FC,0xa64103fd8ece270ed55a9ed8e8fc24522b7d16c7432147cc21765efcf7d6decc,L19529998,0,0,SUCCESS,1,1785041648,1785061800,173.557091,SXR,0x6629Ce1Cf35Cc1329ebB4F63202F3f197b3F050B
0xc212250b87c18dfec69f18c3aff39d0173d5cd31d282ade4a8cd68bb7a14da64,0xFD3a22179CA4104E97c670b834750Bd7Ff310b17,1,0.00598,1.3025,1X2,Tie,K1-League,FC Anyang vs Gangwon FC,FC Anyang,Gangwon FC,0xa64103fd8ece270ed55a9ed8e8fc24522b7d16c7432147cc21765efcf7d6decc,L19529998,0,0,SUCCESS,1,1785041647,1785061800,0.019769,SXR,0x6629Ce1Cf35Cc1329ebB4F63202F3f197b3F050B
0xa46640d7a0f6884c47458a82cb6b2bbe7c46df4d41bae8f95e0e5eed127bd568,0xFD3a22179CA4104E97c670b834750Bd7Ff310b17,,0.00307,1.785,1X2,,K1-League,FC Anyang vs Gangwon FC,FC Anyang,Gangwon FC,0x5fc6f03b8b48c32500e59d490519f5256e805b7d18654249e41643a9364206cb,L19529998,0,0,SUCCESS,1,1785041647,1785061800,0.003911,SXR,0x6629Ce1Cf35Cc1329ebB4F63202F3f197b3F050B
0xb6b6ec4015cc2ba55738df06811f82cc1369573e6bdaa4f8ccff9f0ac0031151,0xFD3a22179CA4104E97c670b834750Bd7Ff310b17,,2.69997,1.7825,1X2,,K1-League,FC Anyang vs Gangwon FC,FC Anyang,Gangwon FC,0x5fc6f03b8b48c32500e59d490519f5256e805b7d18654249e41643a9364206cb,L19529998,0,0,SUCCESS,1,1785041646,1785061800,3.450441,SXR,0x6629Ce1Cf35Cc1329ebB4F63202F3f197b3F050B
0x4257ad5236a7cf1e040cfed977cf933dbe76f66ef073c0ff96e3a6428db9a98c,0xFD3a22179CA4104E97c670b834750Bd7Ff310b17,1,0.00285,1.3013,1X2,Tie,K1-League,FC Anyang vs Gangwon FC,FC Anyang,Gangwon FC,0xa64103fd8ece270ed55a9ed8e8fc24522b7d16c7432147cc21765efcf7d6decc,L19529998,0,0,SUCCESS,1,1785041646,1785061800,0.009461,SXR,0x6629Ce1Cf35Cc1329ebB4F63202F3f197b3F050B
0x9769ebc615859b6bf92cabbbc8f658f7b9deb7cc4f306d544d5307eaa65f3cef,0xFD3a22179CA4104E97c670b834750Bd7Ff310b17,,91.52997,1.7837,1X2,,K1-League,FC Anyang vs Gangwon FC,FC Anyang,Gangwon FC,0x5fc6f03b8b48c32500e59d490519f5256e805b7d18654249e41643a9364206cb,L19529998,0,0,SUCCESS,1,1785041604,1785061800,116.784651,SXR,0x6629Ce1Cf35Cc1329ebB4F63202F3f197b3F050B
0xf5c345dbafba2f71e6ac67a5796a627eb3d5baa3a11a2c1e13b6e3faa4810ece,0xFD3a22179CA4104E97c670b834750Bd7Ff310b17,,61.15607,1.7825,1X2,,K1-League,FC Anyang vs Gangwon FC,FC Anyang,Gangwon FC,0x5fc6f03b8b48c32500e59d490519f5256e805b7d18654249e41643a9364206cb,L19529998,0,0,SUCCESS,1,1785041603,1785061800,78.154722,SXR,0x6629Ce1Cf35Cc1329ebB4F63202F3f197b3F050B
0xf52276d7cde825b3956fda6a8a289b509291edf1f7b2358a119e49153704b7f7,0xFD3a22179CA4104E97c670b834750Bd7Ff310b17,1,30.00644,1.3013,1X2,Tie,K1-League,FC Anyang vs Gangwon FC,FC Anyang,Gangwon FC,0xa64103fd8ece270ed55a9ed8e8fc24522b7d16c7432147cc21765efcf7d6decc,L19529998,0,0,SUCCESS,1,1785041588,1785061800,99.60644,SXR,0x6629Ce1Cf35Cc1329ebB4F63202F3f197b3F050B
0x17c8240944fea1983031c36b0132b58370e36ff68df574ee2a37d16c274f8b90,0xFD3a22179CA4104E97c670b834750Bd7Ff310b17,1,11.61,1.3025,1X2,Tie,K1-League,FC Anyang vs Gangwon FC,FC Anyang,Gangwon FC,0xa64103fd8ece270ed55a9ed8e8fc24522b7d16c7432147cc21765efcf7d6decc,L19529998,0,0,SUCCESS,1,1785041560,1785061800,38.380165,SXR,0x6629Ce1Cf35Cc1329ebB4F63202F3f197b3F050B
0xd82ae59b6124993ee7579033a8bd3b70de099efda638c874f100dfe8dad068b1,0x68E1818FF20BBe84F9be9E0A4A395FB11079Bd35,1,33,1.165,1X2,Bucheon FC 1995,K1-League,Incheon United vs Bucheon FC 1995,Incheon United,Bucheon FC 1995,0xdef27d216a07a9fb59a22cd1d0fcceb705b248c70b4557dd8ff287d8df9c0285,L19529954,0,0,SUCCESS,1,1785041522,1785061800,200.0,SXR,0x6629Ce1Cf35Cc1329ebB4F63202F3f197b3F050B
0x28ee5f41683c0e385c86c5b39378044899e9fb91cde825660c6687b5fc744335,0xFD3a22179CA4104E97c670b834750Bd7Ff310b17,,137.8855,1.8363,1X2,,K1-League,Incheon United vs Bucheon FC 1995,Incheon United,Bucheon FC 1995,0xdef27d216a07a9fb59a22cd1d0fcceb705b248c70b4557dd8ff287d8df9c0285,L19529954,0,0,SUCCESS,1,1785041519,1785061800,164.885501,SXR,0x6629Ce1Cf35Cc1329ebB4F63202F3f197b3F050B
0xbb2850f0ed537e2e3ad7c52580e4a442df3a83eceae6d5b9241848ecaafa985b,0x68E1818FF20BBe84F9be9E0A4A395FB11079Bd35,1,32,1.165,1X2,Bucheon FC 1995,K1-League,Incheon United vs Bucheon FC 1995,Incheon United,Bucheon FC 1995,0xdef27d216a07a9fb59a22cd1d0fcceb705b248c70b4557dd8ff287d8df9c0285,L19529954,0,0,SUCCESS,1,1785041489,1785061800,193.939394,SXR,0x6629Ce1Cf35Cc1329ebB4F63202F3f197b3F050B
0x93ed145500c12fa2ec80c5f7007fdcadf11fd08059e11b8840353e99ed5ee622,0xFD3a22179CA4104E97c670b834750Bd7Ff310b17,,76.59997,1.8375,1X2,,K1-League,Incheon United vs Bucheon FC 1995,Incheon United,Bucheon FC 1995,0xdef27d216a07a9fb59a22cd1d0fcceb705b248c70b4557dd8ff287d8df9c0285,L19529954,0,0,SUCCESS,1,1785041489,1785061800,91.462651,SXR,0x6629Ce1Cf35Cc1329ebB4F63202F3f197b3F050B
0x69437d7c61dab55a792479a31e048fc0e561f5fa788070a7a471d1dca7a45c07,0xFD3a22179CA4104E97c670b834750Bd7Ff310b17,,16.1669,1.8375,1X2,,K1-League,Incheon United vs Bucheon FC 1995,Incheon United,Bucheon FC 1995,0xdef27d216a07a9fb59a22cd1d0fcceb705b248c70b4557dd8ff287d8df9c0285,L19529954,0,0,SUCCESS,1,1785041489,1785061800,19.303761,SXR,0x6629Ce1Cf35Cc1329ebB4F63202F3f197b3F050B
0x2fed9b52512b5d87c3fea3757f65d123dd3ee81ac0ca1e0bb9766c3205c9e036,0xFD3a22179CA4104E97c670b834750Bd7Ff310b17,1,14.97924,1.2775,1X2,Tie,K1-League,Incheon United vs Bucheon FC 1995,Incheon United,Bucheon FC 1995,0x1195f25592d503e284834dc891473ad781eba6ee7ad6f1b151e2be17d9e96b58,L19529954,0,0,SUCCESS,1,1785041489,1785061800,53.979243,SXR,0x6629Ce1Cf35Cc1329ebB4F63202F3f197b3F050B
0x06f18163f237b2389fac518c297c802a19b55178dec9afd881486cd96b71e6df,0xFD3a22179CA4104E97c670b834750Bd7Ff310b17,1,29.02865,1.2788,1X2,Tie,K1-League,Incheon United vs Bucheon FC 1995,Incheon United,Bucheon FC 1995,0x1195f25592d503e284834dc891473ad781eba6ee7ad6f1b151e2be17d9e96b58,L19529954,0,0,SUCCESS,1,1785041489,1785061800,104.138655,SXR,0x6629Ce1Cf35Cc1329ebB4F63202F3f197b3F050B
0x0d358beca88d07532aa3d1bee3bd6c8dc3ec408df78bdd598cbda435da2f1e58,0xFD3a22179CA4104E97c670b834750Bd7Ff310b17,1,37.35,1.3025,1X2,Tie,K1-League,FC Anyang vs Gangwon FC,FC Anyang,Gangwon FC,0xa64103fd8ece270ed55a9ed8e8fc24522b7d16c7432147cc21765efcf7d6decc,L19529998,0,0,SUCCESS,1,1785041136,1785061800,123.471074,SXR,0x6629Ce1Cf35Cc1329ebB4F63202F3f197b3F050B
0xe22b7fb8375f0d5f872cf3afbba028a6f99b2b06e1e449dd05ac07c74ece42a4,0xFD3a22179CA4104E97c670b834750Bd7Ff310b17,,34.37,1.7788,1X2,,K1-League,Gwangju FC vs Jeju Sk Fc,Gwangju FC,Jeju Sk Fc,0x41eec21ac26b1917e3b0622a7e7b645fead5c3564c1f20019fca7d99885e7110,L19529971,0,0,SUCCESS,1,1785040696,1785061800,44.134831,SXR,0x6629Ce1Cf35Cc1329ebB4F63202F3f197b3F050B
0x15cb4856260df2f4388e7136848aa0a0ec754f972830e2723736924eeff624d0,0xFD3a22179CA4104E97c670b834750Bd7Ff310b17,,76.59999,1.8363,1X2,,K1-League,Incheon United vs Bucheon FC 1995,Incheon United,Bucheon FC 1995,0xdef27d216a07a9fb59a22cd1d0fcceb705b248c70b4557dd8ff287d8df9c0285,L19529954,0,0,SUCCESS,1,1785040675,1785061800,91.59939,SXR,0x6629Ce1Cf35Cc1329ebB4F63202F3f197b3F050B
0x2c2ae45e72b24b6d7836a7515fca52d965bf845541841e9ebcfa2137d61dc14c,0xFD3a22179CA4104E97c670b834750Bd7Ff310b17,,27.92997,1.7788,1X2,,K1-League,Gwangju FC vs Jeju Sk Fc,Gwangju FC,Jeju Sk Fc,0x41eec21ac26b1917e3b0622a7e7b645fead5c3564c1f20019fca7d99885e7110,L19529971,0,0,SUCCESS,1,1785039292,1785061800,35.86513,SXR,0x6629Ce1Cf35Cc1329ebB4F63202F3f197b3F050B
0xead6c001dfc7817d11d2b250016584c0813b5604470028ae53dba2f52c16d1ca,0xFD3a22179CA4104E97c670b834750Bd7Ff310b17,,11.50998,1.7788,1X2,,K1-League,Gwangju FC vs Jeju Sk Fc,Gwangju FC,Jeju Sk Fc,0x41eec21ac26b1917e3b0622a7e7b645fead5c3564c1f20019fca7d99885e7110,L19529971,0,0,SUCCESS,1,1785039006,1785061800,14.780071,SXR,0x6629Ce1Cf35Cc1329ebB4F63202F3f197b3F050B
0x63467d6959b9f407f378a0b3ea899402708f5907b49998fa54fc27009cae00fc,0xE531A1CE55b94E311cC1629a6D68cAcf4F74d044,1,18.98304,1.5238,Under/Over (2.5),Over 2.5,K1-League,FC Seoul vs Ulsan Hyundai,FC Seoul,Ulsan Hyundai,0x7516c164edf492328c7837cbed161064946b18397e7940ad89a68e7a2b48b36c,L19529997,0,0,SUCCESS,1,1785035964,1785061800,36.244468,SXR,0x6629Ce1Cf35Cc1329ebB4F63202F3f197b3F050B
0xb9c0d68eb3f4da30a96c6b2ba88f3ed87d4cf2d271b4891a29f8ed9705dc769d,0x1b1185C2A2d1Ec3CA592f5c21f52dD4aD449163f,1,15,1.2237,1X2,Ulsan Hyundai,K1-League,FC Seoul vs Ulsan Hyundai,FC Seoul,Ulsan Hyundai,0xb8b4cb7c0f51a3d0db5932fe6b07b20da73a83dd07467ca7751e0ce3810f3370,L19529997,0,0,SUCCESS,1,1785035356,1785061800,67.039106,SXR,0x6629Ce1Cf35Cc1329ebB4F63202F3f197b3F050B
0x769ed0f074aa0c178ebe7fecbdf3c3e1aa776c0df9d663da5519aa3e32e124b2,0xFD3a22179CA4104E97c670b834750Bd7Ff310b17,1,4.12,1.5312,1X2,FC Seoul,K1-League,FC Seoul vs Ulsan Hyundai,FC Seoul,Ulsan Hyundai,0xa5f1b8f05427c761a3b5d449a376f6e9b1481a4e53d422e1ec96afaa82c86945,L19529997,0,0,SUCCESS,1,1785034798,1785061800,7.755294,SXR,0x6629Ce1Cf35Cc1329ebB4F63202F3f197b3F050B
0x7e16cbaa5ca1d3e45d66e380ca3b14d6799f97a6ebdacca8cd31c9c553e59b92,0xE531A1CE55b94E311cC1629a6D68cAcf4F74d044,1,14.30722,1.4062,Under/Over (2.5),Over 2.5,K1-League,FC Anyang vs Gangwon FC,FC Anyang,Gangwon FC,0x3f485259d83a0e25aaa180d56990d059b0b260419548ed0428d12d0d8a677e7d,L19529998,0,0,SUCCESS,1,1785034700,1785061800,35.217772,SXR,0x6629Ce1Cf35Cc1329ebB4F63202F3f197b3F050B
0x3948a5b636cf8f2e22e4ea71a6f09e779af6a0feb8fd404ad78af4232146cff0,0xFD3a22179CA4104E97c670b834750Bd7Ff310b17,,15.26998,1.7887,1X2,,K1-League,FC Seoul vs Ulsan Hyundai,FC Seoul,Ulsan Hyundai,0xb8b4cb7c0f51a3d0db5932fe6b07b20da73a83dd07467ca7751e0ce3810f3370,L19529997,0,0,SUCCESS,1,1785032308,1785061800,19.359721,SXR,0x6629Ce1Cf35Cc1329ebB4F63202F3f197b3F050B
0x1475787a6a3fff137fa0f8f0254f1f33671878f81d7b159683b217d39ffddf7e,0xFD3a22179CA4104E97c670b834750Bd7Ff310b17,,2.07,1.3562,Under/Over (1.5),,K1-League,Incheon United vs Bucheon FC 1995,Incheon United,Bucheon FC 1995,0x3615ce372cefd5918af34b8e049968afe44c02aed7c93d16c796c0c9ad77c1bb,L19529954,0,0,SUCCESS,1,1785012890,1785061800,5.810526,SXR,0x6629Ce1Cf35Cc1329ebB4F63202F3f197b3F050B
0xc66cd852752746a95aa1ca64d31a3a1431c36e6e60a859134c093f24cd2ab114,0x0DeAbC808957aBc9f4778C03b03CC1D2cBBC9D60,1,5,1.5312,1X2,FC Seoul,K1-League,FC Seoul vs Ulsan Hyundai,FC Seoul,Ulsan Hyundai,0xa5f1b8f05427c761a3b5d449a376f6e9b1481a4e53d422e1ec96afaa82c86945,L19529997,0,0,SUCCESS,1,1785007814,1785061800,9.411765,SXR,0x6629Ce1Cf35Cc1329ebB4F63202F3f197b3F050B
0xe81aedd2996a4f5883935cac7b51ff0d8e120877e77b887cd1adf8406d3c437c,0x8268feC8dCb0D284343054BDf2b649286c9aA0a1,1,21.21,1.5312,1X2,FC Seoul,K1-League,FC Seoul vs Ulsan Hyundai,FC Seoul,Ulsan Hyundai,0xa5f1b8f05427c761a3b5d449a376f6e9b1481a4e53d422e1ec96afaa82c86945,L19529997,0,0,SUCCESS,1,1785007785,1785061800,39.924706,SXR,0x6629Ce1Cf35Cc1329ebB4F63202F3f197b3F050B
0xb7e19b4cd366cd4991e2e1be6e763592179f1670a8eff973678b0fc7321ae5db,0x0DeAbC808957aBc9f4778C03b03CC1D2cBBC9D60,1,5,1.5312,1X2,FC Seoul,K1-League,FC Seoul vs Ulsan Hyundai,FC Seoul,Ulsan Hyundai,0xa5f1b8f05427c761a3b5d449a376f6e9b1481a4e53d422e1ec96afaa82c86945,L19529997,0,0,SUCCESS,1,1785005942,1785061800,9.411765,SXR,0x6629Ce1Cf35Cc1329ebB4F63202F3f197b3F050B
0xd065448e74ffe4d566c27167b38e451d76618709a5bb71487580c30c92296cb0,0x8268feC8dCb0D284343054BDf2b649286c9aA0a1,1,103.29999,1.5312,1X2,FC Seoul,K1-League,FC Seoul vs Ulsan Hyundai,FC Seoul,Ulsan Hyundai,0xa5f1b8f05427c761a3b5d449a376f6e9b1481a4e53d422e1ec96afaa82c86945,L19529997,0,0,SUCCESS,1,1785005905,1785061800,194.44704,SXR,0x6629Ce1Cf35Cc1329ebB4F63202F3f197b3F050B
0x24519359b61ce19debae17d7bf6f4b879804704c3bffeac28feaa6df095c56f2,0xFD3a22179CA4104E97c670b834750Bd7Ff310b17,1,14.36,1.8975,Under/Over (0.5),Over 0.5,K1-League,FC Anyang vs Gangwon FC,FC Anyang,Gangwon FC,0x917c79b8cad98196ba4dce0de7af4b7c803cc7f589a813485376c3e4d9c2ceb6,L19529998,0,0,SUCCESS,1,1784983626,1785061800,16.0,SXR,0x6629Ce1Cf35Cc1329ebB4F63202F3f197b3F050B
0x0501f86b523e93a7121e217d488bb45701ce6c36f5cc656685123ce3517751cb,0xFD3a22179CA4104E97c670b834750Bd7Ff310b17,,21.79,1.305,K1-League,,K1-League,FC Seoul vs Ulsan Hyundai,FC Seoul,Ulsan Hyundai,0x871943203754e5abd4cd7ac7446d6b3f523ec810b0b0de29c427d45337469793,L19529997,0,0,SUCCESS,1,1784975569,1785061800,71.442623,SXR,0x6629Ce1Cf35Cc1329ebB4F63202F3f197b3F050B
0x6f142cfd2714bbf902dfd396f39f6c3782ee44e058588a55ecd03876c3a87a7c,0x0DeAbC808957aBc9f4778C03b03CC1D2cBBC9D60,,5,1.7163,1X2,,K1-League,Gwangju FC vs Jeju Sk Fc,Gwangju FC,Jeju Sk Fc,0x55fdfdb0cc0b03c40474e54bd96dd129e705c8c994af4c09eb64526c2df4d22d,L19529971,0,0,SUCCESS,1,1784932294,1785061800,6.980803,SXR,0x6629Ce1Cf35Cc1329ebB4F63202F3f197b3F050B
0x3a9f7ffc1d20c1bb586875515690d8b6c2bca716fe13620d1cf63e80e33c2e4e,0x8268feC8dCb0D284343054BDf2b649286c9aA0a1,,38.04011,1.7163,1X2,,K1-League,Gwangju FC vs Jeju Sk Fc,Gwangju FC,Jeju Sk Fc,0x55fdfdb0cc0b03c40474e54bd96dd129e705c8c994af4c09eb64526c2df4d22d,L19529971,0,0,SUCCESS,1,1784932259,1785061800,53.110101,SXR,0x6629Ce1Cf35Cc1329ebB4F63202F3f197b3F050B
0x750b2e980d7437dd0dcb5f5d8d3ba38f4c6ae97dbee259de7807abcd2bffc3fb,0x0DeAbC808957aBc9f4778C03b03CC1D2cBBC9D60,,5,1.4788,Under/Over (2),,K1-League,Incheon United vs Bucheon FC 1995,Incheon United,Bucheon FC 1995,0x29107a14702eb45252e83989b54ebd0ee61b763c608cd03eaefff5efe2d4c6a0,L19529954,0,0,SUCCESS,1,1784927284,1785061800,10.443864,SXR,0x6629Ce1Cf35Cc1329ebB4F63202F3f197b3F050B
0xd58bb1d348f2fd3d7a158a85b2273c5ac655b0032fbbd72ae20237e07c3b3835,0x0DeAbC808957aBc9f4778C03b03CC1D2cBBC9D60,,5,1.4788,Under/Over (2),,K1-League,Incheon United vs Bucheon FC 1995,Incheon United,Bucheon FC 1995,0x29107a14702eb45252e83989b54ebd0ee61b763c608cd03eaefff5efe2d4c6a0,L19529954,0,0,SUCCESS,1,1784927282,1785061800,10.443864,SXR,0x6629Ce1Cf35Cc1329ebB4F63202F3f197b3F050B
0x8b42e9b1d882a320e56a0cc3d0b27fee659aa9f4770f262b82e80368a9801e81,0x8268feC8dCb0D284343054BDf2b649286c9aA0a1,,13.81371,1.4788,Under/Over (2),,K1-League,Incheon United vs Bucheon FC 1995,Incheon United,Bucheon FC 1995,0x29107a14702eb45252e83989b54ebd0ee61b763c608cd03eaefff5efe2d4c6a0,L19529954,0,0,SUCCESS,1,1784927248,1785061800,28.853702,SXR,0x6629Ce1Cf35Cc1329ebB4F63202F3f197b3F050B
0x3425840e28c05f852885e458048f4bce03a108caa5cbe44a3564862d12ef0cef,0x8268feC8dCb0D284343054BDf2b649286c9aA0a1,,30.42875,1.4788,Under/Over (2),,K1-League,Incheon United vs Bucheon FC 1995,Incheon United,Bucheon FC 1995,0x29107a14702eb45252e83989b54ebd0ee61b763c608cd03eaefff5efe2d4c6a0,L19529954,0,0,SUCCESS,1,1784927246,1785061800,63.558747,SXR,0x6629Ce1Cf35Cc1329ebB4F63202F3f197b3F050B
0xa3c4d56523034af3e654a9cb4019a57ae932468e445878da462f87b171d05f81,0x0DeAbC808957aBc9f4778C03b03CC1D2cBBC9D60,,5,1.4788,Under/Over (2),,K1-League,Incheon United vs Bucheon FC 1995,Incheon United,Bucheon FC 1995,0x29107a14702eb45252e83989b54ebd0ee61b763c608cd03eaefff5efe2d4c6a0,L19529954,0,0,SUCCESS,1,1784927244,1785061800,10.443864,SXR,0x6629Ce1Cf35Cc1329ebB4F63202F3f197b3F050B
0x204614ea19d3356d2d7ca8e04b8395ff0d96bf20eab279dadb443f3a846a8d52,0x8268feC8dCb0D284343054BDf2b649286c9aA0a1,,14.49338,1.4788,Under/Over (2),,K1-League,Incheon United vs Bucheon FC 1995,Incheon United,Bucheon FC 1995,0x29107a14702eb45252e83989b54ebd0ee61b763c608cd03eaefff5efe2d4c6a0,L19529954,0,0,SUCCESS,1,1784927224,1785061800,30.273379,SXR,0x6629Ce1Cf35Cc1329ebB4F63202F3f197b3F050B
0x64c9aa0fde1b5bd05e4bf84910087110f1fa6d2bbe95860177db41f912fa456f,0x0DeAbC808957aBc9f4778C03b03CC1D2cBBC9D60,,5,1.475,Under/Over (2),,K1-League,Incheon United vs Bucheon FC 1995,Incheon United,Bucheon FC 1995,0x29107a14702eb45252e83989b54ebd0ee61b763c608cd03eaefff5efe2d4c6a0,L19529954,0,0,SUCCESS,1,1784918123,1785061800,10.526316,SXR,0x6629Ce1Cf35Cc1329ebB4F63202F3f197b3F050B
0x5f214ebceb208037d388888804ed196794b5112b7f07b42eae66ed20c8cc0fcf,0x8268feC8dCb0D284343054BDf2b649286c9aA0a1,,15.27238,1.475,Under/Over (2),,K1-League,Incheon United vs Bucheon FC 1995,Incheon United,Bucheon FC 1995,0x29107a14702eb45252e83989b54ebd0ee61b763c608cd03eaefff5efe2d4c6a0,L19529954,0,0,SUCCESS,1,1784918089,1785061800,32.152379,SXR,0x6629Ce1Cf35Cc1329ebB4F63202F3f197b3F050B
0xf5913fc07b6b33e3bb7107a2d1c9c0b149222bd162506e33ae8760e2c3c0ef69,0x1b1185C2A2d1Ec3CA592f5c21f52dD4aD449163f,1,10,1.165,1X2,Bucheon FC 1995,K1-League,Incheon United vs Bucheon FC 1995,Incheon United,Bucheon FC 1995,0xdef27d216a07a9fb59a22cd1d0fcceb705b248c70b4557dd8ff287d8df9c0285,L19529954,0,0,SUCCESS,1,1784911753,1785061800,60.606061,SXR,0x6629Ce1Cf35Cc1329ebB4F63202F3f197b3F050B
0x2b6ba24e4ba0ad319c0b7253ac566373e84a50720729c86cc28af3de914bbaca,0x0DeAbC808957aBc9f4778C03b03CC1D2cBBC9D60,,5,1.615,Under/Over (2.5),,K1-League,FC Anyang vs Gangwon FC,FC Anyang,Gangwon FC,0x3f485259d83a0e25aaa180d56990d059b0b260419548ed0428d12d0d8a677e7d,L19529998,0,0,SUCCESS,1,1784901483,1785061800,8.130081,SXR,0x6629Ce1Cf35Cc1329ebB4F63202F3f197b3F050B
0x7e7163461bf89b831145f4cb2c1716487835414232abfffd5b3f73f11f128357,0x8268feC8dCb0D284343054BDf2b649286c9aA0a1,,16.06986,1.615,Under/Over (2.5),,K1-League,FC Anyang vs Gangwon FC,FC Anyang,Gangwon FC,0x3f485259d83a0e25aaa180d56990d059b0b260419548ed0428d12d0d8a677e7d,L19529998,0,0,SUCCESS,1,1784901464,1785061800,26.129854,SXR,0x6629Ce1Cf35Cc1329ebB4F63202F3f197b3F050B
0xba32de28e80bd91c93f975e4d019732334e10b062db8e2dc6f27833ef242182b,0x8268feC8dCb0D284343054BDf2b649286c9aA0a1,,16.03155,1.8113,Under/Over (3.5),,K1-League,Incheon United vs Bucheon FC 1995,Incheon United,Bucheon FC 1995,0xa3cf09d0d0a07ab71d0d0f1d6a1a89b78bd3aa932e98d71a358d42a5d42a088a,L19529954,0,0,SUCCESS,1,1784899326,1785061800,19.761541,SXR,0x6629Ce1Cf35Cc1329ebB4F63202F3f197b3F050B
0x9032729e17df861c96682ff19a47ea297efe16116a04be3a6f4c605bf33e1b5e,0x0DeAbC808957aBc9f4778C03b03CC1D2cBBC9D60,1,5,1.2225,1X2,FC Anyang,K1-League,FC Anyang vs Gangwon FC,FC Anyang,Gangwon FC,0x5fc6f03b8b48c32500e59d490519f5256e805b7d18654249e41643a9364206cb,L19529998,0,0,SUCCESS,1,1784897123,1785061800,22.47191,SXR,0x6629Ce1Cf35Cc1329ebB4F63202F3f197b3F050B
0xbcc19cc3be938a64df9a07efe51c7f61f75b975186d5da4168102d68754ee3f5,0x8268feC8dCb0D284343054BDf2b649286c9aA0a1,1,13.4,1.2225,1X2,FC Anyang,K1-League,FC Anyang vs Gangwon FC,FC Anyang,Gangwon FC,0x5fc6f03b8b48c32500e59d490519f5256e805b7d18654249e41643a9364206cb,L19529998,0,0,SUCCESS,1,1784897098,1785061800,60.224719,SXR,0x6629Ce1Cf35Cc1329ebB4F63202F3f197b3F050B
0x86243f15e87dc769c2631b7cb2688dd3ad1cc601705600328775f2a893a7ed4b,0x0DeAbC808957aBc9f4778C03b03CC1D2cBBC9D60,,5,1.4725,Under/Over (2),,K1-League,FC Anyang vs Gangwon FC,FC Anyang,Gangwon FC,0x9933e3a14f9da9102ac61ba287a74e3716870dfb78e17550d2b39eccdec11f8d,L19529998,0,0,SUCCESS,1,1784895082,1785061800,10.582011,SXR,0x6629Ce1Cf35Cc1329ebB4F63202F3f197b3F050B
0xa0d96881497e1078a4b211a690fd98349d3171297e75d66db5152666d0218921,0x8268feC8dCb0D284343054BDf2b649286c9aA0a1,1,14.61,1.2087,Under/Over (3.5),Over 3.5,K1-League,Gwangju FC vs Jeju Sk Fc,Gwangju FC,Jeju Sk Fc,0xdff669182301d6619ab2557f048b13a7773bc7e974861610342c90583d85bac0,L19529971,0,0,SUCCESS,1,1784895056,1785061800,69.988024,SXR,0x6629Ce1Cf35Cc1329ebB4F63202F3f197b3F050B
0xb9041630bf66c292b784deb7e7e34ae46c33fda24b39730722565cadc84ae7d7,0x8268feC8dCb0D284343054BDf2b649286c9aA0a1,,22.34857,1.4725,Under/Over (2),,K1-League,FC Anyang vs Gangwon FC,FC Anyang,Gangwon FC,0x9933e3a14f9da9102ac61ba287a74e3716870dfb78e17550d2b39eccdec11f8d,L19529998,0,0,SUCCESS,1,1784895055,1785061800,47.298561,SXR,0x6629Ce1Cf35Cc1329ebB4F63202F3f197b3F050B
0xdef7b703f709fee51b075d05d5a96746d0b56c843c2f73280e021a35ae31206d,0x8268feC8dCb0D284343054BDf2b649286c9aA0a1,1,14.63,1.205,Under/Over (3.5),Over 3.5,K1-League,FC Anyang vs Gangwon FC,FC Anyang,Gangwon FC,0xaa0096c27bd9372437433027a657fd9f5f69be5f7ad3ec0118153e6e0d97ed3c,L19529998,0,0,SUCCESS,1,1784894526,1785061800,71.365854,SXR,0x6629Ce1Cf35Cc1329ebB4F63202F3f197b3F050B
0xaeae68ab81d4c073736b42900e221ebb910d829b5eadde76b2c50d385cfc6b57,0x0DeAbC808957aBc9f4778C03b03CC1D2cBBC9D60,1,5,1.205,Under/Over (3.5),Over 3.5,K1-League,FC Anyang vs Gangwon FC,FC Anyang,Gangwon FC,0xaa0096c27bd9372437433027a657fd9f5f69be5f7ad3ec0118153e6e0d97ed3c,L19529998,0,0,SUCCESS,1,1784894422,1785061800,24.390244,SXR,0x6629Ce1Cf35Cc1329ebB4F63202F3f197b3F050B
0xa636fe3c35c06167cbddb9bfa94e148fa3a7f94bd6067c07ae180d1be936bbe0,0x8268feC8dCb0D284343054BDf2b649286c9aA0a1,1,15.26,1.205,Under/Over (3.5),Over 3.5,K1-League,FC Anyang vs Gangwon FC,FC Anyang,Gangwon FC,0xaa0096c27bd9372437433027a657fd9f5f69be5f7ad3ec0118153e6e0d97ed3c,L19529998,0,0,SUCCESS,1,1784894406,1785061800,74.439024,SXR,0x6629Ce1Cf35Cc1329ebB4F63202F3f197b3F050B
0x4104aa1e94de204822b926e77a5dea4dad51ec68a8d97788eb1e979412e5710c,0x8268feC8dCb0D284343054BDf2b649286c9aA0a1,1,13.53,1.2037,Under/Over (3.5),Over 3.5,K1-League,FC Anyang vs Gangwon FC,FC Anyang,Gangwon FC,0xaa0096c27bd9372437433027a657fd9f5f69be5f7ad3ec0118153e6e0d97ed3c,L19529998,0,0,SUCCESS,1,1784888171,1785061800,66.404908,SXR,0x6629Ce1Cf35Cc1329ebB4F63202F3f197b3F050B
0xb07b2ccc29124ff965e6296e425a5e69720b717fc72a2a384e4983d2af3b8475,0x8268feC8dCb0D284343054BDf2b649286c9aA0a1,1,15.52,1.225,1X2,Gwangju FC,K1-League,Gwangju FC vs Jeju Sk Fc,Gwangju FC,Jeju Sk Fc,0x41eec21ac26b1917e3b0622a7e7b645fead5c3564c1f20019fca7d99885e7110,L19529971,0,0,SUCCESS,1,1784887624,1785061800,68.977778,SXR,0x6629Ce1Cf35Cc1329ebB4F63202F3f197b3F050B
0x57357ff04b89911b721f04214bfea6a7799f254a1e510129f76ce964f228d635,0x8268feC8dCb0D284343054BDf2b649286c9aA0a1,,13.61834,1.4712,Under/Over (2),,K1-League,Incheon United vs Bucheon FC 1995,Incheon United,Bucheon FC 1995,0x29107a14702eb45252e83989b54ebd0ee61b763c608cd03eaefff5efe2d4c6a0,L19529954,0,0,SUCCESS,1,1784885045,1785061800,28.898334,SXR,0x6629Ce1Cf35Cc1329ebB4F63202F3f197b3F050B
0x10ffab59a93f8046295e1569835da3150bb352da705f1077643bf8bf96379681,0x8268feC8dCb0D284343054BDf2b649286c9aA0a1,,32.79838,1.6125,Under/Over (2.5),,K1-League,Incheon United vs Bucheon FC 1995,Incheon United,Bucheon FC 1995,0xf940f31d3c32421dee8b1db9d5be4196e69ff25d51792dc6cb7d858a9af75913,L19529954,0,0,SUCCESS,1,1784885045,1785061800,53.548376,SXR,0x6629Ce1Cf35Cc1329ebB4F63202F3f197b3F050B
0xaf27f69740a8b45824395970377fd049593bbaa6248b3a097a2a1d1a42b19493,0x0DeAbC808957aBc9f4778C03b03CC1D2cBBC9D60,,5,1.8087,Under/Over (3.5),,K1-League,Incheon United vs Bucheon FC 1995,Incheon United,Bucheon FC 1995,0xa3cf09d0d0a07ab71d0d0f1d6a1a89b78bd3aa932e98d71a358d42a5d42a088a,L19529954,0,0,SUCCESS,1,1784877991,1785061800,6.18238,SXR,0x6629Ce1Cf35Cc1329ebB4F63202F3f197b3F050B
0x2a6835391c4c1ba44f91416483bc1d2c74a0b2ce8abbdab400a95fb04c09c315,0x8268feC8dCb0D284343054BDf2b649286c9aA0a1,,158.87441,1.8087,Under/Over (3.5),,K1-League,Incheon United vs Bucheon FC 1995,Incheon United,Bucheon FC 1995,0xa3cf09d0d0a07ab71d0d0f1d6a1a89b78bd3aa932e98d71a358d42a5d42a088a,L19529954,0,0,SUCCESS,1,1784877975,1785061800,196.444402,SXR,0x6629Ce1Cf35Cc1329ebB4F63202F3f197b3F050B
0x215bd6dd25112b3243cf87b873e698d2837bc888b4fb0ce9500dc31f8cef8209,0x0DeAbC808957aBc9f4778C03b03CC1D2cBBC9D60,,5,1.8087,Under/Over (3.5),,K1-League,Incheon United vs Bucheon FC 1995,Incheon United,Bucheon FC 1995,0xa3cf09d0d0a07ab71d0d0f1d6a1a89b78bd3aa932e98d71a358d42a5d42a088a,L19529954,0,0,SUCCESS,1,1784877441,1785061800,6.18238,SXR,0x6629Ce1Cf35Cc1329ebB4F63202F3f197b3F050B
0xac19bf4e01bc761e387bcfce3fe4d8c44f4561a3c09493549744c6a807963188,0x8268feC8dCb0D284343054BDf2b649286c9aA0a1,,21.22833,1.8087,Under/Over (3.5),,K1-League,Incheon United vs Bucheon FC 1995,Incheon United,Bucheon FC 1995,0xa3cf09d0d0a07ab71d0d0f1d6a1a89b78bd3aa932e98d71a358d42a5d42a088a,L19529954,0,0,SUCCESS,1,1784877430,1785061800,26.248321,SXR,0x6629Ce1Cf35Cc1329ebB4F63202F3f197b3F050B
0x9008fc2c7845af03fe455f3a7f765211b8c2f3fdc042416eb319e714e8378dd2,0x740d5718a79A8559fEeE8B00922F8Cd773A81D84,1,1.35,1.2275,1X2,Gwangju FC,K1-League,Gwangju FC vs Jeju Sk Fc,Gwangju FC,Jeju Sk Fc,0x41eec21ac26b1917e3b0622a7e7b645fead5c3564c1f20019fca7d99885e7110,L19529971,0,0,SUCCESS,1,1784877329,1785061800,5.934066,SXR,0x6629Ce1Cf35Cc1329ebB4F63202F3f197b3F050B
0x0d7abab5534c1a9f933587b998c8562b5fe5451b30bb8442735dd1920b88ccf6,0x1b1185C2A2d1Ec3CA592f5c21f52dD4aD449163f,1,3,1.1775,1X2,Bucheon FC 1995,K1-League,Incheon United vs Bucheon FC 1995,Incheon United,Bucheon FC 1995,0xdef27d216a07a9fb59a22cd1d0fcceb705b248c70b4557dd8ff287d8df9c0285,L19529954,0,0,SUCCESS,1,1784819455,1785061800,16.901408,SXR,0x6629Ce1Cf35Cc1329ebB4F63202F3f197b3F050B
0xc184b10191550dd75f5a52a5246bd575721c12ff338ecbeb294c609de1c80aa5,0x0DeAbC808957aBc9f4778C03b03CC1D2cBBC9D60,1,2.42,1.195,Under/Over (3.5),Over 3.5,K1-League,Incheon United vs Bucheon FC 1995,Incheon United,Bucheon FC 1995,0xa3cf09d0d0a07ab71d0d0f1d6a1a89b78bd3aa932e98d71a358d42a5d42a088a,L19529954,0,0,SUCCESS,1,1784813263,1785061800,12.410256,SXR,0x6629Ce1Cf35Cc1329ebB4F63202F3f197b3F050B
0x6a2200c1f843b7be425c5473f0f6d94e89ae34c3f2ded2ec3b45dc0f1fbbaa56,0x8268feC8dCb0D284343054BDf2b649286c9aA0a1,1,39.18,1.1963,Under/Over (3.5),Over 3.5,K1-League,Incheon United vs Bucheon FC 1995,Incheon United,Bucheon FC 1995,0xa3cf09d0d0a07ab71d0d0f1d6a1a89b78bd3aa932e98d71a358d42a5d42a088a,L19529954,0,0,SUCCESS,1,1784813247,1785061800,199.643312,SXR,0x6629Ce1Cf35Cc1329ebB4F63202F3f197b3F050B
0x3761069f98e3f7e8bac8605694e7b91824dc99d216062e5f50f6ae9acc13e4dc,0x8268feC8dCb0D284343054BDf2b649286c9aA0a1,1,82.09,1.3938,Under/Over (2.5),Over 2.5,K1-League,Incheon United vs Bucheon FC 1995,Incheon United,Bucheon FC 1995,0xf940f31d3c32421dee8b1db9d5be4196e69ff25d51792dc6cb7d858a9af75913,L19529954,0,0,SUCCESS,1,1784813247,1785061800,208.48254,SXR,0x6629Ce1Cf35Cc1329ebB4F63202F3f197b3F050B
0x0b9d412101ec985d4ba51b147db1b608d16e5b1d1880628fb222c75f1a0b5606,0x8268feC8dCb0D284343054BDf2b649286c9aA0a1,1,111.94999,1.5362,Under/Over (2),Over 2.0,K1-League,Incheon United vs Bucheon FC 1995,Incheon United,Bucheon FC 1995,0x29107a14702eb45252e83989b54ebd0ee61b763c608cd03eaefff5efe2d4c6a0,L19529954,0,0,SUCCESS,1,1784813247,1785061800,208.76455,SXR,0x6629Ce1Cf35Cc1329ebB4F63202F3f197b3F050B
0xa0d2722188d25976f77c3d7e527ad800fb6de93d0672fd6374ba5bb3cf83b4a4,0x8268feC8dCb0D284343054BDf2b649286c9aA0a1,1,48.64,1.2375,Under/Over (3),Over 3.0,K1-League,Incheon United vs Bucheon FC 1995,Incheon United,Bucheon FC 1995,0x61c0e2438b710e3d9100c36a978f50e369b6d171dd22af63fc4d667863bd7a24,L19529954,0,0,SUCCESS,1,1784813246,1785061800,204.8,SXR,0x6629Ce1Cf35Cc1329ebB4F63202F3f197b3F050B
0x6326b1e3cbabbb9038c37044618a1a3f2246aefaf4bf9340ccc07878230d01ce,0x8268feC8dCb0D284343054BDf2b649286c9aA0a1,1,35.19,1.1925,Under/Over (3.5),Over 3.5,K1-League,Incheon United vs Bucheon FC 1995,Incheon United,Bucheon FC 1995,0xa3cf09d0d0a07ab71d0d0f1d6a1a89b78bd3aa932e98d71a358d42a5d42a088a,L19529954,0,0,SUCCESS,1,1784813246,1785061800,182.805195,SXR,0x6629Ce1Cf35Cc1329ebB4F63202F3f197b3F050B
0x2bb92c795dd07dd7925c69b00cf955af8816d2c0f630729ad11c18c5beb53d15,0x8268feC8dCb0D284343054BDf2b649286c9aA0a1,,132.28729,1.6288,Under/Over (2.5),,K1-League,Incheon United vs Bucheon FC 1995,Incheon United,Bucheon FC 1995,0xf940f31d3c32421dee8b1db9d5be4196e69ff25d51792dc6cb7d858a9af75913,L19529954,0,0,SUCCESS,1,1784813069,1785061800,210.39728,SXR,0x6629Ce1Cf35Cc1329ebB4F63202F3f197b3F050B
0x241e45ce64e910802cfd9254408d0da76d9e9ceac60d77883a999f1429c5cb31,0x8268feC8dCb0D284343054BDf2b649286c9aA0a1,,48.0942,1.2412,K1-League,,K1-League,Incheon United vs Bucheon FC 1995,Incheon United,Bucheon FC 1995,0xc6e1edd20330b279b7cafbba2561cb2a7b92bc2d9d246151892d636a9b8080f0,L19529954,0,0,SUCCESS,1,1784813069,1785061800,199.354197,SXR,0x6629Ce1Cf35Cc1329ebB4F63202F3f197b3F050B
0xfda69f7aa83e75a04cfb7f2b0d858829762b93b004b3bb202b3048c91aa5fc55,0x8268feC8dCb0D284343054BDf2b649286c9aA0a1,,32.72354,1.4888,Under/Over (2),,K1-League,Incheon United vs Bucheon FC 1995,Incheon United,Bucheon FC 1995,0x29107a14702eb45252e83989b54ebd0ee61b763c608cd03eaefff5efe2d4c6a0,L19529954,0,0,SUCCESS,1,1784813068,1785061800,66.953535,SXR,0x6629Ce1Cf35Cc1329ebB4F63202F3f197b3F050B
0x9dc052746329ad5d24dd3b6c784c3d4b720954d2718415930b7fb95111cf002f,0x8268feC8dCb0D284343054BDf2b649286c9aA0a1,1,13.52,1.1713,1X2,Bucheon FC 1995,K1-League,Incheon United vs Bucheon FC 1995,Incheon United,Bucheon FC 1995,0xdef27d216a07a9fb59a22cd1d0fcceb705b248c70b4557dd8ff287d8df9c0285,L19529954,0,0,SUCCESS,1,1784805754,1785061800,78.948905,SXR,0x6629Ce1Cf35Cc1329ebB4F63202F3f197b3F050B
