fillHash,bettor,side,stake,odds,marketLabel,betLabel,competition,gameLabel,teamOneName,teamTwoName,marketHash,sportXeventId,maker,settled,tradeStatus,valid,betTime,gameTime,netReturn,chainVersion,baseToken
0x7d838897a689742b32dde29742c73a22b27331fd993dbc45a5b0c7c6278d639b,0xFD3a22179CA4104E97c670b834750Bd7Ff310b17,1,1.16,1.0675,1X2,Tie,UEFA Super Cup,Paris Saint Germain vs Aston Villa,Paris Saint Germain,Aston Villa,0x82142b3963732a3fdd36aa8afa37f80a8be5d40f1cde3d8c81b2a40f833fd442,L19066036,0,0,SUCCESS,1,1786567978,1786561200,17.185185,SXR,0x6629Ce1Cf35Cc1329ebB4F63202F3f197b3F050B
0x5b6a18b7d57e5606cb945bc853320110dbb7034061babc24f037cacf5afc6a95,0xFD3a22179CA4104E97c670b834750Bd7Ff310b17,1,5.00288,1.91,1X2,Paris Saint Germain,UEFA Super Cup,Paris Saint Germain vs Aston Villa,Paris Saint Germain,Aston Villa,0xd90089ceb0c9854c3d68a3f09fc4fa855b3a26537e60e3a02b69256aaacd29db,L19066036,0,0,SUCCESS,1,1786567743,1786561200,5.49767,SXR,0x6629Ce1Cf35Cc1329ebB4F63202F3f197b3F050B
0xa0b135bdb550255003cf439ba857dd0c4ee1f23646c44d81486fc6a9a9dbab6e,0x8268feC8dCb0D284343054BDf2b649286c9aA0a1,,227.56935,1.4575,Asian Handicap (-1),,UEFA Super Cup,Paris Saint Germain vs Aston Villa,Paris Saint Germain,Aston Villa,0x67230bcb83f942bc217c5d745ea1712885e0906db6bd151cb38c9c1c8672117b,L19066036,0,0,SUCCESS,1,1786567626,1786561200,497.419344,SXR,0x6629Ce1Cf35Cc1329ebB4F63202F3f197b3F050B
0xf50781dfd0c7d08429fcc5c601c9dc7b042fa7eadc616a482a9df8352923dc6e,0x69D09a1664c41C5056FB80bADDDC652Be0B66dca,1,1,1.8625,1X2,Paris Saint Germain,UEFA Super Cup,Paris Saint Germain vs Aston Villa,Paris Saint Germain,Aston Villa,0xd90089ceb0c9854c3d68a3f09fc4fa855b3a26537e60e3a02b69256aaacd29db,L19066036,0,0,SUCCESS,1,1786567541,1786561200,1.15942,SXR,0x6629Ce1Cf35Cc1329ebB4F63202F3f197b3F050B
0x5a3426f9e16aec30ba8069f798774ab06ce5044284449069cd1c966f3c486b5c,0xFD3a22179CA4104E97c670b834750Bd7Ff310b17,1,1.03,1.1675,1X2,Tie,UEFA Super Cup,Paris Saint Germain vs Aston Villa,Paris Saint Germain,Aston Villa,0x82142b3963732a3fdd36aa8afa37f80a8be5d40f1cde3d8c81b2a40f833fd442,L19066036,0,0,SUCCESS,1,1786567300,1786561200,6.149254,SXR,0x6629Ce1Cf35Cc1329ebB4F63202F3f197b3F050B
0x2b098741cf71539944cd08226348ba65da4faacef5e7cc31ec3157ef761c6c2a,0xFD3a22179CA4104E97c670b834750Bd7Ff310b17,,45.93995,1.8425,1X2,,UEFA Super Cup,Paris Saint Germain vs Aston Villa,Paris Saint Germain,Aston Villa,0x82142b3963732a3fdd36aa8afa37f80a8be5d40f1cde3d8c81b2a40f833fd442,L19066036,0,0,SUCCESS,1,1786567193,1786561200,54.528131,SXR,0x6629Ce1Cf35Cc1329ebB4F63202F3f197b3F050B
0x2cd62ade95b89d6b0d94a8cae5a9a39ff33aaf8ce205f8334411b859ee93a058,0xFD3a22179CA4104E97c670b834750Bd7Ff310b17,,104.52997,1.8425,1X2,,UEFA Super Cup,Paris Saint Germain vs Aston Villa,Paris Saint Germain,Aston Villa,0x82142b3963732a3fdd36aa8afa37f80a8be5d40f1cde3d8c81b2a40f833fd442,L19066036,0,0,SUCCESS,1,1786567179,1786561200,124.071181,SXR,0x6629Ce1Cf35Cc1329ebB4F63202F3f197b3F050B
0xa71bfc9269850a76e75b4eb8fc05d94fe4669e0b9253badaea826498ed3f9907,0xFD3a22179CA4104E97c670b834750Bd7Ff310b17,1,13.52773,1.8275,1X2,Paris Saint Germain,UEFA Super Cup,Paris Saint Germain vs Aston Villa,Paris Saint Germain,Aston Villa,0xd90089ceb0c9854c3d68a3f09fc4fa855b3a26537e60e3a02b69256aaacd29db,L19066036,0,0,SUCCESS,1,1786567177,1786561200,16.34771,SXR,0x6629Ce1Cf35Cc1329ebB4F63202F3f197b3F050B
0x49c92d8ef8d409847361f9e12e5cd57ddac21d0ed75159f577ef31b6653d7ed0,0xFD3a22179CA4104E97c670b834750Bd7Ff310b17,1,0.00334,1.8413,1X2,Paris Saint Germain,UEFA Super Cup,Paris Saint Germain vs Aston Villa,Paris Saint Germain,Aston Villa,0xd90089ceb0c9854c3d68a3f09fc4fa855b3a26537e60e3a02b69256aaacd29db,L19066036,0,0,SUCCESS,1,1786567142,1786561200,0.00397,SXR,0x6629Ce1Cf35Cc1329ebB4F63202F3f197b3F050B
0xfca2cb87cef34d3794715175863838ae2e88cad002620a8ae9ce66e04a5c7ae9,0xFD3a22179CA4104E97c670b834750Bd7Ff310b17,1,2536.92,1.8325,1X2,Paris Saint Germain,UEFA Super Cup,Paris Saint Germain vs Aston Villa,Paris Saint Germain,Aston Villa,0xd90089ceb0c9854c3d68a3f09fc4fa855b3a26537e60e3a02b69256aaacd29db,L19066036,0,0,SUCCESS,1,1786567141,1786561200,3047.351351,SXR,0x6629Ce1Cf35Cc1329ebB4F63202F3f197b3F050B
0xd3f5d81b77ad05c4afcad19869f8a63189784681bacfd21e82b6fcd2044d42ed,0x8268feC8dCb0D284343054BDf2b649286c9aA0a1,,3161.59539,1.4025,Asian Handicap (-1),,UEFA Super Cup,Paris Saint Germain vs Aston Villa,Paris Saint Germain,Aston Villa,0x67230bcb83f942bc217c5d745ea1712885e0906db6bd151cb38c9c1c8672117b,L19066036,0,0,SUCCESS,1,1786567090,1786561200,7854.895379,SXR,0x6629Ce1Cf35Cc1329ebB4F63202F3f197b3F050B
0xa765c3d1763fa549cd0ff2b392661d7d348f9619479085be6b6246a032a3cb64,0xFD3a22179CA4104E97c670b834750Bd7Ff310b17,1,20.4,1.1675,1X2,Tie,UEFA Super Cup,Paris Saint Germain vs Aston Villa,Paris Saint Germain,Aston Villa,0x82142b3963732a3fdd36aa8afa37f80a8be5d40f1cde3d8c81b2a40f833fd442,L19066036,0,0,SUCCESS,1,1786567019,1786561200,121.791045,SXR,0x6629Ce1Cf35Cc1329ebB4F63202F3f197b3F050B
0x9d33fe543de1a2d5c212217a340abdc257d57c767498d1824bfbb4f3c8c710d0,0xFD3a22179CA4104E97c670b834750Bd7Ff310b17,,1,1.3975,Asian Handicap (-1),,UEFA Super Cup,Paris Saint Germain vs Aston Villa,Paris Saint Germain,Aston Villa,0x67230bcb83f942bc217c5d745ea1712885e0906db6bd151cb38c9c1c8672117b,L19066036,0,0,SUCCESS,1,1786567009,1786561200,2.515723,SXR,0x6629Ce1Cf35Cc1329ebB4F63202F3f197b3F050B
0x0f860ae06e39626c4ab914d9d09f7d70cb7368d0c58dd5632f1cf4700d9c035c,0xCf35f1782f282b1c6659882a3FAA48C637Ab693b,,68.47386,1.4838,Under/Over (3.5),,UEFA Super Cup,Paris Saint Germain vs Aston Villa,Paris Saint Germain,Aston Villa,0x1eb0162b5ef5cce461102a0a0589d643a0342cf1c36981096646de6b5d6f255c,L19066036,0,0,SUCCESS,1,1786566998,1786561200,141.548031,SXR,0x6629Ce1Cf35Cc1329ebB4F63202F3f197b3F050B
0x4cdc8bc3d77827bd930303d62d6ebcb04305683e64aaa25fa6a23846e14a90da,0xFD3a22179CA4104E97c670b834750Bd7Ff310b17,,19.45998,1.8325,1X2,,UEFA Super Cup,Paris Saint Germain vs Aston Villa,Paris Saint Germain,Aston Villa,0x82142b3963732a3fdd36aa8afa37f80a8be5d40f1cde3d8c81b2a40f833fd442,L19066036,0,0,SUCCESS,1,1786566945,1786561200,23.375351,SXR,0x6629Ce1Cf35Cc1329ebB4F63202F3f197b3F050B
0x4de0315c82d535770d4e84f592a3df9f8680715389b66db8c632d9d57d56ba92,0x8268feC8dCb0D284343054BDf2b649286c9aA0a1,,147.34806,1.38,Asian Handicap (-1),,UEFA Super Cup,Paris Saint Germain vs Aston Villa,Paris Saint Germain,Aston Villa,0x67230bcb83f942bc217c5d745ea1712885e0906db6bd151cb38c9c1c8672117b,L19066036,0,0,SUCCESS,1,1786566815,1786561200,387.758053,SXR,0x6629Ce1Cf35Cc1329ebB4F63202F3f197b3F050B
0x4310458d99cb55637cff612907a79594f0575fdeab38315bd64dea6a1308f91d,0x8268feC8dCb0D284343054BDf2b649286c9aA0a1,,131.58663,1.38,Asian Handicap (-1),,UEFA Super Cup,Paris Saint Germain vs Aston Villa,Paris Saint Germain,Aston Villa,0x67230bcb83f942bc217c5d745ea1712885e0906db6bd151cb38c9c1c8672117b,L19066036,0,0,SUCCESS,1,1786566803,1786561200,346.280605,SXR,0x6629Ce1Cf35Cc1329ebB4F63202F3f197b3F050B
0x35ae808b2bdc42931c70b5920bd4924a44053f7a84f758f2ee255b3b3f89c213,0xFD3a22179CA4104E97c670b834750Bd7Ff310b17,,3.21996,1.8275,1X2,,UEFA Super Cup,Paris Saint Germain vs Aston Villa,Paris Saint Germain,Aston Villa,0x82142b3963732a3fdd36aa8afa37f80a8be5d40f1cde3d8c81b2a40f833fd442,L19066036,0,0,SUCCESS,1,1786566756,1786561200,3.89119,SXR,0x6629Ce1Cf35Cc1329ebB4F63202F3f197b3F050B
0x79f6365d5d119e1fd43b1ab21ff8ce7971cb3bf9be61b179e56fcd9c7fc11be6,0x161ba9aad05022c88726A1D1244fDF624e51BFD5,,2.5,1.2063,1X2,,UEFA Super Cup,Paris Saint Germain vs Aston Villa,Paris Saint Germain,Aston Villa,0xd90089ceb0c9854c3d68a3f09fc4fa855b3a26537e60e3a02b69256aaacd29db,L19066036,0,0,SUCCESS,1,1786566588,1786561200,12.121212,SXR,0x6629Ce1Cf35Cc1329ebB4F63202F3f197b3F050B
0x81370267944c31cc0e1984c47337426acabcfff4601dea58fdaf7e91825849f9,0xFD3a22179CA4104E97c670b834750Bd7Ff310b17,,0.00113,1.83,1X2,,UEFA Super Cup,Paris Saint Germain vs Aston Villa,Paris Saint Germain,Aston Villa,0x82142b3963732a3fdd36aa8afa37f80a8be5d40f1cde3d8c81b2a40f833fd442,L19066036,0,0,SUCCESS,1,1786566558,1786561200,0.001361,SXR,0x6629Ce1Cf35Cc1329ebB4F63202F3f197b3F050B
0x280f2d732eea4f264b31b5bf490cd5bee290a80557fcea8d84f90207d11c71e0,0x8268feC8dCb0D284343054BDf2b649286c9aA0a1,,38.15444,1.375,Asian Handicap (-1),,UEFA Super Cup,Paris Saint Germain vs Aston Villa,Paris Saint Germain,Aston Villa,0x67230bcb83f942bc217c5d745ea1712885e0906db6bd151cb38c9c1c8672117b,L19066036,0,0,SUCCESS,1,1786566543,1786561200,101.745173,SXR,0x6629Ce1Cf35Cc1329ebB4F63202F3f197b3F050B
0xae6d1d2feab4cb105e756a4e67b772810903f24c92614fab64713159334f9094,0x8268feC8dCb0D284343054BDf2b649286c9aA0a1,,106.89,1.375,Asian Handicap (-1),,UEFA Super Cup,Paris Saint Germain vs Aston Villa,Paris Saint Germain,Aston Villa,0x67230bcb83f942bc217c5d745ea1712885e0906db6bd151cb38c9c1c8672117b,L19066036,0,0,SUCCESS,1,1786566542,1786561200,285.04,SXR,0x6629Ce1Cf35Cc1329ebB4F63202F3f197b3F050B
0x3fea132bb2b842566da3000d06b7e24530d860e14859c5a537c88653a236760e,0x8268feC8dCb0D284343054BDf2b649286c9aA0a1,,1184.034,1.375,Asian Handicap (-1),,UEFA Super Cup,Paris Saint Germain vs Aston Villa,Paris Saint Germain,Aston Villa,0x67230bcb83f942bc217c5d745ea1712885e0906db6bd151cb38c9c1c8672117b,L19066036,0,0,SUCCESS,1,1786566540,1786561200,3157.424,SXR,0x6629Ce1Cf35Cc1329ebB4F63202F3f197b3F050B
0xc5bb6d13bd832c8eea959f7ec09905708b00a361a43990de6a23607621e1c9ce,0xFD3a22179CA4104E97c670b834750Bd7Ff310b17,,147.67,1.375,Asian Handicap (-1),,UEFA Super Cup,Paris Saint Germain vs Aston Villa,Paris Saint Germain,Aston Villa,0x67230bcb83f942bc217c5d745ea1712885e0906db6bd151cb38c9c1c8672117b,L19066036,0,0,SUCCESS,1,1786566539,1786561200,393.786667,SXR,0x6629Ce1Cf35Cc1329ebB4F63202F3f197b3F050B
0x9fc6e017e15d115b80ba2c16747f7ad63cdd4a3730e6a08eae84d0929925c17e,0xFD3a22179CA4104E97c670b834750Bd7Ff310b17,,1,1.8325,1X2,,UEFA Super Cup,Paris Saint Germain vs Aston Villa,Paris Saint Germain,Aston Villa,0x82142b3963732a3fdd36aa8afa37f80a8be5d40f1cde3d8c81b2a40f833fd442,L19066036,0,0,SUCCESS,1,1786566498,1786561200,1.201201,SXR,0x6629Ce1Cf35Cc1329ebB4F63202F3f197b3F050B
0x24abf683fdebfd3540a901c2bb515ebeb4f8645c05df013724d587722f3e3f78,0x8268feC8dCb0D284343054BDf2b649286c9aA0a1,,1325.81795,1.365,Asian Handicap (-1),,UEFA Super Cup,Paris Saint Germain vs Aston Villa,Paris Saint Germain,Aston Villa,0x67230bcb83f942bc217c5d745ea1712885e0906db6bd151cb38c9c1c8672117b,L19066036,0,0,SUCCESS,1,1786566456,1786561200,3632.377945,SXR,0x6629Ce1Cf35Cc1329ebB4F63202F3f197b3F050B
0x0d19288ce43889c50a680c6d271d6f0a332a7d6aca35dbd67c4f39786f35d005,0x8268feC8dCb0D284343054BDf2b649286c9aA0a1,,340.47315,1.365,Asian Handicap (-1),,UEFA Super Cup,Paris Saint Germain vs Aston Villa,Paris Saint Germain,Aston Villa,0x67230bcb83f942bc217c5d745ea1712885e0906db6bd151cb38c9c1c8672117b,L19066036,0,0,SUCCESS,1,1786566451,1786561200,932.803151,SXR,0x6629Ce1Cf35Cc1329ebB4F63202F3f197b3F050B
0xd2c92da13a641e740e3282e9b8501ca896620b7951160afe54794f99f61bb736,0xFD3a22179CA4104E97c670b834750Bd7Ff310b17,,22.84,1.365,Asian Handicap (-1),,UEFA Super Cup,Paris Saint Germain vs Aston Villa,Paris Saint Germain,Aston Villa,0x67230bcb83f942bc217c5d745ea1712885e0906db6bd151cb38c9c1c8672117b,L19066036,0,0,SUCCESS,1,1786566447,1786561200,62.575342,SXR,0x6629Ce1Cf35Cc1329ebB4F63202F3f197b3F050B
0x0c21d4056f4c3f168a7a6376616d4e521dfb5dc630d267e09dbc98ab1c7acf7e,0x8268feC8dCb0D284343054BDf2b649286c9aA0a1,,639.57771,1.365,Asian Handicap (-1),,UEFA Super Cup,Paris Saint Germain vs Aston Villa,Paris Saint Germain,Aston Villa,0x67230bcb83f942bc217c5d745ea1712885e0906db6bd151cb38c9c1c8672117b,L19066036,0,0,SUCCESS,1,1786566437,1786561200,1752.267699,SXR,0x6629Ce1Cf35Cc1329ebB4F63202F3f197b3F050B
0xe686b20ddd5321ad10ccaf57d4206f41367858bf8c5ffdcff24152f9acaa121b,0x8268feC8dCb0D284343054BDf2b649286c9aA0a1,,939.36055,1.365,Asian Handicap (-1),,UEFA Super Cup,Paris Saint Germain vs Aston Villa,Paris Saint Germain,Aston Villa,0x67230bcb83f942bc217c5d745ea1712885e0906db6bd151cb38c9c1c8672117b,L19066036,0,0,SUCCESS,1,1786566434,1786561200,2573.590548,SXR,0x6629Ce1Cf35Cc1329ebB4F63202F3f197b3F050B
0x42a1818e0d60aef1e7faff60a1977fd14ebdb5d22a8d438faa1d7eeb69ce52e8,0x8268feC8dCb0D284343054BDf2b649286c9aA0a1,,639.57771,1.365,Asian Handicap (-1),,UEFA Super Cup,Paris Saint Germain vs Aston Villa,Paris Saint Germain,Aston Villa,0x67230bcb83f942bc217c5d745ea1712885e0906db6bd151cb38c9c1c8672117b,L19066036,0,0,SUCCESS,1,1786566426,1786561200,1752.267699,SXR,0x6629Ce1Cf35Cc1329ebB4F63202F3f197b3F050B
0x1ae56753a3dabfac17369c43d1b5b38364b73d74389babe3acf1a38069507ac6,0xFD3a22179CA4104E97c670b834750Bd7Ff310b17,,11.53,1.365,Asian Handicap (-1),,UEFA Super Cup,Paris Saint Germain vs Aston Villa,Paris Saint Germain,Aston Villa,0x67230bcb83f942bc217c5d745ea1712885e0906db6bd151cb38c9c1c8672117b,L19066036,0,0,SUCCESS,1,1786566425,1786561200,31.589041,SXR,0x6629Ce1Cf35Cc1329ebB4F63202F3f197b3F050B
0x781f2383768aff4fd4fcdc027b549a4d374d29d88a9d43b027f2e9a078e2eda3,0xCEe90381E99774720969aA47E91c0Bd669f3D64E,1,100,1.6687,Under/Over (3.5),Over 3.5,UEFA Super Cup,Paris Saint Germain vs Aston Villa,Paris Saint Germain,Aston Villa,0x1eb0162b5ef5cce461102a0a0589d643a0342cf1c36981096646de6b5d6f255c,L19066036,0,0,SUCCESS,1,1786566422,1786561200,149.53271,SXR,0x6629Ce1Cf35Cc1329ebB4F63202F3f197b3F050B
0x9fc5408fe88c17c53dd7ef97c079e70c11eceb53f78025f770e1f33dbc30a01a,0x8268feC8dCb0D284343054BDf2b649286c9aA0a1,,768.80161,1.365,Asian Handicap (-1),,UEFA Super Cup,Paris Saint Germain vs Aston Villa,Paris Saint Germain,Aston Villa,0x67230bcb83f942bc217c5d745ea1712885e0906db6bd151cb38c9c1c8672117b,L19066036,0,0,SUCCESS,1,1786566419,1786561200,2106.305781,SXR,0x6629Ce1Cf35Cc1329ebB4F63202F3f197b3F050B
0xd280da7faa61dcbf73380278d378472165000bf0b50a7dc852064ff70d3bbb41,0x8268feC8dCb0D284343054BDf2b649286c9aA0a1,,783.11756,1.365,Asian Handicap (-1),,UEFA Super Cup,Paris Saint Germain vs Aston Villa,Paris Saint Germain,Aston Villa,0x67230bcb83f942bc217c5d745ea1712885e0906db6bd151cb38c9c1c8672117b,L19066036,0,0,SUCCESS,1,1786566415,1786561200,2145.527562,SXR,0x6629Ce1Cf35Cc1329ebB4F63202F3f197b3F050B
0xf019d33ff1ff9e86f611684d169006b7ad1278797bbd4e221d2a790d15436f33,0xFD3a22179CA4104E97c670b834750Bd7Ff310b17,,1.94999,1.8325,1X2,,UEFA Super Cup,Paris Saint Germain vs Aston Villa,Paris Saint Germain,Aston Villa,0x82142b3963732a3fdd36aa8afa37f80a8be5d40f1cde3d8c81b2a40f833fd442,L19066036,0,0,SUCCESS,1,1786566376,1786561200,2.34233,SXR,0x6629Ce1Cf35Cc1329ebB4F63202F3f197b3F050B
0xf4ebd42252c91f862a8d66affa4e77961f538a908092b59135489a067bd7678c,0xFD3a22179CA4104E97c670b834750Bd7Ff310b17,,1.22,1.2075,Asian Handicap (-0.5),,UEFA Super Cup,Paris Saint Germain vs Aston Villa,Paris Saint Germain,Aston Villa,0x633e1f4af7bf294be4c13c5c783beb3d10adbea62e87950389cb3cfa326086cb,L19066036,0,0,SUCCESS,1,1786566330,1786561200,5.879518,SXR,0x6629Ce1Cf35Cc1329ebB4F63202F3f197b3F050B
0x6f9493dcd9c520cea39c87ed238ef651bf6f1c5c72cf42680f668b1ad749fa93,0xFD3a22179CA4104E97c670b834750Bd7Ff310b17,,162.29,1.2063,1X2,,UEFA Super Cup,Paris Saint Germain vs Aston Villa,Paris Saint Germain,Aston Villa,0xd90089ceb0c9854c3d68a3f09fc4fa855b3a26537e60e3a02b69256aaacd29db,L19066036,0,0,SUCCESS,1,1786566329,1786561200,786.860606,SXR,0x6629Ce1Cf35Cc1329ebB4F63202F3f197b3F050B
0x93004eceb47a60097f34a3e4ca43cdbda0340f2329f8dcff657784fd4153c70a,0xFD3a22179CA4104E97c670b834750Bd7Ff310b17,,1.27,1.2087,Asian Handicap (-0.5),,UEFA Super Cup,Paris Saint Germain vs Aston Villa,Paris Saint Germain,Aston Villa,0x633e1f4af7bf294be4c13c5c783beb3d10adbea62e87950389cb3cfa326086cb,L19066036,0,0,SUCCESS,1,1786566303,1786561200,6.083832,SXR,0x6629Ce1Cf35Cc1329ebB4F63202F3f197b3F050B
0x945d9e185e77646e19f2ee65447bdab5e0766fdf2a27c6ffb4ac872ec4041c9f,0x8d9542eb7e03DD72150EF36D9F57E6C901519415,1,135.19,1.8,1X2,Paris Saint Germain,UEFA Super Cup,Paris Saint Germain vs Aston Villa,Paris Saint Germain,Aston Villa,0xd90089ceb0c9854c3d68a3f09fc4fa855b3a26537e60e3a02b69256aaacd29db,L19066036,0,0,SUCCESS,1,1786566229,1786561200,168.9875,SXR,0x6629Ce1Cf35Cc1329ebB4F63202F3f197b3F050B
0x13b83570e4961c51380c7cfd7e815d7c1cb897beb33dabca8862ef7221ab1e79,0x68E1818FF20BBe84F9be9E0A4A395FB11079Bd35,,261.21,1.2012,1X2,,UEFA Super Cup,Paris Saint Germain vs Aston Villa,Paris Saint Germain,Aston Villa,0xd90089ceb0c9854c3d68a3f09fc4fa855b3a26537e60e3a02b69256aaacd29db,L19066036,0,0,SUCCESS,1,1786566211,1786561200,1297.937888,SXR,0x6629Ce1Cf35Cc1329ebB4F63202F3f197b3F050B
0x620006dc0474a1111a729f504cf462bb52512144be70d66735ea1ead4294c730,0xFD3a22179CA4104E97c670b834750Bd7Ff310b17,1,1.85,1.6612,Asian Handicap (-1),Paris Saint Germain -1,UEFA Super Cup,Paris Saint Germain vs Aston Villa,Paris Saint Germain,Aston Villa,0x67230bcb83f942bc217c5d745ea1712885e0906db6bd151cb38c9c1c8672117b,L19066036,0,0,SUCCESS,1,1786566191,1786561200,2.797732,SXR,0x6629Ce1Cf35Cc1329ebB4F63202F3f197b3F050B
0xf4e915768c19f43187df0b14154e9ee12984240d9140682d8da6ec6e279db743,0x8268feC8dCb0D284343054BDf2b649286c9aA0a1,1,12.7994,1.1763,1X2,Tie,UEFA Super Cup,Paris Saint Germain vs Aston Villa,Paris Saint Germain,Aston Villa,0x82142b3963732a3fdd36aa8afa37f80a8be5d40f1cde3d8c81b2a40f833fd442,L19066036,0,0,SUCCESS,1,1786566146,1786561200,72.620709,SXR,0x6629Ce1Cf35Cc1329ebB4F63202F3f197b3F050B
0x6696c68affaf4259e1321130b8699202f201819d8c6e735de93feee6a8232d18,0x8268feC8dCb0D284343054BDf2b649286c9aA0a1,1,15.23,1.1687,1X2,Tie,UEFA Super Cup,Paris Saint Germain vs Aston Villa,Paris Saint Germain,Aston Villa,0x82142b3963732a3fdd36aa8afa37f80a8be5d40f1cde3d8c81b2a40f833fd442,L19066036,0,0,SUCCESS,1,1786566146,1786561200,90.251852,SXR,0x6629Ce1Cf35Cc1329ebB4F63202F3f197b3F050B
0x08cc114a7b5e307518e3a85f9d05c87c601c8c3801dfa8fcca3fac985bbe0029,0x8268feC8dCb0D284343054BDf2b649286c9aA0a1,1,29.85,1.1687,1X2,Tie,UEFA Super Cup,Paris Saint Germain vs Aston Villa,Paris Saint Germain,Aston Villa,0x82142b3963732a3fdd36aa8afa37f80a8be5d40f1cde3d8c81b2a40f833fd442,L19066036,0,0,SUCCESS,1,1786566144,1786561200,176.888889,SXR,0x6629Ce1Cf35Cc1329ebB4F63202F3f197b3F050B
0xcadf96904dd3bc77dc7e3f2d901c3f8f7fd07354cac60552d05261cb5c15555e,0x31eed84E4EEAaA6c20EB2b3D5Dc80Ad13dBCB13b,,1.22951,1.2063,1X2,,UEFA Super Cup,Paris Saint Germain vs Aston Villa,Paris Saint Germain,Aston Villa,0xd90089ceb0c9854c3d68a3f09fc4fa855b3a26537e60e3a02b69256aaacd29db,L19066036,0,0,SUCCESS,1,1786566042,1786561200,5.961261,SXR,0x6629Ce1Cf35Cc1329ebB4F63202F3f197b3F050B
0xeb7b24f9b2a13604af5b695abf201fad077e3a8fe8a509328a238a2be605b1c6,0xC88F614A48f8A705d7465b03aAF62ddaca0c3754,,1,1.175,Under/Over (2.5),,UEFA Super Cup,Paris Saint Germain vs Aston Villa,Paris Saint Germain,Aston Villa,0x40d2c11bb90148bb1491fd1a5f8f94c6aaefad0b17bf95ff4a50b41a9a0b9b2f,L19066036,0,0,SUCCESS,1,1786565998,1786561200,5.714286,SXR,0x6629Ce1Cf35Cc1329ebB4F63202F3f197b3F050B
0x7ddf68abb5fff330a47d36c4bb2f2f914d82874c4609fac31390f9bc20911f9c,0x31eed84E4EEAaA6c20EB2b3D5Dc80Ad13dBCB13b,,1.05,1.175,Under/Over (2.5),,UEFA Super Cup,Paris Saint Germain vs Aston Villa,Paris Saint Germain,Aston Villa,0x40d2c11bb90148bb1491fd1a5f8f94c6aaefad0b17bf95ff4a50b41a9a0b9b2f,L19066036,0,0,SUCCESS,1,1786565998,1786561200,6.0,SXR,0x6629Ce1Cf35Cc1329ebB4F63202F3f197b3F050B
0x63c4c10e7d357110be4e9403e2aa1e03fc7429dec5d29ace6adff23ba51f3693,0xFD3a22179CA4104E97c670b834750Bd7Ff310b17,,29.21,1.575,1X2,,UEFA Super Cup,Paris Saint Germain vs Aston Villa,Paris Saint Germain,Aston Villa,0xd90089ceb0c9854c3d68a3f09fc4fa855b3a26537e60e3a02b69256aaacd29db,L19066036,0,0,SUCCESS,1,1786565923,1786561200,50.8,SXR,0x6629Ce1Cf35Cc1329ebB4F63202F3f197b3F050B
0x7da4ca13deb13fd378ee3643c15c19f1935ed7e767a4ccca1a584bf492fbc242,0x8268feC8dCb0D284343054BDf2b649286c9aA0a1,1,211,1.165,1X2,Aston Villa,UEFA Super Cup,Paris Saint Germain vs Aston Villa,Paris Saint Germain,Aston Villa,0x7d79a11368f71901641550937f2120d0c09dccfc84328fabe81c1eb7847ce4b5,L19066036,0,0,SUCCESS,1,1786565921,1786561200,1278.787879,SXR,0x6629Ce1Cf35Cc1329ebB4F63202F3f197b3F050B
0xada618fb361012ecfd8d667263866e9511e405261b6a11f86caff4579fcccd68,0x97EC1C9682F70091efB04e97b0B34698cF815EE1,1,24.38,1.4275,1X2,Paris Saint Germain,UEFA Super Cup,Paris Saint Germain vs Aston Villa,Paris Saint Germain,Aston Villa,0xd90089ceb0c9854c3d68a3f09fc4fa855b3a26537e60e3a02b69256aaacd29db,L19066036,0,0,SUCCESS,1,1786565881,1786561200,57.02924,SXR,0x6629Ce1Cf35Cc1329ebB4F63202F3f197b3F050B
0x340a562becddb8f7601155d9412d1be6d413263eb2eabec27c3bf7d7efab08fc,0x8268feC8dCb0D284343054BDf2b649286c9aA0a1,1,102.88,1.395,1X2,Tie,UEFA Super Cup,Paris Saint Germain vs Aston Villa,Paris Saint Germain,Aston Villa,0x82142b3963732a3fdd36aa8afa37f80a8be5d40f1cde3d8c81b2a40f833fd442,L19066036,0,0,SUCCESS,1,1786565842,1786561200,260.455696,SXR,0x6629Ce1Cf35Cc1329ebB4F63202F3f197b3F050B
0xdef079f3e9456770f2325af93f2ef619189d7edfb23431464c3c97be061a5689,0x161ba9aad05022c88726A1D1244fDF624e51BFD5,1,2.5,1.455,1X2,Paris Saint Germain,UEFA Super Cup,Paris Saint Germain vs Aston Villa,Paris Saint Germain,Aston Villa,0xd90089ceb0c9854c3d68a3f09fc4fa855b3a26537e60e3a02b69256aaacd29db,L19066036,0,0,SUCCESS,1,1786565757,1786561200,5.494505,SXR,0x6629Ce1Cf35Cc1329ebB4F63202F3f197b3F050B
0x049ecf17baf066ffbf95074e263b81b966b2d9bade53172696f08e21aefd445c,0xFD3a22179CA4104E97c670b834750Bd7Ff310b17,,1.55999,1.5525,Asian Handicap (-0.5),,UEFA Super Cup,Paris Saint Germain vs Aston Villa,Paris Saint Germain,Aston Villa,0x633e1f4af7bf294be4c13c5c783beb3d10adbea62e87950389cb3cfa326086cb,L19066036,0,0,SUCCESS,1,1786565730,1786561200,2.823511,SXR,0x6629Ce1Cf35Cc1329ebB4F63202F3f197b3F050B
0xcb8b8c850a4efd8510a81f84504b01d410bd6667fe4610b5bdb239c10aa76ec6,0x8268feC8dCb0D284343054BDf2b649286c9aA0a1,,102.41886,1.56,Asian Handicap (-0.5),,UEFA Super Cup,Paris Saint Germain vs Aston Villa,Paris Saint Germain,Aston Villa,0x633e1f4af7bf294be4c13c5c783beb3d10adbea62e87950389cb3cfa326086cb,L19066036,0,0,SUCCESS,1,1786565714,1786561200,182.890821,SXR,0x6629Ce1Cf35Cc1329ebB4F63202F3f197b3F050B
0xc97dbafa13076a9b8892e683e163cf48af32c5b6bd4869927faad33822164506,0x8268feC8dCb0D284343054BDf2b649286c9aA0a1,,171.47454,1.56,1X2,,UEFA Super Cup,Paris Saint Germain vs Aston Villa,Paris Saint Germain,Aston Villa,0xd90089ceb0c9854c3d68a3f09fc4fa855b3a26537e60e3a02b69256aaacd29db,L19066036,0,0,SUCCESS,1,1786565714,1786561200,306.204536,SXR,0x6629Ce1Cf35Cc1329ebB4F63202F3f197b3F050B
0x054fe12e330af9dd255378163e9be9bcd7ebd5567ab6faa6e8952a4a9439896f,0x8268feC8dCb0D284343054BDf2b649286c9aA0a1,,240.91205,1.56,1X2,,UEFA Super Cup,Paris Saint Germain vs Aston Villa,Paris Saint Germain,Aston Villa,0xd90089ceb0c9854c3d68a3f09fc4fa855b3a26537e60e3a02b69256aaacd29db,L19066036,0,0,SUCCESS,1,1786565714,1786561200,430.200089,SXR,0x6629Ce1Cf35Cc1329ebB4F63202F3f197b3F050B
0x17aee1157f9682fe5a4511303dc03404171ed8fe373a3d840071c53b28dd39e1,0x8268feC8dCb0D284343054BDf2b649286c9aA0a1,,240.91205,1.56,Asian Handicap (-0.5),,UEFA Super Cup,Paris Saint Germain vs Aston Villa,Paris Saint Germain,Aston Villa,0x633e1f4af7bf294be4c13c5c783beb3d10adbea62e87950389cb3cfa326086cb,L19066036,0,0,SUCCESS,1,1786565713,1786561200,430.200089,SXR,0x6629Ce1Cf35Cc1329ebB4F63202F3f197b3F050B
0xe2de83f6c278af4d26434132780650dbe34e5f3da5eff73a15d2154606beadef,0xFD3a22179CA4104E97c670b834750Bd7Ff310b17,,1.12999,1.5525,1X2,,UEFA Super Cup,Paris Saint Germain vs Aston Villa,Paris Saint Germain,Aston Villa,0xd90089ceb0c9854c3d68a3f09fc4fa855b3a26537e60e3a02b69256aaacd29db,L19066036,0,0,SUCCESS,1,1786565710,1786561200,2.045231,SXR,0x6629Ce1Cf35Cc1329ebB4F63202F3f197b3F050B
0xef7f9896d9e34c1e3ea0fe3549b09fcf0dbefae5922ca1cb3ddeba5bc6dc974f,0x8268feC8dCb0D284343054BDf2b649286c9aA0a1,,633.1111,1.55,1X2,,UEFA Super Cup,Paris Saint Germain vs Aston Villa,Paris Saint Germain,Aston Villa,0xd90089ceb0c9854c3d68a3f09fc4fa855b3a26537e60e3a02b69256aaacd29db,L19066036,0,0,SUCCESS,1,1786565696,1786561200,1151.111091,SXR,0x6629Ce1Cf35Cc1329ebB4F63202F3f197b3F050B
0x492ed239eee8a6faec3a6187488a34ad0dea846668fa5e4ce791972bee5ea600,0xFD3a22179CA4104E97c670b834750Bd7Ff310b17,,2.24,1.55,1X2,,UEFA Super Cup,Paris Saint Germain vs Aston Villa,Paris Saint Germain,Aston Villa,0xd90089ceb0c9854c3d68a3f09fc4fa855b3a26537e60e3a02b69256aaacd29db,L19066036,0,0,SUCCESS,1,1786565694,1786561200,4.072727,SXR,0x6629Ce1Cf35Cc1329ebB4F63202F3f197b3F050B
0xee30e95f4bd1ef3df6454d8b89bd4e4489f36f488bd82a54523477984a640ed8,0xFD3a22179CA4104E97c670b834750Bd7Ff310b17,,1.7,1.555,Asian Handicap (-0.5),,UEFA Super Cup,Paris Saint Germain vs Aston Villa,Paris Saint Germain,Aston Villa,0x633e1f4af7bf294be4c13c5c783beb3d10adbea62e87950389cb3cfa326086cb,L19066036,0,0,SUCCESS,1,1786565692,1786561200,3.063063,SXR,0x6629Ce1Cf35Cc1329ebB4F63202F3f197b3F050B
0x681d01ad2ad5cc2093b9184e23fcc7b6d9493ef9a67994eb5fa46f7a64b61664,0xFD3a22179CA4104E97c670b834750Bd7Ff310b17,,2.89,1.5575,Asian Handicap (-0.5),,UEFA Super Cup,Paris Saint Germain vs Aston Villa,Paris Saint Germain,Aston Villa,0x633e1f4af7bf294be4c13c5c783beb3d10adbea62e87950389cb3cfa326086cb,L19066036,0,0,SUCCESS,1,1786565679,1786561200,5.183857,SXR,0x6629Ce1Cf35Cc1329ebB4F63202F3f197b3F050B
0x2322d9c62104fa36f6c357e99538f717dcdadabdf2b55b7bff9daf076ce40e13,0xFD3a22179CA4104E97c670b834750Bd7Ff310b17,,1.45,1.555,1X2,,UEFA Super Cup,Paris Saint Germain vs Aston Villa,Paris Saint Germain,Aston Villa,0xd90089ceb0c9854c3d68a3f09fc4fa855b3a26537e60e3a02b69256aaacd29db,L19066036,0,0,SUCCESS,1,1786565679,1786561200,2.612613,SXR,0x6629Ce1Cf35Cc1329ebB4F63202F3f197b3F050B
0x64dc8d348f3e301fcbd74b05672043118de0c048a64452fb9acf57d9ff859b59,0xFD3a22179CA4104E97c670b834750Bd7Ff310b17,,19.44999,1.6212,1X2,,UEFA Super Cup,Paris Saint Germain vs Aston Villa,Paris Saint Germain,Aston Villa,0x82142b3963732a3fdd36aa8afa37f80a8be5d40f1cde3d8c81b2a40f833fd442,L19066036,0,0,SUCCESS,1,1786565666,1786561200,31.307831,SXR,0x6629Ce1Cf35Cc1329ebB4F63202F3f197b3F050B
0xabd6c72da3d7230061d39f7094203c0d354a2ce0f55d30b960003086a0bd9ddd,0xFD3a22179CA4104E97c670b834750Bd7Ff310b17,,4.14,1.55,1X2,,UEFA Super Cup,Paris Saint Germain vs Aston Villa,Paris Saint Germain,Aston Villa,0xd90089ceb0c9854c3d68a3f09fc4fa855b3a26537e60e3a02b69256aaacd29db,L19066036,0,0,SUCCESS,1,1786565651,1786561200,7.527273,SXR,0x6629Ce1Cf35Cc1329ebB4F63202F3f197b3F050B
0xb6a8da67d9ec7ebcab07caa6bdb943e0ef1a0ff3ab6ea74fd81259d86f850786,0x8268feC8dCb0D284343054BDf2b649286c9aA0a1,,1113.33329,1.835,1X2,,UEFA Super Cup,Paris Saint Germain vs Aston Villa,Paris Saint Germain,Aston Villa,0x7d79a11368f71901641550937f2120d0c09dccfc84328fabe81c1eb7847ce4b5,L19066036,0,0,SUCCESS,1,1786565590,1786561200,1333.333281,SXR,0x6629Ce1Cf35Cc1329ebB4F63202F3f197b3F050B
0x281fe2a71717ff09722894b734b8db9222acf37a51a5667f5ec6d7bb14f3e73d,0xFD3a22179CA4104E97c670b834750Bd7Ff310b17,1,1,1.465,1X2,Paris Saint Germain,UEFA Super Cup,Paris Saint Germain vs Aston Villa,Paris Saint Germain,Aston Villa,0xd90089ceb0c9854c3d68a3f09fc4fa855b3a26537e60e3a02b69256aaacd29db,L19066036,0,0,SUCCESS,1,1786565574,1786561200,2.150538,SXR,0x6629Ce1Cf35Cc1329ebB4F63202F3f197b3F050B
0x629ca0549200260220e44ea22133fe6ee3aabfa6ec7b8449e4f830f5c138061f,0xFD3a22179CA4104E97c670b834750Bd7Ff310b17,1,1,1.4675,1X2,Paris Saint Germain,UEFA Super Cup,Paris Saint Germain vs Aston Villa,Paris Saint Germain,Aston Villa,0xd90089ceb0c9854c3d68a3f09fc4fa855b3a26537e60e3a02b69256aaacd29db,L19066036,0,0,SUCCESS,1,1786565544,1786561200,2.139037,SXR,0x6629Ce1Cf35Cc1329ebB4F63202F3f197b3F050B
0x3951b258e7c5fbf294a012677a2e8e09ec014a09061194504463316537e74d28,0x8268feC8dCb0D284343054BDf2b649286c9aA0a1,1,100.83,1.4512,1X2,Paris Saint Germain,UEFA Super Cup,Paris Saint Germain vs Aston Villa,Paris Saint Germain,Aston Villa,0xd90089ceb0c9854c3d68a3f09fc4fa855b3a26537e60e3a02b69256aaacd29db,L19066036,0,0,SUCCESS,1,1786565489,1786561200,223.445983,SXR,0x6629Ce1Cf35Cc1329ebB4F63202F3f197b3F050B
0x03c59a854ecc22691497726244ad4e3a65000c4db7b72bb63e83e12ec5613d6c,0x8268feC8dCb0D284343054BDf2b649286c9aA0a1,,575.71164,1.545,1X2,,UEFA Super Cup,Paris Saint Germain vs Aston Villa,Paris Saint Germain,Aston Villa,0xd90089ceb0c9854c3d68a3f09fc4fa855b3a26537e60e3a02b69256aaacd29db,L19066036,0,0,SUCCESS,1,1786565457,1786561200,1056.351633,SXR,0x6629Ce1Cf35Cc1329ebB4F63202F3f197b3F050B
0x72d406279bc3544166af96e387afd2ed569900735d36b03d7e825bad450d5fe5,0xFD3a22179CA4104E97c670b834750Bd7Ff310b17,1,1.31,1.37,1X2,Tie,UEFA Super Cup,Paris Saint Germain vs Aston Villa,Paris Saint Germain,Aston Villa,0x82142b3963732a3fdd36aa8afa37f80a8be5d40f1cde3d8c81b2a40f833fd442,L19066036,0,0,SUCCESS,1,1786565452,1786561200,3.540541,SXR,0x6629Ce1Cf35Cc1329ebB4F63202F3f197b3F050B
0xbae56020f6e3e8cfb80dcb5ccddfd1012947bef5a3d0148ba10bbd09618cd5ab,0x8268feC8dCb0D284343054BDf2b649286c9aA0a1,,44.7379,1.545,1X2,,UEFA Super Cup,Paris Saint Germain vs Aston Villa,Paris Saint Germain,Aston Villa,0xd90089ceb0c9854c3d68a3f09fc4fa855b3a26537e60e3a02b69256aaacd29db,L19066036,0,0,SUCCESS,1,1786565451,1786561200,82.08789,SXR,0x6629Ce1Cf35Cc1329ebB4F63202F3f197b3F050B
0x27aef4bc26a9a8946bb249a4aeab6d3164fdb5e14393fefff5321ac88fc5cb09,0x68E1818FF20BBe84F9be9E0A4A395FB11079Bd35,1,355.76021,1.46,1X2,Paris Saint Germain,UEFA Super Cup,Paris Saint Germain vs Aston Villa,Paris Saint Germain,Aston Villa,0xd90089ceb0c9854c3d68a3f09fc4fa855b3a26537e60e3a02b69256aaacd29db,L19066036,0,0,SUCCESS,1,1786565434,1786561200,773.391761,SXR,0x6629Ce1Cf35Cc1329ebB4F63202F3f197b3F050B
0xf81a92939eec0df551f9cc39e39877504f3cdfc25a88980dad760ed634b144a0,0x8268feC8dCb0D284343054BDf2b649286c9aA0a1,,653.50537,1.535,1X2,,UEFA Super Cup,Paris Saint Germain vs Aston Villa,Paris Saint Germain,Aston Villa,0xd90089ceb0c9854c3d68a3f09fc4fa855b3a26537e60e3a02b69256aaacd29db,L19066036,0,0,SUCCESS,1,1786565384,1786561200,1221.505364,SXR,0x6629Ce1Cf35Cc1329ebB4F63202F3f197b3F050B
0xbf9ea991242dcd35dd0cfe870fb4e72c9bdb1c8813d9140d2b62e9d8fa6790a9,0xFD3a22179CA4104E97c670b834750Bd7Ff310b17,,4.03999,1.6438,1X2,,UEFA Super Cup,Paris Saint Germain vs Aston Villa,Paris Saint Germain,Aston Villa,0x82142b3963732a3fdd36aa8afa37f80a8be5d40f1cde3d8c81b2a40f833fd442,L19066036,0,0,SUCCESS,1,1786565358,1786561200,6.275713,SXR,0x6629Ce1Cf35Cc1329ebB4F63202F3f197b3F050B
0xb0dd0cc292fdfbf18080f112fd3dc9c4941ebef798cbc9ea7256d29e5bf41bf2,0xFD3a22179CA4104E97c670b834750Bd7Ff310b17,1,3.98,1.36,1X2,Tie,UEFA Super Cup,Paris Saint Germain vs Aston Villa,Paris Saint Germain,Aston Villa,0x82142b3963732a3fdd36aa8afa37f80a8be5d40f1cde3d8c81b2a40f833fd442,L19066036,0,0,SUCCESS,1,1786565355,1786561200,11.055556,SXR,0x6629Ce1Cf35Cc1329ebB4F63202F3f197b3F050B
0x8fcf050f683c1af18bf4a793469321b4eec518b462f473713aefbcc571b876da,0xFD3a22179CA4104E97c670b834750Bd7Ff310b17,1,3.04,1.3575,1X2,Tie,UEFA Super Cup,Paris Saint Germain vs Aston Villa,Paris Saint Germain,Aston Villa,0x82142b3963732a3fdd36aa8afa37f80a8be5d40f1cde3d8c81b2a40f833fd442,L19066036,0,0,SUCCESS,1,1786565323,1786561200,8.503497,SXR,0x6629Ce1Cf35Cc1329ebB4F63202F3f197b3F050B
0xa0e61bf8bfad70a95b1d76b5a52eeba9058c137fce6ab121066bb9703fce2d60,0x161ba9aad05022c88726A1D1244fDF624e51BFD5,1,5,1.4712,1X2,Paris Saint Germain,UEFA Super Cup,Paris Saint Germain vs Aston Villa,Paris Saint Germain,Aston Villa,0xd90089ceb0c9854c3d68a3f09fc4fa855b3a26537e60e3a02b69256aaacd29db,L19066036,0,0,SUCCESS,1,1786565275,1786561200,10.61008,SXR,0x6629Ce1Cf35Cc1329ebB4F63202F3f197b3F050B
0x55768a466723c74ca6946b72c105aad43c2c263b2b0ad999ba20dc6ec89c68df,0x8268feC8dCb0D284343054BDf2b649286c9aA0a1,1,116.73,1.355,1X2,Tie,UEFA Super Cup,Paris Saint Germain vs Aston Villa,Paris Saint Germain,Aston Villa,0x82142b3963732a3fdd36aa8afa37f80a8be5d40f1cde3d8c81b2a40f833fd442,L19066036,0,0,SUCCESS,1,1786565274,1786561200,328.816901,SXR,0x6629Ce1Cf35Cc1329ebB4F63202F3f197b3F050B
0xe135a8a09d2cc294dbb834903e828b59d6aca5bf08e6a3572fab0d7e38c9265e,0xFD3a22179CA4104E97c670b834750Bd7Ff310b17,1,1.89,1.4712,1X2,Paris Saint Germain,UEFA Super Cup,Paris Saint Germain vs Aston Villa,Paris Saint Germain,Aston Villa,0xd90089ceb0c9854c3d68a3f09fc4fa855b3a26537e60e3a02b69256aaacd29db,L19066036,0,0,SUCCESS,1,1786565264,1786561200,4.01061,SXR,0x6629Ce1Cf35Cc1329ebB4F63202F3f197b3F050B
0xc4a9ef89488c1f938c31f6d3082245ac1e27e972142b7904c40daf27e9306dd0,0x8268feC8dCb0D284343054BDf2b649286c9aA0a1,1,439.35955,1.345,1X2,Tie,UEFA Super Cup,Paris Saint Germain vs Aston Villa,Paris Saint Germain,Aston Villa,0x82142b3963732a3fdd36aa8afa37f80a8be5d40f1cde3d8c81b2a40f833fd442,L19066036,0,0,SUCCESS,1,1786565135,1786561200,1273.505942,SXR,0x6629Ce1Cf35Cc1329ebB4F63202F3f197b3F050B
0x39de37669ca62428f4eaefe5c501ce0387ed9116d6a45a42a6abd15c553d7ead,0xFD3a22179CA4104E97c670b834750Bd7Ff310b17,1,1.64,1.345,1X2,Tie,UEFA Super Cup,Paris Saint Germain vs Aston Villa,Paris Saint Germain,Aston Villa,0x82142b3963732a3fdd36aa8afa37f80a8be5d40f1cde3d8c81b2a40f833fd442,L19066036,0,0,SUCCESS,1,1786565129,1786561200,4.753623,SXR,0x6629Ce1Cf35Cc1329ebB4F63202F3f197b3F050B
0x76a74f4425ffba4a393f23ab92674e3f08489322823f8230545cbc97f2b04448,0x8268feC8dCb0D284343054BDf2b649286c9aA0a1,,1064.3529,1.83,1X2,,UEFA Super Cup,Paris Saint Germain vs Aston Villa,Paris Saint Germain,Aston Villa,0x7d79a11368f71901641550937f2120d0c09dccfc84328fabe81c1eb7847ce4b5,L19066036,0,0,SUCCESS,1,1786565125,1786561200,1282.352892,SXR,0x6629Ce1Cf35Cc1329ebB4F63202F3f197b3F050B
0xd3027593b69dc6349b9ee19a7bcae1b5c44102a5c789e2a423735b89cb1364eb,0xFD3a22179CA4104E97c670b834750Bd7Ff310b17,1,9.81582,1.5,1X2,Paris Saint Germain,UEFA Super Cup,Paris Saint Germain vs Aston Villa,Paris Saint Germain,Aston Villa,0xd90089ceb0c9854c3d68a3f09fc4fa855b3a26537e60e3a02b69256aaacd29db,L19066036,0,0,SUCCESS,1,1786565062,1786561200,19.63164,SXR,0x6629Ce1Cf35Cc1329ebB4F63202F3f197b3F050B
0x3c77ab915aa3908a46782f0fa2ff326959e687f8e14fbc62ce294b72be26f5fa,0xFD3a22179CA4104E97c670b834750Bd7Ff310b17,1,18.26,1.4988,1X2,Paris Saint Germain,UEFA Super Cup,Paris Saint Germain vs Aston Villa,Paris Saint Germain,Aston Villa,0xd90089ceb0c9854c3d68a3f09fc4fa855b3a26537e60e3a02b69256aaacd29db,L19066036,0,0,SUCCESS,1,1786565062,1786561200,36.611529,SXR,0x6629Ce1Cf35Cc1329ebB4F63202F3f197b3F050B
0x6257f461fbee5b32b9edfa3ec7f076a179030f760b8651eb02ee967cc75d6808,0xFD3a22179CA4104E97c670b834750Bd7Ff310b17,1,1.24,1.495,1X2,Paris Saint Germain,UEFA Super Cup,Paris Saint Germain vs Aston Villa,Paris Saint Germain,Aston Villa,0xd90089ceb0c9854c3d68a3f09fc4fa855b3a26537e60e3a02b69256aaacd29db,L19066036,0,0,SUCCESS,1,1786564945,1786561200,2.505051,SXR,0x6629Ce1Cf35Cc1329ebB4F63202F3f197b3F050B
0xae6327bac579f76d08b8c813b7581144608fcfee2e2a33adf52e2a7f93ba30a8,0xFD3a22179CA4104E97c670b834750Bd7Ff310b17,,16.77999,1.6687,1X2,,UEFA Super Cup,Paris Saint Germain vs Aston Villa,Paris Saint Germain,Aston Villa,0x82142b3963732a3fdd36aa8afa37f80a8be5d40f1cde3d8c81b2a40f833fd442,L19066036,0,0,SUCCESS,1,1786564915,1786561200,25.091574,SXR,0x6629Ce1Cf35Cc1329ebB4F63202F3f197b3F050B
0x7d3e632c7c952c1d32134a941c76ff5f8bdeac57203bd235480696bb61f3cec9,0xFD3a22179CA4104E97c670b834750Bd7Ff310b17,1,1,1.495,1X2,Paris Saint Germain,UEFA Super Cup,Paris Saint Germain vs Aston Villa,Paris Saint Germain,Aston Villa,0xd90089ceb0c9854c3d68a3f09fc4fa855b3a26537e60e3a02b69256aaacd29db,L19066036,0,0,SUCCESS,1,1786564886,1786561200,2.020202,SXR,0x6629Ce1Cf35Cc1329ebB4F63202F3f197b3F050B
0xfc50b3131082efbfb88049e59266ac485ab6590c968e9a9ec4f17ac27772346b,0xFD3a22179CA4104E97c670b834750Bd7Ff310b17,,11.04804,1.6663,1X2,,UEFA Super Cup,Paris Saint Germain vs Aston Villa,Paris Saint Germain,Aston Villa,0x82142b3963732a3fdd36aa8afa37f80a8be5d40f1cde3d8c81b2a40f833fd442,L19066036,0,0,SUCCESS,1,1786564885,1786561200,16.582424,SXR,0x6629Ce1Cf35Cc1329ebB4F63202F3f197b3F050B
0x6886dc94709a669688a53ce426096b84805875fd57344ce3b0e89d0de5d18e18,0xFD3a22179CA4104E97c670b834750Bd7Ff310b17,1,24.95,1.34,1X2,Tie,UEFA Super Cup,Paris Saint Germain vs Aston Villa,Paris Saint Germain,Aston Villa,0x82142b3963732a3fdd36aa8afa37f80a8be5d40f1cde3d8c81b2a40f833fd442,L19066036,0,0,SUCCESS,1,1786564875,1786561200,73.382353,SXR,0x6629Ce1Cf35Cc1329ebB4F63202F3f197b3F050B
0xbb2d4d3ed24e634c4c1a80de10ab55d840a15221c63f31b0b27965bf9be135ae,0xFD3a22179CA4104E97c670b834750Bd7Ff310b17,1,13.85,1.34,1X2,Tie,UEFA Super Cup,Paris Saint Germain vs Aston Villa,Paris Saint Germain,Aston Villa,0x82142b3963732a3fdd36aa8afa37f80a8be5d40f1cde3d8c81b2a40f833fd442,L19066036,0,0,SUCCESS,1,1786564874,1786561200,40.735294,SXR,0x6629Ce1Cf35Cc1329ebB4F63202F3f197b3F050B
0xf50e75b13935538cb7ae65a966e4b8bc17ce03cca1191ba092a6890f88dba1a3,0xFD3a22179CA4104E97c670b834750Bd7Ff310b17,1,1.36,1.34,1X2,Tie,UEFA Super Cup,Paris Saint Germain vs Aston Villa,Paris Saint Germain,Aston Villa,0x82142b3963732a3fdd36aa8afa37f80a8be5d40f1cde3d8c81b2a40f833fd442,L19066036,0,0,SUCCESS,1,1786564862,1786561200,4.0,SXR,0x6629Ce1Cf35Cc1329ebB4F63202F3f197b3F050B
0xbcd8a0899279bc764b8cd4df9a1bb5df05a9d97daf6617f7d87bbdce1464c09b,0xFD3a22179CA4104E97c670b834750Bd7Ff310b17,,16.65999,1.6663,1X2,,UEFA Super Cup,Paris Saint Germain vs Aston Villa,Paris Saint Germain,Aston Villa,0x82142b3963732a3fdd36aa8afa37f80a8be5d40f1cde3d8c81b2a40f833fd442,L19066036,0,0,SUCCESS,1,1786564855,1786561200,25.005614,SXR,0x6629Ce1Cf35Cc1329ebB4F63202F3f197b3F050B
0x44bc3db917ad692c22f34ddb4a89c33b172c87ec11f0f9b57ec4b07b6fa4349f,0xFD3a22179CA4104E97c670b834750Bd7Ff310b17,1,2.73,1.34,1X2,Tie,UEFA Super Cup,Paris Saint Germain vs Aston Villa,Paris Saint Germain,Aston Villa,0x82142b3963732a3fdd36aa8afa37f80a8be5d40f1cde3d8c81b2a40f833fd442,L19066036,0,0,SUCCESS,1,1786564849,1786561200,8.029412,SXR,0x6629Ce1Cf35Cc1329ebB4F63202F3f197b3F050B
0x2774a3fb647ca16134dbeb331e9e1e770bea67f4f523ac35b36fb4526729a236,0xFD3a22179CA4104E97c670b834750Bd7Ff310b17,1,85.83,1.34,1X2,Tie,UEFA Super Cup,Paris Saint Germain vs Aston Villa,Paris Saint Germain,Aston Villa,0x82142b3963732a3fdd36aa8afa37f80a8be5d40f1cde3d8c81b2a40f833fd442,L19066036,0,0,SUCCESS,1,1786564836,1786561200,252.441176,SXR,0x6629Ce1Cf35Cc1329ebB4F63202F3f197b3F050B
0x819fb212996ccfeda7aa20b1ea65a4e1fa874af05a8a91e3fc8fab85c7c70a23,0xFD3a22179CA4104E97c670b834750Bd7Ff310b17,,2.24997,1.8062,Asian Handicap (-1.5),,UEFA Super Cup,Paris Saint Germain vs Aston Villa,Paris Saint Germain,Aston Villa,0x409d8b258d8921e8f4a2c11460cbb794c2d8610abb209e4090e8a8ae8f39d2d7,L19066036,0,0,SUCCESS,1,1786564828,1786561200,2.79066,SXR,0x6629Ce1Cf35Cc1329ebB4F63202F3f197b3F050B
0x5469e45b584f86e351f10c8cd72023a731bd3732cc3b7e45c645bee2e82b2cfd,0xFD3a22179CA4104E97c670b834750Bd7Ff310b17,,16.71999,1.6675,1X2,,UEFA Super Cup,Paris Saint Germain vs Aston Villa,Paris Saint Germain,Aston Villa,0x82142b3963732a3fdd36aa8afa37f80a8be5d40f1cde3d8c81b2a40f833fd442,L19066036,0,0,SUCCESS,1,1786564764,1786561200,25.048674,SXR,0x6629Ce1Cf35Cc1329ebB4F63202F3f197b3F050B
0x3bd6b45e8291bd15ed08c401f1b436fb0f017b7d17ea27b4a4f01750e3866b91,0xFD3a22179CA4104E97c670b834750Bd7Ff310b17,1,7.32,1.4988,1X2,Paris Saint Germain,UEFA Super Cup,Paris Saint Germain vs Aston Villa,Paris Saint Germain,Aston Villa,0xd90089ceb0c9854c3d68a3f09fc4fa855b3a26537e60e3a02b69256aaacd29db,L19066036,0,0,SUCCESS,1,1786564652,1786561200,14.676692,SXR,0x6629Ce1Cf35Cc1329ebB4F63202F3f197b3F050B
0x6bf1e0afc4de98ee554fb74ed622328b907f27d09f4a221ee1474566b464950c,0xFD3a22179CA4104E97c670b834750Bd7Ff310b17,1,1.69,1.4988,1X2,Paris Saint Germain,UEFA Super Cup,Paris Saint Germain vs Aston Villa,Paris Saint Germain,Aston Villa,0xd90089ceb0c9854c3d68a3f09fc4fa855b3a26537e60e3a02b69256aaacd29db,L19066036,0,0,SUCCESS,1,1786564613,1786561200,3.388471,SXR,0x6629Ce1Cf35Cc1329ebB4F63202F3f197b3F050B
0xdc1f7a625525e224a9c73c748b55d1cca37a19cfd97063184d94aa416492e685,0x8268feC8dCb0D284343054BDf2b649286c9aA0a1,,104.86,1.5,1X2,,UEFA Super Cup,Paris Saint Germain vs Aston Villa,Paris Saint Germain,Aston Villa,0xd90089ceb0c9854c3d68a3f09fc4fa855b3a26537e60e3a02b69256aaacd29db,L19066036,0,0,SUCCESS,1,1786564539,1786561200,209.72,SXR,0x6629Ce1Cf35Cc1329ebB4F63202F3f197b3F050B
0xc94e18a00a6c347f4cb13a2fc25ff199af19fb9b82577a1e8c0a1ef27196bedc,0x8268feC8dCb0D284343054BDf2b649286c9aA0a1,,19.92015,1.4988,1X2,,UEFA Super Cup,Paris Saint Germain vs Aston Villa,Paris Saint Germain,Aston Villa,0xd90089ceb0c9854c3d68a3f09fc4fa855b3a26537e60e3a02b69256aaacd29db,L19066036,0,0,SUCCESS,1,1786564538,1786561200,39.94015,SXR,0x6629Ce1Cf35Cc1329ebB4F63202F3f197b3F050B
0xd14681b7b2912d2a051d0a4b743202a0067fdaa163d84997aa6ed016733ca054,0x97EC1C9682F70091efB04e97b0B34698cF815EE1,1,34.25,1.1713,1X2,Aston Villa,UEFA Super Cup,Paris Saint Germain vs Aston Villa,Paris Saint Germain,Aston Villa,0x7d79a11368f71901641550937f2120d0c09dccfc84328fabe81c1eb7847ce4b5,L19066036,0,0,SUCCESS,1,1786564524,1786561200,200.0,SXR,0x6629Ce1Cf35Cc1329ebB4F63202F3f197b3F050B
0xebf3d346464878e6a4a23d147121f4c8c73c8ba895c0fb3d32861343f22f781e,0x8268feC8dCb0D284343054BDf2b649286c9aA0a1,,83.84969,1.4988,1X2,,UEFA Super Cup,Paris Saint Germain vs Aston Villa,Paris Saint Germain,Aston Villa,0xd90089ceb0c9854c3d68a3f09fc4fa855b3a26537e60e3a02b69256aaacd29db,L19066036,0,0,SUCCESS,1,1786564508,1786561200,168.119679,SXR,0x6629Ce1Cf35Cc1329ebB4F63202F3f197b3F050B
0xc82e0ef31c37e47105b0741cf8a0f06c1fc2624d3b4a3e3c0c638ca249e03742,0xFD3a22179CA4104E97c670b834750Bd7Ff310b17,,1,1.675,1X2,,UEFA Super Cup,Paris Saint Germain vs Aston Villa,Paris Saint Germain,Aston Villa,0x82142b3963732a3fdd36aa8afa37f80a8be5d40f1cde3d8c81b2a40f833fd442,L19066036,0,0,SUCCESS,1,1786564493,1786561200,1.481481,SXR,0x6629Ce1Cf35Cc1329ebB4F63202F3f197b3F050B
0xc9d5af1d5c2ffb701f3e1edf23f0bb126bb04511993126aeb2acc1bba92f614d,0xFD3a22179CA4104E97c670b834750Bd7Ff310b17,,1,1.675,1X2,,UEFA Super Cup,Paris Saint Germain vs Aston Villa,Paris Saint Germain,Aston Villa,0x82142b3963732a3fdd36aa8afa37f80a8be5d40f1cde3d8c81b2a40f833fd442,L19066036,0,0,SUCCESS,1,1786564433,1786561200,1.481481,SXR,0x6629Ce1Cf35Cc1329ebB4F63202F3f197b3F050B
0xa628907ea74456154cc2a0e2ef493ba93bdb945eb7ef3a06e344cfe998345d8b,0xFD3a22179CA4104E97c670b834750Bd7Ff310b17,1,1.51,1.335,1X2,Tie,UEFA Super Cup,Paris Saint Germain vs Aston Villa,Paris Saint Germain,Aston Villa,0x82142b3963732a3fdd36aa8afa37f80a8be5d40f1cde3d8c81b2a40f833fd442,L19066036,0,0,SUCCESS,1,1786564383,1786561200,4.507463,SXR,0x6629Ce1Cf35Cc1329ebB4F63202F3f197b3F050B
0xac3637a403e874807c26897abde1da551a8dc54c0a019c4c58cbb1929e03e375,0xFD3a22179CA4104E97c670b834750Bd7Ff310b17,1,618.5,1.5,1X2,Paris Saint Germain,UEFA Super Cup,Paris Saint Germain vs Aston Villa,Paris Saint Germain,Aston Villa,0xd90089ceb0c9854c3d68a3f09fc4fa855b3a26537e60e3a02b69256aaacd29db,L19066036,0,0,SUCCESS,1,1786564378,1786561200,1237.0,SXR,0x6629Ce1Cf35Cc1329ebB4F63202F3f197b3F050B
0x2a4bb8e15edbac722056b2bf74269568774a0cec9f6f703ad844be037312261d,0x161ba9aad05022c88726A1D1244fDF624e51BFD5,1,2.5,1.5,1X2,Paris Saint Germain,UEFA Super Cup,Paris Saint Germain vs Aston Villa,Paris Saint Germain,Aston Villa,0xd90089ceb0c9854c3d68a3f09fc4fa855b3a26537e60e3a02b69256aaacd29db,L19066036,0,0,SUCCESS,1,1786564372,1786561200,5.0,SXR,0x6629Ce1Cf35Cc1329ebB4F63202F3f197b3F050B
0xffbc39a80bf966de59f08ca9323549ca78aae80906603f87c4df1a0ec0e164da,0x8268feC8dCb0D284343054BDf2b649286c9aA0a1,1,3108.69998,1.7425,UEFA Super Cup,Paris Saint Germain,UEFA Super Cup,Paris Saint Germain vs Aston Villa,Paris Saint Germain,Aston Villa,0xe606a9a450716acc469c52d4cd4cc88af08c2e17027af860e1d62789a6948773,L19066036,0,0,SUCCESS,1,1786564313,1786561200,4186.80132,SXR,0x6629Ce1Cf35Cc1329ebB4F63202F3f197b3F050B
0xebd0b5f610a1e6cb930588102dee8f719c5bd8e6436da2ff5867f21c4fdb0afa,0x8268feC8dCb0D284343054BDf2b649286c9aA0a1,1,223.5,1.7425,UEFA Super Cup,Paris Saint Germain,UEFA Super Cup,Paris Saint Germain vs Aston Villa,Paris Saint Germain,Aston Villa,0xe606a9a450716acc469c52d4cd4cc88af08c2e17027af860e1d62789a6948773,L19066036,0,0,SUCCESS,1,1786564312,1786561200,301.010101,SXR,0x6629Ce1Cf35Cc1329ebB4F63202F3f197b3F050B
0x074e400b056ea597690411c1ec9cced654379a4147c8b7d9b9af481e2bf37c63,0xFD3a22179CA4104E97c670b834750Bd7Ff310b17,1,1.44,1.335,1X2,Tie,UEFA Super Cup,Paris Saint Germain vs Aston Villa,Paris Saint Germain,Aston Villa,0x82142b3963732a3fdd36aa8afa37f80a8be5d40f1cde3d8c81b2a40f833fd442,L19066036,0,0,SUCCESS,1,1786564280,1786561200,4.298507,SXR,0x6629Ce1Cf35Cc1329ebB4F63202F3f197b3F050B
0x4e428ef26fb2fa01309327f11556961a1bcd663e02cf4484eac837575853b54c,0xFD3a22179CA4104E97c670b834750Bd7Ff310b17,1,2.25,1.7425,UEFA Super Cup,Paris Saint Germain,UEFA Super Cup,Paris Saint Germain vs Aston Villa,Paris Saint Germain,Aston Villa,0xe606a9a450716acc469c52d4cd4cc88af08c2e17027af860e1d62789a6948773,L19066036,0,0,SUCCESS,1,1786564255,1786561200,3.030303,SXR,0x6629Ce1Cf35Cc1329ebB4F63202F3f197b3F050B
0x15c1af064c8f3e7fc740f369bd70e78beb6f1d0c434866f5f1e04c80b177a540,0xFD3a22179CA4104E97c670b834750Bd7Ff310b17,,59.14597,1.5137,1X2,,UEFA Super Cup,Paris Saint Germain vs Aston Villa,Paris Saint Germain,Aston Villa,0xd90089ceb0c9854c3d68a3f09fc4fa855b3a26537e60e3a02b69256aaacd29db,L19066036,0,0,SUCCESS,1,1786564197,1786561200,115.125976,SXR,0x6629Ce1Cf35Cc1329ebB4F63202F3f197b3F050B
0x63e1352893ce14b90fbdb9fbc42d6fb75cbe6ba44ae0a8cf484afd1b27af1576,0xFD3a22179CA4104E97c670b834750Bd7Ff310b17,1,7.27,1.34,1X2,Tie,UEFA Super Cup,Paris Saint Germain vs Aston Villa,Paris Saint Germain,Aston Villa,0x82142b3963732a3fdd36aa8afa37f80a8be5d40f1cde3d8c81b2a40f833fd442,L19066036,0,0,SUCCESS,1,1786564196,1786561200,21.382353,SXR,0x6629Ce1Cf35Cc1329ebB4F63202F3f197b3F050B
0x41e12863b06199ef7a4549a7f4035f0c2d83cba86402e045bfdedd6b9b13768c,0x68E1818FF20BBe84F9be9E0A4A395FB11079Bd35,1,32.75788,1.175,1X2,Aston Villa,UEFA Super Cup,Paris Saint Germain vs Aston Villa,Paris Saint Germain,Aston Villa,0x7d79a11368f71901641550937f2120d0c09dccfc84328fabe81c1eb7847ce4b5,L19066036,0,0,SUCCESS,1,1786564188,1786561200,187.187886,SXR,0x6629Ce1Cf35Cc1329ebB4F63202F3f197b3F050B
0x79b1939b4535f922e088bec416c5d2e9ecfe86b6bcaaa63c69f980cb71c7c365,0xFD3a22179CA4104E97c670b834750Bd7Ff310b17,,1,1.5088,1X2,,UEFA Super Cup,Paris Saint Germain vs Aston Villa,Paris Saint Germain,Aston Villa,0xd90089ceb0c9854c3d68a3f09fc4fa855b3a26537e60e3a02b69256aaacd29db,L19066036,0,0,SUCCESS,1,1786564163,1786561200,1.965602,SXR,0x6629Ce1Cf35Cc1329ebB4F63202F3f197b3F050B
0x900e13041bea8cfb756f89399a6261eb791badc75bf491b026be94853952a7dd,0xFD3a22179CA4104E97c670b834750Bd7Ff310b17,,1,1.5137,1X2,,UEFA Super Cup,Paris Saint Germain vs Aston Villa,Paris Saint Germain,Aston Villa,0xd90089ceb0c9854c3d68a3f09fc4fa855b3a26537e60e3a02b69256aaacd29db,L19066036,0,0,SUCCESS,1,1786564141,1786561200,1.946472,SXR,0x6629Ce1Cf35Cc1329ebB4F63202F3f197b3F050B
0xd0fd3eae0f127b7728ebe49a3a64ecb406d6847e4e6baa2139b22e102d305996,0xFD3a22179CA4104E97c670b834750Bd7Ff310b17,,1.18,1.51,1X2,,UEFA Super Cup,Paris Saint Germain vs Aston Villa,Paris Saint Germain,Aston Villa,0xd90089ceb0c9854c3d68a3f09fc4fa855b3a26537e60e3a02b69256aaacd29db,L19066036,0,0,SUCCESS,1,1786564117,1786561200,2.313725,SXR,0x6629Ce1Cf35Cc1329ebB4F63202F3f197b3F050B
0xab137d6c111b4604c35580bf6ffebc4f63620eba838e899d7a61609e5e4407c4,0xFD3a22179CA4104E97c670b834750Bd7Ff310b17,1,0.00266,1.5125,1X2,Paris Saint Germain,UEFA Super Cup,Paris Saint Germain vs Aston Villa,Paris Saint Germain,Aston Villa,0xd90089ceb0c9854c3d68a3f09fc4fa855b3a26537e60e3a02b69256aaacd29db,L19066036,0,0,SUCCESS,1,1786563987,1786561200,0.00519,SXR,0x6629Ce1Cf35Cc1329ebB4F63202F3f197b3F050B
0x70ee351478cc288bb7d23819a4cc23a653c4aa887ecdbdbcd9c835df16caae3b,0xFD3a22179CA4104E97c670b834750Bd7Ff310b17,1,47.83522,1.5112,1X2,Paris Saint Germain,UEFA Super Cup,Paris Saint Germain vs Aston Villa,Paris Saint Germain,Aston Villa,0xd90089ceb0c9854c3d68a3f09fc4fa855b3a26537e60e3a02b69256aaacd29db,L19066036,0,0,SUCCESS,1,1786563972,1786561200,93.565222,SXR,0x6629Ce1Cf35Cc1329ebB4F63202F3f197b3F050B
0x1ed205f1a14b5d77464326a5f212b846fba62ab4eda42acbce1f7195ec3e560a,0xFD3a22179CA4104E97c670b834750Bd7Ff310b17,1,6.67619,1.5088,1X2,Paris Saint Germain,UEFA Super Cup,Paris Saint Germain vs Aston Villa,Paris Saint Germain,Aston Villa,0xd90089ceb0c9854c3d68a3f09fc4fa855b3a26537e60e3a02b69256aaacd29db,L19066036,0,0,SUCCESS,1,1786563971,1786561200,13.122732,SXR,0x6629Ce1Cf35Cc1329ebB4F63202F3f197b3F050B
0x4148e27a4850a37fe7d363938022a613c96ac9589c97698372b5ce6d2f5b6903,0xFD3a22179CA4104E97c670b834750Bd7Ff310b17,1,2.18,1.16,1X2,Tie,UEFA Super Cup,Paris Saint Germain vs Aston Villa,Paris Saint Germain,Aston Villa,0x82142b3963732a3fdd36aa8afa37f80a8be5d40f1cde3d8c81b2a40f833fd442,L19066036,0,0,SUCCESS,1,1786563805,1786561200,13.625,SXR,0x6629Ce1Cf35Cc1329ebB4F63202F3f197b3F050B
0x6f3f6a5aa9bf9d2730c0337b5b052dcd360f94fe20c3eb46b5e7a383dcc9531d,0x8268feC8dCb0D284343054BDf2b649286c9aA0a1,1,172,1.155,1X2,Tie,UEFA Super Cup,Paris Saint Germain vs Aston Villa,Paris Saint Germain,Aston Villa,0x82142b3963732a3fdd36aa8afa37f80a8be5d40f1cde3d8c81b2a40f833fd442,L19066036,0,0,SUCCESS,1,1786563788,1786561200,1109.677419,SXR,0x6629Ce1Cf35Cc1329ebB4F63202F3f197b3F050B
0x1237428b9b841bec1063ee05f00816250d5333e0e683576144a9da77bc9e42e1,0x8268feC8dCb0D284343054BDf2b649286c9aA0a1,,1252.1109,1.955,1X2,,UEFA Super Cup,Paris Saint Germain vs Aston Villa,Paris Saint Germain,Aston Villa,0x7d79a11368f71901641550937f2120d0c09dccfc84328fabe81c1eb7847ce4b5,L19066036,0,0,SUCCESS,1,1786563720,1786561200,1311.11089,SXR,0x6629Ce1Cf35Cc1329ebB4F63202F3f197b3F050B
0x3ad97be3070f606227b63deb03e2736dfa7fa27c56cc39080d703cfdb2ea6891,0xFD3a22179CA4104E97c670b834750Bd7Ff310b17,,1.13,1.1987,1X2,,UEFA Super Cup,Paris Saint Germain vs Aston Villa,Paris Saint Germain,Aston Villa,0xd90089ceb0c9854c3d68a3f09fc4fa855b3a26537e60e3a02b69256aaacd29db,L19066036,0,0,SUCCESS,1,1786563714,1786561200,5.685535,SXR,0x6629Ce1Cf35Cc1329ebB4F63202F3f197b3F050B
0x59a1de2c280564a9e1b7049a0a2f3c45f99c28adc29ef65143f1e91ed61108e6,0xFD3a22179CA4104E97c670b834750Bd7Ff310b17,1,11.05,1.15,1X2,Tie,UEFA Super Cup,Paris Saint Germain vs Aston Villa,Paris Saint Germain,Aston Villa,0x82142b3963732a3fdd36aa8afa37f80a8be5d40f1cde3d8c81b2a40f833fd442,L19066036,0,0,SUCCESS,1,1786563709,1786561200,73.666667,SXR,0x6629Ce1Cf35Cc1329ebB4F63202F3f197b3F050B
0x30590a17bddfbdc3ddd877b0ada89c4252cb6dc4591f9b05094060436816b245,0x8268feC8dCb0D284343054BDf2b649286c9aA0a1,1,166.95059,1.15,1X2,Tie,UEFA Super Cup,Paris Saint Germain vs Aston Villa,Paris Saint Germain,Aston Villa,0x82142b3963732a3fdd36aa8afa37f80a8be5d40f1cde3d8c81b2a40f833fd442,L19066036,0,0,SUCCESS,1,1786563709,1786561200,1113.003933,SXR,0x6629Ce1Cf35Cc1329ebB4F63202F3f197b3F050B
0xf4a1b7b644c68a0a4f2ba76af9331720a2c3aad85289e90456e2d72f4b782829,0xFD3a22179CA4104E97c670b834750Bd7Ff310b17,1,21.96,1.14,1X2,Tie,UEFA Super Cup,Paris Saint Germain vs Aston Villa,Paris Saint Germain,Aston Villa,0x82142b3963732a3fdd36aa8afa37f80a8be5d40f1cde3d8c81b2a40f833fd442,L19066036,0,0,SUCCESS,1,1786563602,1786561200,156.857143,SXR,0x6629Ce1Cf35Cc1329ebB4F63202F3f197b3F050B
0x084e577c61f36e652c64edc3f9ce6dc99a6bf03bdda4dff8eec0f4ae2923fc40,0xFD3a22179CA4104E97c670b834750Bd7Ff310b17,1,63.11,1.14,1X2,Tie,UEFA Super Cup,Paris Saint Germain vs Aston Villa,Paris Saint Germain,Aston Villa,0x82142b3963732a3fdd36aa8afa37f80a8be5d40f1cde3d8c81b2a40f833fd442,L19066036,0,0,SUCCESS,1,1786563350,1786561200,450.785714,SXR,0x6629Ce1Cf35Cc1329ebB4F63202F3f197b3F050B
0xc508af8cf96f20585c203d7b312bf60e684627aa1917b39cb23867bab13389c4,0x8268feC8dCb0D284343054BDf2b649286c9aA0a1,1,862.51,1.7563,Asian Handicap (-1),Paris Saint Germain -1,UEFA Super Cup,Paris Saint Germain vs Aston Villa,Paris Saint Germain,Aston Villa,0x67230bcb83f942bc217c5d745ea1712885e0906db6bd151cb38c9c1c8672117b,L19066036,0,0,SUCCESS,1,1786563217,1786561200,1140.509091,SXR,0x6629Ce1Cf35Cc1329ebB4F63202F3f197b3F050B
0x66c04ff357b9d947d6e2f6db9536392ae43fbb9f78ca28ff27d6650476d41ed1,0xFD3a22179CA4104E97c670b834750Bd7Ff310b17,1,17.19998,1.8262,1X2,Paris Saint Germain,UEFA Super Cup,Paris Saint Germain vs Aston Villa,Paris Saint Germain,Aston Villa,0xd90089ceb0c9854c3d68a3f09fc4fa855b3a26537e60e3a02b69256aaacd29db,L19066036,0,0,SUCCESS,1,1786563072,1786561200,20.81692,SXR,0x6629Ce1Cf35Cc1329ebB4F63202F3f197b3F050B
0xce338ebbae2b35819917a474138e8c2da3771ef65d0370b6b17e39cfcf200b13,0xFD3a22179CA4104E97c670b834750Bd7Ff310b17,1,9.99999,1.5688,Asian Handicap (-1.5),Paris Saint Germain -1.5,UEFA Super Cup,Paris Saint Germain vs Aston Villa,Paris Saint Germain,Aston Villa,0x409d8b258d8921e8f4a2c11460cbb794c2d8610abb209e4090e8a8ae8f39d2d7,L19066036,0,0,SUCCESS,1,1786562951,1786561200,17.5824,SXR,0x6629Ce1Cf35Cc1329ebB4F63202F3f197b3F050B
0x31b3d7a763b544b228da772e641277aa8512447a30772a1b2c576b233e9c114a,0x44a80DC6b2015FBaC7a505fB0D7CCa1FAC58C7Bf,1,2,1.0437,1X2,Aston Villa,UEFA Super Cup,Paris Saint Germain vs Aston Villa,Paris Saint Germain,Aston Villa,0x7d79a11368f71901641550937f2120d0c09dccfc84328fabe81c1eb7847ce4b5,L19066036,0,0,SUCCESS,1,1786562938,1786561200,45.714286,SXR,0x6629Ce1Cf35Cc1329ebB4F63202F3f197b3F050B
0x4804191d93d54abba0e22103e444ff839f6d33ba94f9bc2325e0a979bfc824a5,0xFD3a22179CA4104E97c670b834750Bd7Ff310b17,1,9.99999,1.57,Asian Handicap (-1.5),Paris Saint Germain -1.5,UEFA Super Cup,Paris Saint Germain vs Aston Villa,Paris Saint Germain,Aston Villa,0x409d8b258d8921e8f4a2c11460cbb794c2d8610abb209e4090e8a8ae8f39d2d7,L19066036,0,0,SUCCESS,1,1786562922,1786561200,17.543842,SXR,0x6629Ce1Cf35Cc1329ebB4F63202F3f197b3F050B
0x0ed29dde843efaa8ab5233296cb44ddebeece12b9e06a2539ddf5cd5b8ca0edd,0xFD3a22179CA4104E97c670b834750Bd7Ff310b17,,1,1.185,1X2,,UEFA Super Cup,Paris Saint Germain vs Aston Villa,Paris Saint Germain,Aston Villa,0xd90089ceb0c9854c3d68a3f09fc4fa855b3a26537e60e3a02b69256aaacd29db,L19066036,0,0,SUCCESS,1,1786562789,1786561200,5.405405,SXR,0x6629Ce1Cf35Cc1329ebB4F63202F3f197b3F050B
0xb2928320b3164a486a77b526bcc783207ffeb13007f86461055c3aa70ef90c59,0xFD3a22179CA4104E97c670b834750Bd7Ff310b17,1,1.44,1.1462,1X2,Tie,UEFA Super Cup,Paris Saint Germain vs Aston Villa,Paris Saint Germain,Aston Villa,0x82142b3963732a3fdd36aa8afa37f80a8be5d40f1cde3d8c81b2a40f833fd442,L19066036,0,0,SUCCESS,1,1786562630,1786561200,9.846154,SXR,0x6629Ce1Cf35Cc1329ebB4F63202F3f197b3F050B
0x7f9f03db74f8fbc6ad3ada82d65229d7cdccdebcd191f016111e4b5916e4ab88,0xFD3a22179CA4104E97c670b834750Bd7Ff310b17,,17.21988,1.9438,1X2,,UEFA Super Cup,Paris Saint Germain vs Aston Villa,Paris Saint Germain,Aston Villa,0x7d79a11368f71901641550937f2120d0c09dccfc84328fabe81c1eb7847ce4b5,L19066036,0,0,SUCCESS,1,1786562534,1786561200,18.24623,SXR,0x6629Ce1Cf35Cc1329ebB4F63202F3f197b3F050B
0xc97ee7938530216de3a6dd6d4d3a11bf3f00c35f5a63d7b7b09feec474e8c4b9,0xFD3a22179CA4104E97c670b834750Bd7Ff310b17,1,14.47,1.7812,1X2,Paris Saint Germain,UEFA Super Cup,Paris Saint Germain vs Aston Villa,Paris Saint Germain,Aston Villa,0xd90089ceb0c9854c3d68a3f09fc4fa855b3a26537e60e3a02b69256aaacd29db,L19066036,0,0,SUCCESS,1,1786562520,1786561200,18.5216,SXR,0x6629Ce1Cf35Cc1329ebB4F63202F3f197b3F050B
0xb20217253c2f03a0cdf76921f2496798bfa0c5bea3ad58c4047d2805efd88d22,0xFD3a22179CA4104E97c670b834750Bd7Ff310b17,,37.08,1.4112,1X2,,UEFA Super Cup,Paris Saint Germain vs Aston Villa,Paris Saint Germain,Aston Villa,0xd90089ceb0c9854c3d68a3f09fc4fa855b3a26537e60e3a02b69256aaacd29db,L19066036,0,0,SUCCESS,1,1786562432,1786561200,90.164134,SXR,0x6629Ce1Cf35Cc1329ebB4F63202F3f197b3F050B
0x965b9644b4c69ca087b36597513b9a640f8a67c657ab60e96b4b6b045c2f89ea,0xFD3a22179CA4104E97c670b834750Bd7Ff310b17,,10.00567,1.4175,1X2,,UEFA Super Cup,Paris Saint Germain vs Aston Villa,Paris Saint Germain,Aston Villa,0xd90089ceb0c9854c3d68a3f09fc4fa855b3a26537e60e3a02b69256aaacd29db,L19066036,0,0,SUCCESS,1,1786562320,1786561200,23.965677,SXR,0x6629Ce1Cf35Cc1329ebB4F63202F3f197b3F050B
0x89ca23653bdebc4e4654f5f6d19139f4592641eaabf12ece5a37ee4a22f4c154,0xa7617088DA97779001d280aE3e495f9f81992453,,63.17999,1.5125,Under/Over (2.5),,UEFA Super Cup,Paris Saint Germain vs Aston Villa,Paris Saint Germain,Aston Villa,0x40d2c11bb90148bb1491fd1a5f8f94c6aaefad0b17bf95ff4a50b41a9a0b9b2f,L19066036,0,0,SUCCESS,1,1786562175,1786561200,123.278029,SXR,0x6629Ce1Cf35Cc1329ebB4F63202F3f197b3F050B
0xc42079edc9ea8fbb0ca8c6421ed38bb51eb67ee55326b91676f90d102f4e1b92,0xFD3a22179CA4104E97c670b834750Bd7Ff310b17,,40.34448,1.4125,1X2,,UEFA Super Cup,Paris Saint Germain vs Aston Villa,Paris Saint Germain,Aston Villa,0xd90089ceb0c9854c3d68a3f09fc4fa855b3a26537e60e3a02b69256aaacd29db,L19066036,0,0,SUCCESS,1,1786562129,1786561200,97.8048,SXR,0x6629Ce1Cf35Cc1329ebB4F63202F3f197b3F050B
0xb84d5d15e79d70cb2d6000227e521587326e0f4d9f362886aea6f1f53290cb3b,0xFD3a22179CA4104E97c670b834750Bd7Ff310b17,1,2.9,1.5875,1X2,Paris Saint Germain,UEFA Super Cup,Paris Saint Germain vs Aston Villa,Paris Saint Germain,Aston Villa,0xd90089ceb0c9854c3d68a3f09fc4fa855b3a26537e60e3a02b69256aaacd29db,L19066036,0,0,SUCCESS,1,1786562097,1786561200,4.93617,SXR,0x6629Ce1Cf35Cc1329ebB4F63202F3f197b3F050B
0x9fb1b28d0895f12a9afe9159161829f8e76b6b509a62046beb192245c9a60376,0xFD3a22179CA4104E97c670b834750Bd7Ff310b17,1,1.18999,1.5825,1X2,Paris Saint Germain,UEFA Super Cup,Paris Saint Germain vs Aston Villa,Paris Saint Germain,Aston Villa,0xd90089ceb0c9854c3d68a3f09fc4fa855b3a26537e60e3a02b69256aaacd29db,L19066036,0,0,SUCCESS,1,1786562059,1786561200,2.042901,SXR,0x6629Ce1Cf35Cc1329ebB4F63202F3f197b3F050B
0xb521cff1e1c9d22c2b151a8a75a30410ac78c99e45fb1f6bfe2a0d6e2732f617,0xFD3a22179CA4104E97c670b834750Bd7Ff310b17,1,2.67,1.6,1X2,Paris Saint Germain,UEFA Super Cup,Paris Saint Germain vs Aston Villa,Paris Saint Germain,Aston Villa,0xd90089ceb0c9854c3d68a3f09fc4fa855b3a26537e60e3a02b69256aaacd29db,L19066036,0,0,SUCCESS,1,1786561993,1786561200,4.45,SXR,0x6629Ce1Cf35Cc1329ebB4F63202F3f197b3F050B
0xaf9d3bf4655e2906de33ded1035d97bb813411ab4264e9b59db079ee46f83030,0xFD3a22179CA4104E97c670b834750Bd7Ff310b17,,180.71,1.5125,Under/Over (2.5),,UEFA Super Cup,Paris Saint Germain vs Aston Villa,Paris Saint Germain,Aston Villa,0x40d2c11bb90148bb1491fd1a5f8f94c6aaefad0b17bf95ff4a50b41a9a0b9b2f,L19066036,0,0,SUCCESS,1,1786561965,1786561200,352.604878,SXR,0x6629Ce1Cf35Cc1329ebB4F63202F3f197b3F050B
0x341bff4eeef1698bf272975fac82656af1c32930ab02ec4aedfc02400a9dd881,0xFD3a22179CA4104E97c670b834750Bd7Ff310b17,1,11.75264,1.6,1X2,Paris Saint Germain,UEFA Super Cup,Paris Saint Germain vs Aston Villa,Paris Saint Germain,Aston Villa,0xd90089ceb0c9854c3d68a3f09fc4fa855b3a26537e60e3a02b69256aaacd29db,L19066036,0,0,SUCCESS,1,1786561942,1786561200,19.587733,SXR,0x6629Ce1Cf35Cc1329ebB4F63202F3f197b3F050B
0x37fbb4f8625060a6cea6baeec155a8622234d15407f1c72b9ded2d3ca78aefd4,0x8268feC8dCb0D284343054BDf2b649286c9aA0a1,,312.03679,1.535,Asian Handicap (-1),,UEFA Super Cup,Paris Saint Germain vs Aston Villa,Paris Saint Germain,Aston Villa,0x67230bcb83f942bc217c5d745ea1712885e0906db6bd151cb38c9c1c8672117b,L19066036,0,0,SUCCESS,1,1786561935,1786561200,583.246336,SXR,0x6629Ce1Cf35Cc1329ebB4F63202F3f197b3F050B
0x28474373cdf43e6e064767a72a6ee527cea1816403397a5ad2614030dc0954c3,0x8268feC8dCb0D284343054BDf2b649286c9aA0a1,,605.47571,1.53,Asian Handicap (-1),,UEFA Super Cup,Paris Saint Germain vs Aston Villa,Paris Saint Germain,Aston Villa,0x67230bcb83f942bc217c5d745ea1712885e0906db6bd151cb38c9c1c8672117b,L19066036,0,0,SUCCESS,1,1786561930,1786561200,1142.407,SXR,0x6629Ce1Cf35Cc1329ebB4F63202F3f197b3F050B
0xd298a66e8d199b316943471cc8e66195f82378ab020c751207214a65cc0ccd77,0xFD3a22179CA4104E97c670b834750Bd7Ff310b17,,1354.46,1.53,Asian Handicap (-1),,UEFA Super Cup,Paris Saint Germain vs Aston Villa,Paris Saint Germain,Aston Villa,0x67230bcb83f942bc217c5d745ea1712885e0906db6bd151cb38c9c1c8672117b,L19066036,0,0,SUCCESS,1,1786561928,1786561200,2555.584906,SXR,0x6629Ce1Cf35Cc1329ebB4F63202F3f197b3F050B
0xe7550524ecee0547e3fa77a0e09592406683f4818ad5993eb2317f5a1a43d3af,0x8268feC8dCb0D284343054BDf2b649286c9aA0a1,,1282.56182,1.535,Asian Handicap (-1),,UEFA Super Cup,Paris Saint Germain vs Aston Villa,Paris Saint Germain,Aston Villa,0x67230bcb83f942bc217c5d745ea1712885e0906db6bd151cb38c9c1c8672117b,L19066036,0,0,SUCCESS,1,1786561886,1786561200,2397.311813,SXR,0x6629Ce1Cf35Cc1329ebB4F63202F3f197b3F050B
0x66863b9da8f197a6413d0ef8f7a938d47dc2040cc3ec6dce8a93ec7bdb8f6b02,0xFD3a22179CA4104E97c670b834750Bd7Ff310b17,,1282.57,1.535,Asian Handicap (-1),,UEFA Super Cup,Paris Saint Germain vs Aston Villa,Paris Saint Germain,Aston Villa,0x67230bcb83f942bc217c5d745ea1712885e0906db6bd151cb38c9c1c8672117b,L19066036,0,0,SUCCESS,1,1786561886,1786561200,2397.327103,SXR,0x6629Ce1Cf35Cc1329ebB4F63202F3f197b3F050B
0xb5ea72b5809ddfcc783a0aaa697e68096c23fbd26b6684bbe756c60dbf979513,0x814d79A9940CbC5Af4C19cAa118EC065a77CD31f,1,25,1.5025,Under/Over (2.5),Over 2.5,UEFA Super Cup,Paris Saint Germain vs Aston Villa,Paris Saint Germain,Aston Villa,0x40d2c11bb90148bb1491fd1a5f8f94c6aaefad0b17bf95ff4a50b41a9a0b9b2f,L19066036,0,0,SUCCESS,1,1786561860,1786561200,49.751244,SXR,0x6629Ce1Cf35Cc1329ebB4F63202F3f197b3F050B
0x15b61f35f93bb615e99530b2fedf3758100795802497840ebd705f7e053b70de,0x8268feC8dCb0D284343054BDf2b649286c9aA0a1,,830.30038,1.5475,Asian Handicap (-1),,UEFA Super Cup,Paris Saint Germain vs Aston Villa,Paris Saint Germain,Aston Villa,0x67230bcb83f942bc217c5d745ea1712885e0906db6bd151cb38c9c1c8672117b,L19066036,0,0,SUCCESS,1,1786561850,1786561200,1516.530374,SXR,0x6629Ce1Cf35Cc1329ebB4F63202F3f197b3F050B
0x8732b305cbe17c4c83a493ef327b592f56cb424a6cba13740aff80d04021a440,0xFD3a22179CA4104E97c670b834750Bd7Ff310b17,,96.56,1.5475,Asian Handicap (-1),,UEFA Super Cup,Paris Saint Germain vs Aston Villa,Paris Saint Germain,Aston Villa,0x67230bcb83f942bc217c5d745ea1712885e0906db6bd151cb38c9c1c8672117b,L19066036,0,0,SUCCESS,1,1786561848,1786561200,176.365297,SXR,0x6629Ce1Cf35Cc1329ebB4F63202F3f197b3F050B
0x979ebcbf1aa0924ac1d6639c0b5ae1704aabc4bbdc1f5783089477ae207709a3,0x8268feC8dCb0D284343054BDf2b649286c9aA0a1,1,102.41,1.5875,1X2,Paris Saint Germain,UEFA Super Cup,Paris Saint Germain vs Aston Villa,Paris Saint Germain,Aston Villa,0xd90089ceb0c9854c3d68a3f09fc4fa855b3a26537e60e3a02b69256aaacd29db,L19066036,0,0,SUCCESS,1,1786561837,1786561200,174.314894,SXR,0x6629Ce1Cf35Cc1329ebB4F63202F3f197b3F050B
0x56f8ac29f020a0a77c9113c6055f97f41b65cc9146b243cc7663d2b4d9ae8f0b,0xFD3a22179CA4104E97c670b834750Bd7Ff310b17,,891.94,1.5475,Asian Handicap (-1),,UEFA Super Cup,Paris Saint Germain vs Aston Villa,Paris Saint Germain,Aston Villa,0x67230bcb83f942bc217c5d745ea1712885e0906db6bd151cb38c9c1c8672117b,L19066036,0,0,SUCCESS,1,1786561827,1786561200,1629.114155,SXR,0x6629Ce1Cf35Cc1329ebB4F63202F3f197b3F050B
0xc561d6f5de8c16f0c9c72a7a6d36aefe44aace19ebaafa4584b4c70693345f84,0x8268feC8dCb0D284343054BDf2b649286c9aA0a1,,891.93496,1.5475,Asian Handicap (-1),,UEFA Super Cup,Paris Saint Germain vs Aston Villa,Paris Saint Germain,Aston Villa,0x67230bcb83f942bc217c5d745ea1712885e0906db6bd151cb38c9c1c8672117b,L19066036,0,0,SUCCESS,1,1786561824,1786561200,1629.10495,SXR,0x6629Ce1Cf35Cc1329ebB4F63202F3f197b3F050B
0x3dbf84739a68e825dca7c8287aa65b8d67ec7fc7abbca9f7284654ee05468ce7,0xFD3a22179CA4104E97c670b834750Bd7Ff310b17,,3.555,1.4725,Asian Handicap (-1),,UEFA Super Cup,Paris Saint Germain vs Aston Villa,Paris Saint Germain,Aston Villa,0x67230bcb83f942bc217c5d745ea1712885e0906db6bd151cb38c9c1c8672117b,L19066036,0,0,SUCCESS,1,1786561822,1786561200,7.52381,SXR,0x6629Ce1Cf35Cc1329ebB4F63202F3f197b3F050B
0xdfa56bd4de9e17a93419f2739c9447f63d9d49c71c038012428478d7f7b6edaf,0xFD3a22179CA4104E97c670b834750Bd7Ff310b17,,3.555,1.4725,Asian Handicap (-0.5),,UEFA Super Cup,Paris Saint Germain vs Aston Villa,Paris Saint Germain,Aston Villa,0x633e1f4af7bf294be4c13c5c783beb3d10adbea62e87950389cb3cfa326086cb,L19066036,0,0,SUCCESS,1,1786561821,1786561200,7.52381,SXR,0x6629Ce1Cf35Cc1329ebB4F63202F3f197b3F050B
0x055a0a47b2081dfded5b6781f8c1d41e3c1b748a470ecc2199678e59482f2b7c,0x8268feC8dCb0D284343054BDf2b649286c9aA0a1,,1795.95728,1.5475,Asian Handicap (-1),,UEFA Super Cup,Paris Saint Germain vs Aston Villa,Paris Saint Germain,Aston Villa,0x67230bcb83f942bc217c5d745ea1712885e0906db6bd151cb38c9c1c8672117b,L19066036,0,0,SUCCESS,1,1786561811,1786561200,3280.287269,SXR,0x6629Ce1Cf35Cc1329ebB4F63202F3f197b3F050B
0xbb2cda6314e905bd7d625e04bffc7b1c296c737cea50fe4f7f2344c404e3b4e5,0xFD3a22179CA4104E97c670b834750Bd7Ff310b17,,9.99999,1.5525,Asian Handicap (-1),,UEFA Super Cup,Paris Saint Germain vs Aston Villa,Paris Saint Germain,Aston Villa,0x67230bcb83f942bc217c5d745ea1712885e0906db6bd151cb38c9c1c8672117b,L19066036,0,0,SUCCESS,1,1786561800,1786561200,18.099529,SXR,0x6629Ce1Cf35Cc1329ebB4F63202F3f197b3F050B
0xb76ab9dc7685848374a2cc8cb7d51b39f72595f5be2dd33063693d68decc0d82,0xFD3a22179CA4104E97c670b834750Bd7Ff310b17,1,1.05,1.2437,1X2,Tie,UEFA Super Cup,Paris Saint Germain vs Aston Villa,Paris Saint Germain,Aston Villa,0x82142b3963732a3fdd36aa8afa37f80a8be5d40f1cde3d8c81b2a40f833fd442,L19066036,0,0,SUCCESS,1,1786561788,1786561200,4.307692,SXR,0x6629Ce1Cf35Cc1329ebB4F63202F3f197b3F050B
0xc1eb0b334f5b804d25279eb626342613217e417f803e6ea77d78be3bde603023,0xFD3a22179CA4104E97c670b834750Bd7Ff310b17,,66.74,1.4087,1X2,,UEFA Super Cup,Paris Saint Germain vs Aston Villa,Paris Saint Germain,Aston Villa,0xd90089ceb0c9854c3d68a3f09fc4fa855b3a26537e60e3a02b69256aaacd29db,L19066036,0,0,SUCCESS,1,1786561781,1786561200,163.278287,SXR,0x6629Ce1Cf35Cc1329ebB4F63202F3f197b3F050B
0xacb5d3d2ce8c087e979c3c23ef8809688cc5f5428b0ee085c3940f0b57e2bf02,0xFD3a22179CA4104E97c670b834750Bd7Ff310b17,,0.83662,1.4087,1X2,,UEFA Super Cup,Paris Saint Germain vs Aston Villa,Paris Saint Germain,Aston Villa,0xd90089ceb0c9854c3d68a3f09fc4fa855b3a26537e60e3a02b69256aaacd29db,L19066036,0,0,SUCCESS,1,1786561780,1786561200,2.046777,SXR,0x6629Ce1Cf35Cc1329ebB4F63202F3f197b3F050B
0xa386df548816c8a77b65f1238076551bb56c6b339ed1d2161aa2c0e4231227d9,0xFD3a22179CA4104E97c670b834750Bd7Ff310b17,,6.28,1.55,Under/Over (2.5),,UEFA Super Cup,Paris Saint Germain vs Aston Villa,Paris Saint Germain,Aston Villa,0x40d2c11bb90148bb1491fd1a5f8f94c6aaefad0b17bf95ff4a50b41a9a0b9b2f,L19066036,0,0,SUCCESS,1,1786561770,1786561200,11.418182,SXR,0x6629Ce1Cf35Cc1329ebB4F63202F3f197b3F050B
0x9b469093c7c177ab3ae93392c76d9a1c8cd9865aeb27fd5d48d56bf988ed64ab,0xFD3a22179CA4104E97c670b834750Bd7Ff310b17,,6.28,1.55,Under/Over (3),,UEFA Super Cup,Paris Saint Germain vs Aston Villa,Paris Saint Germain,Aston Villa,0x1680a9183d7746c5c4672e850418adf866cefd179c8c9fa8a47ddd9aae14f195,L19066036,0,0,SUCCESS,1,1786561770,1786561200,11.418182,SXR,0x6629Ce1Cf35Cc1329ebB4F63202F3f197b3F050B
0xa3b389f606725004ca2c2c8c1d99ed485408b43445cb858e9d60620001716860,0xFD3a22179CA4104E97c670b834750Bd7Ff310b17,,33.9,1.5525,Asian Handicap (-1),,UEFA Super Cup,Paris Saint Germain vs Aston Villa,Paris Saint Germain,Aston Villa,0x67230bcb83f942bc217c5d745ea1712885e0906db6bd151cb38c9c1c8672117b,L19066036,0,0,SUCCESS,1,1786561760,1786561200,61.357466,SXR,0x6629Ce1Cf35Cc1329ebB4F63202F3f197b3F050B
0xb9c2c2fa67b76e808914e0f8ddebc9e449978d572088216c00c6a350a6394297,0xFD3a22179CA4104E97c670b834750Bd7Ff310b17,,118.985,1.55,Under/Over (3),,UEFA Super Cup,Paris Saint Germain vs Aston Villa,Paris Saint Germain,Aston Villa,0x1680a9183d7746c5c4672e850418adf866cefd179c8c9fa8a47ddd9aae14f195,L19066036,0,0,SUCCESS,1,1786561755,1786561200,216.336364,SXR,0x6629Ce1Cf35Cc1329ebB4F63202F3f197b3F050B
0xa16d4a7fb308791413c12e1b01632196ccd9377e727eee0fb2712b4c9d0ff55d,0xFD3a22179CA4104E97c670b834750Bd7Ff310b17,,118.985,1.55,Under/Over (2.5),,UEFA Super Cup,Paris Saint Germain vs Aston Villa,Paris Saint Germain,Aston Villa,0x40d2c11bb90148bb1491fd1a5f8f94c6aaefad0b17bf95ff4a50b41a9a0b9b2f,L19066036,0,0,SUCCESS,1,1786561755,1786561200,216.336364,SXR,0x6629Ce1Cf35Cc1329ebB4F63202F3f197b3F050B
0xfc8d1857f17434b4dde85497eb9325a644b7b87a72968d0ae9960dc581a812e6,0xFD3a22179CA4104E97c670b834750Bd7Ff310b17,,241.4,1.55,Under/Over (3),,UEFA Super Cup,Paris Saint Germain vs Aston Villa,Paris Saint Germain,Aston Villa,0x1680a9183d7746c5c4672e850418adf866cefd179c8c9fa8a47ddd9aae14f195,L19066036,0,0,SUCCESS,1,1786561740,1786561200,438.909091,SXR,0x6629Ce1Cf35Cc1329ebB4F63202F3f197b3F050B
0xf165d33909508fb120ac69474b63b68ea1c9fdadb1e554e12671cedb8f6861b5,0xFD3a22179CA4104E97c670b834750Bd7Ff310b17,,241.4,1.55,Under/Over (2.5),,UEFA Super Cup,Paris Saint Germain vs Aston Villa,Paris Saint Germain,Aston Villa,0x40d2c11bb90148bb1491fd1a5f8f94c6aaefad0b17bf95ff4a50b41a9a0b9b2f,L19066036,0,0,SUCCESS,1,1786561740,1786561200,438.909091,SXR,0x6629Ce1Cf35Cc1329ebB4F63202F3f197b3F050B
0xa94b663e5c9ba8f3538f7a03d8cece1708c83e92b5d56fc5d52a004f9503099b,0xFD3a22179CA4104E97c670b834750Bd7Ff310b17,,638.93,1.5475,Asian Handicap (-1),,UEFA Super Cup,Paris Saint Germain vs Aston Villa,Paris Saint Germain,Aston Villa,0x67230bcb83f942bc217c5d745ea1712885e0906db6bd151cb38c9c1c8672117b,L19066036,0,0,SUCCESS,1,1786561701,1786561200,1166.995434,SXR,0x6629Ce1Cf35Cc1329ebB4F63202F3f197b3F050B
0x812aa30c4d7436c4567a91c7087b0e68f411c4ec529912511a20eb0181e3b5d4,0xFD3a22179CA4104E97c670b834750Bd7Ff310b17,,12.84335,1.5312,Under/Over (3),,UEFA Super Cup,Paris Saint Germain vs Aston Villa,Paris Saint Germain,Aston Villa,0x1680a9183d7746c5c4672e850418adf866cefd179c8c9fa8a47ddd9aae14f195,L19066036,0,0,SUCCESS,1,1786561679,1786561200,24.175718,SXR,0x6629Ce1Cf35Cc1329ebB4F63202F3f197b3F050B
0x577770ba904a905e0faa79f3c9cc9281721011078165e71de5d2a891e48add6a,0xFD3a22179CA4104E97c670b834750Bd7Ff310b17,,12.84335,1.5312,Under/Over (2.5),,UEFA Super Cup,Paris Saint Germain vs Aston Villa,Paris Saint Germain,Aston Villa,0x40d2c11bb90148bb1491fd1a5f8f94c6aaefad0b17bf95ff4a50b41a9a0b9b2f,L19066036,0,0,SUCCESS,1,1786561679,1786561200,24.175718,SXR,0x6629Ce1Cf35Cc1329ebB4F63202F3f197b3F050B
0x278b003544f8f08c523afd317a2843dc968c43f2749d451ac91e3ca05afd1f1c,0xFD3a22179CA4104E97c670b834750Bd7Ff310b17,,99.7,1.5312,Under/Over (3),,UEFA Super Cup,Paris Saint Germain vs Aston Villa,Paris Saint Germain,Aston Villa,0x1680a9183d7746c5c4672e850418adf866cefd179c8c9fa8a47ddd9aae14f195,L19066036,0,0,SUCCESS,1,1786561662,1786561200,187.670588,SXR,0x6629Ce1Cf35Cc1329ebB4F63202F3f197b3F050B
0xf7ad22ca40105cb68f424800e72fb22bcbedf3883fdca8dec59979df708c455d,0xFD3a22179CA4104E97c670b834750Bd7Ff310b17,,99.7,1.5312,Under/Over (2.5),,UEFA Super Cup,Paris Saint Germain vs Aston Villa,Paris Saint Germain,Aston Villa,0x40d2c11bb90148bb1491fd1a5f8f94c6aaefad0b17bf95ff4a50b41a9a0b9b2f,L19066036,0,0,SUCCESS,1,1786561661,1786561200,187.670588,SXR,0x6629Ce1Cf35Cc1329ebB4F63202F3f197b3F050B
0xf3a617d8922013dbd94045dde1550693e47d102bdcca30c0c6bf90eaf4c3a32d,0x99A47AF7f3C00B040bD9DE5F32096ac847167Ff2,1,100,1.5913,1X2,Paris Saint Germain,UEFA Super Cup,Paris Saint Germain vs Aston Villa,Paris Saint Germain,Aston Villa,0xd90089ceb0c9854c3d68a3f09fc4fa855b3a26537e60e3a02b69256aaacd29db,L19066036,0,0,SUCCESS,1,1786561653,1786561200,169.133192,SXR,0x6629Ce1Cf35Cc1329ebB4F63202F3f197b3F050B
0x2fc308498a13808c579c6cd2d746903a5e261386106c55e88541a9a4533eb109,0xFD3a22179CA4104E97c670b834750Bd7Ff310b17,1,52.51,1.525,Under/Over (2.5),Over 2.5,UEFA Super Cup,Paris Saint Germain vs Aston Villa,Paris Saint Germain,Aston Villa,0x40d2c11bb90148bb1491fd1a5f8f94c6aaefad0b17bf95ff4a50b41a9a0b9b2f,L19066036,0,0,SUCCESS,1,1786561642,1786561200,100.019048,SXR,0x6629Ce1Cf35Cc1329ebB4F63202F3f197b3F050B
0x99969174eacffcd39ecfe85ddcecb2b8a17b48fa5101743b9e54983ad7f32137,0xFD3a22179CA4104E97c670b834750Bd7Ff310b17,,85.79,1.5312,Under/Over (3),,UEFA Super Cup,Paris Saint Germain vs Aston Villa,Paris Saint Germain,Aston Villa,0x1680a9183d7746c5c4672e850418adf866cefd179c8c9fa8a47ddd9aae14f195,L19066036,0,0,SUCCESS,1,1786561631,1786561200,161.487059,SXR,0x6629Ce1Cf35Cc1329ebB4F63202F3f197b3F050B
0x7fff11e9a11ad02bac81fec4a95e440186ec3bc5a2f50db1f430d68c851b1ead,0xFD3a22179CA4104E97c670b834750Bd7Ff310b17,,85.79,1.5312,Under/Over (2.5),,UEFA Super Cup,Paris Saint Germain vs Aston Villa,Paris Saint Germain,Aston Villa,0x40d2c11bb90148bb1491fd1a5f8f94c6aaefad0b17bf95ff4a50b41a9a0b9b2f,L19066036,0,0,SUCCESS,1,1786561631,1786561200,161.487059,SXR,0x6629Ce1Cf35Cc1329ebB4F63202F3f197b3F050B
0x4c29c15fbb7635a5d4ec4d9d054609fcc67ee5718f50db255db5e27a17e01779,0x99A47AF7f3C00B040bD9DE5F32096ac847167Ff2,1,58.27,1.18,1X2,Aston Villa,UEFA Super Cup,Paris Saint Germain vs Aston Villa,Paris Saint Germain,Aston Villa,0x7d79a11368f71901641550937f2120d0c09dccfc84328fabe81c1eb7847ce4b5,L19066036,0,0,SUCCESS,1,1786561576,1786561200,323.722222,SXR,0x6629Ce1Cf35Cc1329ebB4F63202F3f197b3F050B
0xf164b52584ce875db224a85cc151e5161312dc716f9425d442ff471effda6e8d,0x97EC1C9682F70091efB04e97b0B34698cF815EE1,,246.60999,1.55,Asian Handicap (-1),,UEFA Super Cup,Paris Saint Germain vs Aston Villa,Paris Saint Germain,Aston Villa,0x67230bcb83f942bc217c5d745ea1712885e0906db6bd151cb38c9c1c8672117b,L19066036,0,0,SUCCESS,1,1786561547,1786561200,448.3818,SXR,0x6629Ce1Cf35Cc1329ebB4F63202F3f197b3F050B
0x0695d1c5bd75c76417082dd9771e492655cbebbf76ab3128ce5acaf5116c4b32,0xFD3a22179CA4104E97c670b834750Bd7Ff310b17,1,1.09999,1.5837,1X2,Paris Saint Germain,UEFA Super Cup,Paris Saint Germain vs Aston Villa,Paris Saint Germain,Aston Villa,0xd90089ceb0c9854c3d68a3f09fc4fa855b3a26537e60e3a02b69256aaacd29db,L19066036,0,0,SUCCESS,1,1786561536,1786561200,1.884351,SXR,0x6629Ce1Cf35Cc1329ebB4F63202F3f197b3F050B
0x223efa669a7706298f7de36e3807aa30f4bf9caa566b4db8abd5a874e38f6cd8,0x8268feC8dCb0D284343054BDf2b649286c9aA0a1,1,380.70683,1.5475,Under/Over (2.5),Over 2.5,UEFA Super Cup,Paris Saint Germain vs Aston Villa,Paris Saint Germain,Aston Villa,0x40d2c11bb90148bb1491fd1a5f8f94c6aaefad0b17bf95ff4a50b41a9a0b9b2f,L19066036,0,0,SUCCESS,1,1786561530,1786561200,695.354941,SXR,0x6629Ce1Cf35Cc1329ebB4F63202F3f197b3F050B
0x951af1a887f2330e0a27958c2523838b2f07e692c4084db1a1fef79f27cb7dfc,0x8268feC8dCb0D284343054BDf2b649286c9aA0a1,1,507.60909,1.5475,Under/Over (2.5),Over 2.5,UEFA Super Cup,Paris Saint Germain vs Aston Villa,Paris Saint Germain,Aston Villa,0x40d2c11bb90148bb1491fd1a5f8f94c6aaefad0b17bf95ff4a50b41a9a0b9b2f,L19066036,0,0,SUCCESS,1,1786561529,1786561200,927.13989,SXR,0x6629Ce1Cf35Cc1329ebB4F63202F3f197b3F050B
0xc97a24b7c42d36f7b57e0fba0bd1f91f2cd73fb4b8a49383c9e3e7616e05278c,0xFD3a22179CA4104E97c670b834750Bd7Ff310b17,,576.58783,1.4238,1X2,,UEFA Super Cup,Paris Saint Germain vs Aston Villa,Paris Saint Germain,Aston Villa,0xd90089ceb0c9854c3d68a3f09fc4fa855b3a26537e60e3a02b69256aaacd29db,L19066036,0,0,SUCCESS,1,1786561514,1786561200,1360.679245,SXR,0x6629Ce1Cf35Cc1329ebB4F63202F3f197b3F050B
0x923e2a4ce6f2f8e5cbb634a5a28b90ecc389bbfd394087c68d5f0b49d9a45fd5,0xFD3a22179CA4104E97c670b834750Bd7Ff310b17,,2.06998,1.8188,1X2,,UEFA Super Cup,Paris Saint Germain vs Aston Villa,Paris Saint Germain,Aston Villa,0x7d79a11368f71901641550937f2120d0c09dccfc84328fabe81c1eb7847ce4b5,L19066036,0,0,SUCCESS,1,1786561461,1786561200,2.52822,SXR,0x6629Ce1Cf35Cc1329ebB4F63202F3f197b3F050B
0xae1cc62a731ff57a72204cdb0ebaaedc70a05e58184e04e2dc16b18fb3d80dc9,0x8268feC8dCb0D284343054BDf2b649286c9aA0a1,1,739.89979,1.56,Under/Over (2.5),Over 2.5,UEFA Super Cup,Paris Saint Germain vs Aston Villa,Paris Saint Germain,Aston Villa,0x40d2c11bb90148bb1491fd1a5f8f94c6aaefad0b17bf95ff4a50b41a9a0b9b2f,L19066036,0,0,SUCCESS,1,1786561446,1786561200,1321.249625,SXR,0x6629Ce1Cf35Cc1329ebB4F63202F3f197b3F050B
0x9bd4e175565abdb7e325434e01d36d916cedbffa0cdb150e00df867b52ed585b,0xFD3a22179CA4104E97c670b834750Bd7Ff310b17,1,1.09,1.5888,1X2,Paris Saint Germain,UEFA Super Cup,Paris Saint Germain vs Aston Villa,Paris Saint Germain,Aston Villa,0xd90089ceb0c9854c3d68a3f09fc4fa855b3a26537e60e3a02b69256aaacd29db,L19066036,0,0,SUCCESS,1,1786561433,1786561200,1.85138,SXR,0x6629Ce1Cf35Cc1329ebB4F63202F3f197b3F050B
0x35ed4c568e15384a29e4a1ce8ab12b0a60868ee0087cb8f627ba111c88151e1c,0x8268feC8dCb0D284343054BDf2b649286c9aA0a1,1,1510.17,1.565,Under/Over (2.5),Over 2.5,UEFA Super Cup,Paris Saint Germain vs Aston Villa,Paris Saint Germain,Aston Villa,0x40d2c11bb90148bb1491fd1a5f8f94c6aaefad0b17bf95ff4a50b41a9a0b9b2f,L19066036,0,0,SUCCESS,1,1786561432,1786561200,2672.867257,SXR,0x6629Ce1Cf35Cc1329ebB4F63202F3f197b3F050B
0x1f4fdfda1737b1f078d456a5134dc8133fa4911f8800450594459d86a4d1c7bf,0x68E1818FF20BBe84F9be9E0A4A395FB11079Bd35,1,522.89911,1.6012,1X2,Paris Saint Germain,UEFA Super Cup,Paris Saint Germain vs Aston Villa,Paris Saint Germain,Aston Villa,0xd90089ceb0c9854c3d68a3f09fc4fa855b3a26537e60e3a02b69256aaacd29db,L19066036,0,0,SUCCESS,1,1786561407,1786561200,869.686669,SXR,0x6629Ce1Cf35Cc1329ebB4F63202F3f197b3F050B
0x7e9e86ff8460ff66fed457fd758a2ca11866dd26ed7f3341b992adae4fc0b201,0xFD3a22179CA4104E97c670b834750Bd7Ff310b17,1,2.45,1.3662,Asian Handicap (-1.5),Paris Saint Germain -1.5,UEFA Super Cup,Paris Saint Germain vs Aston Villa,Paris Saint Germain,Aston Villa,0x409d8b258d8921e8f4a2c11460cbb794c2d8610abb209e4090e8a8ae8f39d2d7,L19066036,0,0,SUCCESS,1,1786561404,1786561200,6.68942,SXR,0x6629Ce1Cf35Cc1329ebB4F63202F3f197b3F050B
0xe37fbbfbd1a868a15c1e363db06868ee20e2598a7c59b6849fefe69ddb128a26,0x8268feC8dCb0D284343054BDf2b649286c9aA0a1,1,47.65,1.23,1X2,Tie,UEFA Super Cup,Paris Saint Germain vs Aston Villa,Paris Saint Germain,Aston Villa,0x82142b3963732a3fdd36aa8afa37f80a8be5d40f1cde3d8c81b2a40f833fd442,L19066036,0,0,SUCCESS,1,1786561400,1786561200,207.173913,SXR,0x6629Ce1Cf35Cc1329ebB4F63202F3f197b3F050B
0x7ae5ac63d3f42da064c6fb01a0f166dc6945cf10209425a741bd7f5a91d29bf8,0xFD3a22179CA4104E97c670b834750Bd7Ff310b17,,89.35,1.4,1X2,,UEFA Super Cup,Paris Saint Germain vs Aston Villa,Paris Saint Germain,Aston Villa,0xd90089ceb0c9854c3d68a3f09fc4fa855b3a26537e60e3a02b69256aaacd29db,L19066036,0,0,SUCCESS,1,1786561400,1786561200,223.375,SXR,0x6629Ce1Cf35Cc1329ebB4F63202F3f197b3F050B
0xa2cdd94cc8fc069e315f5fa8de289a12a2c8dbcbef9017e564c73b19d6ee13dd,0x8268feC8dCb0D284343054BDf2b649286c9aA0a1,1,718.90999,1.565,Under/Over (2.5),Over 2.5,UEFA Super Cup,Paris Saint Germain vs Aston Villa,Paris Saint Germain,Aston Villa,0x40d2c11bb90148bb1491fd1a5f8f94c6aaefad0b17bf95ff4a50b41a9a0b9b2f,L19066036,0,0,SUCCESS,1,1786561399,1786561200,1272.407062,SXR,0x6629Ce1Cf35Cc1329ebB4F63202F3f197b3F050B
0x1cd194b9ece4190408061b6c5645c493d25aa8f02bd2b213f27db7fbd1f15bb8,0xFD3a22179CA4104E97c670b834750Bd7Ff310b17,1,12.08,1.565,Under/Over (2.5),Over 2.5,UEFA Super Cup,Paris Saint Germain vs Aston Villa,Paris Saint Germain,Aston Villa,0x40d2c11bb90148bb1491fd1a5f8f94c6aaefad0b17bf95ff4a50b41a9a0b9b2f,L19066036,0,0,SUCCESS,1,1786561399,1786561200,21.380531,SXR,0x6629Ce1Cf35Cc1329ebB4F63202F3f197b3F050B
0x8da424bf9f2c67f1e4e049503ef5ddf1c1fe456aee636c638c86ff571b36f5c2,0x8268feC8dCb0D284343054BDf2b649286c9aA0a1,1,91.43,1.23,1X2,Tie,UEFA Super Cup,Paris Saint Germain vs Aston Villa,Paris Saint Germain,Aston Villa,0x82142b3963732a3fdd36aa8afa37f80a8be5d40f1cde3d8c81b2a40f833fd442,L19066036,0,0,SUCCESS,1,1786561398,1786561200,397.521739,SXR,0x6629Ce1Cf35Cc1329ebB4F63202F3f197b3F050B
0x46d5f7b7701891779807794cabfe32b1d19441ba4c8ecda289120566f94028b4,0x8268feC8dCb0D284343054BDf2b649286c9aA0a1,,418.05,1.4,1X2,,UEFA Super Cup,Paris Saint Germain vs Aston Villa,Paris Saint Germain,Aston Villa,0xd90089ceb0c9854c3d68a3f09fc4fa855b3a26537e60e3a02b69256aaacd29db,L19066036,0,0,SUCCESS,1,1786561397,1786561200,1045.125,SXR,0x6629Ce1Cf35Cc1329ebB4F63202F3f197b3F050B
0x4b867cfbe6d08d363dbe1d068f2401e0267e0ee8c9c714deeb253023d963b3d3,0x8268feC8dCb0D284343054BDf2b649286c9aA0a1,1,47.65,1.23,1X2,Tie,UEFA Super Cup,Paris Saint Germain vs Aston Villa,Paris Saint Germain,Aston Villa,0x82142b3963732a3fdd36aa8afa37f80a8be5d40f1cde3d8c81b2a40f833fd442,L19066036,0,0,SUCCESS,1,1786561389,1786561200,207.173913,SXR,0x6629Ce1Cf35Cc1329ebB4F63202F3f197b3F050B
0x3c6a59927912d4d1e60d6279ea5966895310f324ecd546c75188799cce4a64ae,0x8268feC8dCb0D284343054BDf2b649286c9aA0a1,1,91.43,1.23,1X2,Tie,UEFA Super Cup,Paris Saint Germain vs Aston Villa,Paris Saint Germain,Aston Villa,0x82142b3963732a3fdd36aa8afa37f80a8be5d40f1cde3d8c81b2a40f833fd442,L19066036,0,0,SUCCESS,1,1786561387,1786561200,397.521739,SXR,0x6629Ce1Cf35Cc1329ebB4F63202F3f197b3F050B
0x73ac6f2b4a26d2b73f74c1e639677c81345932463ec1855a1213fcfddf21181a,0xFD3a22179CA4104E97c670b834750Bd7Ff310b17,1,6.49,1.23,1X2,Tie,UEFA Super Cup,Paris Saint Germain vs Aston Villa,Paris Saint Germain,Aston Villa,0x82142b3963732a3fdd36aa8afa37f80a8be5d40f1cde3d8c81b2a40f833fd442,L19066036,0,0,SUCCESS,1,1786561386,1786561200,28.217391,SXR,0x6629Ce1Cf35Cc1329ebB4F63202F3f197b3F050B
0xb56f9e0dab5116c5f3ad241fd9b57a9b00ce50052eb6df291c21557fa649928c,0xFD3a22179CA4104E97c670b834750Bd7Ff310b17,,87.95,1.4,1X2,,UEFA Super Cup,Paris Saint Germain vs Aston Villa,Paris Saint Germain,Aston Villa,0xd90089ceb0c9854c3d68a3f09fc4fa855b3a26537e60e3a02b69256aaacd29db,L19066036,0,0,SUCCESS,1,1786561385,1786561200,219.875,SXR,0x6629Ce1Cf35Cc1329ebB4F63202F3f197b3F050B
0xd943441d70240e8657b351348448e2b26dbbf881cb21ceade974625549d5d39a,0xFD3a22179CA4104E97c670b834750Bd7Ff310b17,1,12.33,1.5125,Under/Over (3),Over 3.0,UEFA Super Cup,Paris Saint Germain vs Aston Villa,Paris Saint Germain,Aston Villa,0x1680a9183d7746c5c4672e850418adf866cefd179c8c9fa8a47ddd9aae14f195,L19066036,0,0,SUCCESS,1,1786561383,1786561200,24.058537,SXR,0x6629Ce1Cf35Cc1329ebB4F63202F3f197b3F050B
0x8301930656ffbdfb5aaf362b11919e0483b602704527b6c2b94fcba4fbac9adb,0xFD3a22179CA4104E97c670b834750Bd7Ff310b17,1,12.33,1.5125,Under/Over (2.5),Over 2.5,UEFA Super Cup,Paris Saint Germain vs Aston Villa,Paris Saint Germain,Aston Villa,0x40d2c11bb90148bb1491fd1a5f8f94c6aaefad0b17bf95ff4a50b41a9a0b9b2f,L19066036,0,0,SUCCESS,1,1786561382,1786561200,24.058537,SXR,0x6629Ce1Cf35Cc1329ebB4F63202F3f197b3F050B
0xab5bb792e59309a6e3eb674160577d70696734c9b887a9253ca28b2022b59aa9,0x8268feC8dCb0D284343054BDf2b649286c9aA0a1,1,29.77,1.23,1X2,Tie,UEFA Super Cup,Paris Saint Germain vs Aston Villa,Paris Saint Germain,Aston Villa,0x82142b3963732a3fdd36aa8afa37f80a8be5d40f1cde3d8c81b2a40f833fd442,L19066036,0,0,SUCCESS,1,1786561380,1786561200,129.434783,SXR,0x6629Ce1Cf35Cc1329ebB4F63202F3f197b3F050B
0x7f34908386b14aca8afc59c38c9fafec572048b84f26c838b3ac51c93835ed52,0x8268feC8dCb0D284343054BDf2b649286c9aA0a1,1,47.02,1.23,1X2,Tie,UEFA Super Cup,Paris Saint Germain vs Aston Villa,Paris Saint Germain,Aston Villa,0x82142b3963732a3fdd36aa8afa37f80a8be5d40f1cde3d8c81b2a40f833fd442,L19066036,0,0,SUCCESS,1,1786561378,1786561200,204.434783,SXR,0x6629Ce1Cf35Cc1329ebB4F63202F3f197b3F050B
0xda330857d2a872588dc99fcf18aaa8de34e38a507771ad1f2e30a391f5863cd5,0x8268feC8dCb0D284343054BDf2b649286c9aA0a1,1,47.65,1.23,1X2,Tie,UEFA Super Cup,Paris Saint Germain vs Aston Villa,Paris Saint Germain,Aston Villa,0x82142b3963732a3fdd36aa8afa37f80a8be5d40f1cde3d8c81b2a40f833fd442,L19066036,0,0,SUCCESS,1,1786561377,1786561200,207.173913,SXR,0x6629Ce1Cf35Cc1329ebB4F63202F3f197b3F050B
0xafe8641143496c5f3830c1a823b6226b918c60e2f203d16fca6807a25af2c877,0x8268feC8dCb0D284343054BDf2b649286c9aA0a1,1,91.43,1.23,1X2,Tie,UEFA Super Cup,Paris Saint Germain vs Aston Villa,Paris Saint Germain,Aston Villa,0x82142b3963732a3fdd36aa8afa37f80a8be5d40f1cde3d8c81b2a40f833fd442,L19066036,0,0,SUCCESS,1,1786561375,1786561200,397.521739,SXR,0x6629Ce1Cf35Cc1329ebB4F63202F3f197b3F050B
0xe2f4e4aa7d18ec13e1f652c265c1d3ea9b385cdc0f9a9e7c60245ee7a8ce1b1d,0x97EC1C9682F70091efB04e97b0B34698cF815EE1,1,22.89,1.23,1X2,Tie,UEFA Super Cup,Paris Saint Germain vs Aston Villa,Paris Saint Germain,Aston Villa,0x82142b3963732a3fdd36aa8afa37f80a8be5d40f1cde3d8c81b2a40f833fd442,L19066036,0,0,SUCCESS,1,1786561356,1786561200,99.521739,SXR,0x6629Ce1Cf35Cc1329ebB4F63202F3f197b3F050B
0x67b3ee94e80fc1f3ddfcc0d1e01570997d644f9bfc7bdd30857996d1c7f6b093,0xFD3a22179CA4104E97c670b834750Bd7Ff310b17,1,48.73,1.17,1X2,Aston Villa,UEFA Super Cup,Paris Saint Germain vs Aston Villa,Paris Saint Germain,Aston Villa,0x7d79a11368f71901641550937f2120d0c09dccfc84328fabe81c1eb7847ce4b5,L19066036,0,0,SUCCESS,1,1786561348,1786561200,286.647059,SXR,0x6629Ce1Cf35Cc1329ebB4F63202F3f197b3F050B
0x9802195b1d0227638e01e04679549046dd542b10eb57e8ee5985837bb4f26be7,0xFD3a22179CA4104E97c670b834750Bd7Ff310b17,1,25.22,1.23,1X2,Tie,UEFA Super Cup,Paris Saint Germain vs Aston Villa,Paris Saint Germain,Aston Villa,0x82142b3963732a3fdd36aa8afa37f80a8be5d40f1cde3d8c81b2a40f833fd442,L19066036,0,0,SUCCESS,1,1786561345,1786561200,109.652174,SXR,0x6629Ce1Cf35Cc1329ebB4F63202F3f197b3F050B
0x7ac13179758e0b02d7ba5981917f69987eb2c7246524f012b9d30848894f851f,0xFD3a22179CA4104E97c670b834750Bd7Ff310b17,,9.99999,1.84,1X2,,UEFA Super Cup,Paris Saint Germain vs Aston Villa,Paris Saint Germain,Aston Villa,0x7d79a11368f71901641550937f2120d0c09dccfc84328fabe81c1eb7847ce4b5,L19066036,0,0,SUCCESS,1,1786561320,1786561200,11.90475,SXR,0x6629Ce1Cf35Cc1329ebB4F63202F3f197b3F050B
0x38d0f7de26e03e7b8bc4a5f5d40341b23eb331cb1b3f730e80041e3efdbe8507,0xFD3a22179CA4104E97c670b834750Bd7Ff310b17,,404.77999,1.775,1X2,,UEFA Super Cup,Paris Saint Germain vs Aston Villa,Paris Saint Germain,Aston Villa,0x82142b3963732a3fdd36aa8afa37f80a8be5d40f1cde3d8c81b2a40f833fd442,L19066036,0,0,SUCCESS,1,1786561302,1786561200,522.296761,SXR,0x6629Ce1Cf35Cc1329ebB4F63202F3f197b3F050B
0xb3151f1d9925016a0f3c8be267474ed703f45dc9a0b59cdccf47fc79c9666ce1,0xFD3a22179CA4104E97c670b834750Bd7Ff310b17,,141.38998,1.7725,1X2,,UEFA Super Cup,Paris Saint Germain vs Aston Villa,Paris Saint Germain,Aston Villa,0x82142b3963732a3fdd36aa8afa37f80a8be5d40f1cde3d8c81b2a40f833fd442,L19066036,0,0,SUCCESS,1,1786561301,1786561200,183.0291,SXR,0x6629Ce1Cf35Cc1329ebB4F63202F3f197b3F050B
0x7f062ce76cdd90f955d3e1ab07d9eecda95d1f01259b40bbfa1c7e82d2ec4b06,0xFD3a22179CA4104E97c670b834750Bd7Ff310b17,1,14.08974,1.1725,1X2,Aston Villa,UEFA Super Cup,Paris Saint Germain vs Aston Villa,Paris Saint Germain,Aston Villa,0x7d79a11368f71901641550937f2120d0c09dccfc84328fabe81c1eb7847ce4b5,L19066036,0,0,SUCCESS,1,1786561301,1786561200,81.679652,SXR,0x6629Ce1Cf35Cc1329ebB4F63202F3f197b3F050B
0x7c346aaeb30a6b422a069ede8ef41c11d9841048aa06a22f0febb690f871d39f,0xFD3a22179CA4104E97c670b834750Bd7Ff310b17,1,11.75999,1.61,1X2,Paris Saint Germain,UEFA Super Cup,Paris Saint Germain vs Aston Villa,Paris Saint Germain,Aston Villa,0xd90089ceb0c9854c3d68a3f09fc4fa855b3a26537e60e3a02b69256aaacd29db,L19066036,0,0,SUCCESS,1,1786561259,1786561200,19.278672,SXR,0x6629Ce1Cf35Cc1329ebB4F63202F3f197b3F050B
0x33c1dc68817faa651d3921c480986856c6ae576f7b4696958e38a9aa80298595,0xFD3a22179CA4104E97c670b834750Bd7Ff310b17,,110.65052,1.7775,1X2,,UEFA Super Cup,Paris Saint Germain vs Aston Villa,Paris Saint Germain,Aston Villa,0x82142b3963732a3fdd36aa8afa37f80a8be5d40f1cde3d8c81b2a40f833fd442,L19066036,0,0,SUCCESS,1,1786561258,1786561200,142.315781,SXR,0x6629Ce1Cf35Cc1329ebB4F63202F3f197b3F050B
0xfc32f6ee2b81c53adb2ed6ed9e5fa5101fb3c46d75a3ffa5ff3f981e74df802e,0x68E1818FF20BBe84F9be9E0A4A395FB11079Bd35,1,453,1.61,1X2,Paris Saint Germain,UEFA Super Cup,Paris Saint Germain vs Aston Villa,Paris Saint Germain,Aston Villa,0xd90089ceb0c9854c3d68a3f09fc4fa855b3a26537e60e3a02b69256aaacd29db,L19066036,0,0,SUCCESS,1,1786561217,1786561200,742.622951,SXR,0x6629Ce1Cf35Cc1329ebB4F63202F3f197b3F050B
0x7089e8c5268e802442330daeb54fbff8ed62fca356efcbbf93d461b88f643dd5,0xFD3a22179CA4104E97c670b834750Bd7Ff310b17,,7.46291,1.415,Under/Over (2.5),,UEFA Super Cup,Paris Saint Germain vs Aston Villa,Paris Saint Germain,Aston Villa,0x40d2c11bb90148bb1491fd1a5f8f94c6aaefad0b17bf95ff4a50b41a9a0b9b2f,L19066036,0,0,SUCCESS,1,1786561176,1786561200,17.982916,SXR,0x6629Ce1Cf35Cc1329ebB4F63202F3f197b3F050B
0x08d30cf6fa091d32807aaa2c49df80d04d81105a6d943bd6767d4ac2fae6e6da,0xFD3a22179CA4104E97c670b834750Bd7Ff310b17,,4.58,1.2163,UEFA Super Cup,,UEFA Super Cup,Paris Saint Germain vs Aston Villa,Paris Saint Germain,Aston Villa,0xe606a9a450716acc469c52d4cd4cc88af08c2e17027af860e1d62789a6948773,L19066036,0,0,SUCCESS,1,1786561158,1786561200,21.179191,SXR,0x6629Ce1Cf35Cc1329ebB4F63202F3f197b3F050B
0xe29d62296a5790afe855da442d9377cf8041566ffe779f87de351acb6e627f6f,0x8268feC8dCb0D284343054BDf2b649286c9aA0a1,1,1296.39999,1.6038,1X2,Paris Saint Germain,UEFA Super Cup,Paris Saint Germain vs Aston Villa,Paris Saint Germain,Aston Villa,0xd90089ceb0c9854c3d68a3f09fc4fa855b3a26537e60e3a02b69256aaacd29db,L19066036,0,0,SUCCESS,1,1786561137,1786561200,2147.24636,SXR,0x6629Ce1Cf35Cc1329ebB4F63202F3f197b3F050B
0xe85b8a802b623b99e68a88b3bca7b74dc3b6f0879133b63a444273ff222a8a0a,0xFD3a22179CA4104E97c670b834750Bd7Ff310b17,1,1.81,1.605,1X2,Paris Saint Germain,UEFA Super Cup,Paris Saint Germain vs Aston Villa,Paris Saint Germain,Aston Villa,0xd90089ceb0c9854c3d68a3f09fc4fa855b3a26537e60e3a02b69256aaacd29db,L19066036,0,0,SUCCESS,1,1786561119,1786561200,2.991736,SXR,0x6629Ce1Cf35Cc1329ebB4F63202F3f197b3F050B
0xf6106cafe828123dc4d0af19cadc24324298e4fdb1808cccfee1e21470a678d6,0x68E1818FF20BBe84F9be9E0A4A395FB11079Bd35,1,795.99999,1.605,1X2,Paris Saint Germain,UEFA Super Cup,Paris Saint Germain vs Aston Villa,Paris Saint Germain,Aston Villa,0xd90089ceb0c9854c3d68a3f09fc4fa855b3a26537e60e3a02b69256aaacd29db,L19066036,0,0,SUCCESS,1,1786561118,1786561200,1315.702463,SXR,0x6629Ce1Cf35Cc1329ebB4F63202F3f197b3F050B
0x70c59f592cc07300df602bcc58abe3b2b2d752b434f6e990eb8f52497c712004,0xFD3a22179CA4104E97c670b834750Bd7Ff310b17,1,467.14,1.605,1X2,Paris Saint Germain,UEFA Super Cup,Paris Saint Germain vs Aston Villa,Paris Saint Germain,Aston Villa,0xd90089ceb0c9854c3d68a3f09fc4fa855b3a26537e60e3a02b69256aaacd29db,L19066036,0,0,SUCCESS,1,1786561118,1786561200,772.132231,SXR,0x6629Ce1Cf35Cc1329ebB4F63202F3f197b3F050B
0x5498997522e6a89137869de8de0d444624480045edb683765a1c2dcc9475f64b,0xFD3a22179CA4104E97c670b834750Bd7Ff310b17,1,173.85,1.23,1X2,Tie,UEFA Super Cup,Paris Saint Germain vs Aston Villa,Paris Saint Germain,Aston Villa,0x82142b3963732a3fdd36aa8afa37f80a8be5d40f1cde3d8c81b2a40f833fd442,L19066036,0,0,SUCCESS,1,1786561118,1786561200,755.869565,SXR,0x6629Ce1Cf35Cc1329ebB4F63202F3f197b3F050B
0x5a1f926b3cf4c8a5f726e4f53a1ce54bd9c8613749d6ebdb3587bb25da0ed9a0,0x68E1818FF20BBe84F9be9E0A4A395FB11079Bd35,1,799.99999,1.605,1X2,Paris Saint Germain,UEFA Super Cup,Paris Saint Germain vs Aston Villa,Paris Saint Germain,Aston Villa,0xd90089ceb0c9854c3d68a3f09fc4fa855b3a26537e60e3a02b69256aaacd29db,L19066036,0,0,SUCCESS,1,1786561117,1786561200,1322.314033,SXR,0x6629Ce1Cf35Cc1329ebB4F63202F3f197b3F050B
0xc6e159532534bd02a79a5b91171e742612a9fa3f8f5f2a8c6044d977da57a9db,0xB95e016d0bb898a32fa18ed6eA77D2968c7Ab828,,415.62908,1.395,1X2,,UEFA Super Cup,Paris Saint Germain vs Aston Villa,Paris Saint Germain,Aston Villa,0xd90089ceb0c9854c3d68a3f09fc4fa855b3a26537e60e3a02b69256aaacd29db,L19066036,0,0,SUCCESS,1,1786561114,1786561200,1052.225519,SXR,0x6629Ce1Cf35Cc1329ebB4F63202F3f197b3F050B
0x2c707054f3e132394e60ab930b78260ee90dd067a22490f2e3df3eff880f6e00,0x97EC1C9682F70091efB04e97b0B34698cF815EE1,1,11.39,1.3738,Asian Handicap (-1.5),Paris Saint Germain -1.5,UEFA Super Cup,Paris Saint Germain vs Aston Villa,Paris Saint Germain,Aston Villa,0x409d8b258d8921e8f4a2c11460cbb794c2d8610abb209e4090e8a8ae8f39d2d7,L19066036,0,0,SUCCESS,1,1786561111,1786561200,30.474916,SXR,0x6629Ce1Cf35Cc1329ebB4F63202F3f197b3F050B
0x2dcae2dcd16dcef4117e81db728cd0073b82c5f6eb4badd9566a9697cc4b56ef,0x97EC1C9682F70091efB04e97b0B34698cF815EE1,1,65.56,1.4725,Under/Over (3),Over 3.0,UEFA Super Cup,Paris Saint Germain vs Aston Villa,Paris Saint Germain,Aston Villa,0x1680a9183d7746c5c4672e850418adf866cefd179c8c9fa8a47ddd9aae14f195,L19066036,0,0,SUCCESS,1,1786561104,1786561200,138.751323,SXR,0x6629Ce1Cf35Cc1329ebB4F63202F3f197b3F050B
0x1585981d7ff77e2dfae059212b92691657d203b0134a351622f87db5fc35e11a,0xFD3a22179CA4104E97c670b834750Bd7Ff310b17,1,17.38,1.23,1X2,Tie,UEFA Super Cup,Paris Saint Germain vs Aston Villa,Paris Saint Germain,Aston Villa,0x82142b3963732a3fdd36aa8afa37f80a8be5d40f1cde3d8c81b2a40f833fd442,L19066036,0,0,SUCCESS,1,1786561102,1786561200,75.565217,SXR,0x6629Ce1Cf35Cc1329ebB4F63202F3f197b3F050B
0xfdfc28992e971d2a9d9085864a1d2d14278ab2701208633ee989295cbb79caf2,0xFD3a22179CA4104E97c670b834750Bd7Ff310b17,,493.42673,1.39,1X2,,UEFA Super Cup,Paris Saint Germain vs Aston Villa,Paris Saint Germain,Aston Villa,0xd90089ceb0c9854c3d68a3f09fc4fa855b3a26537e60e3a02b69256aaacd29db,L19066036,0,0,SUCCESS,1,1786561045,1786561200,1265.196744,SXR,0x6629Ce1Cf35Cc1329ebB4F63202F3f197b3F050B
0x3fafaf8647cad3c6d211456d3f2603084a31b4a4507fc840d87885d15fe15943,0xFD3a22179CA4104E97c670b834750Bd7Ff310b17,1,6.0581,1.3713,Asian Handicap (-1.5),Paris Saint Germain -1.5,UEFA Super Cup,Paris Saint Germain vs Aston Villa,Paris Saint Germain,Aston Villa,0x409d8b258d8921e8f4a2c11460cbb794c2d8610abb209e4090e8a8ae8f39d2d7,L19066036,0,0,SUCCESS,1,1786561045,1786561200,16.318114,SXR,0x6629Ce1Cf35Cc1329ebB4F63202F3f197b3F050B
0x59455bdf302a93c7a8fd923e0da88f6a79de843dfe5a754b5057d1b6fed0fdaa,0x68E1818FF20BBe84F9be9E0A4A395FB11079Bd35,1,30.23411,1.61,1X2,Paris Saint Germain,UEFA Super Cup,Paris Saint Germain vs Aston Villa,Paris Saint Germain,Aston Villa,0xd90089ceb0c9854c3d68a3f09fc4fa855b3a26537e60e3a02b69256aaacd29db,L19066036,0,0,SUCCESS,1,1786561043,1786561200,49.564115,SXR,0x6629Ce1Cf35Cc1329ebB4F63202F3f197b3F050B
0x8421a20cb5d2061e4b2b8386afa0f464259f68eebfcf6085b5f6e44944639bb3,0xE39b94845F472648b1ceEa67C3719F07E077d9Ee,,1030.8913,1.7763,1X2,,UEFA Super Cup,Paris Saint Germain vs Aston Villa,Paris Saint Germain,Aston Villa,0x82142b3963732a3fdd36aa8afa37f80a8be5d40f1cde3d8c81b2a40f833fd442,L19066036,0,0,SUCCESS,1,1786560995,1786561200,1328.040322,SXR,0x6629Ce1Cf35Cc1329ebB4F63202F3f197b3F050B
0x421897e6ac242ae2116e772af4d11acf9caaf3778c5e1a0a2ec4c18e371d004d,0x97EC1C9682F70091efB04e97b0B34698cF815EE1,,25.74,1.52,Asian Handicap (-1),,UEFA Super Cup,Paris Saint Germain vs Aston Villa,Paris Saint Germain,Aston Villa,0x67230bcb83f942bc217c5d745ea1712885e0906db6bd151cb38c9c1c8672117b,L19066036,0,0,SUCCESS,1,1786560938,1786561200,49.5,SXR,0x6629Ce1Cf35Cc1329ebB4F63202F3f197b3F050B
0xaff612678b492f2df22934dd5df1d972d94f5e807e4a8a5b82cca5c610ebbdd6,0x6079008009665e61ec34931B370d3E7081E5d2AE,,469.99995,1.8375,1X2,,UEFA Super Cup,Paris Saint Germain vs Aston Villa,Paris Saint Germain,Aston Villa,0x7d79a11368f71901641550937f2120d0c09dccfc84328fabe81c1eb7847ce4b5,L19066036,0,0,SUCCESS,1,1786560933,1786561200,561.19397,SXR,0x6629Ce1Cf35Cc1329ebB4F63202F3f197b3F050B
0x73da3ab6ea497d75ef56201e03a0be25805583beb1f3463948774bcac3a704d2,0x09b3a190a1e971Dd0B4F82Eb9008287fe43a540C,1,32.02911,1.2338,1X2,Tie,UEFA Super Cup,Paris Saint Germain vs Aston Villa,Paris Saint Germain,Aston Villa,0x82142b3963732a3fdd36aa8afa37f80a8be5d40f1cde3d8c81b2a40f833fd442,L19066036,0,0,SUCCESS,1,1786560928,1786561200,137.02293,SXR,0x6629Ce1Cf35Cc1329ebB4F63202F3f197b3F050B
0xc01ece038546f7864e51514737b5762c04974026319e94faaee9efc815e885b0,0x85Da26Dce2e5F76FcFb411d89ceb8fcf11A9CBcD,,4260.99997,1.8425,1X2,,UEFA Super Cup,Paris Saint Germain vs Aston Villa,Paris Saint Germain,Aston Villa,0x7d79a11368f71901641550937f2120d0c09dccfc84328fabe81c1eb7847ce4b5,L19066036,0,0,SUCCESS,1,1786560906,1786561200,5057.56673,SXR,0x6629Ce1Cf35Cc1329ebB4F63202F3f197b3F050B
0x2fa717463262377c9bb89b3f27a6c6d20b1f1f6a741f0284a65a18e2f5856f69,0x85Da26Dce2e5F76FcFb411d89ceb8fcf11A9CBcD,,57.57779,1.8388,1X2,,UEFA Super Cup,Paris Saint Germain vs Aston Villa,Paris Saint Germain,Aston Villa,0x7d79a11368f71901641550937f2120d0c09dccfc84328fabe81c1eb7847ce4b5,L19066036,0,0,SUCCESS,1,1786560888,1786561200,68.647142,SXR,0x6629Ce1Cf35Cc1329ebB4F63202F3f197b3F050B
0x3a7d833373873c1c8c0323b5e8cd2d0cc9ad5e29eb59e8de25d1f05e06eea7bb,0xFD3a22179CA4104E97c670b834750Bd7Ff310b17,1,1.83,1.6088,Asian Handicap (-0.5),Paris Saint Germain -0.5,UEFA Super Cup,Paris Saint Germain vs Aston Villa,Paris Saint Germain,Aston Villa,0x633e1f4af7bf294be4c13c5c783beb3d10adbea62e87950389cb3cfa326086cb,L19066036,0,0,SUCCESS,1,1786560856,1786561200,3.00616,SXR,0x6629Ce1Cf35Cc1329ebB4F63202F3f197b3F050B
0x8547b4289b752d87fa6ffe692c4ff60ac076634d5125accd52ebb2d96b47b99e,0x8268feC8dCb0D284343054BDf2b649286c9aA0a1,1,23.86,1.4825,Asian Handicap (-1),Paris Saint Germain -1,UEFA Super Cup,Paris Saint Germain vs Aston Villa,Paris Saint Germain,Aston Villa,0x67230bcb83f942bc217c5d745ea1712885e0906db6bd151cb38c9c1c8672117b,L19066036,0,0,SUCCESS,1,1786560850,1786561200,49.450777,SXR,0x6629Ce1Cf35Cc1329ebB4F63202F3f197b3F050B
0x9f36545839872a1faefd0486a2bbd16e1da62ea2fe4fd239f71f8d9241cb074a,0xE39b94845F472648b1ceEa67C3719F07E077d9Ee,,2574.85146,1.775,1X2,,UEFA Super Cup,Paris Saint Germain vs Aston Villa,Paris Saint Germain,Aston Villa,0x82142b3963732a3fdd36aa8afa37f80a8be5d40f1cde3d8c81b2a40f833fd442,L19066036,0,0,SUCCESS,1,1786560819,1786561200,3322.388981,SXR,0x6629Ce1Cf35Cc1329ebB4F63202F3f197b3F050B
0xcbed10d522ce402ba036aad7028b2862d7c2c019a6c676b0bb4e09bb12681a52,0xa498150823d867380b25175554a275c1c668256e,,63,1.395,1X2,,UEFA Super Cup,Paris Saint Germain vs Aston Villa,Paris Saint Germain,Aston Villa,0xd90089ceb0c9854c3d68a3f09fc4fa855b3a26537e60e3a02b69256aaacd29db,L19066036,0,0,SUCCESS,1,1786560764,1786561200,159.493671,SXR,0x6629Ce1Cf35Cc1329ebB4F63202F3f197b3F050B
0x9b4c2a7f2fb91bedfaab5ef92855351ffd50d4e2cada9b6ea8690cc5a04597c9,0xFD3a22179CA4104E97c670b834750Bd7Ff310b17,,9.33,1.395,1X2,,UEFA Super Cup,Paris Saint Germain vs Aston Villa,Paris Saint Germain,Aston Villa,0xd90089ceb0c9854c3d68a3f09fc4fa855b3a26537e60e3a02b69256aaacd29db,L19066036,0,0,SUCCESS,1,1786560758,1786561200,23.620253,SXR,0x6629Ce1Cf35Cc1329ebB4F63202F3f197b3F050B
0x6ae26a49399a8f79849827119fd084b919ce39447201d958090b94df404a6088,0x97EC1C9682F70091efB04e97b0B34698cF815EE1,,15.78,1.3987,Asian Handicap (-0.5),,UEFA Super Cup,Paris Saint Germain vs Aston Villa,Paris Saint Germain,Aston Villa,0x633e1f4af7bf294be4c13c5c783beb3d10adbea62e87950389cb3cfa326086cb,L19066036,0,0,SUCCESS,1,1786560742,1786561200,39.573668,SXR,0x6629Ce1Cf35Cc1329ebB4F63202F3f197b3F050B
0xe102eb79e6ac8f89780d8a290e60ce3a6c683b19581be466e6a68c4c78ffcd9d,0xFD3a22179CA4104E97c670b834750Bd7Ff310b17,1,124.86,1.23,1X2,Tie,UEFA Super Cup,Paris Saint Germain vs Aston Villa,Paris Saint Germain,Aston Villa,0x82142b3963732a3fdd36aa8afa37f80a8be5d40f1cde3d8c81b2a40f833fd442,L19066036,0,0,SUCCESS,1,1786560719,1786561200,542.869565,SXR,0x6629Ce1Cf35Cc1329ebB4F63202F3f197b3F050B
0x918f7877c09f1e7884d9245fe63c33bf6dedd7472101428f10bacebfd7e406db,0x68E1818FF20BBe84F9be9E0A4A395FB11079Bd35,1,843.87335,1.61,1X2,Paris Saint Germain,UEFA Super Cup,Paris Saint Germain vs Aston Villa,Paris Saint Germain,Aston Villa,0xd90089ceb0c9854c3d68a3f09fc4fa855b3a26537e60e3a02b69256aaacd29db,L19066036,0,0,SUCCESS,1,1786560715,1786561200,1383.398934,SXR,0x6629Ce1Cf35Cc1329ebB4F63202F3f197b3F050B
0x8c391574c80abd168253e622d8a73138bf4e67784af46c5480e7e3c7b4e60f37,0x97EC1C9682F70091efB04e97b0B34698cF815EE1,,15.96999,1.5212,Asian Handicap (-1),,UEFA Super Cup,Paris Saint Germain vs Aston Villa,Paris Saint Germain,Aston Villa,0x67230bcb83f942bc217c5d745ea1712885e0906db6bd151cb38c9c1c8672117b,L19066036,0,0,SUCCESS,1,1786560682,1786561200,30.637871,SXR,0x6629Ce1Cf35Cc1329ebB4F63202F3f197b3F050B
0xcc9876dffdccc3cf25f7363a525c7a30cd25887b38538fa330fb3de83b654aad,0x68E1818FF20BBe84F9be9E0A4A395FB11079Bd35,1,857,1.61,1X2,Paris Saint Germain,UEFA Super Cup,Paris Saint Germain vs Aston Villa,Paris Saint Germain,Aston Villa,0xd90089ceb0c9854c3d68a3f09fc4fa855b3a26537e60e3a02b69256aaacd29db,L19066036,0,0,SUCCESS,1,1786560669,1786561200,1404.918033,SXR,0x6629Ce1Cf35Cc1329ebB4F63202F3f197b3F050B
0xada812751039ff829d7b0f03cd35a4a7197236c42500bbee42afe9e34d66c73d,0xFD3a22179CA4104E97c670b834750Bd7Ff310b17,1,55.58,1.23,1X2,Tie,UEFA Super Cup,Paris Saint Germain vs Aston Villa,Paris Saint Germain,Aston Villa,0x82142b3963732a3fdd36aa8afa37f80a8be5d40f1cde3d8c81b2a40f833fd442,L19066036,0,0,SUCCESS,1,1786560665,1786561200,241.652174,SXR,0x6629Ce1Cf35Cc1329ebB4F63202F3f197b3F050B
0xf67c254489b0af557beea4a8bc3bd14d3d72dfbf887c58978562e45cccf3bd82,0xa498150823d867380b25175554a275c1c668256e,,62,1.395,1X2,,UEFA Super Cup,Paris Saint Germain vs Aston Villa,Paris Saint Germain,Aston Villa,0xd90089ceb0c9854c3d68a3f09fc4fa855b3a26537e60e3a02b69256aaacd29db,L19066036,0,0,SUCCESS,1,1786560619,1786561200,156.962025,SXR,0x6629Ce1Cf35Cc1329ebB4F63202F3f197b3F050B
0x920bf8feb2a1406726491a9212acbfc7c3b57ec2251d2a0749f411df0b7244ce,0xFD3a22179CA4104E97c670b834750Bd7Ff310b17,,120.71,1.39,1X2,,UEFA Super Cup,Paris Saint Germain vs Aston Villa,Paris Saint Germain,Aston Villa,0xd90089ceb0c9854c3d68a3f09fc4fa855b3a26537e60e3a02b69256aaacd29db,L19066036,0,0,SUCCESS,1,1786560584,1786561200,309.512821,SXR,0x6629Ce1Cf35Cc1329ebB4F63202F3f197b3F050B
0x46a041b3f696aecb9f1065ed8091148b87095710945e3e77890beff3bbdb72e5,0xFD3a22179CA4104E97c670b834750Bd7Ff310b17,1,31.27,1.23,1X2,Tie,UEFA Super Cup,Paris Saint Germain vs Aston Villa,Paris Saint Germain,Aston Villa,0x82142b3963732a3fdd36aa8afa37f80a8be5d40f1cde3d8c81b2a40f833fd442,L19066036,0,0,SUCCESS,1,1786560584,1786561200,135.956522,SXR,0x6629Ce1Cf35Cc1329ebB4F63202F3f197b3F050B
0x3386215d040e828e8379e89456099208288849a406da9155f66de9bb188bc9df,0x8268feC8dCb0D284343054BDf2b649286c9aA0a1,,454.0605,1.39,1X2,,UEFA Super Cup,Paris Saint Germain vs Aston Villa,Paris Saint Germain,Aston Villa,0xd90089ceb0c9854c3d68a3f09fc4fa855b3a26537e60e3a02b69256aaacd29db,L19066036,0,0,SUCCESS,1,1786560584,1786561200,1164.257692,SXR,0x6629Ce1Cf35Cc1329ebB4F63202F3f197b3F050B
0xbcbf7f6e14fecf1c7829101888dd63f24d8862a73cb9651e33f40acecd3c26c1,0xa498150823d867380b25175554a275c1c668256e,,63,1.39,1X2,,UEFA Super Cup,Paris Saint Germain vs Aston Villa,Paris Saint Germain,Aston Villa,0xd90089ceb0c9854c3d68a3f09fc4fa855b3a26537e60e3a02b69256aaacd29db,L19066036,0,0,SUCCESS,1,1786560500,1786561200,161.538462,SXR,0x6629Ce1Cf35Cc1329ebB4F63202F3f197b3F050B
0x5e24bb3ed786e4f81a3f77e7b922ecc067c200fc8dfbaf7210b96fc12a631339,0x97EC1C9682F70091efB04e97b0B34698cF815EE1,1,113.95,1.23,1X2,Tie,UEFA Super Cup,Paris Saint Germain vs Aston Villa,Paris Saint Germain,Aston Villa,0x82142b3963732a3fdd36aa8afa37f80a8be5d40f1cde3d8c81b2a40f833fd442,L19066036,0,0,SUCCESS,1,1786560492,1786561200,495.434783,SXR,0x6629Ce1Cf35Cc1329ebB4F63202F3f197b3F050B
0x4ac096cd08195026ca5f932fe9837b1186c3480ba33b7306b79fbe67122da1bd,0x68E1818FF20BBe84F9be9E0A4A395FB11079Bd35,1,7.86253,1.6138,1X2,Paris Saint Germain,UEFA Super Cup,Paris Saint Germain vs Aston Villa,Paris Saint Germain,Aston Villa,0xd90089ceb0c9854c3d68a3f09fc4fa855b3a26537e60e3a02b69256aaacd29db,L19066036,0,0,SUCCESS,1,1786560475,1786561200,12.81064,SXR,0x6629Ce1Cf35Cc1329ebB4F63202F3f197b3F050B
0x3c749ffb44226312447e609962215715c29c1e1643b7df119df60e8721d7d512,0xFD3a22179CA4104E97c670b834750Bd7Ff310b17,1,249.12574,1.4675,Under/Over (3),Over 3.0,UEFA Super Cup,Paris Saint Germain vs Aston Villa,Paris Saint Germain,Aston Villa,0x1680a9183d7746c5c4672e850418adf866cefd179c8c9fa8a47ddd9aae14f195,L19066036,0,0,SUCCESS,1,1786560449,1786561200,532.889283,SXR,0x6629Ce1Cf35Cc1329ebB4F63202F3f197b3F050B
0x8f29e2e48c645fca224bf4236c208ef343c600e3a533cda28bce5f2d3f20384c,0x7E3a6e22cac4eECeceCc7D9086d7c0fE1195Ec16,,1.73515,1.395,1X2,,UEFA Super Cup,Paris Saint Germain vs Aston Villa,Paris Saint Germain,Aston Villa,0xd90089ceb0c9854c3d68a3f09fc4fa855b3a26537e60e3a02b69256aaacd29db,L19066036,0,0,SUCCESS,1,1786560435,1786561200,4.392785,SXR,0x6629Ce1Cf35Cc1329ebB4F63202F3f197b3F050B
0xcc5c2bff6fceebd155818197cbdbe9d298ca1bd070431d7a8f5791ae54f4a6f0,0xFD3a22179CA4104E97c670b834750Bd7Ff310b17,1,11.68,1.23,1X2,Tie,UEFA Super Cup,Paris Saint Germain vs Aston Villa,Paris Saint Germain,Aston Villa,0x82142b3963732a3fdd36aa8afa37f80a8be5d40f1cde3d8c81b2a40f833fd442,L19066036,0,0,SUCCESS,1,1786560423,1786561200,50.782609,SXR,0x6629Ce1Cf35Cc1329ebB4F63202F3f197b3F050B
0x8a8a8e965b562e9fcb339baf372f7fbc4b9c382f96fe6397c2008b496fd87974,0xFD3a22179CA4104E97c670b834750Bd7Ff310b17,,26.44,1.3938,1X2,,UEFA Super Cup,Paris Saint Germain vs Aston Villa,Paris Saint Germain,Aston Villa,0xd90089ceb0c9854c3d68a3f09fc4fa855b3a26537e60e3a02b69256aaacd29db,L19066036,0,0,SUCCESS,1,1786560423,1786561200,67.149206,SXR,0x6629Ce1Cf35Cc1329ebB4F63202F3f197b3F050B
0x2bd964b92c8e67d129f66cb2f9640d3d9c46fc3ae85f62e67f9e09dde9bf9882,0xFD3a22179CA4104E97c670b834750Bd7Ff310b17,1,778.16,1.4675,Under/Over (3),Over 3.0,UEFA Super Cup,Paris Saint Germain vs Aston Villa,Paris Saint Germain,Aston Villa,0x1680a9183d7746c5c4672e850418adf866cefd179c8c9fa8a47ddd9aae14f195,L19066036,0,0,SUCCESS,1,1786560423,1786561200,1664.513369,SXR,0x6629Ce1Cf35Cc1329ebB4F63202F3f197b3F050B
0xfdc6c69ae42ac81cf84a6734be6c7927ccb4b692d431adad8620c354f1f48c7c,0x51F8e5692A80d7752047bc43Ab5444953F542F91,,1.63,1.0562,Under/Over (0.5),,UEFA Super Cup,Paris Saint Germain vs Aston Villa,Paris Saint Germain,Aston Villa,0x1ff093a0d6aad6ea34f9661babedbc7a361e7167b1f31f3dab05f34988e51f47,L19066036,0,0,SUCCESS,1,1786560415,1786561200,28.977778,SXR,0x6629Ce1Cf35Cc1329ebB4F63202F3f197b3F050B
0x0f3bbf87e35de91a3b74470572408bc3ab12a5ea1eec74987e5625f3d114675e,0xd8917E0f4fdb4E6F869bCAF1cF19a7FF38b8557e,1,552.13,1.4675,Under/Over (3),Over 3.0,UEFA Super Cup,Paris Saint Germain vs Aston Villa,Paris Saint Germain,Aston Villa,0x1680a9183d7746c5c4672e850418adf866cefd179c8c9fa8a47ddd9aae14f195,L19066036,0,0,SUCCESS,1,1786560384,1786561200,1181.026738,SXR,0x6629Ce1Cf35Cc1329ebB4F63202F3f197b3F050B
0x738e2e10e9fe789f1bacf982cf2ec32a2d487fa22f6601729e5e40295631e9a9,0x97EC1C9682F70091efB04e97b0B34698cF815EE1,1,6.02,1.3738,Asian Handicap (-1.5),Paris Saint Germain -1.5,UEFA Super Cup,Paris Saint Germain vs Aston Villa,Paris Saint Germain,Aston Villa,0x409d8b258d8921e8f4a2c11460cbb794c2d8610abb209e4090e8a8ae8f39d2d7,L19066036,0,0,SUCCESS,1,1786560342,1786561200,16.107023,SXR,0x6629Ce1Cf35Cc1329ebB4F63202F3f197b3F050B
0x08f7a52ea8e833b881925264f8d2084530492258d3cba97e783bd268dd7a917d,0xFD3a22179CA4104E97c670b834750Bd7Ff310b17,1,2.45,1.6088,1X2,Paris Saint Germain,UEFA Super Cup,Paris Saint Germain vs Aston Villa,Paris Saint Germain,Aston Villa,0xd90089ceb0c9854c3d68a3f09fc4fa855b3a26537e60e3a02b69256aaacd29db,L19066036,0,0,SUCCESS,1,1786560342,1786561200,4.024641,SXR,0x6629Ce1Cf35Cc1329ebB4F63202F3f197b3F050B
0xadb7594ba7d5c76db69a9ebac9c0bb5b62b6d4c1177a78a1ded4fbc237222352,0x0DeAbC808957aBc9f4778C03b03CC1D2cBBC9D60,1,5,1.4675,Under/Over (3),Over 3.0,UEFA Super Cup,Paris Saint Germain vs Aston Villa,Paris Saint Germain,Aston Villa,0x1680a9183d7746c5c4672e850418adf866cefd179c8c9fa8a47ddd9aae14f195,L19066036,0,0,SUCCESS,1,1786560328,1786561200,10.695187,SXR,0x6629Ce1Cf35Cc1329ebB4F63202F3f197b3F050B
0x035dfa6a1f3e08339d7478869298e8c047da53a92c9267fb4ea75d413e87d7f7,0x8268feC8dCb0D284343054BDf2b649286c9aA0a1,1,237.85,1.4675,Under/Over (3),Over 3.0,UEFA Super Cup,Paris Saint Germain vs Aston Villa,Paris Saint Germain,Aston Villa,0x1680a9183d7746c5c4672e850418adf866cefd179c8c9fa8a47ddd9aae14f195,L19066036,0,0,SUCCESS,1,1786560307,1786561200,508.770053,SXR,0x6629Ce1Cf35Cc1329ebB4F63202F3f197b3F050B
0x7dd3631b54702c713126f2a6deb96396d8748c4a58eda392104d3038640fa40b,0x97EC1C9682F70091efB04e97b0B34698cF815EE1,,14.41,1.5212,Asian Handicap (-1),,UEFA Super Cup,Paris Saint Germain vs Aston Villa,Paris Saint Germain,Aston Villa,0x67230bcb83f942bc217c5d745ea1712885e0906db6bd151cb38c9c1c8672117b,L19066036,0,0,SUCCESS,1,1786560294,1786561200,27.645084,SXR,0x6629Ce1Cf35Cc1329ebB4F63202F3f197b3F050B
0xdb94b0d0f8fe7d2b43adfbb9820c8a47300a3a563fff88da11dc223185bdecd9,0x0DeAbC808957aBc9f4778C03b03CC1D2cBBC9D60,1,5,1.4675,Under/Over (3),Over 3.0,UEFA Super Cup,Paris Saint Germain vs Aston Villa,Paris Saint Germain,Aston Villa,0x1680a9183d7746c5c4672e850418adf866cefd179c8c9fa8a47ddd9aae14f195,L19066036,0,0,SUCCESS,1,1786560256,1786561200,10.695187,SXR,0x6629Ce1Cf35Cc1329ebB4F63202F3f197b3F050B
0x2b7356728bcebcdab75b58973883ec02244f9b1836429ea8e50a572364cd8afb,0x0DeAbC808957aBc9f4778C03b03CC1D2cBBC9D60,1,5,1.4675,Under/Over (3),Over 3.0,UEFA Super Cup,Paris Saint Germain vs Aston Villa,Paris Saint Germain,Aston Villa,0x1680a9183d7746c5c4672e850418adf866cefd179c8c9fa8a47ddd9aae14f195,L19066036,0,0,SUCCESS,1,1786560254,1786561200,10.695187,SXR,0x6629Ce1Cf35Cc1329ebB4F63202F3f197b3F050B
0x9419d4588e5335f341bb3ca8196500794a0a81507e87cd78efb0e59fa8a89d68,0x0DeAbC808957aBc9f4778C03b03CC1D2cBBC9D60,1,5,1.4675,Under/Over (3),Over 3.0,UEFA Super Cup,Paris Saint Germain vs Aston Villa,Paris Saint Germain,Aston Villa,0x1680a9183d7746c5c4672e850418adf866cefd179c8c9fa8a47ddd9aae14f195,L19066036,0,0,SUCCESS,1,1786560252,1786561200,10.695187,SXR,0x6629Ce1Cf35Cc1329ebB4F63202F3f197b3F050B
0x02e778e14879049e5194aa6392298fb00bf0f23a5c4f87f0e0fbe2803b2fae64,0x0DeAbC808957aBc9f4778C03b03CC1D2cBBC9D60,1,5,1.4675,Under/Over (3),Over 3.0,UEFA Super Cup,Paris Saint Germain vs Aston Villa,Paris Saint Germain,Aston Villa,0x1680a9183d7746c5c4672e850418adf866cefd179c8c9fa8a47ddd9aae14f195,L19066036,0,0,SUCCESS,1,1786560250,1786561200,10.695187,SXR,0x6629Ce1Cf35Cc1329ebB4F63202F3f197b3F050B
0xa73ca1c7f190c9dde0facfb11ac263f4da139b7002c940401a32ca647194c8f8,0x8268feC8dCb0D284343054BDf2b649286c9aA0a1,1,64.43,1.4675,Under/Over (3),Over 3.0,UEFA Super Cup,Paris Saint Germain vs Aston Villa,Paris Saint Germain,Aston Villa,0x1680a9183d7746c5c4672e850418adf866cefd179c8c9fa8a47ddd9aae14f195,L19066036,0,0,SUCCESS,1,1786560234,1786561200,137.818182,SXR,0x6629Ce1Cf35Cc1329ebB4F63202F3f197b3F050B
0x67159d5406f5c6cb5341d4195215723fc2d7674b4e28e0b267e8423235c13676,0x8268feC8dCb0D284343054BDf2b649286c9aA0a1,1,513.01,1.4663,Under/Over (3),Over 3.0,UEFA Super Cup,Paris Saint Germain vs Aston Villa,Paris Saint Germain,Aston Villa,0x1680a9183d7746c5c4672e850418adf866cefd179c8c9fa8a47ddd9aae14f195,L19066036,0,0,SUCCESS,1,1786560233,1786561200,1100.289544,SXR,0x6629Ce1Cf35Cc1329ebB4F63202F3f197b3F050B
0xbf39981536deeb2dc5396445a579c3d08df92af0031f2122e77aa5405abda4f8,0x8268feC8dCb0D284343054BDf2b649286c9aA0a1,1,45.48124,1.4663,Under/Over (3),Over 3.0,UEFA Super Cup,Paris Saint Germain vs Aston Villa,Paris Saint Germain,Aston Villa,0x1680a9183d7746c5c4672e850418adf866cefd179c8c9fa8a47ddd9aae14f195,L19066036,0,0,SUCCESS,1,1786560232,1786561200,97.546895,SXR,0x6629Ce1Cf35Cc1329ebB4F63202F3f197b3F050B
0x9e1ef86fdbaa75f2d7a45e36c5ae0ac1a0a0b511e71c2944a79287fad73ea6ef,0x8268feC8dCb0D284343054BDf2b649286c9aA0a1,1,288.14,1.4675,Under/Over (3),Over 3.0,UEFA Super Cup,Paris Saint Germain vs Aston Villa,Paris Saint Germain,Aston Villa,0x1680a9183d7746c5c4672e850418adf866cefd179c8c9fa8a47ddd9aae14f195,L19066036,0,0,SUCCESS,1,1786560232,1786561200,616.342246,SXR,0x6629Ce1Cf35Cc1329ebB4F63202F3f197b3F050B
0x8b974e38e792f3ce25c4398669bb95d61a9a78e119a68696d975c229e1de2da8,0x8268feC8dCb0D284343054BDf2b649286c9aA0a1,,42.31197,1.3938,1X2,,UEFA Super Cup,Paris Saint Germain vs Aston Villa,Paris Saint Germain,Aston Villa,0xd90089ceb0c9854c3d68a3f09fc4fa855b3a26537e60e3a02b69256aaacd29db,L19066036,0,0,SUCCESS,1,1786560219,1786561200,107.458971,SXR,0x6629Ce1Cf35Cc1329ebB4F63202F3f197b3F050B
0x83d3df92f81c842a0b74f72412eae4d0b48b6116bbce3b8da324d733d925b432,0xE4DD6165bFF7EE73D7932C3b478f7E22431e85E7,,24.95,1.3938,1X2,,UEFA Super Cup,Paris Saint Germain vs Aston Villa,Paris Saint Germain,Aston Villa,0xd90089ceb0c9854c3d68a3f09fc4fa855b3a26537e60e3a02b69256aaacd29db,L19066036,0,0,SUCCESS,1,1786560218,1786561200,63.365079,SXR,0x6629Ce1Cf35Cc1329ebB4F63202F3f197b3F050B
0x982a1b5b0fb35453a2b7c30b007fd00fcabec9eb5871dcb712f28d487f895248,0xFD3a22179CA4104E97c670b834750Bd7Ff310b17,1,534.69,1.5288,Under/Over (3),Over 3.0,UEFA Super Cup,Paris Saint Germain vs Aston Villa,Paris Saint Germain,Aston Villa,0x1680a9183d7746c5c4672e850418adf866cefd179c8c9fa8a47ddd9aae14f195,L19066036,0,0,SUCCESS,1,1786560201,1786561200,1011.234043,SXR,0x6629Ce1Cf35Cc1329ebB4F63202F3f197b3F050B
0x665024bcc74c5442ed6ed64ff586f6e547740bc01a3b13edfe9649ef2b0c836b,0xFD3a22179CA4104E97c670b834750Bd7Ff310b17,1,534.69,1.5288,Under/Over (2.5),Over 2.5,UEFA Super Cup,Paris Saint Germain vs Aston Villa,Paris Saint Germain,Aston Villa,0x40d2c11bb90148bb1491fd1a5f8f94c6aaefad0b17bf95ff4a50b41a9a0b9b2f,L19066036,0,0,SUCCESS,1,1786560201,1786561200,1011.234043,SXR,0x6629Ce1Cf35Cc1329ebB4F63202F3f197b3F050B
0xe914ad953ecfbed173395d31512a745a7e25db064a37c0e581c34035a194f48b,0xFD3a22179CA4104E97c670b834750Bd7Ff310b17,,2097.47,1.3938,1X2,,UEFA Super Cup,Paris Saint Germain vs Aston Villa,Paris Saint Germain,Aston Villa,0xd90089ceb0c9854c3d68a3f09fc4fa855b3a26537e60e3a02b69256aaacd29db,L19066036,0,0,SUCCESS,1,1786560190,1786561200,5326.907937,SXR,0x6629Ce1Cf35Cc1329ebB4F63202F3f197b3F050B
0xdada051cf7fe1bea79937b4a95f183e7ea82236ea6316ff51d6ca7731b99f2ea,0x0DeAbC808957aBc9f4778C03b03CC1D2cBBC9D60,1,5,1.4663,Under/Over (3),Over 3.0,UEFA Super Cup,Paris Saint Germain vs Aston Villa,Paris Saint Germain,Aston Villa,0x1680a9183d7746c5c4672e850418adf866cefd179c8c9fa8a47ddd9aae14f195,L19066036,0,0,SUCCESS,1,1786560177,1786561200,10.723861,SXR,0x6629Ce1Cf35Cc1329ebB4F63202F3f197b3F050B
0x68789ae47b1df79ea573967091957fc17349bd34e61686b8037e326d1e02540a,0x0DeAbC808957aBc9f4778C03b03CC1D2cBBC9D60,1,5,1.4663,Under/Over (3),Over 3.0,UEFA Super Cup,Paris Saint Germain vs Aston Villa,Paris Saint Germain,Aston Villa,0x1680a9183d7746c5c4672e850418adf866cefd179c8c9fa8a47ddd9aae14f195,L19066036,0,0,SUCCESS,1,1786560175,1786561200,10.723861,SXR,0x6629Ce1Cf35Cc1329ebB4F63202F3f197b3F050B
0x20102aaa80b425b4267cd575a2423006c80ac102bc1a7d98e2945f829dc14c64,0x8268feC8dCb0D284343054BDf2b649286c9aA0a1,1,160.0162,1.4663,Under/Over (3),Over 3.0,UEFA Super Cup,Paris Saint Germain vs Aston Villa,Paris Saint Germain,Aston Villa,0x1680a9183d7746c5c4672e850418adf866cefd179c8c9fa8a47ddd9aae14f195,L19066036,0,0,SUCCESS,1,1786560160,1786561200,343.198284,SXR,0x6629Ce1Cf35Cc1329ebB4F63202F3f197b3F050B
0x164cba04fb26839f4856b9e15b939873476906802edac3cce7082f0ab76d4076,0x8268feC8dCb0D284343054BDf2b649286c9aA0a1,1,205.49,1.4663,Under/Over (3),Over 3.0,UEFA Super Cup,Paris Saint Germain vs Aston Villa,Paris Saint Germain,Aston Villa,0x1680a9183d7746c5c4672e850418adf866cefd179c8c9fa8a47ddd9aae14f195,L19066036,0,0,SUCCESS,1,1786560158,1786561200,440.729223,SXR,0x6629Ce1Cf35Cc1329ebB4F63202F3f197b3F050B
0x5fb94da0486254aa68fc78a0b6c516131abb1c420a4d3808a07aa19e404d191a,0xFD3a22179CA4104E97c670b834750Bd7Ff310b17,,5.96,1.4187,Under/Over (2.5),,UEFA Super Cup,Paris Saint Germain vs Aston Villa,Paris Saint Germain,Aston Villa,0x40d2c11bb90148bb1491fd1a5f8f94c6aaefad0b17bf95ff4a50b41a9a0b9b2f,L19066036,0,0,SUCCESS,1,1786560149,1786561200,14.232836,SXR,0x6629Ce1Cf35Cc1329ebB4F63202F3f197b3F050B
0xb9e6d215eae0a7267f30fe8ffc068c2cb183107724f59c4b50465d0cdadbb04b,0x8268feC8dCb0D284343054BDf2b649286c9aA0a1,,5.81033,1.3938,1X2,,UEFA Super Cup,Paris Saint Germain vs Aston Villa,Paris Saint Germain,Aston Villa,0xd90089ceb0c9854c3d68a3f09fc4fa855b3a26537e60e3a02b69256aaacd29db,L19066036,0,0,SUCCESS,1,1786560108,1786561200,14.756394,SXR,0x6629Ce1Cf35Cc1329ebB4F63202F3f197b3F050B
0x27c0ca9a37cdfa109b4e6e6394d9d9db971a463d5da48bba2737ba700bbc7f20,0xFD3a22179CA4104E97c670b834750Bd7Ff310b17,,1207.89,1.3938,1X2,,UEFA Super Cup,Paris Saint Germain vs Aston Villa,Paris Saint Germain,Aston Villa,0xd90089ceb0c9854c3d68a3f09fc4fa855b3a26537e60e3a02b69256aaacd29db,L19066036,0,0,SUCCESS,1,1786560108,1786561200,3067.657143,SXR,0x6629Ce1Cf35Cc1329ebB4F63202F3f197b3F050B
0xe273f4955fd8394970bc82f45f9f5a89e7857f55b8b2972578d32a3aba5eeb80,0x0DeAbC808957aBc9f4778C03b03CC1D2cBBC9D60,,5,1.3938,1X2,,UEFA Super Cup,Paris Saint Germain vs Aston Villa,Paris Saint Germain,Aston Villa,0xd90089ceb0c9854c3d68a3f09fc4fa855b3a26537e60e3a02b69256aaacd29db,L19066036,0,0,SUCCESS,1,1786560101,1786561200,12.698413,SXR,0x6629Ce1Cf35Cc1329ebB4F63202F3f197b3F050B
0xfe39b416cbd7c9c52572d4d42ae38c8fcab8290243b82bd62ee17124ab76245e,0x0DeAbC808957aBc9f4778C03b03CC1D2cBBC9D60,,5,1.3938,1X2,,UEFA Super Cup,Paris Saint Germain vs Aston Villa,Paris Saint Germain,Aston Villa,0xd90089ceb0c9854c3d68a3f09fc4fa855b3a26537e60e3a02b69256aaacd29db,L19066036,0,0,SUCCESS,1,1786560099,1786561200,12.698413,SXR,0x6629Ce1Cf35Cc1329ebB4F63202F3f197b3F050B
0x6310d7d517e5d6a5640301916f82d42a2d0a0841c907e2b61345ced31837fecf,0x8268feC8dCb0D284343054BDf2b649286c9aA0a1,,814.3367,1.3938,1X2,,UEFA Super Cup,Paris Saint Germain vs Aston Villa,Paris Saint Germain,Aston Villa,0xd90089ceb0c9854c3d68a3f09fc4fa855b3a26537e60e3a02b69256aaacd29db,L19066036,0,0,SUCCESS,1,1786560084,1786561200,2068.156698,SXR,0x6629Ce1Cf35Cc1329ebB4F63202F3f197b3F050B
0x00fb7e3231fb767aa0967772b38c7569a28efbde936a3d8a55f307309dc7d68f,0x8268feC8dCb0D284343054BDf2b649286c9aA0a1,,63.69495,1.3938,1X2,,UEFA Super Cup,Paris Saint Germain vs Aston Villa,Paris Saint Germain,Aston Villa,0xd90089ceb0c9854c3d68a3f09fc4fa855b3a26537e60e3a02b69256aaacd29db,L19066036,0,0,SUCCESS,1,1786560082,1786561200,161.764952,SXR,0x6629Ce1Cf35Cc1329ebB4F63202F3f197b3F050B
0x88357337bf51b54dd2c3f372f40ac4c3fd5f69aa7718f63fd4337fb090cb886f,0xa498150823d867380b25175554a275c1c668256e,,63,1.3938,1X2,,UEFA Super Cup,Paris Saint Germain vs Aston Villa,Paris Saint Germain,Aston Villa,0xd90089ceb0c9854c3d68a3f09fc4fa855b3a26537e60e3a02b69256aaacd29db,L19066036,0,0,SUCCESS,1,1786560076,1786561200,160.0,SXR,0x6629Ce1Cf35Cc1329ebB4F63202F3f197b3F050B
0x07035e0922db9f5b1194818476bd18612c088c0f76dea9e204067071a3c18011,0x0DeAbC808957aBc9f4778C03b03CC1D2cBBC9D60,,5,1.395,1X2,,UEFA Super Cup,Paris Saint Germain vs Aston Villa,Paris Saint Germain,Aston Villa,0xd90089ceb0c9854c3d68a3f09fc4fa855b3a26537e60e3a02b69256aaacd29db,L19066036,0,0,SUCCESS,1,1786560062,1786561200,12.658228,SXR,0x6629Ce1Cf35Cc1329ebB4F63202F3f197b3F050B
0xf6b8cc42d4b2afa7561c783bbc99a49b3e327221770ffc7574a1ccde44fa9ad6,0x0DeAbC808957aBc9f4778C03b03CC1D2cBBC9D60,,5,1.395,1X2,,UEFA Super Cup,Paris Saint Germain vs Aston Villa,Paris Saint Germain,Aston Villa,0xd90089ceb0c9854c3d68a3f09fc4fa855b3a26537e60e3a02b69256aaacd29db,L19066036,0,0,SUCCESS,1,1786560061,1786561200,12.658228,SXR,0x6629Ce1Cf35Cc1329ebB4F63202F3f197b3F050B
0x71f23bb0186685e82ff969998587f65651f0d1569f7e474351e75b4809308bb9,0xa498150823d867380b25175554a275c1c668256e,,64,1.395,1X2,,UEFA Super Cup,Paris Saint Germain vs Aston Villa,Paris Saint Germain,Aston Villa,0xd90089ceb0c9854c3d68a3f09fc4fa855b3a26537e60e3a02b69256aaacd29db,L19066036,0,0,SUCCESS,1,1786560061,1786561200,162.025316,SXR,0x6629Ce1Cf35Cc1329ebB4F63202F3f197b3F050B
0xc97357cf7b88e339a0c825c1061407aa106239d234e429aee1ed6f6d6f88f816,0x8268feC8dCb0D284343054BDf2b649286c9aA0a1,,516.54178,1.3938,1X2,,UEFA Super Cup,Paris Saint Germain vs Aston Villa,Paris Saint Germain,Aston Villa,0xd90089ceb0c9854c3d68a3f09fc4fa855b3a26537e60e3a02b69256aaacd29db,L19066036,0,0,SUCCESS,1,1786560034,1786561200,1311.85214,SXR,0x6629Ce1Cf35Cc1329ebB4F63202F3f197b3F050B
0x386bb24e5c28bda8db876f7bbadc29c161504576e31bff32e65a6429dffc6aee,0x8268feC8dCb0D284343054BDf2b649286c9aA0a1,,302.24412,1.3938,1X2,,UEFA Super Cup,Paris Saint Germain vs Aston Villa,Paris Saint Germain,Aston Villa,0xd90089ceb0c9854c3d68a3f09fc4fa855b3a26537e60e3a02b69256aaacd29db,L19066036,0,0,SUCCESS,1,1786560032,1786561200,767.604114,SXR,0x6629Ce1Cf35Cc1329ebB4F63202F3f197b3F050B
0x2ea592670316d63a91dcac7be77478c1d659b68eb76f0343e883268ecf4b41dd,0xFD3a22179CA4104E97c670b834750Bd7Ff310b17,,23.07,1.3938,1X2,,UEFA Super Cup,Paris Saint Germain vs Aston Villa,Paris Saint Germain,Aston Villa,0xd90089ceb0c9854c3d68a3f09fc4fa855b3a26537e60e3a02b69256aaacd29db,L19066036,0,0,SUCCESS,1,1786560031,1786561200,58.590476,SXR,0x6629Ce1Cf35Cc1329ebB4F63202F3f197b3F050B
0xbef8f5d8edc3f60cf97e3ca8de8c6dfcc4a0433eb83582873957ace7003bed0c,0xf4a8B27C9a13e298D65b5Cc072d252816B799C81,1,10,1.6088,1X2,Paris Saint Germain,UEFA Super Cup,Paris Saint Germain vs Aston Villa,Paris Saint Germain,Aston Villa,0xd90089ceb0c9854c3d68a3f09fc4fa855b3a26537e60e3a02b69256aaacd29db,L19066036,0,0,SUCCESS,1,1786560030,1786561200,16.427105,SXR,0x6629Ce1Cf35Cc1329ebB4F63202F3f197b3F050B
0x82f25ad31d6c815fd11db755d834c164a313e482b950a66a5001f85077826cf6,0x8268feC8dCb0D284343054BDf2b649286c9aA0a1,,14.78876,1.3938,1X2,,UEFA Super Cup,Paris Saint Germain vs Aston Villa,Paris Saint Germain,Aston Villa,0xd90089ceb0c9854c3d68a3f09fc4fa855b3a26537e60e3a02b69256aaacd29db,L19066036,0,0,SUCCESS,1,1786560030,1786561200,37.558756,SXR,0x6629Ce1Cf35Cc1329ebB4F63202F3f197b3F050B
0x16c98e9d40f5c3e2ca99fcc78cd3894ebfe4d7a581fec8dcb1929eb453c4eb73,0xFD3a22179CA4104E97c670b834750Bd7Ff310b17,1,1.27,1.6088,1X2,Paris Saint Germain,UEFA Super Cup,Paris Saint Germain vs Aston Villa,Paris Saint Germain,Aston Villa,0xd90089ceb0c9854c3d68a3f09fc4fa855b3a26537e60e3a02b69256aaacd29db,L19066036,0,0,SUCCESS,1,1786560012,1786561200,2.086242,SXR,0x6629Ce1Cf35Cc1329ebB4F63202F3f197b3F050B
0x740563e84a1835c51d150084546137f9c272dd01e190661256e26793be993735,0xFD3a22179CA4104E97c670b834750Bd7Ff310b17,,36.99,1.3938,1X2,,UEFA Super Cup,Paris Saint Germain vs Aston Villa,Paris Saint Germain,Aston Villa,0xd90089ceb0c9854c3d68a3f09fc4fa855b3a26537e60e3a02b69256aaacd29db,L19066036,0,0,SUCCESS,1,1786560010,1786561200,93.942857,SXR,0x6629Ce1Cf35Cc1329ebB4F63202F3f197b3F050B
0xa0f7e371f2e6ac97767850db616096dc88b72341c0a476c4360ad4a31ba0eb0e,0xFD3a22179CA4104E97c670b834750Bd7Ff310b17,1,4.77,1.2312,Under/Over (4),Over 4.0,UEFA Super Cup,Paris Saint Germain vs Aston Villa,Paris Saint Germain,Aston Villa,0xcad766c3bece5254ba9d1a2b8cfdb650e513e674480798bb8979b1e953d44175,L19066036,0,0,SUCCESS,1,1786560009,1786561200,20.627027,SXR,0x6629Ce1Cf35Cc1329ebB4F63202F3f197b3F050B
0xac3071791ea1a13c9603b62b873a5d8072b11f3caca30e7caa98a979658ba278,0xFD3a22179CA4104E97c670b834750Bd7Ff310b17,1,8.605,1.5288,Under/Over (2.5),Over 2.5,UEFA Super Cup,Paris Saint Germain vs Aston Villa,Paris Saint Germain,Aston Villa,0x40d2c11bb90148bb1491fd1a5f8f94c6aaefad0b17bf95ff4a50b41a9a0b9b2f,L19066036,0,0,SUCCESS,1,1786560007,1786561200,16.274232,SXR,0x6629Ce1Cf35Cc1329ebB4F63202F3f197b3F050B
0x44dfecda744c40caa8bb71096b3045e7a824844e8a9c0ccc999b5c9645ba6539,0xFD3a22179CA4104E97c670b834750Bd7Ff310b17,,1,1.4163,Under/Over (2.5),,UEFA Super Cup,Paris Saint Germain vs Aston Villa,Paris Saint Germain,Aston Villa,0x40d2c11bb90148bb1491fd1a5f8f94c6aaefad0b17bf95ff4a50b41a9a0b9b2f,L19066036,0,0,SUCCESS,1,1786560007,1786561200,2.402402,SXR,0x6629Ce1Cf35Cc1329ebB4F63202F3f197b3F050B
0x31816d2d402010b53cd2d2f4ddc505f1f71bae2f604d5f3362a8345890339248,0xFD3a22179CA4104E97c670b834750Bd7Ff310b17,1,8.605,1.5288,Under/Over (3),Over 3.0,UEFA Super Cup,Paris Saint Germain vs Aston Villa,Paris Saint Germain,Aston Villa,0x1680a9183d7746c5c4672e850418adf866cefd179c8c9fa8a47ddd9aae14f195,L19066036,0,0,SUCCESS,1,1786560007,1786561200,16.274232,SXR,0x6629Ce1Cf35Cc1329ebB4F63202F3f197b3F050B
0x164d9f3251e4a89a447e8a35453dc3139d9a650141dedef4070e59d84870d6a8,0xFD3a22179CA4104E97c670b834750Bd7Ff310b17,,1.74,1.3938,1X2,,UEFA Super Cup,Paris Saint Germain vs Aston Villa,Paris Saint Germain,Aston Villa,0xd90089ceb0c9854c3d68a3f09fc4fa855b3a26537e60e3a02b69256aaacd29db,L19066036,0,0,SUCCESS,1,1786560006,1786561200,4.419048,SXR,0x6629Ce1Cf35Cc1329ebB4F63202F3f197b3F050B
0xc03774b5da1e1b1860edfc011da38c698a68454c582ddeb854241514c943b753,0xB95e016d0bb898a32fa18ed6eA77D2968c7Ab828,1,26.35937,1.6062,1X2,Paris Saint Germain,UEFA Super Cup,Paris Saint Germain vs Aston Villa,Paris Saint Germain,Aston Villa,0xd90089ceb0c9854c3d68a3f09fc4fa855b3a26537e60e3a02b69256aaacd29db,L19066036,0,0,SUCCESS,1,1786560003,1786561200,43.479373,SXR,0x6629Ce1Cf35Cc1329ebB4F63202F3f197b3F050B
0x0b61412d399c97b50382e07d0fb51b4727e345a0ac31578913af680543d5924e,0xFD3a22179CA4104E97c670b834750Bd7Ff310b17,1,17.71,1.5288,Under/Over (3),Over 3.0,UEFA Super Cup,Paris Saint Germain vs Aston Villa,Paris Saint Germain,Aston Villa,0x1680a9183d7746c5c4672e850418adf866cefd179c8c9fa8a47ddd9aae14f195,L19066036,0,0,SUCCESS,1,1786559986,1786561200,33.49409,SXR,0x6629Ce1Cf35Cc1329ebB4F63202F3f197b3F050B
0xe3fd618556c951bda73fc49c3165327fa4b25e7dbf842e5ba6fe3f6bf2629f8d,0xFD3a22179CA4104E97c670b834750Bd7Ff310b17,1,17.71,1.5288,Under/Over (2.5),Over 2.5,UEFA Super Cup,Paris Saint Germain vs Aston Villa,Paris Saint Germain,Aston Villa,0x40d2c11bb90148bb1491fd1a5f8f94c6aaefad0b17bf95ff4a50b41a9a0b9b2f,L19066036,0,0,SUCCESS,1,1786559985,1786561200,33.49409,SXR,0x6629Ce1Cf35Cc1329ebB4F63202F3f197b3F050B
0xe5af40e2bbffafb3ceb8958017e55bf2029d43546b798a636736aca36c30d63b,0x85Da26Dce2e5F76FcFb411d89ceb8fcf11A9CBcD,,800,1.395,1X2,,UEFA Super Cup,Paris Saint Germain vs Aston Villa,Paris Saint Germain,Aston Villa,0xd90089ceb0c9854c3d68a3f09fc4fa855b3a26537e60e3a02b69256aaacd29db,L19066036,0,0,SUCCESS,1,1786559975,1786561200,2025.316456,SXR,0x6629Ce1Cf35Cc1329ebB4F63202F3f197b3F050B
0xbdcbf3b302dc9f6a51cb07ee14c86cb830d83091eea1ffbc10d852a4d7232268,0xa498150823d867380b25175554a275c1c668256e,,66,1.3975,1X2,,UEFA Super Cup,Paris Saint Germain vs Aston Villa,Paris Saint Germain,Aston Villa,0xd90089ceb0c9854c3d68a3f09fc4fa855b3a26537e60e3a02b69256aaacd29db,L19066036,0,0,SUCCESS,1,1786559921,1786561200,166.037736,SXR,0x6629Ce1Cf35Cc1329ebB4F63202F3f197b3F050B
0x67359a2da1f73d49b501884ee290679a922a68cf3fed11f13568c630ca456356,0xFD3a22179CA4104E97c670b834750Bd7Ff310b17,,5.2,1.3975,1X2,,UEFA Super Cup,Paris Saint Germain vs Aston Villa,Paris Saint Germain,Aston Villa,0xd90089ceb0c9854c3d68a3f09fc4fa855b3a26537e60e3a02b69256aaacd29db,L19066036,0,0,SUCCESS,1,1786559901,1786561200,13.081761,SXR,0x6629Ce1Cf35Cc1329ebB4F63202F3f197b3F050B
0xf22c59f78fbcdbb9b31e8e4a756d8e22ccdd0213db5b882b326af534e6bb4bb1,0xa498150823d867380b25175554a275c1c668256e,,66,1.3975,1X2,,UEFA Super Cup,Paris Saint Germain vs Aston Villa,Paris Saint Germain,Aston Villa,0xd90089ceb0c9854c3d68a3f09fc4fa855b3a26537e60e3a02b69256aaacd29db,L19066036,0,0,SUCCESS,1,1786559896,1786561200,166.037736,SXR,0x6629Ce1Cf35Cc1329ebB4F63202F3f197b3F050B
0x199b280da6424896438ac87752dd64fb591a6789d2c851736d5c14f585cb1c85,0xB68CdE07209Effd2479721550a9FE82Bd34A508F,1,160.43127,1.17,1X2,Aston Villa,UEFA Super Cup,Paris Saint Germain vs Aston Villa,Paris Saint Germain,Aston Villa,0x7d79a11368f71901641550937f2120d0c09dccfc84328fabe81c1eb7847ce4b5,L19066036,0,0,SUCCESS,1,1786559884,1786561200,943.713353,SXR,0x6629Ce1Cf35Cc1329ebB4F63202F3f197b3F050B
0xf1899cd81bb61eccc2131184a5175746a2ff1830007d687bdb27cb5195fa9bfa,0x97EC1C9682F70091efB04e97b0B34698cF815EE1,,21.04,1.0637,Under/Over (1),,UEFA Super Cup,Paris Saint Germain vs Aston Villa,Paris Saint Germain,Aston Villa,0xdfb74fd8f2f9aa0b9e2b09371dcbb9d1dd03994b0022425e05b6c81348099b2e,L19066036,0,0,SUCCESS,1,1786559876,1786561200,330.039216,SXR,0x6629Ce1Cf35Cc1329ebB4F63202F3f197b3F050B
0xeea09d6e517168bd722c1defa63ad804e0d2df40d8a37cc4b051c03ca2032c22,0x600d44F0475a90bC45ACC324FE3b1DFc6B1BE881,1,0.99998,1.7662,Under/Over (2),Over 2.0,UEFA Super Cup,Paris Saint Germain vs Aston Villa,Paris Saint Germain,Aston Villa,0xdd50529e314a3663ff38eb9f9e48f9de046ea1f95c648f0b933df82946e0f1e0,L19066036,0,0,SUCCESS,1,1786559873,1786561200,1.305031,SXR,0x6629Ce1Cf35Cc1329ebB4F63202F3f197b3F050B
0x0d2d2a53f405ba4ebaec170026f67e229eb6fceda0d16c18a84179e24b996800,0xa498150823d867380b25175554a275c1c668256e,,66,1.4,1X2,,UEFA Super Cup,Paris Saint Germain vs Aston Villa,Paris Saint Germain,Aston Villa,0xd90089ceb0c9854c3d68a3f09fc4fa855b3a26537e60e3a02b69256aaacd29db,L19066036,0,0,SUCCESS,1,1786559873,1786561200,165.0,SXR,0x6629Ce1Cf35Cc1329ebB4F63202F3f197b3F050B
0x10dbc49b45d35cd1eb888431ac552acca260266f7bbf265cbe0daac22ab3450f,0xca6360Efab0430fa8Dad766E9f6D20540B6c73ef,,46.58089,1.4213,Under/Over (2.5),,UEFA Super Cup,Paris Saint Germain vs Aston Villa,Paris Saint Germain,Aston Villa,0x40d2c11bb90148bb1491fd1a5f8f94c6aaefad0b17bf95ff4a50b41a9a0b9b2f,L19066036,0,0,SUCCESS,1,1786559852,1786561200,110.57778,SXR,0x6629Ce1Cf35Cc1329ebB4F63202F3f197b3F050B
0xaf2d13ba140b65326e300389bbc4eae18c65a13073570b29122dfeed5dc216a8,0xa498150823d867380b25175554a275c1c668256e,,66,1.4038,1X2,,UEFA Super Cup,Paris Saint Germain vs Aston Villa,Paris Saint Germain,Aston Villa,0xd90089ceb0c9854c3d68a3f09fc4fa855b3a26537e60e3a02b69256aaacd29db,L19066036,0,0,SUCCESS,1,1786559831,1786561200,163.467492,SXR,0x6629Ce1Cf35Cc1329ebB4F63202F3f197b3F050B
0x7c07e07656809a6529b19888c098ffe0d764193b227dec4f752609678a53a0ac,0xFD3a22179CA4104E97c670b834750Bd7Ff310b17,1,2.79,1.6025,1X2,Paris Saint Germain,UEFA Super Cup,Paris Saint Germain vs Aston Villa,Paris Saint Germain,Aston Villa,0xd90089ceb0c9854c3d68a3f09fc4fa855b3a26537e60e3a02b69256aaacd29db,L19066036,0,0,SUCCESS,1,1786559814,1786561200,4.630705,SXR,0x6629Ce1Cf35Cc1329ebB4F63202F3f197b3F050B
0x9ebe61798a266cce395e6709c129a694e24b159580157a5eca93ea9f5884dbaf,0x8268feC8dCb0D284343054BDf2b649286c9aA0a1,,564.66666,1.4,1X2,,UEFA Super Cup,Paris Saint Germain vs Aston Villa,Paris Saint Germain,Aston Villa,0xd90089ceb0c9854c3d68a3f09fc4fa855b3a26537e60e3a02b69256aaacd29db,L19066036,0,0,SUCCESS,1,1786559799,1786561200,1411.66665,SXR,0x6629Ce1Cf35Cc1329ebB4F63202F3f197b3F050B
0x9620d0bf87f2bcc90c5273ff297a4471a22c64b41a9e6d6e538d670f4bdd5c9b,0xFD3a22179CA4104E97c670b834750Bd7Ff310b17,1,101.37482,1.17,1X2,Aston Villa,UEFA Super Cup,Paris Saint Germain vs Aston Villa,Paris Saint Germain,Aston Villa,0x7d79a11368f71901641550937f2120d0c09dccfc84328fabe81c1eb7847ce4b5,L19066036,0,0,SUCCESS,1,1786559709,1786561200,596.322471,SXR,0x6629Ce1Cf35Cc1329ebB4F63202F3f197b3F050B
0x5895bcf68a3dc6eda270c3128741dc723de7b12413a9421febc064400d41ca8b,0xFD3a22179CA4104E97c670b834750Bd7Ff310b17,,566.66667,1.4,1X2,,UEFA Super Cup,Paris Saint Germain vs Aston Villa,Paris Saint Germain,Aston Villa,0xd90089ceb0c9854c3d68a3f09fc4fa855b3a26537e60e3a02b69256aaacd29db,L19066036,0,0,SUCCESS,1,1786559709,1786561200,1416.666675,SXR,0x6629Ce1Cf35Cc1329ebB4F63202F3f197b3F050B
0x69fde6d2e345747ed67e6a3db4d70f17d2c2e4bd365e3117d163f1fc098e9f38,0xca6360Efab0430fa8Dad766E9f6D20540B6c73ef,,220.94952,1.42,Under/Over (2.5),,UEFA Super Cup,Paris Saint Germain vs Aston Villa,Paris Saint Germain,Aston Villa,0x40d2c11bb90148bb1491fd1a5f8f94c6aaefad0b17bf95ff4a50b41a9a0b9b2f,L19066036,0,0,SUCCESS,1,1786559667,1786561200,526.070286,SXR,0x6629Ce1Cf35Cc1329ebB4F63202F3f197b3F050B
0x4a7ea5a42f7d111d50c290736c297af2fc66bb95b9d87a995d2843662684d5bf,0xFD3a22179CA4104E97c670b834750Bd7Ff310b17,1,1.8,1.6,Asian Handicap (-0.5),Paris Saint Germain -0.5,UEFA Super Cup,Paris Saint Germain vs Aston Villa,Paris Saint Germain,Aston Villa,0x633e1f4af7bf294be4c13c5c783beb3d10adbea62e87950389cb3cfa326086cb,L19066036,0,0,SUCCESS,1,1786559631,1786561200,3.0,SXR,0x6629Ce1Cf35Cc1329ebB4F63202F3f197b3F050B
0x7038c039a88f58d7105c151d08529731efa0ba54c593dfb21d9438fce757ff27,0xFD3a22179CA4104E97c670b834750Bd7Ff310b17,1,1.8,1.6,Asian Handicap (-0.5),Paris Saint Germain -0.5,UEFA Super Cup,Paris Saint Germain vs Aston Villa,Paris Saint Germain,Aston Villa,0x633e1f4af7bf294be4c13c5c783beb3d10adbea62e87950389cb3cfa326086cb,L19066036,0,0,SUCCESS,1,1786559628,1786561200,3.0,SXR,0x6629Ce1Cf35Cc1329ebB4F63202F3f197b3F050B
0xe92c612c8e1b43494a0e20b10ef81d1bc42e48d24ea6d068d5bb0980feb07afb,0xca6360Efab0430fa8Dad766E9f6D20540B6c73ef,,229,1.42,Under/Over (2.5),,UEFA Super Cup,Paris Saint Germain vs Aston Villa,Paris Saint Germain,Aston Villa,0x40d2c11bb90148bb1491fd1a5f8f94c6aaefad0b17bf95ff4a50b41a9a0b9b2f,L19066036,0,0,SUCCESS,1,1786559621,1786561200,545.238095,SXR,0x6629Ce1Cf35Cc1329ebB4F63202F3f197b3F050B
0x0e9e5aeab458782e232df48af92b8b161b08ee7cdb6bfed8894782b7cbb3c1fb,0x0C2DA7fC8702784d6f75c78Da25460783A6709a0,1,3,1.4763,Asian Handicap (-1),Paris Saint Germain -1,UEFA Super Cup,Paris Saint Germain vs Aston Villa,Paris Saint Germain,Aston Villa,0x67230bcb83f942bc217c5d745ea1712885e0906db6bd151cb38c9c1c8672117b,L19066036,0,0,SUCCESS,1,1786559611,1786561200,6.299213,SXR,0x6629Ce1Cf35Cc1329ebB4F63202F3f197b3F050B
0x8a63e8c3d7b3dfc5a147123b064b57e470fcff4cd94a22aa0e40d8fd41da1b0c,0xFD3a22179CA4104E97c670b834750Bd7Ff310b17,1,1.8,1.5987,1X2,Paris Saint Germain,UEFA Super Cup,Paris Saint Germain vs Aston Villa,Paris Saint Germain,Aston Villa,0xd90089ceb0c9854c3d68a3f09fc4fa855b3a26537e60e3a02b69256aaacd29db,L19066036,0,0,SUCCESS,1,1786559606,1786561200,3.006263,SXR,0x6629Ce1Cf35Cc1329ebB4F63202F3f197b3F050B
0x69dba0f24c8fd7b8f3cfd9b454d4a697d512f7557d17dc6cadd5e147cc56ae23,0xca6360Efab0430fa8Dad766E9f6D20540B6c73ef,,218.0582,1.4175,Under/Over (2.5),,UEFA Super Cup,Paris Saint Germain vs Aston Villa,Paris Saint Germain,Aston Villa,0x40d2c11bb90148bb1491fd1a5f8f94c6aaefad0b17bf95ff4a50b41a9a0b9b2f,L19066036,0,0,SUCCESS,1,1786559539,1786561200,522.29509,SXR,0x6629Ce1Cf35Cc1329ebB4F63202F3f197b3F050B
0xfeedcc99da0f3a8e8af39740b2b28b5e8da0a285194f72ffd57a04e64727d99b,0xa498150823d867380b25175554a275c1c668256e,,385.09767,1.8337,1X2,,UEFA Super Cup,Paris Saint Germain vs Aston Villa,Paris Saint Germain,Aston Villa,0x7d79a11368f71901641550937f2120d0c09dccfc84328fabe81c1eb7847ce4b5,L19066036,0,0,SUCCESS,1,1786559529,1786561200,461.886261,SXR,0x6629Ce1Cf35Cc1329ebB4F63202F3f197b3F050B
0x8df43ad34befb736880a0e91f4b051c4ac9fccccc32f447c9b3f3ca81a90c40b,0x0DeAbC808957aBc9f4778C03b03CC1D2cBBC9D60,1,5,1.6,1X2,Paris Saint Germain,UEFA Super Cup,Paris Saint Germain vs Aston Villa,Paris Saint Germain,Aston Villa,0xd90089ceb0c9854c3d68a3f09fc4fa855b3a26537e60e3a02b69256aaacd29db,L19066036,0,0,SUCCESS,1,1786559509,1786561200,8.333333,SXR,0x6629Ce1Cf35Cc1329ebB4F63202F3f197b3F050B
0xdea1cb5b726e38132dc8b3a73bf2dab526f837ee0aeba3c57878b8a06f5d6338,0x8268feC8dCb0D284343054BDf2b649286c9aA0a1,1,27.12,1.5975,1X2,Paris Saint Germain,UEFA Super Cup,Paris Saint Germain vs Aston Villa,Paris Saint Germain,Aston Villa,0xd90089ceb0c9854c3d68a3f09fc4fa855b3a26537e60e3a02b69256aaacd29db,L19066036,0,0,SUCCESS,1,1786559499,1786561200,45.389121,SXR,0x6629Ce1Cf35Cc1329ebB4F63202F3f197b3F050B
0xa2283c88c564ab6da4fc85434d8dcc37caad26915b57f3d4076b64d0380fb240,0xFD3a22179CA4104E97c670b834750Bd7Ff310b17,1,17.95,1.3638,Asian Handicap (-1.5),Paris Saint Germain -1.5,UEFA Super Cup,Paris Saint Germain vs Aston Villa,Paris Saint Germain,Aston Villa,0x409d8b258d8921e8f4a2c11460cbb794c2d8610abb209e4090e8a8ae8f39d2d7,L19066036,0,0,SUCCESS,1,1786559499,1786561200,49.347079,SXR,0x6629Ce1Cf35Cc1329ebB4F63202F3f197b3F050B
0x77b9a9d32898ce54c42d4ae506b1ee7302e0a843dbb05b96764efaf006bca507,0xa498150823d867380b25175554a275c1c668256e,,431.99996,1.8313,1X2,,UEFA Super Cup,Paris Saint Germain vs Aston Villa,Paris Saint Germain,Aston Villa,0x7d79a11368f71901641550937f2120d0c09dccfc84328fabe81c1eb7847ce4b5,L19066036,0,0,SUCCESS,1,1786559491,1786561200,519.6992,SXR,0x6629Ce1Cf35Cc1329ebB4F63202F3f197b3F050B
0xca1bef132fd6b765d63c8287f0abcbdb09078c770fd66e0f9b9882272da473c5,0xa498150823d867380b25175554a275c1c668256e,,431.99996,1.8313,1X2,,UEFA Super Cup,Paris Saint Germain vs Aston Villa,Paris Saint Germain,Aston Villa,0x7d79a11368f71901641550937f2120d0c09dccfc84328fabe81c1eb7847ce4b5,L19066036,0,0,SUCCESS,1,1786559470,1786561200,519.6992,SXR,0x6629Ce1Cf35Cc1329ebB4F63202F3f197b3F050B
0xd40db993f2bd4e080d1f9aa46d926969fcf248cb34b97c381c2fca5019a4d2ae,0xa498150823d867380b25175554a275c1c668256e,,431.99996,1.8313,1X2,,UEFA Super Cup,Paris Saint Germain vs Aston Villa,Paris Saint Germain,Aston Villa,0x7d79a11368f71901641550937f2120d0c09dccfc84328fabe81c1eb7847ce4b5,L19066036,0,0,SUCCESS,1,1786559405,1786561200,519.6992,SXR,0x6629Ce1Cf35Cc1329ebB4F63202F3f197b3F050B
0xe45c46278d97c95afdc5c572e724d0fc8cf64d764a9ebc185e25d42650c71258,0x97EC1C9682F70091efB04e97b0B34698cF815EE1,1,23.66,1.4812,Asian Handicap (-1),Paris Saint Germain -1,UEFA Super Cup,Paris Saint Germain vs Aston Villa,Paris Saint Germain,Aston Villa,0x67230bcb83f942bc217c5d745ea1712885e0906db6bd151cb38c9c1c8672117b,L19066036,0,0,SUCCESS,1,1786559386,1786561200,49.163636,SXR,0x6629Ce1Cf35Cc1329ebB4F63202F3f197b3F050B
0xba05bca584c79b6d53c661c2e73d7d322b25eb19b047cdd0e2624333268f0e14,0xa498150823d867380b25175554a275c1c668256e,,101.61333,1.8313,1X2,,UEFA Super Cup,Paris Saint Germain vs Aston Villa,Paris Saint Germain,Aston Villa,0x7d79a11368f71901641550937f2120d0c09dccfc84328fabe81c1eb7847ce4b5,L19066036,0,0,SUCCESS,1,1786559357,1786561200,122.2416,SXR,0x6629Ce1Cf35Cc1329ebB4F63202F3f197b3F050B
0x3039e04c8446475cffef72c5cd5d822b3362052cb927a9a1f54a1443409d25de,0xa498150823d867380b25175554a275c1c668256e,,429.99999,1.8313,1X2,,UEFA Super Cup,Paris Saint Germain vs Aston Villa,Paris Saint Germain,Aston Villa,0x7d79a11368f71901641550937f2120d0c09dccfc84328fabe81c1eb7847ce4b5,L19066036,0,0,SUCCESS,1,1786559345,1786561200,517.293221,SXR,0x6629Ce1Cf35Cc1329ebB4F63202F3f197b3F050B
0xe344adf487255b8651335fa893786fb82771be966d6d3d244534d02fae6049f1,0xFD3a22179CA4104E97c670b834750Bd7Ff310b17,1,1.78999,1.5962,1X2,Paris Saint Germain,UEFA Super Cup,Paris Saint Germain vs Aston Villa,Paris Saint Germain,Aston Villa,0xd90089ceb0c9854c3d68a3f09fc4fa855b3a26537e60e3a02b69256aaacd29db,L19066036,0,0,SUCCESS,1,1786559310,1786561200,3.00208,SXR,0x6629Ce1Cf35Cc1329ebB4F63202F3f197b3F050B
0x1ca057b678d321c58b902dd6fe42ee75fb2f79be108ad178ddcb2f061f506a93,0xFD3a22179CA4104E97c670b834750Bd7Ff310b17,,51.73759,1.7675,1X2,,UEFA Super Cup,Paris Saint Germain vs Aston Villa,Paris Saint Germain,Aston Villa,0x82142b3963732a3fdd36aa8afa37f80a8be5d40f1cde3d8c81b2a40f833fd442,L19066036,0,0,SUCCESS,1,1786559303,1786561200,67.410541,SXR,0x6629Ce1Cf35Cc1329ebB4F63202F3f197b3F050B
0xb73420ef0d0ee91509fabb06b229afc68482e2994911a68364aaa754f919a831,0x8268feC8dCb0D284343054BDf2b649286c9aA0a1,,2835.08679,1.4038,1X2,,UEFA Super Cup,Paris Saint Germain vs Aston Villa,Paris Saint Germain,Aston Villa,0xd90089ceb0c9854c3d68a3f09fc4fa855b3a26537e60e3a02b69256aaacd29db,L19066036,0,0,SUCCESS,1,1786559238,1786561200,7021.886786,SXR,0x6629Ce1Cf35Cc1329ebB4F63202F3f197b3F050B
0x8e03d8426a4b6a61c56c188b15511a09047f25baaa525b106332be1ac2b22e2c,0xB95e016d0bb898a32fa18ed6eA77D2968c7Ab828,1,184.75997,1.5962,1X2,Paris Saint Germain,UEFA Super Cup,Paris Saint Germain vs Aston Villa,Paris Saint Germain,Aston Villa,0xd90089ceb0c9854c3d68a3f09fc4fa855b3a26537e60e3a02b69256aaacd29db,L19066036,0,0,SUCCESS,1,1786559235,1786561200,309.869971,SXR,0x6629Ce1Cf35Cc1329ebB4F63202F3f197b3F050B
0x2a446cdd051382031ba82032102a2666e819a9992ae90a1f8aec08fdd0d685b8,0xCEe90381E99774720969aA47E91c0Bd669f3D64E,1,94.19197,1.5987,Under/Over (2.5),Over 2.5,UEFA Super Cup,Paris Saint Germain vs Aston Villa,Paris Saint Germain,Aston Villa,0x40d2c11bb90148bb1491fd1a5f8f94c6aaefad0b17bf95ff4a50b41a9a0b9b2f,L19066036,0,0,SUCCESS,1,1786559161,1786561200,157.314355,SXR,0x6629Ce1Cf35Cc1329ebB4F63202F3f197b3F050B
0x2f9b548816acc85a87c6d1898802e172584f61d566c5fc2498b03bd475ca5978,0x8268feC8dCb0D284343054BDf2b649286c9aA0a1,1,22.42,1.59,Under/Over (2.5),Over 2.5,UEFA Super Cup,Paris Saint Germain vs Aston Villa,Paris Saint Germain,Aston Villa,0x40d2c11bb90148bb1491fd1a5f8f94c6aaefad0b17bf95ff4a50b41a9a0b9b2f,L19066036,0,0,SUCCESS,1,1786559104,1786561200,38.0,SXR,0x6629Ce1Cf35Cc1329ebB4F63202F3f197b3F050B
0xb0992679eff674ac5b0c01c9ab23fc64675b73480e97d5c042481107e831e0d5,0xFD3a22179CA4104E97c670b834750Bd7Ff310b17,,2.92999,1.8313,1X2,,UEFA Super Cup,Paris Saint Germain vs Aston Villa,Paris Saint Germain,Aston Villa,0x7d79a11368f71901641550937f2120d0c09dccfc84328fabe81c1eb7847ce4b5,L19066036,0,0,SUCCESS,1,1786559096,1786561200,3.5248,SXR,0x6629Ce1Cf35Cc1329ebB4F63202F3f197b3F050B
0xaed3d972aa83a47b20eca26db359921ee15d668afc6f9baf1c4c24131166ce9e,0xFD3a22179CA4104E97c670b834750Bd7Ff310b17,1,4.13886,1.1725,1X2,Aston Villa,UEFA Super Cup,Paris Saint Germain vs Aston Villa,Paris Saint Germain,Aston Villa,0x7d79a11368f71901641550937f2120d0c09dccfc84328fabe81c1eb7847ce4b5,L19066036,0,0,SUCCESS,1,1786559055,1786561200,23.993391,SXR,0x6629Ce1Cf35Cc1329ebB4F63202F3f197b3F050B
0xa129eee044c6a0289eeaa70dca53fc91a3f8dd330ce84ac4718e069b81c9b43d,0xFD3a22179CA4104E97c670b834750Bd7Ff310b17,1,12.59,1.1725,1X2,Aston Villa,UEFA Super Cup,Paris Saint Germain vs Aston Villa,Paris Saint Germain,Aston Villa,0x7d79a11368f71901641550937f2120d0c09dccfc84328fabe81c1eb7847ce4b5,L19066036,0,0,SUCCESS,1,1786559030,1786561200,72.985507,SXR,0x6629Ce1Cf35Cc1329ebB4F63202F3f197b3F050B
0x0a87ca028fe8f933b58ba554438e23d881391436b65f26a6396a257bed502658,0xFD3a22179CA4104E97c670b834750Bd7Ff310b17,1,162.85999,1.5925,1X2,Paris Saint Germain,UEFA Super Cup,Paris Saint Germain vs Aston Villa,Paris Saint Germain,Aston Villa,0xd90089ceb0c9854c3d68a3f09fc4fa855b3a26537e60e3a02b69256aaacd29db,L19066036,0,0,SUCCESS,1,1786558964,1786561200,274.869181,SXR,0x6629Ce1Cf35Cc1329ebB4F63202F3f197b3F050B
0x61ba40287608dd1254e83af0fcccb7d436ffe1e29a77de1453fc88f502a6968f,0xa498150823d867380b25175554a275c1c668256e,,215.61384,1.8313,1X2,,UEFA Super Cup,Paris Saint Germain vs Aston Villa,Paris Saint Germain,Aston Villa,0x7d79a11368f71901641550937f2120d0c09dccfc84328fabe81c1eb7847ce4b5,L19066036,0,0,SUCCESS,1,1786558956,1786561200,259.385071,SXR,0x6629Ce1Cf35Cc1329ebB4F63202F3f197b3F050B
0xd1473790c809113e0260cf409f6b0343985ee6da54cabde73b296efaae4d81a1,0xa498150823d867380b25175554a275c1c668256e,,238.35911,1.8313,1X2,,UEFA Super Cup,Paris Saint Germain vs Aston Villa,Paris Saint Germain,Aston Villa,0x7d79a11368f71901641550937f2120d0c09dccfc84328fabe81c1eb7847ce4b5,L19066036,0,0,SUCCESS,1,1786558940,1786561200,286.747802,SXR,0x6629Ce1Cf35Cc1329ebB4F63202F3f197b3F050B
0xedce10cf77607cfee072858072835c483b82b700482386ca0d0b8336ce399d69,0xFD3a22179CA4104E97c670b834750Bd7Ff310b17,1,122.93084,1.5925,1X2,Paris Saint Germain,UEFA Super Cup,Paris Saint Germain vs Aston Villa,Paris Saint Germain,Aston Villa,0xd90089ceb0c9854c3d68a3f09fc4fa855b3a26537e60e3a02b69256aaacd29db,L19066036,0,0,SUCCESS,1,1786558934,1786561200,207.478211,SXR,0x6629Ce1Cf35Cc1329ebB4F63202F3f197b3F050B
0x4c55642875bf808d5067b0be1504bb1b24c58f03ee1f49827496dcfba9e07ed8,0x0DeAbC808957aBc9f4778C03b03CC1D2cBBC9D60,,4.99999,1.5362,Asian Handicap (-1),,UEFA Super Cup,Paris Saint Germain vs Aston Villa,Paris Saint Germain,Aston Villa,0x67230bcb83f942bc217c5d745ea1712885e0906db6bd151cb38c9c1c8672117b,L19066036,0,0,SUCCESS,1,1786558918,1786561200,9.323991,SXR,0x6629Ce1Cf35Cc1329ebB4F63202F3f197b3F050B
0xafa25ba597d330a66388103ab229480af6294ad6c6d94b5d9b9e406e7d7e77ab,0x0DeAbC808957aBc9f4778C03b03CC1D2cBBC9D60,,5,1.41,1X2,,UEFA Super Cup,Paris Saint Germain vs Aston Villa,Paris Saint Germain,Aston Villa,0xd90089ceb0c9854c3d68a3f09fc4fa855b3a26537e60e3a02b69256aaacd29db,L19066036,0,0,SUCCESS,1,1786558916,1786561200,12.195122,SXR,0x6629Ce1Cf35Cc1329ebB4F63202F3f197b3F050B
0x5326820129368c9d9d93642e5a2d163f863101b301406525ffb20b1d6b8dfc9b,0x0DeAbC808957aBc9f4778C03b03CC1D2cBBC9D60,,4.99999,1.65,Asian Handicap (-1.5),,UEFA Super Cup,Paris Saint Germain vs Aston Villa,Paris Saint Germain,Aston Villa,0x409d8b258d8921e8f4a2c11460cbb794c2d8610abb209e4090e8a8ae8f39d2d7,L19066036,0,0,SUCCESS,1,1786558912,1786561200,7.692292,SXR,0x6629Ce1Cf35Cc1329ebB4F63202F3f197b3F050B
0x9c232df104fc317477ab5c449e895b9c5956c82044c2e36dc9d45f9f2d278c5b,0xFD3a22179CA4104E97c670b834750Bd7Ff310b17,1,5.77,1.3662,Under/Over (3.5),Over 3.5,UEFA Super Cup,Paris Saint Germain vs Aston Villa,Paris Saint Germain,Aston Villa,0x1eb0162b5ef5cce461102a0a0589d643a0342cf1c36981096646de6b5d6f255c,L19066036,0,0,SUCCESS,1,1786558905,1786561200,15.754266,SXR,0x6629Ce1Cf35Cc1329ebB4F63202F3f197b3F050B
0x57aadac1bedeab60bf710d4ffc9de453aebf90a83dcc4cd7d7a92ba1916791d2,0xFD3a22179CA4104E97c670b834750Bd7Ff310b17,1,3.94884,1.23,Under/Over (4),Over 4.0,UEFA Super Cup,Paris Saint Germain vs Aston Villa,Paris Saint Germain,Aston Villa,0xcad766c3bece5254ba9d1a2b8cfdb650e513e674480798bb8979b1e953d44175,L19066036,0,0,SUCCESS,1,1786558905,1786561200,17.16887,SXR,0x6629Ce1Cf35Cc1329ebB4F63202F3f197b3F050B
0x5490bf14adcaa50fa4602ee0c3ca1cedb6edeaccc87f375a988963e217cf5436,0x8268feC8dCb0D284343054BDf2b649286c9aA0a1,,26.46848,1.5362,Asian Handicap (-1),,UEFA Super Cup,Paris Saint Germain vs Aston Villa,Paris Saint Germain,Aston Villa,0x67230bcb83f942bc217c5d745ea1712885e0906db6bd151cb38c9c1c8672117b,L19066036,0,0,SUCCESS,1,1786558904,1786561200,49.358471,SXR,0x6629Ce1Cf35Cc1329ebB4F63202F3f197b3F050B
0x20927b3f01341327f21fdc10dbbd604b7db7c4153ae077f747c88481c29bd429,0xFD3a22179CA4104E97c670b834750Bd7Ff310b17,1,122.81835,1.5925,1X2,Paris Saint Germain,UEFA Super Cup,Paris Saint Germain vs Aston Villa,Paris Saint Germain,Aston Villa,0xd90089ceb0c9854c3d68a3f09fc4fa855b3a26537e60e3a02b69256aaacd29db,L19066036,0,0,SUCCESS,1,1786558904,1786561200,207.288354,SXR,0x6629Ce1Cf35Cc1329ebB4F63202F3f197b3F050B
0x40058f62d9de9e00193676bb321e29dc89c9a82112af67e1c35743b6636feb0c,0x8268feC8dCb0D284343054BDf2b649286c9aA0a1,,14.21607,1.4075,1X2,,UEFA Super Cup,Paris Saint Germain vs Aston Villa,Paris Saint Germain,Aston Villa,0xd90089ceb0c9854c3d68a3f09fc4fa855b3a26537e60e3a02b69256aaacd29db,L19066036,0,0,SUCCESS,1,1786558903,1786561200,34.886061,SXR,0x6629Ce1Cf35Cc1329ebB4F63202F3f197b3F050B
0x622464c5877b860993207da3b09da787755832cbde7bc173d942809582d7e360,0xFD3a22179CA4104E97c670b834750Bd7Ff310b17,1,5.37,1.235,1X2,Tie,UEFA Super Cup,Paris Saint Germain vs Aston Villa,Paris Saint Germain,Aston Villa,0x82142b3963732a3fdd36aa8afa37f80a8be5d40f1cde3d8c81b2a40f833fd442,L19066036,0,0,SUCCESS,1,1786558902,1786561200,22.851064,SXR,0x6629Ce1Cf35Cc1329ebB4F63202F3f197b3F050B
0x54c7832c1c975cdd7c47564b483a9cc89389beb67b650d80bbbb8ffd6ac4a15a,0x8268feC8dCb0D284343054BDf2b649286c9aA0a1,,96.36475,1.4087,1X2,,UEFA Super Cup,Paris Saint Germain vs Aston Villa,Paris Saint Germain,Aston Villa,0xd90089ceb0c9854c3d68a3f09fc4fa855b3a26537e60e3a02b69256aaacd29db,L19066036,0,0,SUCCESS,1,1786558902,1786561200,235.75474,SXR,0x6629Ce1Cf35Cc1329ebB4F63202F3f197b3F050B
0x06e66efa3b30175cdcaa427b58a385d489760ff6cd1e75e88caa97d0237f14c1,0x8268feC8dCb0D284343054BDf2b649286c9aA0a1,1,251,1.175,1X2,Aston Villa,UEFA Super Cup,Paris Saint Germain vs Aston Villa,Paris Saint Germain,Aston Villa,0x7d79a11368f71901641550937f2120d0c09dccfc84328fabe81c1eb7847ce4b5,L19066036,0,0,SUCCESS,1,1786558902,1786561200,1434.285714,SXR,0x6629Ce1Cf35Cc1329ebB4F63202F3f197b3F050B
0xb38e22ca38ce7b88f1f3e8d924f31ba75bd4cc3b4814c5d2413773de8edb31f5,0x8268feC8dCb0D284343054BDf2b649286c9aA0a1,1,141.91,1.1738,1X2,Aston Villa,UEFA Super Cup,Paris Saint Germain vs Aston Villa,Paris Saint Germain,Aston Villa,0x7d79a11368f71901641550937f2120d0c09dccfc84328fabe81c1eb7847ce4b5,L19066036,0,0,SUCCESS,1,1786558901,1786561200,816.748201,SXR,0x6629Ce1Cf35Cc1329ebB4F63202F3f197b3F050B
0x9a25c5bb051c14c3a3402f22fcd0f51d15579900cbadd06b9b1493e760e79616,0x8268feC8dCb0D284343054BDf2b649286c9aA0a1,,18.58316,1.4062,1X2,,UEFA Super Cup,Paris Saint Germain vs Aston Villa,Paris Saint Germain,Aston Villa,0xd90089ceb0c9854c3d68a3f09fc4fa855b3a26537e60e3a02b69256aaacd29db,L19066036,0,0,SUCCESS,1,1786558901,1786561200,45.743163,SXR,0x6629Ce1Cf35Cc1329ebB4F63202F3f197b3F050B
0x59d0ba0ebeef1460a85f81064a9e406bff7ac44e764e341b39803af7968ca5e8,0x8268feC8dCb0D284343054BDf2b649286c9aA0a1,,14.76755,1.5337,Asian Handicap (-1),,UEFA Super Cup,Paris Saint Germain vs Aston Villa,Paris Saint Germain,Aston Villa,0x67230bcb83f942bc217c5d745ea1712885e0906db6bd151cb38c9c1c8672117b,L19066036,0,0,SUCCESS,1,1786558901,1786561200,27.667541,SXR,0x6629Ce1Cf35Cc1329ebB4F63202F3f197b3F050B
0x06bb293ca2e4c3951de0cbb1bd1ab430c307c61fa27dbea68bfb2bbcb38189a0,0x8268feC8dCb0D284343054BDf2b649286c9aA0a1,,20.47903,1.6462,Asian Handicap (-1.5),,UEFA Super Cup,Paris Saint Germain vs Aston Villa,Paris Saint Germain,Aston Villa,0x409d8b258d8921e8f4a2c11460cbb794c2d8610abb209e4090e8a8ae8f39d2d7,L19066036,0,0,SUCCESS,1,1786558901,1786561200,31.689021,SXR,0x6629Ce1Cf35Cc1329ebB4F63202F3f197b3F050B
0xbc3cb69893da3850298f691f9e341638acf38af36df71b75be712da2e06ec87c,0xa498150823d867380b25175554a275c1c668256e,,429.99999,1.8313,1X2,,UEFA Super Cup,Paris Saint Germain vs Aston Villa,Paris Saint Germain,Aston Villa,0x7d79a11368f71901641550937f2120d0c09dccfc84328fabe81c1eb7847ce4b5,L19066036,0,0,SUCCESS,1,1786558887,1786561200,517.293221,SXR,0x6629Ce1Cf35Cc1329ebB4F63202F3f197b3F050B
0xf91a339928c093d2acae727097824af7be13dc4632b7d3b0d0a7f335fec6fedb,0xa498150823d867380b25175554a275c1c668256e,,429.99999,1.8313,1X2,,UEFA Super Cup,Paris Saint Germain vs Aston Villa,Paris Saint Germain,Aston Villa,0x7d79a11368f71901641550937f2120d0c09dccfc84328fabe81c1eb7847ce4b5,L19066036,0,0,SUCCESS,1,1786558818,1786561200,517.293221,SXR,0x6629Ce1Cf35Cc1329ebB4F63202F3f197b3F050B
0xf5a90b04b70c5494976e772618205820bd9e4f3b5aaf491c71d1661eeae94f89,0x97EC1C9682F70091efB04e97b0B34698cF815EE1,1,23.26,1.47,Under/Over (3),Over 3.0,UEFA Super Cup,Paris Saint Germain vs Aston Villa,Paris Saint Germain,Aston Villa,0x1680a9183d7746c5c4672e850418adf866cefd179c8c9fa8a47ddd9aae14f195,L19066036,0,0,SUCCESS,1,1786558806,1786561200,49.489362,SXR,0x6629Ce1Cf35Cc1329ebB4F63202F3f197b3F050B
0xa85111ce03b952db7b96bf8af1486e05946a9fd433f0689e80fd795108c2e02b,0x8268feC8dCb0D284343054BDf2b649286c9aA0a1,,37.89658,1.7712,Under/Over (4),,UEFA Super Cup,Paris Saint Germain vs Aston Villa,Paris Saint Germain,Aston Villa,0xcad766c3bece5254ba9d1a2b8cfdb650e513e674480798bb8979b1e953d44175,L19066036,0,0,SUCCESS,1,1786558796,1786561200,49.136571,SXR,0x6629Ce1Cf35Cc1329ebB4F63202F3f197b3F050B
0xee33fb4d20b90e2826d850ff62210160f86326373152e010f2d565f10fd4ea85,0xFD3a22179CA4104E97c670b834750Bd7Ff310b17,,124.21999,1.7675,1X2,,UEFA Super Cup,Paris Saint Germain vs Aston Villa,Paris Saint Germain,Aston Villa,0x82142b3963732a3fdd36aa8afa37f80a8be5d40f1cde3d8c81b2a40f833fd442,L19066036,0,0,SUCCESS,1,1786558783,1786561200,161.85015,SXR,0x6629Ce1Cf35Cc1329ebB4F63202F3f197b3F050B
0x6d88a3e87288943021b02ffcbe114067e34abcbe93702c489d0df2976c33479c,0x8268feC8dCb0D284343054BDf2b649286c9aA0a1,,214.59941,1.25,Under/Over (2),,UEFA Super Cup,Paris Saint Germain vs Aston Villa,Paris Saint Germain,Aston Villa,0xdd50529e314a3663ff38eb9f9e48f9de046ea1f95c648f0b933df82946e0f1e0,L19066036,0,0,SUCCESS,1,1786558783,1786561200,858.39764,SXR,0x6629Ce1Cf35Cc1329ebB4F63202F3f197b3F050B
0x5ef4d2dff6a50d62dec732e22d3f0e075d94c6cb5d445540be43930a9e302cd3,0x8268feC8dCb0D284343054BDf2b649286c9aA0a1,,26.52053,1.5375,Under/Over (3),,UEFA Super Cup,Paris Saint Germain vs Aston Villa,Paris Saint Germain,Aston Villa,0x1680a9183d7746c5c4672e850418adf866cefd179c8c9fa8a47ddd9aae14f195,L19066036,0,0,SUCCESS,1,1786558783,1786561200,49.340521,SXR,0x6629Ce1Cf35Cc1329ebB4F63202F3f197b3F050B
0xeea0e390ef092102b21f8f2268619b425e15566d7e3751db7648da99272bac50,0xa498150823d867380b25175554a275c1c668256e,,429.99997,1.8325,1X2,,UEFA Super Cup,Paris Saint Germain vs Aston Villa,Paris Saint Germain,Aston Villa,0x7d79a11368f71901641550937f2120d0c09dccfc84328fabe81c1eb7847ce4b5,L19066036,0,0,SUCCESS,1,1786558748,1786561200,516.51648,SXR,0x6629Ce1Cf35Cc1329ebB4F63202F3f197b3F050B
0x1dd72b05e0c56a08040561b1dce3cce52c7ba4bb9876f248cd10bd3664983983,0x0DeAbC808957aBc9f4778C03b03CC1D2cBBC9D60,,4.99998,1.7675,1X2,,UEFA Super Cup,Paris Saint Germain vs Aston Villa,Paris Saint Germain,Aston Villa,0x82142b3963732a3fdd36aa8afa37f80a8be5d40f1cde3d8c81b2a40f833fd442,L19066036,0,0,SUCCESS,1,1786558730,1786561200,6.514632,SXR,0x6629Ce1Cf35Cc1329ebB4F63202F3f197b3F050B
0xb20a7f99b6c2a36d5c6b30958a0250c2bbef305cf1031d0fc03246ce3c35e7ff,0xa498150823d867380b25175554a275c1c668256e,,429.99997,1.8325,1X2,,UEFA Super Cup,Paris Saint Germain vs Aston Villa,Paris Saint Germain,Aston Villa,0x7d79a11368f71901641550937f2120d0c09dccfc84328fabe81c1eb7847ce4b5,L19066036,0,0,SUCCESS,1,1786558727,1786561200,516.51648,SXR,0x6629Ce1Cf35Cc1329ebB4F63202F3f197b3F050B
0xfa664eee78d573b16f5daa01912b5b8a8f0862f55a9087f3ad28f13610db1a1c,0x8268feC8dCb0D284343054BDf2b649286c9aA0a1,,26.16169,1.53,Asian Handicap (-1),,UEFA Super Cup,Paris Saint Germain vs Aston Villa,Paris Saint Germain,Aston Villa,0x67230bcb83f942bc217c5d745ea1712885e0906db6bd151cb38c9c1c8672117b,L19066036,0,0,SUCCESS,1,1786558721,1786561200,49.361679,SXR,0x6629Ce1Cf35Cc1329ebB4F63202F3f197b3F050B
0xb815322c98aefed811e080c2b236eb131c978334c17e9edf203c12372617817e,0xd92304C83c922f270AC80E6d9E04CE992a095c27,1,20,1.2375,1X2,Tie,UEFA Super Cup,Paris Saint Germain vs Aston Villa,Paris Saint Germain,Aston Villa,0x82142b3963732a3fdd36aa8afa37f80a8be5d40f1cde3d8c81b2a40f833fd442,L19066036,0,0,SUCCESS,1,1786558711,1786561200,84.210526,SXR,0x6629Ce1Cf35Cc1329ebB4F63202F3f197b3F050B
0xc2b29ec1c87ad5a3f1c33eb0fc85ce3ff026d18e194e98afcb9a5e6213f75ef1,0xa498150823d867380b25175554a275c1c668256e,,129.99997,1.8325,1X2,,UEFA Super Cup,Paris Saint Germain vs Aston Villa,Paris Saint Germain,Aston Villa,0x7d79a11368f71901641550937f2120d0c09dccfc84328fabe81c1eb7847ce4b5,L19066036,0,0,SUCCESS,1,1786558696,1786561200,156.15612,SXR,0x6629Ce1Cf35Cc1329ebB4F63202F3f197b3F050B
0x39158ff2f9227ebbd84839f2fa2b3ef7aeae8f8a04483dbd9a104b08d844ca6e,0xa498150823d867380b25175554a275c1c668256e,,169.99998,1.8325,1X2,,UEFA Super Cup,Paris Saint Germain vs Aston Villa,Paris Saint Germain,Aston Villa,0x7d79a11368f71901641550937f2120d0c09dccfc84328fabe81c1eb7847ce4b5,L19066036,0,0,SUCCESS,1,1786558667,1786561200,204.20418,SXR,0x6629Ce1Cf35Cc1329ebB4F63202F3f197b3F050B
0xa7fd306f51e87a09d606fbe75b294957d306da8a96ad853c56ff813661da9362,0x6066879230a0178dB234D5492E38E3Fe79Fb1E9c,1,13.59311,1.4788,Asian Handicap (-1),Paris Saint Germain -1,UEFA Super Cup,Paris Saint Germain vs Aston Villa,Paris Saint Germain,Aston Villa,0x67230bcb83f942bc217c5d745ea1712885e0906db6bd151cb38c9c1c8672117b,L19066036,0,0,SUCCESS,1,1786558612,1786561200,28.392919,SXR,0x6629Ce1Cf35Cc1329ebB4F63202F3f197b3F050B
0x830b27290e417a5ddb7ed8e8428dc92044d0dde1e84000eacdaba8c723e30a47,0x6066879230a0178dB234D5492E38E3Fe79Fb1E9c,1,13.93124,1.4912,Asian Handicap (-1),Paris Saint Germain -1,UEFA Super Cup,Paris Saint Germain vs Aston Villa,Paris Saint Germain,Aston Villa,0x67230bcb83f942bc217c5d745ea1712885e0906db6bd151cb38c9c1c8672117b,L19066036,0,0,SUCCESS,1,1786558605,1786561200,28.358758,SXR,0x6629Ce1Cf35Cc1329ebB4F63202F3f197b3F050B
0xbf7d710062c0071510262b6bef245a1f4ad64b1eb243022b96d0c66bad8f748e,0xa498150823d867380b25175554a275c1c668256e,,190.8854,1.8313,1X2,,UEFA Super Cup,Paris Saint Germain vs Aston Villa,Paris Saint Germain,Aston Villa,0x7d79a11368f71901641550937f2120d0c09dccfc84328fabe81c1eb7847ce4b5,L19066036,0,0,SUCCESS,1,1786558593,1786561200,229.636571,SXR,0x6629Ce1Cf35Cc1329ebB4F63202F3f197b3F050B
0x0eba6f7c552f4bb5839a145d6cfde59368a2826ba98d78e21f74dcf3fbe876f0,0x6066879230a0178dB234D5492E38E3Fe79Fb1E9c,1,23.07,1.4737,Asian Handicap (-1),Paris Saint Germain -1,UEFA Super Cup,Paris Saint Germain vs Aston Villa,Paris Saint Germain,Aston Villa,0x67230bcb83f942bc217c5d745ea1712885e0906db6bd151cb38c9c1c8672117b,L19066036,0,0,SUCCESS,1,1786558593,1786561200,48.69657,SXR,0x6629Ce1Cf35Cc1329ebB4F63202F3f197b3F050B
0xef3a04b8cf6c272d342bf6081e649ab72ba9ef4fb0aa85430421419b1802f7b6,0x0DeAbC808957aBc9f4778C03b03CC1D2cBBC9D60,,5,1.4038,1X2,,UEFA Super Cup,Paris Saint Germain vs Aston Villa,Paris Saint Germain,Aston Villa,0xd90089ceb0c9854c3d68a3f09fc4fa855b3a26537e60e3a02b69256aaacd29db,L19066036,0,0,SUCCESS,1,1786558584,1786561200,12.383901,SXR,0x6629Ce1Cf35Cc1329ebB4F63202F3f197b3F050B
0x5ade29ce580ee077ec19d2ee222ba9d8fa721db256ee1f6343273a4fe92e5d9b,0x0DeAbC808957aBc9f4778C03b03CC1D2cBBC9D60,,4.99999,1.645,Under/Over (3.5),,UEFA Super Cup,Paris Saint Germain vs Aston Villa,Paris Saint Germain,Aston Villa,0x1eb0162b5ef5cce461102a0a0589d643a0342cf1c36981096646de6b5d6f255c,L19066036,0,0,SUCCESS,1,1786558583,1786561200,7.751922,SXR,0x6629Ce1Cf35Cc1329ebB4F63202F3f197b3F050B
0xb72c8f6a419513220cc4c0155690d8a6ad4d2c170ce80deb45103d3f6b4b2c6f,0xa498150823d867380b25175554a275c1c668256e,,200,1.8287,1X2,,UEFA Super Cup,Paris Saint Germain vs Aston Villa,Paris Saint Germain,Aston Villa,0x7d79a11368f71901641550937f2120d0c09dccfc84328fabe81c1eb7847ce4b5,L19066036,0,0,SUCCESS,1,1786558577,1786561200,241.3273,SXR,0x6629Ce1Cf35Cc1329ebB4F63202F3f197b3F050B
0xdce6174fce8af0882d8ee0d5de318df2b36f80bc28954d4d6dbb0ebc81256d39,0x8268feC8dCb0D284343054BDf2b649286c9aA0a1,,807.35831,1.6412,Under/Over (3.5),,UEFA Super Cup,Paris Saint Germain vs Aston Villa,Paris Saint Germain,Aston Villa,0x1eb0162b5ef5cce461102a0a0589d643a0342cf1c36981096646de6b5d6f255c,L19066036,0,0,SUCCESS,1,1786558567,1786561200,1259.0383,SXR,0x6629Ce1Cf35Cc1329ebB4F63202F3f197b3F050B
0x153049ec01dde8228ffac03194083076a08914e5f4f9a314e77fc0ea084a7caf,0x8268feC8dCb0D284343054BDf2b649286c9aA0a1,,1009.39193,1.4038,1X2,,UEFA Super Cup,Paris Saint Germain vs Aston Villa,Paris Saint Germain,Aston Villa,0xd90089ceb0c9854c3d68a3f09fc4fa855b3a26537e60e3a02b69256aaacd29db,L19066036,0,0,SUCCESS,1,1786558567,1786561200,2500.041932,SXR,0x6629Ce1Cf35Cc1329ebB4F63202F3f197b3F050B
0x77189a025619115552e562b56f29d478508ccc3b296c5e91a8b2278ad7f67089,0xFD3a22179CA4104E97c670b834750Bd7Ff310b17,,34.72,1.4038,1X2,,UEFA Super Cup,Paris Saint Germain vs Aston Villa,Paris Saint Germain,Aston Villa,0xd90089ceb0c9854c3d68a3f09fc4fa855b3a26537e60e3a02b69256aaacd29db,L19066036,0,0,SUCCESS,1,1786558566,1786561200,85.993808,SXR,0x6629Ce1Cf35Cc1329ebB4F63202F3f197b3F050B
0x9d6231aa13710dc099f2d9affbf210508a8e26b12ae717c6cba9c04fe3aca9cc,0xFD3a22179CA4104E97c670b834750Bd7Ff310b17,,149.14998,1.7675,1X2,,UEFA Super Cup,Paris Saint Germain vs Aston Villa,Paris Saint Germain,Aston Villa,0x82142b3963732a3fdd36aa8afa37f80a8be5d40f1cde3d8c81b2a40f833fd442,L19066036,0,0,SUCCESS,1,1786558565,1786561200,194.332221,SXR,0x6629Ce1Cf35Cc1329ebB4F63202F3f197b3F050B
0xfd4b22ab0da24f00881029eade6b1bca0368a4a7311d438bd314e4bb8aebe2be,0xB95e016d0bb898a32fa18ed6eA77D2968c7Ab828,1,751.17901,1.5962,1X2,Paris Saint Germain,UEFA Super Cup,Paris Saint Germain vs Aston Villa,Paris Saint Germain,Aston Villa,0xd90089ceb0c9854c3d68a3f09fc4fa855b3a26537e60e3a02b69256aaacd29db,L19066036,0,0,SUCCESS,1,1786558562,1786561200,1259.83901,SXR,0x6629Ce1Cf35Cc1329ebB4F63202F3f197b3F050B
0xa67d6477f2d7beac1bd20e82af10fbd8e6b81d66a069ece4b61f552b6e9b5b39,0xa498150823d867380b25175554a275c1c668256e,,240,1.8287,1X2,,UEFA Super Cup,Paris Saint Germain vs Aston Villa,Paris Saint Germain,Aston Villa,0x7d79a11368f71901641550937f2120d0c09dccfc84328fabe81c1eb7847ce4b5,L19066036,0,0,SUCCESS,1,1786558561,1786561200,289.59276,SXR,0x6629Ce1Cf35Cc1329ebB4F63202F3f197b3F050B
0x640f0c6a5da921f1b40392aedc463b1ad7a68cd9b51fd43fd8a966d4b4c735f0,0x8268feC8dCb0D284343054BDf2b649286c9aA0a1,,276.82569,1.4025,1X2,,UEFA Super Cup,Paris Saint Germain vs Aston Villa,Paris Saint Germain,Aston Villa,0xd90089ceb0c9854c3d68a3f09fc4fa855b3a26537e60e3a02b69256aaacd29db,L19066036,0,0,SUCCESS,1,1786558539,1786561200,687.765689,SXR,0x6629Ce1Cf35Cc1329ebB4F63202F3f197b3F050B
0x64241973c5fd08e556ffbe7074ec612336e9322b7072f3db577589f0191ca8df,0xa498150823d867380b25175554a275c1c668256e,,434.99997,1.8287,1X2,,UEFA Super Cup,Paris Saint Germain vs Aston Villa,Paris Saint Germain,Aston Villa,0x7d79a11368f71901641550937f2120d0c09dccfc84328fabe81c1eb7847ce4b5,L19066036,0,0,SUCCESS,1,1786558538,1786561200,524.886842,SXR,0x6629Ce1Cf35Cc1329ebB4F63202F3f197b3F050B
0xa086fe28b85b8fd2f99fcc5d7cd3de7433534ac0c0002c2f83e4c0a1998438b9,0x29c4c7668B1f9E7B037b36080Ea8682510C66b0e,1,23.34788,1.5962,1X2,Paris Saint Germain,UEFA Super Cup,Paris Saint Germain vs Aston Villa,Paris Saint Germain,Aston Villa,0xd90089ceb0c9854c3d68a3f09fc4fa855b3a26537e60e3a02b69256aaacd29db,L19066036,0,0,SUCCESS,1,1786558536,1786561200,39.15787,SXR,0x6629Ce1Cf35Cc1329ebB4F63202F3f197b3F050B
0x05434b367b30c0c8081b2038cc3ec60af492cfb406e40fb83839d6b97af8724a,0x29c4c7668B1f9E7B037b36080Ea8682510C66b0e,1,29.52083,1.5962,Asian Handicap (-0.5),Paris Saint Germain -0.5,UEFA Super Cup,Paris Saint Germain vs Aston Villa,Paris Saint Germain,Aston Villa,0x633e1f4af7bf294be4c13c5c783beb3d10adbea62e87950389cb3cfa326086cb,L19066036,0,0,SUCCESS,1,1786558536,1786561200,49.510826,SXR,0x6629Ce1Cf35Cc1329ebB4F63202F3f197b3F050B
0x9b46ed0b71034a99aec93b6df591813465292e421ebc1e9eeb9d184b0d7545fb,0xB95e016d0bb898a32fa18ed6eA77D2968c7Ab828,1,36.20881,1.5987,1X2,Paris Saint Germain,UEFA Super Cup,Paris Saint Germain vs Aston Villa,Paris Saint Germain,Aston Villa,0xd90089ceb0c9854c3d68a3f09fc4fa855b3a26537e60e3a02b69256aaacd29db,L19066036,0,0,SUCCESS,1,1786558532,1786561200,60.474004,SXR,0x6629Ce1Cf35Cc1329ebB4F63202F3f197b3F050B
0x2a2bafdd29af689fbe6e4e8f277c01d01c4bbbf2005342baedea726ec17f6cdc,0xFD3a22179CA4104E97c670b834750Bd7Ff310b17,1,1.12,1.3675,Asian Handicap (-1.5),Paris Saint Germain -1.5,UEFA Super Cup,Paris Saint Germain vs Aston Villa,Paris Saint Germain,Aston Villa,0x409d8b258d8921e8f4a2c11460cbb794c2d8610abb209e4090e8a8ae8f39d2d7,L19066036,0,0,SUCCESS,1,1786558492,1786561200,3.047619,SXR,0x6629Ce1Cf35Cc1329ebB4F63202F3f197b3F050B
0xf68424ecacbce5fa240d86122ae141bd9218b6c9d122f3a93eae2a5aa4a0802e,0x97EC1C9682F70091efB04e97b0B34698cF815EE1,1,10.8,1.2325,Under/Over (4),Over 4.0,UEFA Super Cup,Paris Saint Germain vs Aston Villa,Paris Saint Germain,Aston Villa,0xcad766c3bece5254ba9d1a2b8cfdb650e513e674480798bb8979b1e953d44175,L19066036,0,0,SUCCESS,1,1786558392,1786561200,46.451613,SXR,0x6629Ce1Cf35Cc1329ebB4F63202F3f197b3F050B
0x86e81ca765caf7cfc1813027384b88a5585990b0d80663af9f299bd9992465ca,0x6b0E9DdF89c6Dc983548a02808d38576B04CDb92,1,0.99999,1.5962,1X2,Paris Saint Germain,UEFA Super Cup,Paris Saint Germain vs Aston Villa,Paris Saint Germain,Aston Villa,0xd90089ceb0c9854c3d68a3f09fc4fa855b3a26537e60e3a02b69256aaacd29db,L19066036,0,0,SUCCESS,1,1786558289,1786561200,1.677132,SXR,0x6629Ce1Cf35Cc1329ebB4F63202F3f197b3F050B
0x51e9462ce7ee93bfabc2d7a05f44871c5e51910052a83399c8e0f059ad159501,0x7b24CF01b6D5e87723223E2A2f5ebed92B5Cc7a9,,372.83,1.4062,1X2,,UEFA Super Cup,Paris Saint Germain vs Aston Villa,Paris Saint Germain,Aston Villa,0xd90089ceb0c9854c3d68a3f09fc4fa855b3a26537e60e3a02b69256aaacd29db,L19066036,0,0,SUCCESS,1,1786558224,1786561200,917.735385,SXR,0x6629Ce1Cf35Cc1329ebB4F63202F3f197b3F050B
0x26964ce9cbfeb72d676fb3c7ec00d135e6023d73ed05f69c338cfb27a95c5500,0x6b0E9DdF89c6Dc983548a02808d38576B04CDb92,1,0.99999,1.6,1X2,Paris Saint Germain,UEFA Super Cup,Paris Saint Germain vs Aston Villa,Paris Saint Germain,Aston Villa,0xd90089ceb0c9854c3d68a3f09fc4fa855b3a26537e60e3a02b69256aaacd29db,L19066036,0,0,SUCCESS,1,1786558212,1786561200,1.66665,SXR,0x6629Ce1Cf35Cc1329ebB4F63202F3f197b3F050B
0xf6e51a4013ef881b525197c4ef9fd378a2e871d20ae688431faff4b06e2f7f65,0x3c0287d63932634992dC40382ee8C4Fa83681Dd1,1,127.46,1.6,1X2,Paris Saint Germain,UEFA Super Cup,Paris Saint Germain vs Aston Villa,Paris Saint Germain,Aston Villa,0xd90089ceb0c9854c3d68a3f09fc4fa855b3a26537e60e3a02b69256aaacd29db,L19066036,0,0,SUCCESS,1,1786558195,1786561200,212.433333,SXR,0x6629Ce1Cf35Cc1329ebB4F63202F3f197b3F050B
0x3aa285097ffd83fc99a49e342acc8baf918e27cfba45c0bd90bc4e00f26ce545,0xB95e016d0bb898a32fa18ed6eA77D2968c7Ab828,1,5449.07,1.5938,1X2,Paris Saint Germain,UEFA Super Cup,Paris Saint Germain vs Aston Villa,Paris Saint Germain,Aston Villa,0xd90089ceb0c9854c3d68a3f09fc4fa855b3a26537e60e3a02b69256aaacd29db,L19066036,0,0,SUCCESS,1,1786558187,1786561200,9177.381053,SXR,0x6629Ce1Cf35Cc1329ebB4F63202F3f197b3F050B
0x1a7d86f30f16ee5714fa2cc9c60b907666681d157dfa35d9d1d1313c2c5ee65a,0xFD3a22179CA4104E97c670b834750Bd7Ff310b17,1,3.04,1.4663,Under/Over (3),Over 3.0,UEFA Super Cup,Paris Saint Germain vs Aston Villa,Paris Saint Germain,Aston Villa,0x1680a9183d7746c5c4672e850418adf866cefd179c8c9fa8a47ddd9aae14f195,L19066036,0,0,SUCCESS,1,1786558176,1786561200,6.520107,SXR,0x6629Ce1Cf35Cc1329ebB4F63202F3f197b3F050B
0x724d73b50cfd1617c51205ac0bff530b4ef16ec0829be9f37215942e1c7635fb,0xFD3a22179CA4104E97c670b834750Bd7Ff310b17,1,31.43999,1.5938,1X2,Paris Saint Germain,UEFA Super Cup,Paris Saint Germain vs Aston Villa,Paris Saint Germain,Aston Villa,0xd90089ceb0c9854c3d68a3f09fc4fa855b3a26537e60e3a02b69256aaacd29db,L19066036,0,0,SUCCESS,1,1786558175,1786561200,52.951562,SXR,0x6629Ce1Cf35Cc1329ebB4F63202F3f197b3F050B
0x2074d869c8aa7aec1c142d04566fbf9a8f9e0c18408a1944a6a23be47c650dac,0x0DeAbC808957aBc9f4778C03b03CC1D2cBBC9D60,1,5,1.5938,1X2,Paris Saint Germain,UEFA Super Cup,Paris Saint Germain vs Aston Villa,Paris Saint Germain,Aston Villa,0xd90089ceb0c9854c3d68a3f09fc4fa855b3a26537e60e3a02b69256aaacd29db,L19066036,0,0,SUCCESS,1,1786558171,1786561200,8.421053,SXR,0x6629Ce1Cf35Cc1329ebB4F63202F3f197b3F050B
0xf193f554742954277ff272377928659f6aef8d87821a2f6f8ee6b32517b2f3f0,0xFD3a22179CA4104E97c670b834750Bd7Ff310b17,,344.77999,1.8313,1X2,,UEFA Super Cup,Paris Saint Germain vs Aston Villa,Paris Saint Germain,Aston Villa,0x7d79a11368f71901641550937f2120d0c09dccfc84328fabe81c1eb7847ce4b5,L19066036,0,0,SUCCESS,1,1786558170,1786561200,414.77292,SXR,0x6629Ce1Cf35Cc1329ebB4F63202F3f197b3F050B
0xc25a07947bbcc84f062280780f73794bd9c4db26aa0424a3a3ffc961cfc4b145,0x0DeAbC808957aBc9f4778C03b03CC1D2cBBC9D60,1,5,1.5938,1X2,Paris Saint Germain,UEFA Super Cup,Paris Saint Germain vs Aston Villa,Paris Saint Germain,Aston Villa,0xd90089ceb0c9854c3d68a3f09fc4fa855b3a26537e60e3a02b69256aaacd29db,L19066036,0,0,SUCCESS,1,1786558169,1786561200,8.421053,SXR,0x6629Ce1Cf35Cc1329ebB4F63202F3f197b3F050B
0xc6d0ef765052708d08e6a3013a06269027b14f3d456e5f7bb6019a41d57422ac,0x0DeAbC808957aBc9f4778C03b03CC1D2cBBC9D60,1,5,1.5938,1X2,Paris Saint Germain,UEFA Super Cup,Paris Saint Germain vs Aston Villa,Paris Saint Germain,Aston Villa,0xd90089ceb0c9854c3d68a3f09fc4fa855b3a26537e60e3a02b69256aaacd29db,L19066036,0,0,SUCCESS,1,1786558167,1786561200,8.421053,SXR,0x6629Ce1Cf35Cc1329ebB4F63202F3f197b3F050B
0xf1e05f3bb3ce81c842c26f4956914c1600294c5a47c061104ab0372ae07fd5af,0x0DeAbC808957aBc9f4778C03b03CC1D2cBBC9D60,1,5,1.5938,1X2,Paris Saint Germain,UEFA Super Cup,Paris Saint Germain vs Aston Villa,Paris Saint Germain,Aston Villa,0xd90089ceb0c9854c3d68a3f09fc4fa855b3a26537e60e3a02b69256aaacd29db,L19066036,0,0,SUCCESS,1,1786558165,1786561200,8.421053,SXR,0x6629Ce1Cf35Cc1329ebB4F63202F3f197b3F050B
0x1819d464b71d6dd29081c3e43746246996289689b0a93e1bab0ae4a02b153775,0x0DeAbC808957aBc9f4778C03b03CC1D2cBBC9D60,1,5,1.5938,1X2,Paris Saint Germain,UEFA Super Cup,Paris Saint Germain vs Aston Villa,Paris Saint Germain,Aston Villa,0xd90089ceb0c9854c3d68a3f09fc4fa855b3a26537e60e3a02b69256aaacd29db,L19066036,0,0,SUCCESS,1,1786558164,1786561200,8.421053,SXR,0x6629Ce1Cf35Cc1329ebB4F63202F3f197b3F050B
0xbc91c3ba714f226d40d618e004277977d48448c96964526abeb3ddf96e040a6b,0x8268feC8dCb0D284343054BDf2b649286c9aA0a1,1,9247.41,1.5938,1X2,Paris Saint Germain,UEFA Super Cup,Paris Saint Germain vs Aston Villa,Paris Saint Germain,Aston Villa,0xd90089ceb0c9854c3d68a3f09fc4fa855b3a26537e60e3a02b69256aaacd29db,L19066036,0,0,SUCCESS,1,1786558163,1786561200,15574.585263,SXR,0x6629Ce1Cf35Cc1329ebB4F63202F3f197b3F050B
0x923887d9fe59a48ee712192e1781a2091e5f63449771a140c4ca1767825a2423,0xFD3a22179CA4104E97c670b834750Bd7Ff310b17,1,2.45999,1.5938,1X2,Paris Saint Germain,UEFA Super Cup,Paris Saint Germain vs Aston Villa,Paris Saint Germain,Aston Villa,0xd90089ceb0c9854c3d68a3f09fc4fa855b3a26537e60e3a02b69256aaacd29db,L19066036,0,0,SUCCESS,1,1786558163,1786561200,4.143141,SXR,0x6629Ce1Cf35Cc1329ebB4F63202F3f197b3F050B
0x5d57e5f27bba8967fad63252564cecf04349ceb9a93813eb698eb1a7e34882e4,0xa141274f45d09C2533035cd3c6ab42F3470dF7A8,1,20,1.4663,Under/Over (3),Over 3.0,UEFA Super Cup,Paris Saint Germain vs Aston Villa,Paris Saint Germain,Aston Villa,0x1680a9183d7746c5c4672e850418adf866cefd179c8c9fa8a47ddd9aae14f195,L19066036,0,0,SUCCESS,1,1786558158,1786561200,42.895442,SXR,0x6629Ce1Cf35Cc1329ebB4F63202F3f197b3F050B
0xc77096fafffb949cb808da424a57d22f622f5b5dc0d1b0bb669ba331ac1ea868,0x29c4c7668B1f9E7B037b36080Ea8682510C66b0e,1,300.79999,1.5938,1X2,Paris Saint Germain,UEFA Super Cup,Paris Saint Germain vs Aston Villa,Paris Saint Germain,Aston Villa,0xd90089ceb0c9854c3d68a3f09fc4fa855b3a26537e60e3a02b69256aaacd29db,L19066036,0,0,SUCCESS,1,1786558156,1786561200,506.610509,SXR,0x6629Ce1Cf35Cc1329ebB4F63202F3f197b3F050B
0xd4cecd189b792f9f43b8864e86a978099b1884798fe4d99a891a113629821418,0xB95e016d0bb898a32fa18ed6eA77D2968c7Ab828,1,3008,1.5938,1X2,Paris Saint Germain,UEFA Super Cup,Paris Saint Germain vs Aston Villa,Paris Saint Germain,Aston Villa,0xd90089ceb0c9854c3d68a3f09fc4fa855b3a26537e60e3a02b69256aaacd29db,L19066036,0,0,SUCCESS,1,1786558151,1786561200,5066.105263,SXR,0x6629Ce1Cf35Cc1329ebB4F63202F3f197b3F050B
0xda9552478c0c22c5262bbbbdcecbcf73c8fb62d9c3798e67d8a20657ed22725e,0xFD3a22179CA4104E97c670b834750Bd7Ff310b17,1,56.84999,1.5938,1X2,Paris Saint Germain,UEFA Super Cup,Paris Saint Germain vs Aston Villa,Paris Saint Germain,Aston Villa,0xd90089ceb0c9854c3d68a3f09fc4fa855b3a26537e60e3a02b69256aaacd29db,L19066036,0,0,SUCCESS,1,1786558148,1786561200,95.747352,SXR,0x6629Ce1Cf35Cc1329ebB4F63202F3f197b3F050B
0xd60a3a0de9bd83bfd4349f90fc341e6877cb4900bd7611fa017b66bd2acf867f,0xFD3a22179CA4104E97c670b834750Bd7Ff310b17,,9.99998,1.8313,1X2,,UEFA Super Cup,Paris Saint Germain vs Aston Villa,Paris Saint Germain,Aston Villa,0x7d79a11368f71901641550937f2120d0c09dccfc84328fabe81c1eb7847ce4b5,L19066036,0,0,SUCCESS,1,1786558142,1786561200,12.030051,SXR,0x6629Ce1Cf35Cc1329ebB4F63202F3f197b3F050B
0xab76c057505823dc1d6be0aaf6198623e60d9ca8080ea577ab9f6e4afe59140f,0x8268feC8dCb0D284343054BDf2b649286c9aA0a1,1,516.23,1.5938,1X2,Paris Saint Germain,UEFA Super Cup,Paris Saint Germain vs Aston Villa,Paris Saint Germain,Aston Villa,0xd90089ceb0c9854c3d68a3f09fc4fa855b3a26537e60e3a02b69256aaacd29db,L19066036,0,0,SUCCESS,1,1786558139,1786561200,869.44,SXR,0x6629Ce1Cf35Cc1329ebB4F63202F3f197b3F050B
0xcae212567082b01340b9e537997cb2f9eea6aa43e6c2b7e5abe7176dc531ee0c,0x8268feC8dCb0D284343054BDf2b649286c9aA0a1,1,1648.89,1.5938,1X2,Paris Saint Germain,UEFA Super Cup,Paris Saint Germain vs Aston Villa,Paris Saint Germain,Aston Villa,0xd90089ceb0c9854c3d68a3f09fc4fa855b3a26537e60e3a02b69256aaacd29db,L19066036,0,0,SUCCESS,1,1786558138,1786561200,2777.077895,SXR,0x6629Ce1Cf35Cc1329ebB4F63202F3f197b3F050B
0x1b2e7d7fe275d3c5f4d76d262f9af4c8d2278908007543ec770871ed1ad32564,0x8268feC8dCb0D284343054BDf2b649286c9aA0a1,1,639.56999,1.5938,1X2,Paris Saint Germain,UEFA Super Cup,Paris Saint Germain vs Aston Villa,Paris Saint Germain,Aston Villa,0xd90089ceb0c9854c3d68a3f09fc4fa855b3a26537e60e3a02b69256aaacd29db,L19066036,0,0,SUCCESS,1,1786558134,1786561200,1077.170509,SXR,0x6629Ce1Cf35Cc1329ebB4F63202F3f197b3F050B
0x546b868f2d8b7989ad62cb2bc0caff7b7fa5af6a86231c0255ad4000dfeb7217,0x8268feC8dCb0D284343054BDf2b649286c9aA0a1,1,330.11999,1.5938,1X2,Paris Saint Germain,UEFA Super Cup,Paris Saint Germain vs Aston Villa,Paris Saint Germain,Aston Villa,0xd90089ceb0c9854c3d68a3f09fc4fa855b3a26537e60e3a02b69256aaacd29db,L19066036,0,0,SUCCESS,1,1786558127,1786561200,555.991562,SXR,0x6629Ce1Cf35Cc1329ebB4F63202F3f197b3F050B
0xaf9e383a8c1a496391d8f6eeb539d9bc29cb18751d66fb2ef6b8e6d48e76fcc4,0x8268feC8dCb0D284343054BDf2b649286c9aA0a1,1,734.42999,1.5938,1X2,Paris Saint Germain,UEFA Super Cup,Paris Saint Germain vs Aston Villa,Paris Saint Germain,Aston Villa,0xd90089ceb0c9854c3d68a3f09fc4fa855b3a26537e60e3a02b69256aaacd29db,L19066036,0,0,SUCCESS,1,1786558126,1786561200,1236.93472,SXR,0x6629Ce1Cf35Cc1329ebB4F63202F3f197b3F050B
0xe2f41e17e8ba69dbdd916cc4cca739658af138ea8b651cf91d9f18dee2c92bbe,0xFD3a22179CA4104E97c670b834750Bd7Ff310b17,1,7.94846,1.3675,Asian Handicap (-1.5),Paris Saint Germain -1.5,UEFA Super Cup,Paris Saint Germain vs Aston Villa,Paris Saint Germain,Aston Villa,0x409d8b258d8921e8f4a2c11460cbb794c2d8610abb209e4090e8a8ae8f39d2d7,L19066036,0,0,SUCCESS,1,1786558117,1786561200,21.628463,SXR,0x6629Ce1Cf35Cc1329ebB4F63202F3f197b3F050B
0x6c5f2499956c8d30582e6b743d41d1c5b1d95ce0477b8ca8826d191bad4138ea,0xFD3a22179CA4104E97c670b834750Bd7Ff310b17,1,18.04,1.3662,Asian Handicap (-1.5),Paris Saint Germain -1.5,UEFA Super Cup,Paris Saint Germain vs Aston Villa,Paris Saint Germain,Aston Villa,0x409d8b258d8921e8f4a2c11460cbb794c2d8610abb209e4090e8a8ae8f39d2d7,L19066036,0,0,SUCCESS,1,1786558117,1786561200,49.255973,SXR,0x6629Ce1Cf35Cc1329ebB4F63202F3f197b3F050B
0xa7f8f59e418f85f484adf802d43e1bbb7235b77716c5134854b1596dab3c7edd,0x6b0E9DdF89c6Dc983548a02808d38576B04CDb92,,1,1.41,1X2,,UEFA Super Cup,Paris Saint Germain vs Aston Villa,Paris Saint Germain,Aston Villa,0xd90089ceb0c9854c3d68a3f09fc4fa855b3a26537e60e3a02b69256aaacd29db,L19066036,0,0,SUCCESS,1,1786558113,1786561200,2.439024,SXR,0x6629Ce1Cf35Cc1329ebB4F63202F3f197b3F050B
0xac590ef502666b14e4117aad00d3cc6846079a145945aec0193a91d84f3d6c2d,0xFD3a22179CA4104E97c670b834750Bd7Ff310b17,1,23.04,1.4663,Under/Over (3),Over 3.0,UEFA Super Cup,Paris Saint Germain vs Aston Villa,Paris Saint Germain,Aston Villa,0x1680a9183d7746c5c4672e850418adf866cefd179c8c9fa8a47ddd9aae14f195,L19066036,0,0,SUCCESS,1,1786558082,1786561200,49.41555,SXR,0x6629Ce1Cf35Cc1329ebB4F63202F3f197b3F050B
0x6cedd25639eb373385ab5b12cc76707dc458dd4698c2b22875867f49652d6a64,0xFD3a22179CA4104E97c670b834750Bd7Ff310b17,1,65.58999,1.5938,1X2,Paris Saint Germain,UEFA Super Cup,Paris Saint Germain vs Aston Villa,Paris Saint Germain,Aston Villa,0xd90089ceb0c9854c3d68a3f09fc4fa855b3a26537e60e3a02b69256aaacd29db,L19066036,0,0,SUCCESS,1,1786558081,1786561200,110.467352,SXR,0x6629Ce1Cf35Cc1329ebB4F63202F3f197b3F050B
0xb738a4051f76d4a930c94b2ec2137ab6300c6b429455718c9b5fcecd527a64c1,0xFD3a22179CA4104E97c670b834750Bd7Ff310b17,1,457.57,1.5938,1X2,Paris Saint Germain,UEFA Super Cup,Paris Saint Germain vs Aston Villa,Paris Saint Germain,Aston Villa,0xd90089ceb0c9854c3d68a3f09fc4fa855b3a26537e60e3a02b69256aaacd29db,L19066036,0,0,SUCCESS,1,1786558079,1786561200,770.644211,SXR,0x6629Ce1Cf35Cc1329ebB4F63202F3f197b3F050B
0xa074a289549036e9eeefc93f0c97f4bc60e4c399c60dfd62bebd18aad0f6b02c,0xA6aA567209d1181F909b8b5ce61325B140dC5046,1,49.99999,1.5938,1X2,Paris Saint Germain,UEFA Super Cup,Paris Saint Germain vs Aston Villa,Paris Saint Germain,Aston Villa,0xd90089ceb0c9854c3d68a3f09fc4fa855b3a26537e60e3a02b69256aaacd29db,L19066036,0,0,SUCCESS,1,1786558074,1786561200,84.210509,SXR,0x6629Ce1Cf35Cc1329ebB4F63202F3f197b3F050B
0x771bd6489bf48f6537e4550d5ccb05aa992a9036fcaabb028f3d76fda22352c9,0xFD3a22179CA4104E97c670b834750Bd7Ff310b17,1,23.04,1.4663,Under/Over (3),Over 3.0,UEFA Super Cup,Paris Saint Germain vs Aston Villa,Paris Saint Germain,Aston Villa,0x1680a9183d7746c5c4672e850418adf866cefd179c8c9fa8a47ddd9aae14f195,L19066036,0,0,SUCCESS,1,1786558048,1786561200,49.41555,SXR,0x6629Ce1Cf35Cc1329ebB4F63202F3f197b3F050B
0x608b84488ce4bb0c78629ac578b21153c4ebc14f5e5d2fe06f0acc082daeb4c3,0xFD3a22179CA4104E97c670b834750Bd7Ff310b17,1,86.65,1.5938,1X2,Paris Saint Germain,UEFA Super Cup,Paris Saint Germain vs Aston Villa,Paris Saint Germain,Aston Villa,0xd90089ceb0c9854c3d68a3f09fc4fa855b3a26537e60e3a02b69256aaacd29db,L19066036,0,0,SUCCESS,1,1786558048,1786561200,145.936842,SXR,0x6629Ce1Cf35Cc1329ebB4F63202F3f197b3F050B
0x5caf3894d8c716ca7ecd95ba193220ffab4d59acc9cfbb8a73bf12832f78b18a,0x97EC1C9682F70091efB04e97b0B34698cF815EE1,,12.9,1.4038,1X2,,UEFA Super Cup,Paris Saint Germain vs Aston Villa,Paris Saint Germain,Aston Villa,0xd90089ceb0c9854c3d68a3f09fc4fa855b3a26537e60e3a02b69256aaacd29db,L19066036,0,0,SUCCESS,1,1786558013,1786561200,31.950464,SXR,0x6629Ce1Cf35Cc1329ebB4F63202F3f197b3F050B
0xfc7281266c055781508a6fa4b91b671d0f48e356794d1b7da92cac6b25a26168,0x97EC1C9682F70091efB04e97b0B34698cF815EE1,1,5,1.5938,1X2,Paris Saint Germain,UEFA Super Cup,Paris Saint Germain vs Aston Villa,Paris Saint Germain,Aston Villa,0xd90089ceb0c9854c3d68a3f09fc4fa855b3a26537e60e3a02b69256aaacd29db,L19066036,0,0,SUCCESS,1,1786557957,1786561200,8.421053,SXR,0x6629Ce1Cf35Cc1329ebB4F63202F3f197b3F050B
0x2a92c99526471a75d21ba5517d461394b41982888c7a2fc389055840eedcca80,0x8268feC8dCb0D284343054BDf2b649286c9aA0a1,,31.70264,1.6425,Asian Handicap (-1.5),,UEFA Super Cup,Paris Saint Germain vs Aston Villa,Paris Saint Germain,Aston Villa,0x409d8b258d8921e8f4a2c11460cbb794c2d8610abb209e4090e8a8ae8f39d2d7,L19066036,0,0,SUCCESS,1,1786557938,1786561200,49.34263,SXR,0x6629Ce1Cf35Cc1329ebB4F63202F3f197b3F050B
0x06eb277a38b838d7a29fb45e9b2e16059c8dba2e789721799c4419c6c70a2628,0xFD3a22179CA4104E97c670b834750Bd7Ff310b17,1,108.27,1.5938,1X2,Paris Saint Germain,UEFA Super Cup,Paris Saint Germain vs Aston Villa,Paris Saint Germain,Aston Villa,0xd90089ceb0c9854c3d68a3f09fc4fa855b3a26537e60e3a02b69256aaacd29db,L19066036,0,0,SUCCESS,1,1786557923,1786561200,182.349474,SXR,0x6629Ce1Cf35Cc1329ebB4F63202F3f197b3F050B
0x784702435cb04a6a7f621a4be90bdb7d785f4726d14dc1d03b369ec808ab7c56,0x97EC1C9682F70091efB04e97b0B34698cF815EE1,1,56.04,1.0987,Under/Over (5),Over 5.0,UEFA Super Cup,Paris Saint Germain vs Aston Villa,Paris Saint Germain,Aston Villa,0x05de8cf718f651bf384fc504b594eb03c576258ba7c4caaac4f5ff50201b6be3,L19066036,0,0,SUCCESS,1,1786557914,1786561200,567.493671,SXR,0x6629Ce1Cf35Cc1329ebB4F63202F3f197b3F050B
0xe51362aa3b43f70c533b67f602cbc993b22f56f2b760fbe94620286135fff18d,0xFD3a22179CA4104E97c670b834750Bd7Ff310b17,1,15.88,1.5938,1X2,Paris Saint Germain,UEFA Super Cup,Paris Saint Germain vs Aston Villa,Paris Saint Germain,Aston Villa,0xd90089ceb0c9854c3d68a3f09fc4fa855b3a26537e60e3a02b69256aaacd29db,L19066036,0,0,SUCCESS,1,1786557905,1786561200,26.745263,SXR,0x6629Ce1Cf35Cc1329ebB4F63202F3f197b3F050B
0x897be85221c53170a147e1157c2ece8173b6c32650c0d521f1a01e407036d9c8,0xFD3a22179CA4104E97c670b834750Bd7Ff310b17,1,1.19,1.5938,1X2,Paris Saint Germain,UEFA Super Cup,Paris Saint Germain vs Aston Villa,Paris Saint Germain,Aston Villa,0xd90089ceb0c9854c3d68a3f09fc4fa855b3a26537e60e3a02b69256aaacd29db,L19066036,0,0,SUCCESS,1,1786557874,1786561200,2.004211,SXR,0x6629Ce1Cf35Cc1329ebB4F63202F3f197b3F050B
0x157220901d6c2a900fe60ea767db54f65ca0648a3cfd5e3ec54a6f742eaf3935,0xD4A85DD7853865362d72052AfDB159D74E55c8a6,1,3.41966,1.24,1X2,Tie,UEFA Super Cup,Paris Saint Germain vs Aston Villa,Paris Saint Germain,Aston Villa,0x82142b3963732a3fdd36aa8afa37f80a8be5d40f1cde3d8c81b2a40f833fd442,L19066036,0,0,SUCCESS,1,1786557865,1786561200,14.248583,SXR,0x6629Ce1Cf35Cc1329ebB4F63202F3f197b3F050B
0x8edb6f19fd1e4951a88491078dc20e6ace3c9c3dc2dd0358b65f322f35eff85f,0xFD3a22179CA4104E97c670b834750Bd7Ff310b17,1,13.76999,1.5938,1X2,Paris Saint Germain,UEFA Super Cup,Paris Saint Germain vs Aston Villa,Paris Saint Germain,Aston Villa,0xd90089ceb0c9854c3d68a3f09fc4fa855b3a26537e60e3a02b69256aaacd29db,L19066036,0,0,SUCCESS,1,1786557847,1786561200,23.191562,SXR,0x6629Ce1Cf35Cc1329ebB4F63202F3f197b3F050B
0xa40f5c548445296417279b739605093e383e1c57776adf06edb2c3f23e9dbc4c,0x8268feC8dCb0D284343054BDf2b649286c9aA0a1,,11.43716,1.5337,Asian Handicap (-1),,UEFA Super Cup,Paris Saint Germain vs Aston Villa,Paris Saint Germain,Aston Villa,0x67230bcb83f942bc217c5d745ea1712885e0906db6bd151cb38c9c1c8672117b,L19066036,0,0,SUCCESS,1,1786557819,1786561200,21.427934,SXR,0x6629Ce1Cf35Cc1329ebB4F63202F3f197b3F050B
0xab5686e1f4dd0c486795e0109c1b7b2d29d370cac18e572d123bc33d4e115b02,0xFD3a22179CA4104E97c670b834750Bd7Ff310b17,1,34.32999,1.5938,1X2,Paris Saint Germain,UEFA Super Cup,Paris Saint Germain vs Aston Villa,Paris Saint Germain,Aston Villa,0xd90089ceb0c9854c3d68a3f09fc4fa855b3a26537e60e3a02b69256aaacd29db,L19066036,0,0,SUCCESS,1,1786557816,1786561200,57.818931,SXR,0x6629Ce1Cf35Cc1329ebB4F63202F3f197b3F050B
0xafdf59501fb8ac80f9db5df093e0d3cc8f843eb826d8d26f014bc48129b70e00,0x8268feC8dCb0D284343054BDf2b649286c9aA0a1,1,66.29864,1.235,1X2,Tie,UEFA Super Cup,Paris Saint Germain vs Aston Villa,Paris Saint Germain,Aston Villa,0x82142b3963732a3fdd36aa8afa37f80a8be5d40f1cde3d8c81b2a40f833fd442,L19066036,0,0,SUCCESS,1,1786557775,1786561200,282.121872,SXR,0x6629Ce1Cf35Cc1329ebB4F63202F3f197b3F050B
0x215747bea6c797f248788a8ec5bb379da2a38d9a639c5bee671b829d860284d1,0x8268feC8dCb0D284343054BDf2b649286c9aA0a1,1,118.99,1.235,1X2,Tie,UEFA Super Cup,Paris Saint Germain vs Aston Villa,Paris Saint Germain,Aston Villa,0x82142b3963732a3fdd36aa8afa37f80a8be5d40f1cde3d8c81b2a40f833fd442,L19066036,0,0,SUCCESS,1,1786557774,1786561200,506.340426,SXR,0x6629Ce1Cf35Cc1329ebB4F63202F3f197b3F050B
0xd58e7ad7332f1dc6a6d2489b597bcd7510d65f9f7e2ac3e9904be7c4e4d435b6,0x8268feC8dCb0D284343054BDf2b649286c9aA0a1,1,29.75,1.235,1X2,Tie,UEFA Super Cup,Paris Saint Germain vs Aston Villa,Paris Saint Germain,Aston Villa,0x82142b3963732a3fdd36aa8afa37f80a8be5d40f1cde3d8c81b2a40f833fd442,L19066036,0,0,SUCCESS,1,1786557773,1786561200,126.595745,SXR,0x6629Ce1Cf35Cc1329ebB4F63202F3f197b3F050B
0x1ab0768a1401a39b9809863bb6da740e2b55d4d3f4b2ce6867922bc6ef81369e,0xFD3a22179CA4104E97c670b834750Bd7Ff310b17,1,82.73999,1.5938,1X2,Paris Saint Germain,UEFA Super Cup,Paris Saint Germain vs Aston Villa,Paris Saint Germain,Aston Villa,0xd90089ceb0c9854c3d68a3f09fc4fa855b3a26537e60e3a02b69256aaacd29db,L19066036,0,0,SUCCESS,1,1786557772,1786561200,139.351562,SXR,0x6629Ce1Cf35Cc1329ebB4F63202F3f197b3F050B
0x31189ad040c33d357a5fd74458a528645f77796b3621f3ca9c4541551a240330,0x97EC1C9682F70091efB04e97b0B34698cF815EE1,,12.78,1.4038,1X2,,UEFA Super Cup,Paris Saint Germain vs Aston Villa,Paris Saint Germain,Aston Villa,0xd90089ceb0c9854c3d68a3f09fc4fa855b3a26537e60e3a02b69256aaacd29db,L19066036,0,0,SUCCESS,1,1786557749,1786561200,31.653251,SXR,0x6629Ce1Cf35Cc1329ebB4F63202F3f197b3F050B
0x998bd3cc3d0a6b65169606107b510691e8739a752b3027bdeebc6829b6426eb0,0xFD3a22179CA4104E97c670b834750Bd7Ff310b17,1,106.29999,1.5938,1X2,Paris Saint Germain,UEFA Super Cup,Paris Saint Germain vs Aston Villa,Paris Saint Germain,Aston Villa,0xd90089ceb0c9854c3d68a3f09fc4fa855b3a26537e60e3a02b69256aaacd29db,L19066036,0,0,SUCCESS,1,1786557699,1786561200,179.031562,SXR,0x6629Ce1Cf35Cc1329ebB4F63202F3f197b3F050B
0xeeba28c51c00c647902dddb5d99ea4ccf9e5b4e11656edde2e6e37812fd7a2d9,0xFD3a22179CA4104E97c670b834750Bd7Ff310b17,1,8.52,1.5938,1X2,Paris Saint Germain,UEFA Super Cup,Paris Saint Germain vs Aston Villa,Paris Saint Germain,Aston Villa,0xd90089ceb0c9854c3d68a3f09fc4fa855b3a26537e60e3a02b69256aaacd29db,L19066036,0,0,SUCCESS,1,1786557693,1786561200,14.349474,SXR,0x6629Ce1Cf35Cc1329ebB4F63202F3f197b3F050B
0x0c432585b7e1e225759e666b0c892f2ad64b1fcf449a002a9a4ced7eaf234e1c,0xFD3a22179CA4104E97c670b834750Bd7Ff310b17,1,5.99,1.235,1X2,Tie,UEFA Super Cup,Paris Saint Germain vs Aston Villa,Paris Saint Germain,Aston Villa,0x82142b3963732a3fdd36aa8afa37f80a8be5d40f1cde3d8c81b2a40f833fd442,L19066036,0,0,SUCCESS,1,1786557693,1786561200,25.489362,SXR,0x6629Ce1Cf35Cc1329ebB4F63202F3f197b3F050B
0x2af21ff3e6136f9d94e391f7852d33b3d7cdd91394daebccda4125849fa7ca73,0xFD3a22179CA4104E97c670b834750Bd7Ff310b17,1,69.97,1.235,1X2,Tie,UEFA Super Cup,Paris Saint Germain vs Aston Villa,Paris Saint Germain,Aston Villa,0x82142b3963732a3fdd36aa8afa37f80a8be5d40f1cde3d8c81b2a40f833fd442,L19066036,0,0,SUCCESS,1,1786557681,1786561200,297.744681,SXR,0x6629Ce1Cf35Cc1329ebB4F63202F3f197b3F050B
0x27ec197051e1f95eab92159049a9a39a6fb0ac39c6b0b5eca30eff58580ae946,0xFD3a22179CA4104E97c670b834750Bd7Ff310b17,1,66.19999,1.5938,1X2,Paris Saint Germain,UEFA Super Cup,Paris Saint Germain vs Aston Villa,Paris Saint Germain,Aston Villa,0xd90089ceb0c9854c3d68a3f09fc4fa855b3a26537e60e3a02b69256aaacd29db,L19066036,0,0,SUCCESS,1,1786557681,1786561200,111.49472,SXR,0x6629Ce1Cf35Cc1329ebB4F63202F3f197b3F050B
0x926657970a898b3cca45a9da8ef5301d56ed4cf4b1409296fbd583bc2acf1a14,0x479155296248732a4AE9B927fCB36729dc2a4f0E,,937.94571,1.655,Asian Handicap (-1.5),,UEFA Super Cup,Paris Saint Germain vs Aston Villa,Paris Saint Germain,Aston Villa,0x409d8b258d8921e8f4a2c11460cbb794c2d8610abb209e4090e8a8ae8f39d2d7,L19066036,0,0,SUCCESS,1,1786557653,1786561200,1431.978183,SXR,0x6629Ce1Cf35Cc1329ebB4F63202F3f197b3F050B
0xf80958aec26e2d937e5c9bb4a2542005f31f402790cfa592ff5564dcef7874da,0x0DeAbC808957aBc9f4778C03b03CC1D2cBBC9D60,1,5,1.5938,1X2,Paris Saint Germain,UEFA Super Cup,Paris Saint Germain vs Aston Villa,Paris Saint Germain,Aston Villa,0xd90089ceb0c9854c3d68a3f09fc4fa855b3a26537e60e3a02b69256aaacd29db,L19066036,0,0,SUCCESS,1,1786557644,1786561200,8.421053,SXR,0x6629Ce1Cf35Cc1329ebB4F63202F3f197b3F050B
0x303be73e053ae77c6d01af287e5e101ac00ae9c74d42102aea5789ec358cfff4,0x0DeAbC808957aBc9f4778C03b03CC1D2cBBC9D60,1,5,1.5938,1X2,Paris Saint Germain,UEFA Super Cup,Paris Saint Germain vs Aston Villa,Paris Saint Germain,Aston Villa,0xd90089ceb0c9854c3d68a3f09fc4fa855b3a26537e60e3a02b69256aaacd29db,L19066036,0,0,SUCCESS,1,1786557642,1786561200,8.421053,SXR,0x6629Ce1Cf35Cc1329ebB4F63202F3f197b3F050B
0x5755a792179d70bec52e515cd9a63feba29facadfce9dd2ba35c59560e70d3c9,0x7E3a6e22cac4eECeceCc7D9086d7c0fE1195Ec16,,1,1.4087,1X2,,UEFA Super Cup,Paris Saint Germain vs Aston Villa,Paris Saint Germain,Aston Villa,0xd90089ceb0c9854c3d68a3f09fc4fa855b3a26537e60e3a02b69256aaacd29db,L19066036,0,0,SUCCESS,1,1786557627,1786561200,2.446483,SXR,0x6629Ce1Cf35Cc1329ebB4F63202F3f197b3F050B
0x1c75a2090155e3e55908b4af97d0ea0fa746ee7995a5c0f8ba7a234c5bea78d7,0x479155296248732a4AE9B927fCB36729dc2a4f0E,,938.00141,1.655,Asian Handicap (-1.5),,UEFA Super Cup,Paris Saint Germain vs Aston Villa,Paris Saint Germain,Aston Villa,0x409d8b258d8921e8f4a2c11460cbb794c2d8610abb209e4090e8a8ae8f39d2d7,L19066036,0,0,SUCCESS,1,1786557616,1786561200,1432.063221,SXR,0x6629Ce1Cf35Cc1329ebB4F63202F3f197b3F050B
0xa27d8b2c77dc8b80e539c48da109da180e705604e3953ee759db6c0b68ab9c96,0xFD3a22179CA4104E97c670b834750Bd7Ff310b17,1,1.19,1.5938,1X2,Paris Saint Germain,UEFA Super Cup,Paris Saint Germain vs Aston Villa,Paris Saint Germain,Aston Villa,0xd90089ceb0c9854c3d68a3f09fc4fa855b3a26537e60e3a02b69256aaacd29db,L19066036,0,0,SUCCESS,1,1786557614,1786561200,2.004211,SXR,0x6629Ce1Cf35Cc1329ebB4F63202F3f197b3F050B
0x3b232263b0a95fb2f2020dbdee2a3ec0e86f110a0f304762bbfbe7d823195e12,0x8268feC8dCb0D284343054BDf2b649286c9aA0a1,1,2892.50999,1.5938,1X2,Paris Saint Germain,UEFA Super Cup,Paris Saint Germain vs Aston Villa,Paris Saint Germain,Aston Villa,0xd90089ceb0c9854c3d68a3f09fc4fa855b3a26537e60e3a02b69256aaacd29db,L19066036,0,0,SUCCESS,1,1786557613,1786561200,4871.595773,SXR,0x6629Ce1Cf35Cc1329ebB4F63202F3f197b3F050B
0xf08c34d2eb4e2acae1b230720f4dae7e88ce788353478c134b31f9da4a8634b2,0x68E1818FF20BBe84F9be9E0A4A395FB11079Bd35,1,771,1.5938,1X2,Paris Saint Germain,UEFA Super Cup,Paris Saint Germain vs Aston Villa,Paris Saint Germain,Aston Villa,0xd90089ceb0c9854c3d68a3f09fc4fa855b3a26537e60e3a02b69256aaacd29db,L19066036,0,0,SUCCESS,1,1786557612,1786561200,1298.526316,SXR,0x6629Ce1Cf35Cc1329ebB4F63202F3f197b3F050B
0x8ce1538a8ca9367d340a6252700c2639a296b310db8cc7ef4c1bda1f9e0466ca,0x8268feC8dCb0D284343054BDf2b649286c9aA0a1,1,8710.82999,1.5938,1X2,Paris Saint Germain,UEFA Super Cup,Paris Saint Germain vs Aston Villa,Paris Saint Germain,Aston Villa,0xd90089ceb0c9854c3d68a3f09fc4fa855b3a26537e60e3a02b69256aaacd29db,L19066036,0,0,SUCCESS,1,1786557611,1786561200,14670.871562,SXR,0x6629Ce1Cf35Cc1329ebB4F63202F3f197b3F050B
0x05a68b4a87ca3c101a8f35f3c59caf67b74dc8a2b96dee50c6443f948fd00129,0x0DeAbC808957aBc9f4778C03b03CC1D2cBBC9D60,,5,1.5437,Under/Over (3),,UEFA Super Cup,Paris Saint Germain vs Aston Villa,Paris Saint Germain,Aston Villa,0x1680a9183d7746c5c4672e850418adf866cefd179c8c9fa8a47ddd9aae14f195,L19066036,0,0,SUCCESS,1,1786557607,1786561200,9.195402,SXR,0x6629Ce1Cf35Cc1329ebB4F63202F3f197b3F050B
0x9d637aaeecbc5d6f27fc07f95da479200670fac636891c2ebb7b70056ca1fb60,0x0DeAbC808957aBc9f4778C03b03CC1D2cBBC9D60,,5,1.6438,Under/Over (3.5),,UEFA Super Cup,Paris Saint Germain vs Aston Villa,Paris Saint Germain,Aston Villa,0x1eb0162b5ef5cce461102a0a0589d643a0342cf1c36981096646de6b5d6f255c,L19066036,0,0,SUCCESS,1,1786557604,1786561200,7.76699,SXR,0x6629Ce1Cf35Cc1329ebB4F63202F3f197b3F050B
0xa7d86709d4a61d7c80af5ddcd6cc90d38c8dc82311c150675416b4f8f9a3acc8,0x8268feC8dCb0D284343054BDf2b649286c9aA0a1,,792.25043,1.54,Under/Over (3),,UEFA Super Cup,Paris Saint Germain vs Aston Villa,Paris Saint Germain,Aston Villa,0x1680a9183d7746c5c4672e850418adf866cefd179c8c9fa8a47ddd9aae14f195,L19066036,0,0,SUCCESS,1,1786557573,1786561200,1467.130426,SXR,0x6629Ce1Cf35Cc1329ebB4F63202F3f197b3F050B
0x8923a5a2facddbb0c9e4f93da112c87f5f8fcd73f20c249f35f5c57e05ac72a7,0x8268feC8dCb0D284343054BDf2b649286c9aA0a1,,26.75868,1.5413,Under/Over (3),,UEFA Super Cup,Paris Saint Germain vs Aston Villa,Paris Saint Germain,Aston Villa,0x1680a9183d7746c5c4672e850418adf866cefd179c8c9fa8a47ddd9aae14f195,L19066036,0,0,SUCCESS,1,1786557573,1786561200,49.43867,SXR,0x6629Ce1Cf35Cc1329ebB4F63202F3f197b3F050B
0x26d0d9da419340314b6914c0f98277cec4acac4b6bc71d9879d266c3e3c77b84,0x8268feC8dCb0D284343054BDf2b649286c9aA0a1,,1167.38753,1.6438,Under/Over (3.5),,UEFA Super Cup,Paris Saint Germain vs Aston Villa,Paris Saint Germain,Aston Villa,0x1eb0162b5ef5cce461102a0a0589d643a0342cf1c36981096646de6b5d6f255c,L19066036,0,0,SUCCESS,1,1786557572,1786561200,1813.417522,SXR,0x6629Ce1Cf35Cc1329ebB4F63202F3f197b3F050B
0xd2e40e5ca28172ce87c5557bccb97ca49d279b9dc1ba09ddf94106bab16cf88e,0xFD3a22179CA4104E97c670b834750Bd7Ff310b17,1,1060.65,1.5938,1X2,Paris Saint Germain,UEFA Super Cup,Paris Saint Germain vs Aston Villa,Paris Saint Germain,Aston Villa,0xd90089ceb0c9854c3d68a3f09fc4fa855b3a26537e60e3a02b69256aaacd29db,L19066036,0,0,SUCCESS,1,1786557571,1786561200,1786.357895,SXR,0x6629Ce1Cf35Cc1329ebB4F63202F3f197b3F050B
0x821ff21cc8a8f3f9675679ad158104dd23c864fcbed52666f78766b46535216e,0xFD3a22179CA4104E97c670b834750Bd7Ff310b17,,8.17,1.5337,Asian Handicap (-1),,UEFA Super Cup,Paris Saint Germain vs Aston Villa,Paris Saint Germain,Aston Villa,0x67230bcb83f942bc217c5d745ea1712885e0906db6bd151cb38c9c1c8672117b,L19066036,0,0,SUCCESS,1,1786557545,1786561200,15.306792,SXR,0x6629Ce1Cf35Cc1329ebB4F63202F3f197b3F050B
0xefbee931b305060d6bd0aded78a2d834bdb198772382c3085527428f4ca02517,0xFD3a22179CA4104E97c670b834750Bd7Ff310b17,,1.55,1.5337,Asian Handicap (-1),,UEFA Super Cup,Paris Saint Germain vs Aston Villa,Paris Saint Germain,Aston Villa,0x67230bcb83f942bc217c5d745ea1712885e0906db6bd151cb38c9c1c8672117b,L19066036,0,0,SUCCESS,1,1786557534,1786561200,2.903981,SXR,0x6629Ce1Cf35Cc1329ebB4F63202F3f197b3F050B
0xe89dd30555a3bee3cdab9965d48a187c297896a484adc228fd8bd51803f4e227,0x6b0E9DdF89c6Dc983548a02808d38576B04CDb92,,1,1.405,1X2,,UEFA Super Cup,Paris Saint Germain vs Aston Villa,Paris Saint Germain,Aston Villa,0xd90089ceb0c9854c3d68a3f09fc4fa855b3a26537e60e3a02b69256aaacd29db,L19066036,0,0,SUCCESS,1,1786557496,1786561200,2.469136,SXR,0x6629Ce1Cf35Cc1329ebB4F63202F3f197b3F050B
0x2a3a271d60c20712286be066b62948da1c427f844533c97a9fd5d62fa1903266,0x97EC1C9682F70091efB04e97b0B34698cF815EE1,,11.39,1.405,1X2,,UEFA Super Cup,Paris Saint Germain vs Aston Villa,Paris Saint Germain,Aston Villa,0xd90089ceb0c9854c3d68a3f09fc4fa855b3a26537e60e3a02b69256aaacd29db,L19066036,0,0,SUCCESS,1,1786557490,1786561200,28.123457,SXR,0x6629Ce1Cf35Cc1329ebB4F63202F3f197b3F050B
0x1d1b59f35715be3115e18a8927d02c69c74c5a66527201f18e23ff0244995e98,0x97EC1C9682F70091efB04e97b0B34698cF815EE1,1,5,1.235,1X2,Tie,UEFA Super Cup,Paris Saint Germain vs Aston Villa,Paris Saint Germain,Aston Villa,0x82142b3963732a3fdd36aa8afa37f80a8be5d40f1cde3d8c81b2a40f833fd442,L19066036,0,0,SUCCESS,1,1786557467,1786561200,21.276596,SXR,0x6629Ce1Cf35Cc1329ebB4F63202F3f197b3F050B
0xedac04b83a2fe42ae28a293921c9ff60f7f262e5da2de704f7663c9bfbf501e1,0xFD3a22179CA4104E97c670b834750Bd7Ff310b17,,1.99,1.4175,Under/Over (2.5),,UEFA Super Cup,Paris Saint Germain vs Aston Villa,Paris Saint Germain,Aston Villa,0x40d2c11bb90148bb1491fd1a5f8f94c6aaefad0b17bf95ff4a50b41a9a0b9b2f,L19066036,0,0,SUCCESS,1,1786557466,1786561200,4.766467,SXR,0x6629Ce1Cf35Cc1329ebB4F63202F3f197b3F050B
0x317349a8e3e82a187e623480968a5b38080c13e5233072264bdba237bca0f23b,0xFD3a22179CA4104E97c670b834750Bd7Ff310b17,,43.99,1.41,1X2,,UEFA Super Cup,Paris Saint Germain vs Aston Villa,Paris Saint Germain,Aston Villa,0xd90089ceb0c9854c3d68a3f09fc4fa855b3a26537e60e3a02b69256aaacd29db,L19066036,0,0,SUCCESS,1,1786557443,1786561200,107.292683,SXR,0x6629Ce1Cf35Cc1329ebB4F63202F3f197b3F050B
0xbcb0923d292ffc75d2b1db95c582f729f4c3e3c8fd8d8d4ea774615c674d0a24,0x97EC1C9682F70091efB04e97b0B34698cF815EE1,1,21.11999,1.595,1X2,Paris Saint Germain,UEFA Super Cup,Paris Saint Germain vs Aston Villa,Paris Saint Germain,Aston Villa,0xd90089ceb0c9854c3d68a3f09fc4fa855b3a26537e60e3a02b69256aaacd29db,L19066036,0,0,SUCCESS,1,1786557421,1786561200,35.495782,SXR,0x6629Ce1Cf35Cc1329ebB4F63202F3f197b3F050B
0x0c9707d39684a7277c43129c383655fdefc6d2161ef25af30f953689967a2c12,0x8268feC8dCb0D284343054BDf2b649286c9aA0a1,,26.40483,1.535,Under/Over (3),,UEFA Super Cup,Paris Saint Germain vs Aston Villa,Paris Saint Germain,Aston Villa,0x1680a9183d7746c5c4672e850418adf866cefd179c8c9fa8a47ddd9aae14f195,L19066036,0,0,SUCCESS,1,1786557370,1786561200,49.354822,SXR,0x6629Ce1Cf35Cc1329ebB4F63202F3f197b3F050B
0x07c9008b631d824ba694328c833a4f7b6eceb385ddbdfe5ffd89c81f47a3c073,0x8268feC8dCb0D284343054BDf2b649286c9aA0a1,,31.57332,1.64,Under/Over (3.5),,UEFA Super Cup,Paris Saint Germain vs Aston Villa,Paris Saint Germain,Aston Villa,0x1eb0162b5ef5cce461102a0a0589d643a0342cf1c36981096646de6b5d6f255c,L19066036,0,0,SUCCESS,1,1786557370,1786561200,49.333313,SXR,0x6629Ce1Cf35Cc1329ebB4F63202F3f197b3F050B
0x156024eb4a9a233eb3a4a531a158f6d2f3ebadc26a26ce50d0441b7f738e9450,0x740d5718a79A8559fEeE8B00922F8Cd773A81D84,,2.5,1.195,Under/Over (1.5),,UEFA Super Cup,Paris Saint Germain vs Aston Villa,Paris Saint Germain,Aston Villa,0xf1a8eb36f90ceb169cf77914181a6a20df69437e3abbd370109196ebd13c7edb,L19066036,0,0,SUCCESS,1,1786557329,1786561200,12.820513,SXR,0x6629Ce1Cf35Cc1329ebB4F63202F3f197b3F050B
0x4c4a4f45d4fde69c474c7160cd534dd19316e7c71fb91d0e4e02170b2d1bbaf0,0x740d5718a79A8559fEeE8B00922F8Cd773A81D84,,2.28,1.195,Under/Over (1.5),,UEFA Super Cup,Paris Saint Germain vs Aston Villa,Paris Saint Germain,Aston Villa,0xf1a8eb36f90ceb169cf77914181a6a20df69437e3abbd370109196ebd13c7edb,L19066036,0,0,SUCCESS,1,1786557315,1786561200,11.692308,SXR,0x6629Ce1Cf35Cc1329ebB4F63202F3f197b3F050B
0x0d2ae6673f25b990006497af2694d19f40f6b2f62e7fe85f3a313255cf13bcc3,0xa498150823d867380b25175554a275c1c668256e,,664,1.4138,1X2,,UEFA Super Cup,Paris Saint Germain vs Aston Villa,Paris Saint Germain,Aston Villa,0xd90089ceb0c9854c3d68a3f09fc4fa855b3a26537e60e3a02b69256aaacd29db,L19066036,0,0,SUCCESS,1,1786557310,1786561200,1604.833837,SXR,0x6629Ce1Cf35Cc1329ebB4F63202F3f197b3F050B
0x3ced7edab69ad906140e0cbb31b3c576d10ade315a91f734111ffd53e5b3cc7d,0xa498150823d867380b25175554a275c1c668256e,,2831.68,1.4138,1X2,,UEFA Super Cup,Paris Saint Germain vs Aston Villa,Paris Saint Germain,Aston Villa,0xd90089ceb0c9854c3d68a3f09fc4fa855b3a26537e60e3a02b69256aaacd29db,L19066036,0,0,SUCCESS,1,1786557297,1786561200,6843.939577,SXR,0x6629Ce1Cf35Cc1329ebB4F63202F3f197b3F050B
0x9acb7e4bb45739f8d4394ebece77bee5271e4cdcb7ab45f10a67ce01e39a96d7,0xFD3a22179CA4104E97c670b834750Bd7Ff310b17,1,6.03,1.1763,1X2,Aston Villa,UEFA Super Cup,Paris Saint Germain vs Aston Villa,Paris Saint Germain,Aston Villa,0x7d79a11368f71901641550937f2120d0c09dccfc84328fabe81c1eb7847ce4b5,L19066036,0,0,SUCCESS,1,1786557280,1786561200,34.212766,SXR,0x6629Ce1Cf35Cc1329ebB4F63202F3f197b3F050B
0xe78231d3664149e1838f1a826f80fc9f0cbcace8a0a067f16db6714bf19ba331,0xFD3a22179CA4104E97c670b834750Bd7Ff310b17,,4.65,1.23,UEFA Super Cup,,UEFA Super Cup,Paris Saint Germain vs Aston Villa,Paris Saint Germain,Aston Villa,0xe606a9a450716acc469c52d4cd4cc88af08c2e17027af860e1d62789a6948773,L19066036,0,0,SUCCESS,1,1786557279,1786561200,20.217391,SXR,0x6629Ce1Cf35Cc1329ebB4F63202F3f197b3F050B
0x91f0a1bca62b649d63baa66c98c6f7f0bb586b3b8c4bc3dc2e545c79e97c2320,0xFD3a22179CA4104E97c670b834750Bd7Ff310b17,,59.94,1.41,1X2,,UEFA Super Cup,Paris Saint Germain vs Aston Villa,Paris Saint Germain,Aston Villa,0xd90089ceb0c9854c3d68a3f09fc4fa855b3a26537e60e3a02b69256aaacd29db,L19066036,0,0,SUCCESS,1,1786557279,1786561200,146.195122,SXR,0x6629Ce1Cf35Cc1329ebB4F63202F3f197b3F050B
0x346d28670202b12051b772ac8a5deae1b495b80de072ad919cde4572d11da2bc,0x8268feC8dCb0D284343054BDf2b649286c9aA0a1,1,20.25,1.5913,1X2,Paris Saint Germain,UEFA Super Cup,Paris Saint Germain vs Aston Villa,Paris Saint Germain,Aston Villa,0xd90089ceb0c9854c3d68a3f09fc4fa855b3a26537e60e3a02b69256aaacd29db,L19066036,0,0,SUCCESS,1,1786557277,1786561200,34.249471,SXR,0x6629Ce1Cf35Cc1329ebB4F63202F3f197b3F050B
0xcb32bbd2b833d255584df766b0a36327f1dd26f1475d55a6129f040b245d282b,0xFD3a22179CA4104E97c670b834750Bd7Ff310b17,,57.09,1.41,1X2,,UEFA Super Cup,Paris Saint Germain vs Aston Villa,Paris Saint Germain,Aston Villa,0xd90089ceb0c9854c3d68a3f09fc4fa855b3a26537e60e3a02b69256aaacd29db,L19066036,0,0,SUCCESS,1,1786557251,1786561200,139.243902,SXR,0x6629Ce1Cf35Cc1329ebB4F63202F3f197b3F050B
0x8685149bb1c48d7108543fedb565c654c0ff8080712ff5e8b90901e1f19f5545,0xFD3a22179CA4104E97c670b834750Bd7Ff310b17,,3.28,1.41,1X2,,UEFA Super Cup,Paris Saint Germain vs Aston Villa,Paris Saint Germain,Aston Villa,0xd90089ceb0c9854c3d68a3f09fc4fa855b3a26537e60e3a02b69256aaacd29db,L19066036,0,0,SUCCESS,1,1786557245,1786561200,8.0,SXR,0x6629Ce1Cf35Cc1329ebB4F63202F3f197b3F050B
0xedbb047bca469bad578a63cbb46f8312f516283900bbf5a85b0da05d8cc45c63,0xFD3a22179CA4104E97c670b834750Bd7Ff310b17,1,82.23,1.1763,1X2,Aston Villa,UEFA Super Cup,Paris Saint Germain vs Aston Villa,Paris Saint Germain,Aston Villa,0x7d79a11368f71901641550937f2120d0c09dccfc84328fabe81c1eb7847ce4b5,L19066036,0,0,SUCCESS,1,1786557224,1786561200,466.553191,SXR,0x6629Ce1Cf35Cc1329ebB4F63202F3f197b3F050B
0x2447f83ad629bc0e67793e7312a53c8f1d8c2d7d69485ed0efc96f821f95317f,0xFD3a22179CA4104E97c670b834750Bd7Ff310b17,,183.89,1.41,1X2,,UEFA Super Cup,Paris Saint Germain vs Aston Villa,Paris Saint Germain,Aston Villa,0xd90089ceb0c9854c3d68a3f09fc4fa855b3a26537e60e3a02b69256aaacd29db,L19066036,0,0,SUCCESS,1,1786557224,1786561200,448.512195,SXR,0x6629Ce1Cf35Cc1329ebB4F63202F3f197b3F050B
0xc806585061d8b5286bceaba4d580364dcd7d47ea368c3ff7e12580de79a3ab27,0xFD3a22179CA4104E97c670b834750Bd7Ff310b17,,7.25731,1.2338,UEFA Super Cup,,UEFA Super Cup,Paris Saint Germain vs Aston Villa,Paris Saint Germain,Aston Villa,0x79833fc6a3f6648404ca4b99628add02ce86c2c2d0053296c7e23bea43b238d1,L19066036,0,0,SUCCESS,1,1786557218,1786561200,31.047316,SXR,0x6629Ce1Cf35Cc1329ebB4F63202F3f197b3F050B
0x3dd4ba73c31f75d2fbc4eec0e29d684be8126c86737132325173d4861173ae8d,0xFD3a22179CA4104E97c670b834750Bd7Ff310b17,,143.53,1.415,1X2,,UEFA Super Cup,Paris Saint Germain vs Aston Villa,Paris Saint Germain,Aston Villa,0xd90089ceb0c9854c3d68a3f09fc4fa855b3a26537e60e3a02b69256aaacd29db,L19066036,0,0,SUCCESS,1,1786557218,1786561200,345.855422,SXR,0x6629Ce1Cf35Cc1329ebB4F63202F3f197b3F050B
0x93b85c33142e72bba51694616d0e0fbf02ea2a7da65ddce52576b6275beb074d,0x479155296248732a4AE9B927fCB36729dc2a4f0E,,4.99998,1.6625,Asian Handicap (-1.5),,UEFA Super Cup,Paris Saint Germain vs Aston Villa,Paris Saint Germain,Aston Villa,0x409d8b258d8921e8f4a2c11460cbb794c2d8610abb209e4090e8a8ae8f39d2d7,L19066036,0,0,SUCCESS,1,1786557205,1786561200,7.54714,SXR,0x6629Ce1Cf35Cc1329ebB4F63202F3f197b3F050B
0x30ad90d331093e86cf80f1ad3cd3866ae9c9d3ef5cfcbf0db776821f2b3a3b62,0xFD3a22179CA4104E97c670b834750Bd7Ff310b17,1,24.22,1.1763,1X2,Aston Villa,UEFA Super Cup,Paris Saint Germain vs Aston Villa,Paris Saint Germain,Aston Villa,0x7d79a11368f71901641550937f2120d0c09dccfc84328fabe81c1eb7847ce4b5,L19066036,0,0,SUCCESS,1,1786557203,1786561200,137.41844,SXR,0x6629Ce1Cf35Cc1329ebB4F63202F3f197b3F050B
0x32815f3c7f1eace144c8e09bbb7cd8b7b4ac0f7180fc87cbe4e518d929812a9f,0x8268feC8dCb0D284343054BDf2b649286c9aA0a1,1,42.25868,1.1725,1X2,Aston Villa,UEFA Super Cup,Paris Saint Germain vs Aston Villa,Paris Saint Germain,Aston Villa,0x7d79a11368f71901641550937f2120d0c09dccfc84328fabe81c1eb7847ce4b5,L19066036,0,0,SUCCESS,1,1786557168,1786561200,244.977855,SXR,0x6629Ce1Cf35Cc1329ebB4F63202F3f197b3F050B
0xae38071f2c0a43118c25926f8077a7d11968f96f5113da93de86435a5fe9ec63,0xFD3a22179CA4104E97c670b834750Bd7Ff310b17,,20.48,1.4138,Asian Handicap (-0.5),,UEFA Super Cup,Paris Saint Germain vs Aston Villa,Paris Saint Germain,Aston Villa,0x633e1f4af7bf294be4c13c5c783beb3d10adbea62e87950389cb3cfa326086cb,L19066036,0,0,SUCCESS,1,1786557167,1786561200,49.498489,SXR,0x6629Ce1Cf35Cc1329ebB4F63202F3f197b3F050B
0x7f51586eebc2e187731fc4338e50044b46d9e1935116f537972d51516f20827e,0xFD3a22179CA4104E97c670b834750Bd7Ff310b17,1,84.17,1.1725,1X2,Aston Villa,UEFA Super Cup,Paris Saint Germain vs Aston Villa,Paris Saint Germain,Aston Villa,0x7d79a11368f71901641550937f2120d0c09dccfc84328fabe81c1eb7847ce4b5,L19066036,0,0,SUCCESS,1,1786557167,1786561200,487.942029,SXR,0x6629Ce1Cf35Cc1329ebB4F63202F3f197b3F050B
0x5e27b4896645f66b8f7f1ef837fa6d9bc22327c6d9dbacc23da4afd9e05e94b0,0xFD3a22179CA4104E97c670b834750Bd7Ff310b17,,20.69,1.4138,1X2,,UEFA Super Cup,Paris Saint Germain vs Aston Villa,Paris Saint Germain,Aston Villa,0xd90089ceb0c9854c3d68a3f09fc4fa855b3a26537e60e3a02b69256aaacd29db,L19066036,0,0,SUCCESS,1,1786557167,1786561200,50.006042,SXR,0x6629Ce1Cf35Cc1329ebB4F63202F3f197b3F050B
0xd56ebe066e96b4c7cd6c1ce78bd5c86e9767d07c44c6ea9fe7648b9c49ffea4d,0xFD3a22179CA4104E97c670b834750Bd7Ff310b17,1,23.3,1.2338,1X2,Tie,UEFA Super Cup,Paris Saint Germain vs Aston Villa,Paris Saint Germain,Aston Villa,0x82142b3963732a3fdd36aa8afa37f80a8be5d40f1cde3d8c81b2a40f833fd442,L19066036,0,0,SUCCESS,1,1786557166,1786561200,99.679144,SXR,0x6629Ce1Cf35Cc1329ebB4F63202F3f197b3F050B
0xbe236ea54847c7a5733d4639b8eb5fc5b51cd794bf0cdf5afa91e7a090db0755,0x479155296248732a4AE9B927fCB36729dc2a4f0E,,546.20756,1.6625,Asian Handicap (-1.5),,UEFA Super Cup,Paris Saint Germain vs Aston Villa,Paris Saint Germain,Aston Villa,0x409d8b258d8921e8f4a2c11460cbb794c2d8610abb209e4090e8a8ae8f39d2d7,L19066036,0,0,SUCCESS,1,1786557155,1786561200,824.464242,SXR,0x6629Ce1Cf35Cc1329ebB4F63202F3f197b3F050B
0xe0452c785beba705cf70244fc873dd9f26c96af4595af62464864b63cba86559,0xFD3a22179CA4104E97c670b834750Bd7Ff310b17,1,21.75,1.2338,1X2,Tie,UEFA Super Cup,Paris Saint Germain vs Aston Villa,Paris Saint Germain,Aston Villa,0x82142b3963732a3fdd36aa8afa37f80a8be5d40f1cde3d8c81b2a40f833fd442,L19066036,0,0,SUCCESS,1,1786557145,1786561200,93.048128,SXR,0x6629Ce1Cf35Cc1329ebB4F63202F3f197b3F050B
0x8bb86d696a2c5418f94186eb220d7fc3f3745e2d03e595dee8770c1bf3f0508a,0xFD3a22179CA4104E97c670b834750Bd7Ff310b17,1,114.83,1.1725,1X2,Aston Villa,UEFA Super Cup,Paris Saint Germain vs Aston Villa,Paris Saint Germain,Aston Villa,0x7d79a11368f71901641550937f2120d0c09dccfc84328fabe81c1eb7847ce4b5,L19066036,0,0,SUCCESS,1,1786557145,1786561200,665.681159,SXR,0x6629Ce1Cf35Cc1329ebB4F63202F3f197b3F050B
0x0cdc6285748b5443602cb8311a7f3147893ab4bfc529fd0362c87e09e348fcb8,0xFD3a22179CA4104E97c670b834750Bd7Ff310b17,,10.06,1.2263,UEFA Super Cup,,UEFA Super Cup,Paris Saint Germain vs Aston Villa,Paris Saint Germain,Aston Villa,0x79833fc6a3f6648404ca4b99628add02ce86c2c2d0053296c7e23bea43b238d1,L19066036,0,0,SUCCESS,1,1786557139,1786561200,44.464088,SXR,0x6629Ce1Cf35Cc1329ebB4F63202F3f197b3F050B
0xd6c7b25508017e0516e285b2da31b367c6395a120c5993722c243740fd6e405b,0xFD3a22179CA4104E97c670b834750Bd7Ff310b17,,11.17873,1.2263,UEFA Super Cup,,UEFA Super Cup,Paris Saint Germain vs Aston Villa,Paris Saint Germain,Aston Villa,0xe606a9a450716acc469c52d4cd4cc88af08c2e17027af860e1d62789a6948773,L19066036,0,0,SUCCESS,1,1786557138,1786561200,49.408751,SXR,0x6629Ce1Cf35Cc1329ebB4F63202F3f197b3F050B
0x2fa2b830ee2f51b7cefc322e19b6d44098b3da798b828a241fd3a2d230499372,0xd65Bd3DE3a0247a92FcF2c9e3F8cC618273Df8aC,,41.52562,1.4138,1X2,,UEFA Super Cup,Paris Saint Germain vs Aston Villa,Paris Saint Germain,Aston Villa,0xd90089ceb0c9854c3d68a3f09fc4fa855b3a26537e60e3a02b69256aaacd29db,L19066036,0,0,SUCCESS,1,1786557138,1786561200,100.364036,SXR,0x6629Ce1Cf35Cc1329ebB4F63202F3f197b3F050B
0xab58ca6a10be16541eb2348471162efaeed12db59a47bd6fc831151a755b9032,0xFD3a22179CA4104E97c670b834750Bd7Ff310b17,1,5.56923,1.3525,Under/Over (3.5),Over 3.5,UEFA Super Cup,Paris Saint Germain vs Aston Villa,Paris Saint Germain,Aston Villa,0x1eb0162b5ef5cce461102a0a0589d643a0342cf1c36981096646de6b5d6f255c,L19066036,0,0,SUCCESS,1,1786557136,1786561200,15.799234,SXR,0x6629Ce1Cf35Cc1329ebB4F63202F3f197b3F050B
0x34272aeda9c89766a42217bd391d8118ef526cd85198e2df1b394f600ac31932,0x8268feC8dCb0D284343054BDf2b649286c9aA0a1,1,4.31893,1.2237,Under/Over (4),Over 4.0,UEFA Super Cup,Paris Saint Germain vs Aston Villa,Paris Saint Germain,Aston Villa,0xcad766c3bece5254ba9d1a2b8cfdb650e513e674480798bb8979b1e953d44175,L19066036,0,0,SUCCESS,1,1786557135,1786561200,19.30248,SXR,0x6629Ce1Cf35Cc1329ebB4F63202F3f197b3F050B
0xeb39294aeaf6aaf896da25a2a46f3267aa04fdb64c858f7b9a264055acd6cccd,0x0DeAbC808957aBc9f4778C03b03CC1D2cBBC9D60,,5,1.8337,1X2,,UEFA Super Cup,Paris Saint Germain vs Aston Villa,Paris Saint Germain,Aston Villa,0x7d79a11368f71901641550937f2120d0c09dccfc84328fabe81c1eb7847ce4b5,L19066036,0,0,SUCCESS,1,1786557122,1786561200,5.997001,SXR,0x6629Ce1Cf35Cc1329ebB4F63202F3f197b3F050B
0xabea929fb860ca8ad2bc48e0d5d649f63d5090712bdc4a3be2de9c940d6ff7a6,0x97EC1C9682F70091efB04e97b0B34698cF815EE1,1,8.45,1.1725,1X2,Aston Villa,UEFA Super Cup,Paris Saint Germain vs Aston Villa,Paris Saint Germain,Aston Villa,0x7d79a11368f71901641550937f2120d0c09dccfc84328fabe81c1eb7847ce4b5,L19066036,0,0,SUCCESS,1,1786557112,1786561200,48.985507,SXR,0x6629Ce1Cf35Cc1329ebB4F63202F3f197b3F050B
0xde4dddc0dc4ab66142970e346e4064258a4c1eb2165bb5ffa3e85cb44609e763,0x06a093a3A59Ea8C48045fA50224c6c6700bcF052,,1000,1.4112,1X2,,UEFA Super Cup,Paris Saint Germain vs Aston Villa,Paris Saint Germain,Aston Villa,0xd90089ceb0c9854c3d68a3f09fc4fa855b3a26537e60e3a02b69256aaacd29db,L19066036,0,0,SUCCESS,1,1786557107,1786561200,2431.610942,SXR,0x6629Ce1Cf35Cc1329ebB4F63202F3f197b3F050B
0xd332fd3c7121cfbf61cf502b11fcd22b188dd9b4cad5078c06486c568139bbcc,0xFD3a22179CA4104E97c670b834750Bd7Ff310b17,1,129.4,1.2338,1X2,Tie,UEFA Super Cup,Paris Saint Germain vs Aston Villa,Paris Saint Germain,Aston Villa,0x82142b3963732a3fdd36aa8afa37f80a8be5d40f1cde3d8c81b2a40f833fd442,L19066036,0,0,SUCCESS,1,1786557091,1786561200,553.582888,SXR,0x6629Ce1Cf35Cc1329ebB4F63202F3f197b3F050B
0xa8afc783ce4212f4442f98f46632f4e2047391a110f8a2c4a673ce70150f738c,0x06a093a3A59Ea8C48045fA50224c6c6700bcF052,,124.19067,1.4112,1X2,,UEFA Super Cup,Paris Saint Germain vs Aston Villa,Paris Saint Germain,Aston Villa,0xd90089ceb0c9854c3d68a3f09fc4fa855b3a26537e60e3a02b69256aaacd29db,L19066036,0,0,SUCCESS,1,1786557085,1786561200,301.983392,SXR,0x6629Ce1Cf35Cc1329ebB4F63202F3f197b3F050B
0x89c73caf71d7d04a9e1225fbd2512c1bd89eca6595cbf53afed37da86574058c,0xFD3a22179CA4104E97c670b834750Bd7Ff310b17,,124.2,1.4087,1X2,,UEFA Super Cup,Paris Saint Germain vs Aston Villa,Paris Saint Germain,Aston Villa,0xd90089ceb0c9854c3d68a3f09fc4fa855b3a26537e60e3a02b69256aaacd29db,L19066036,0,0,SUCCESS,1,1786557085,1786561200,303.853211,SXR,0x6629Ce1Cf35Cc1329ebB4F63202F3f197b3F050B
0xf5607e805b5bf9d66f0442f328587f601bd9cac1980e9186195c26717a3d466a,0xFD3a22179CA4104E97c670b834750Bd7Ff310b17,1,119.59,1.1725,1X2,Aston Villa,UEFA Super Cup,Paris Saint Germain vs Aston Villa,Paris Saint Germain,Aston Villa,0x7d79a11368f71901641550937f2120d0c09dccfc84328fabe81c1eb7847ce4b5,L19066036,0,0,SUCCESS,1,1786557084,1786561200,693.275362,SXR,0x6629Ce1Cf35Cc1329ebB4F63202F3f197b3F050B
0x6fbc8c42168009015ab9dbae5dc6cd64d440ef8092042bf97938531506208950,0x0DeAbC808957aBc9f4778C03b03CC1D2cBBC9D60,1,5,1.1725,1X2,Aston Villa,UEFA Super Cup,Paris Saint Germain vs Aston Villa,Paris Saint Germain,Aston Villa,0x7d79a11368f71901641550937f2120d0c09dccfc84328fabe81c1eb7847ce4b5,L19066036,0,0,SUCCESS,1,1786557083,1786561200,28.985507,SXR,0x6629Ce1Cf35Cc1329ebB4F63202F3f197b3F050B
0x45072c88b85ee067ac9757f879a2d1bb04959716c1693c35d77d48756205580f,0x883A9941A2a91b39b47EfbA5C4e181e039ab33d5,,351.99998,1.8337,1X2,,UEFA Super Cup,Paris Saint Germain vs Aston Villa,Paris Saint Germain,Aston Villa,0x7d79a11368f71901641550937f2120d0c09dccfc84328fabe81c1eb7847ce4b5,L19066036,0,0,SUCCESS,1,1786557080,1786561200,422.188882,SXR,0x6629Ce1Cf35Cc1329ebB4F63202F3f197b3F050B
0x37b365c8a18d35f8636fdd0b56cba04f68886b971563446a88e086720d780fc8,0xFD3a22179CA4104E97c670b834750Bd7Ff310b17,,304.33,1.41,1X2,,UEFA Super Cup,Paris Saint Germain vs Aston Villa,Paris Saint Germain,Aston Villa,0xd90089ceb0c9854c3d68a3f09fc4fa855b3a26537e60e3a02b69256aaacd29db,L19066036,0,0,SUCCESS,1,1786557062,1786561200,742.268293,SXR,0x6629Ce1Cf35Cc1329ebB4F63202F3f197b3F050B
0x8cd9239b06c1212c0a8f2acad5f5addfc490eb634910af36dc8eb4f5b194f5c8,0x8268feC8dCb0D284343054BDf2b649286c9aA0a1,1,33.01,1.7675,UEFA Super Cup,Paris Saint Germain,UEFA Super Cup,Paris Saint Germain vs Aston Villa,Paris Saint Germain,Aston Villa,0xe606a9a450716acc469c52d4cd4cc88af08c2e17027af860e1d62789a6948773,L19066036,0,0,SUCCESS,1,1786557052,1786561200,43.009772,SXR,0x6629Ce1Cf35Cc1329ebB4F63202F3f197b3F050B
0xe252564bd173c0c5f458b5f0f659f321a7f995c5d6a7a8c00dcc7b5c8a754807,0x8268feC8dCb0D284343054BDf2b649286c9aA0a1,1,94.5667,1.1725,1X2,Aston Villa,UEFA Super Cup,Paris Saint Germain vs Aston Villa,Paris Saint Germain,Aston Villa,0x7d79a11368f71901641550937f2120d0c09dccfc84328fabe81c1eb7847ce4b5,L19066036,0,0,SUCCESS,1,1786557051,1786561200,548.212754,SXR,0x6629Ce1Cf35Cc1329ebB4F63202F3f197b3F050B
0xa8e8ff86527856bfa047aba2ac2eee3b29051949c1329c7536a357298323f0b1,0xFD3a22179CA4104E97c670b834750Bd7Ff310b17,1,102.81,1.5962,1X2,Paris Saint Germain,UEFA Super Cup,Paris Saint Germain vs Aston Villa,Paris Saint Germain,Aston Villa,0xd90089ceb0c9854c3d68a3f09fc4fa855b3a26537e60e3a02b69256aaacd29db,L19066036,0,0,SUCCESS,1,1786557046,1786561200,172.427673,SXR,0x6629Ce1Cf35Cc1329ebB4F63202F3f197b3F050B
0x116b3914ebe8e5444a53aed88d53f1720c60ab81c97fcd708381b1aead5a05c8,0x8268feC8dCb0D284343054BDf2b649286c9aA0a1,1,19.47239,1.7675,UEFA Super Cup,Paris Saint Germain,UEFA Super Cup,Paris Saint Germain vs Aston Villa,Paris Saint Germain,Aston Villa,0xe606a9a450716acc469c52d4cd4cc88af08c2e17027af860e1d62789a6948773,L19066036,0,0,SUCCESS,1,1786557044,1786561200,25.371192,SXR,0x6629Ce1Cf35Cc1329ebB4F63202F3f197b3F050B
0xa84dc11c583b22c8a3f106a210efb88b7c98ec4357bac3a7358b4b64d520d2cd,0xFD3a22179CA4104E97c670b834750Bd7Ff310b17,1,21.66,1.2388,1X2,Tie,UEFA Super Cup,Paris Saint Germain vs Aston Villa,Paris Saint Germain,Aston Villa,0x82142b3963732a3fdd36aa8afa37f80a8be5d40f1cde3d8c81b2a40f833fd442,L19066036,0,0,SUCCESS,1,1786557042,1786561200,90.722513,SXR,0x6629Ce1Cf35Cc1329ebB4F63202F3f197b3F050B
0x87eec4575b4125963bb09b92df1141bec62be1c650f1eace568119f2ed188110,0x8268feC8dCb0D284343054BDf2b649286c9aA0a1,1,29,1.5863,Asian Handicap (-0.5),Paris Saint Germain -0.5,UEFA Super Cup,Paris Saint Germain vs Aston Villa,Paris Saint Germain,Aston Villa,0x633e1f4af7bf294be4c13c5c783beb3d10adbea62e87950389cb3cfa326086cb,L19066036,0,0,SUCCESS,1,1786557041,1786561200,49.466951,SXR,0x6629Ce1Cf35Cc1329ebB4F63202F3f197b3F050B
0xf597438c6ae6d9c03c34d66c9fc6891cdfe8e5b3d11d36468bcb8eaf63626c21,0x8268feC8dCb0D284343054BDf2b649286c9aA0a1,1,16.89,1.3425,Asian Handicap (-1.5),Paris Saint Germain -1.5,UEFA Super Cup,Paris Saint Germain vs Aston Villa,Paris Saint Germain,Aston Villa,0x409d8b258d8921e8f4a2c11460cbb794c2d8610abb209e4090e8a8ae8f39d2d7,L19066036,0,0,SUCCESS,1,1786557039,1786561200,49.313869,SXR,0x6629Ce1Cf35Cc1329ebB4F63202F3f197b3F050B
0xc2c9bd0f0df36f9e36a80e20531f8b32add446176a5e780f9240b9ddd1e1be14,0xFD3a22179CA4104E97c670b834750Bd7Ff310b17,1,18.48999,1.7675,UEFA Super Cup,Paris Saint Germain,UEFA Super Cup,Paris Saint Germain vs Aston Villa,Paris Saint Germain,Aston Villa,0xe606a9a450716acc469c52d4cd4cc88af08c2e17027af860e1d62789a6948773,L19066036,0,0,SUCCESS,1,1786557039,1786561200,24.091192,SXR,0x6629Ce1Cf35Cc1329ebB4F63202F3f197b3F050B
0x7626b2e19a6ff968e923e858b321f31d71de59c9eaf2b8a7b8774484e8b7fa57,0x8268feC8dCb0D284343054BDf2b649286c9aA0a1,1,37.88999,1.7662,UEFA Super Cup,Paris Saint Germain 0,UEFA Super Cup,Paris Saint Germain vs Aston Villa,Paris Saint Germain,Aston Villa,0x79833fc6a3f6648404ca4b99628add02ce86c2c2d0053296c7e23bea43b238d1,L19066036,0,0,SUCCESS,1,1786557039,1786561200,49.4486,SXR,0x6629Ce1Cf35Cc1329ebB4F63202F3f197b3F050B
0xe9ccb00c0ba546852a45e45e9297e9a0ce6b53b351f37ca60ea60db276a1019c,0x8268feC8dCb0D284343054BDf2b649286c9aA0a1,,293.10664,1.76,1X2,,UEFA Super Cup,Paris Saint Germain vs Aston Villa,Paris Saint Germain,Aston Villa,0x82142b3963732a3fdd36aa8afa37f80a8be5d40f1cde3d8c81b2a40f833fd442,L19066036,0,0,SUCCESS,1,1786557037,1786561200,385.666632,SXR,0x6629Ce1Cf35Cc1329ebB4F63202F3f197b3F050B
0x1f4c1e4e00da27210969654093fce9250f3a626ecd2126f828541216a67f933f,0xFD3a22179CA4104E97c670b834750Bd7Ff310b17,,241.36,1.4213,1X2,,UEFA Super Cup,Paris Saint Germain vs Aston Villa,Paris Saint Germain,Aston Villa,0xd90089ceb0c9854c3d68a3f09fc4fa855b3a26537e60e3a02b69256aaacd29db,L19066036,0,0,SUCCESS,1,1786557037,1786561200,572.961424,SXR,0x6629Ce1Cf35Cc1329ebB4F63202F3f197b3F050B
0x5fdce90f73fbc153ea297963cf808f23959106f626e3566bc71a0641ff55779b,0x8268feC8dCb0D284343054BDf2b649286c9aA0a1,1,37.74998,1.7625,UEFA Super Cup,Paris Saint Germain,UEFA Super Cup,Paris Saint Germain vs Aston Villa,Paris Saint Germain,Aston Villa,0xe606a9a450716acc469c52d4cd4cc88af08c2e17027af860e1d62789a6948773,L19066036,0,0,SUCCESS,1,1786557036,1786561200,49.50817,SXR,0x6629Ce1Cf35Cc1329ebB4F63202F3f197b3F050B
0x1f3e64c43990ac6c3e4978f1a8a011312c591fe3d60802ca12bd3aea3702d1bf,0x8268feC8dCb0D284343054BDf2b649286c9aA0a1,1,22.21,1.45,Asian Handicap (-1),Paris Saint Germain -1,UEFA Super Cup,Paris Saint Germain vs Aston Villa,Paris Saint Germain,Aston Villa,0x67230bcb83f942bc217c5d745ea1712885e0906db6bd151cb38c9c1c8672117b,L19066036,0,0,SUCCESS,1,1786557036,1786561200,49.355556,SXR,0x6629Ce1Cf35Cc1329ebB4F63202F3f197b3F050B
0xc4c487f68974f52c640380180bf56de73fe3262b3fa6ba0dedf21d52490f04a2,0x8268feC8dCb0D284343054BDf2b649286c9aA0a1,,831.93593,1.7588,1X2,,UEFA Super Cup,Paris Saint Germain vs Aston Villa,Paris Saint Germain,Aston Villa,0x82142b3963732a3fdd36aa8afa37f80a8be5d40f1cde3d8c81b2a40f833fd442,L19066036,0,0,SUCCESS,1,1786557025,1786561200,1096.455921,SXR,0x6629Ce1Cf35Cc1329ebB4F63202F3f197b3F050B
0xb96833d1119838edf6552578b82a31f64d09923f9058d6cf525217644ae7feff,0x8268feC8dCb0D284343054BDf2b649286c9aA0a1,,1000.04034,1.7588,1X2,,UEFA Super Cup,Paris Saint Germain vs Aston Villa,Paris Saint Germain,Aston Villa,0x82142b3963732a3fdd36aa8afa37f80a8be5d40f1cde3d8c81b2a40f833fd442,L19066036,0,0,SUCCESS,1,1786557021,1786561200,1318.010333,SXR,0x6629Ce1Cf35Cc1329ebB4F63202F3f197b3F050B
0xd498eca18cdc7d46e7abc3f528eb3f31c90571ed24f57824c2d7f11013439460,0x8268feC8dCb0D284343054BDf2b649286c9aA0a1,,477.07681,1.7588,1X2,,UEFA Super Cup,Paris Saint Germain vs Aston Villa,Paris Saint Germain,Aston Villa,0x82142b3963732a3fdd36aa8afa37f80a8be5d40f1cde3d8c81b2a40f833fd442,L19066036,0,0,SUCCESS,1,1786557019,1786561200,628.766801,SXR,0x6629Ce1Cf35Cc1329ebB4F63202F3f197b3F050B
0xd44517fe8227d7cf211b5b2003497fae8cf7c26bf5c907b4430da98c431b0c7a,0x06a093a3A59Ea8C48045fA50224c6c6700bcF052,,365.54206,1.4225,1X2,,UEFA Super Cup,Paris Saint Germain vs Aston Villa,Paris Saint Germain,Aston Villa,0xd90089ceb0c9854c3d68a3f09fc4fa855b3a26537e60e3a02b69256aaacd29db,L19066036,0,0,SUCCESS,1,1786557019,1786561200,865.188308,SXR,0x6629Ce1Cf35Cc1329ebB4F63202F3f197b3F050B
0x9a6ffa99808012d36d72743d876e229418b082448cd6d66a2bf186db4271cce2,0x8268feC8dCb0D284343054BDf2b649286c9aA0a1,,887.76106,1.7588,1X2,,UEFA Super Cup,Paris Saint Germain vs Aston Villa,Paris Saint Germain,Aston Villa,0x82142b3963732a3fdd36aa8afa37f80a8be5d40f1cde3d8c81b2a40f833fd442,L19066036,0,0,SUCCESS,1,1786557017,1786561200,1170.031051,SXR,0x6629Ce1Cf35Cc1329ebB4F63202F3f197b3F050B
0x2c2297629719e609f7132469cdd5f6dd680f90d25a408512671122dbefbd0be8,0x8268feC8dCb0D284343054BDf2b649286c9aA0a1,,320.29469,1.7588,1X2,,UEFA Super Cup,Paris Saint Germain vs Aston Villa,Paris Saint Germain,Aston Villa,0x82142b3963732a3fdd36aa8afa37f80a8be5d40f1cde3d8c81b2a40f833fd442,L19066036,0,0,SUCCESS,1,1786557016,1786561200,422.134682,SXR,0x6629Ce1Cf35Cc1329ebB4F63202F3f197b3F050B
0x29d9567f2c431bbe132a574c0d1643ba8087d199da20bb829731caff04f4a507,0x0DeAbC808957aBc9f4778C03b03CC1D2cBBC9D60,1,2.79,1.3362,Asian Handicap (-1.5),Paris Saint Germain -1.5,UEFA Super Cup,Paris Saint Germain vs Aston Villa,Paris Saint Germain,Aston Villa,0x409d8b258d8921e8f4a2c11460cbb794c2d8610abb209e4090e8a8ae8f39d2d7,L19066036,0,0,SUCCESS,1,1786557005,1786561200,8.297398,SXR,0x6629Ce1Cf35Cc1329ebB4F63202F3f197b3F050B
0x72f229bd7422f07279f3306d04bede5a616c755cd9c543b024a2c25c9cff8fdb,0x68E1818FF20BBe84F9be9E0A4A395FB11079Bd35,,1041.82999,1.7588,1X2,,UEFA Super Cup,Paris Saint Germain vs Aston Villa,Paris Saint Germain,Aston Villa,0x82142b3963732a3fdd36aa8afa37f80a8be5d40f1cde3d8c81b2a40f833fd442,L19066036,0,0,SUCCESS,1,1786557003,1786561200,1373.087301,SXR,0x6629Ce1Cf35Cc1329ebB4F63202F3f197b3F050B
0x71b773a89c0b99562216a9fd4656a1803acc1291cf8a066aa8b1c1977c15ccd4,0x8268feC8dCb0D284343054BDf2b649286c9aA0a1,1,13.77,1.3362,Asian Handicap (-1.5),Paris Saint Germain -1.5,UEFA Super Cup,Paris Saint Germain vs Aston Villa,Paris Saint Germain,Aston Villa,0x409d8b258d8921e8f4a2c11460cbb794c2d8610abb209e4090e8a8ae8f39d2d7,L19066036,0,0,SUCCESS,1,1786556997,1786561200,40.951673,SXR,0x6629Ce1Cf35Cc1329ebB4F63202F3f197b3F050B
0x62f825ab1832dbc5109e20257f2a0ffc751ef59d9b676a11df24e74adafe3bfa,0xFD3a22179CA4104E97c670b834750Bd7Ff310b17,,92.75998,1.7588,1X2,,UEFA Super Cup,Paris Saint Germain vs Aston Villa,Paris Saint Germain,Aston Villa,0x82142b3963732a3fdd36aa8afa37f80a8be5d40f1cde3d8c81b2a40f833fd442,L19066036,0,0,SUCCESS,1,1786556994,1786561200,122.25368,SXR,0x6629Ce1Cf35Cc1329ebB4F63202F3f197b3F050B
0x00112aec3e7ba55a851c4ae801a04dceb8a44e79ae8fe086fef491a1d8a58f6d,0xFD3a22179CA4104E97c670b834750Bd7Ff310b17,,20.45,1.425,1X2,,UEFA Super Cup,Paris Saint Germain vs Aston Villa,Paris Saint Germain,Aston Villa,0xd90089ceb0c9854c3d68a3f09fc4fa855b3a26537e60e3a02b69256aaacd29db,L19066036,0,0,SUCCESS,1,1786556994,1786561200,48.117647,SXR,0x6629Ce1Cf35Cc1329ebB4F63202F3f197b3F050B
0xcaa3ea3eb8863df11a998b842690a771e57151dc6d7357008f524e0a81ce346f,0xd65Bd3DE3a0247a92FcF2c9e3F8cC618273Df8aC,,58.55,1.425,1X2,,UEFA Super Cup,Paris Saint Germain vs Aston Villa,Paris Saint Germain,Aston Villa,0xd90089ceb0c9854c3d68a3f09fc4fa855b3a26537e60e3a02b69256aaacd29db,L19066036,0,0,SUCCESS,1,1786556981,1786561200,137.764706,SXR,0x6629Ce1Cf35Cc1329ebB4F63202F3f197b3F050B
0x66489916c63d808c540f9d7f4b597f14d8a24bd0d15e3c43e8d60f675b098c88,0xFD3a22179CA4104E97c670b834750Bd7Ff310b17,,20.58,1.4238,Asian Handicap (-0.5),,UEFA Super Cup,Paris Saint Germain vs Aston Villa,Paris Saint Germain,Aston Villa,0x633e1f4af7bf294be4c13c5c783beb3d10adbea62e87950389cb3cfa326086cb,L19066036,0,0,SUCCESS,1,1786556974,1786561200,48.566372,SXR,0x6629Ce1Cf35Cc1329ebB4F63202F3f197b3F050B
0x41799af35d7785edbcbbecf39217ff33e88610d33a3d974293b5529eae11a263,0xFD3a22179CA4104E97c670b834750Bd7Ff310b17,,23.32,1.425,1X2,,UEFA Super Cup,Paris Saint Germain vs Aston Villa,Paris Saint Germain,Aston Villa,0xd90089ceb0c9854c3d68a3f09fc4fa855b3a26537e60e3a02b69256aaacd29db,L19066036,0,0,SUCCESS,1,1786556959,1786561200,54.870588,SXR,0x6629Ce1Cf35Cc1329ebB4F63202F3f197b3F050B
0x3fa454e856966c9357ca8e9deb3266f8893a7205fea164799b701026802253fc,0xFD3a22179CA4104E97c670b834750Bd7Ff310b17,,84.30998,1.7588,1X2,,UEFA Super Cup,Paris Saint Germain vs Aston Villa,Paris Saint Germain,Aston Villa,0x82142b3963732a3fdd36aa8afa37f80a8be5d40f1cde3d8c81b2a40f833fd442,L19066036,0,0,SUCCESS,1,1786556959,1786561200,111.116942,SXR,0x6629Ce1Cf35Cc1329ebB4F63202F3f197b3F050B
0x181ccc23040400c2207f6ad38b914c5651f1463b20055ac33e727850e1324718,0x0DeAbC808957aBc9f4778C03b03CC1D2cBBC9D60,,4.99999,1.7588,1X2,,UEFA Super Cup,Paris Saint Germain vs Aston Villa,Paris Saint Germain,Aston Villa,0x82142b3963732a3fdd36aa8afa37f80a8be5d40f1cde3d8c81b2a40f833fd442,L19066036,0,0,SUCCESS,1,1786556933,1786561200,6.589773,SXR,0x6629Ce1Cf35Cc1329ebB4F63202F3f197b3F050B
0xaebd1273d62a8d0d5c9a2837557f9061c7363727cc0deb91dfd867c43fe0f394,0x0DeAbC808957aBc9f4778C03b03CC1D2cBBC9D60,1,4.99999,1.5762,1X2,Paris Saint Germain,UEFA Super Cup,Paris Saint Germain vs Aston Villa,Paris Saint Germain,Aston Villa,0xd90089ceb0c9854c3d68a3f09fc4fa855b3a26537e60e3a02b69256aaacd29db,L19066036,0,0,SUCCESS,1,1786556932,1786561200,8.676772,SXR,0x6629Ce1Cf35Cc1329ebB4F63202F3f197b3F050B
0xc7b35b61f35ac148e58154a0b398cd767290efd93c3913332c786c8e6ee1ed16,0xFD3a22179CA4104E97c670b834750Bd7Ff310b17,,893.27998,1.7588,1X2,,UEFA Super Cup,Paris Saint Germain vs Aston Villa,Paris Saint Germain,Aston Villa,0x82142b3963732a3fdd36aa8afa37f80a8be5d40f1cde3d8c81b2a40f833fd442,L19066036,0,0,SUCCESS,1,1786556929,1786561200,1177.304751,SXR,0x6629Ce1Cf35Cc1329ebB4F63202F3f197b3F050B
0xf31a706fc6d132cce05a42a84b15aedadd6ea420416f5f7e7e4bc4b924a56151,0xd65Bd3DE3a0247a92FcF2c9e3F8cC618273Df8aC,,58.55,1.4263,1X2,,UEFA Super Cup,Paris Saint Germain vs Aston Villa,Paris Saint Germain,Aston Villa,0xd90089ceb0c9854c3d68a3f09fc4fa855b3a26537e60e3a02b69256aaacd29db,L19066036,0,0,SUCCESS,1,1786556918,1786561200,137.360704,SXR,0x6629Ce1Cf35Cc1329ebB4F63202F3f197b3F050B
0x65a86328db8453cdd5f0acbf3cb1914b74480dc4701203649f6efc7890785e5d,0x8268feC8dCb0D284343054BDf2b649286c9aA0a1,1,2889.38,1.575,1X2,Paris Saint Germain,UEFA Super Cup,Paris Saint Germain vs Aston Villa,Paris Saint Germain,Aston Villa,0xd90089ceb0c9854c3d68a3f09fc4fa855b3a26537e60e3a02b69256aaacd29db,L19066036,0,0,SUCCESS,1,1786556917,1786561200,5025.008696,SXR,0x6629Ce1Cf35Cc1329ebB4F63202F3f197b3F050B
0x25b5f16f612b142b2eafc45426cb1c43378ff9acc8b81baa4226abd1e685be00,0x8268feC8dCb0D284343054BDf2b649286c9aA0a1,,2131.5135,1.7588,1X2,,UEFA Super Cup,Paris Saint Germain vs Aston Villa,Paris Saint Germain,Aston Villa,0x82142b3963732a3fdd36aa8afa37f80a8be5d40f1cde3d8c81b2a40f833fd442,L19066036,0,0,SUCCESS,1,1786556917,1786561200,2809.243493,SXR,0x6629Ce1Cf35Cc1329ebB4F63202F3f197b3F050B
0x4478328c445a98c653c8a81e4ba0b81bb1373608b929fc0c99f07d05a0fd3d39,0x97EC1C9682F70091efB04e97b0B34698cF815EE1,,30.43998,1.7588,1X2,,UEFA Super Cup,Paris Saint Germain vs Aston Villa,Paris Saint Germain,Aston Villa,0x82142b3963732a3fdd36aa8afa37f80a8be5d40f1cde3d8c81b2a40f833fd442,L19066036,0,0,SUCCESS,1,1786556912,1786561200,40.11859,SXR,0x6629Ce1Cf35Cc1329ebB4F63202F3f197b3F050B
0xaf3ec62f2b7b6a907638fcf4edee5b58218b6f653ad579ebfa56a1072697b43a,0xFD3a22179CA4104E97c670b834750Bd7Ff310b17,,12.07,1.2437,UEFA Super Cup,,UEFA Super Cup,Paris Saint Germain vs Aston Villa,Paris Saint Germain,Aston Villa,0x79833fc6a3f6648404ca4b99628add02ce86c2c2d0053296c7e23bea43b238d1,L19066036,0,0,SUCCESS,1,1786556899,1786561200,49.517949,SXR,0x6629Ce1Cf35Cc1329ebB4F63202F3f197b3F050B
0x99c3e4510536c107fdb11abf58369a226a1f2164598e36036cc3c733fe146bd0,0xFD3a22179CA4104E97c670b834750Bd7Ff310b17,,21.04,1.425,Asian Handicap (-0.5),,UEFA Super Cup,Paris Saint Germain vs Aston Villa,Paris Saint Germain,Aston Villa,0x633e1f4af7bf294be4c13c5c783beb3d10adbea62e87950389cb3cfa326086cb,L19066036,0,0,SUCCESS,1,1786556899,1786561200,49.505882,SXR,0x6629Ce1Cf35Cc1329ebB4F63202F3f197b3F050B
0x1d713c039e9b6089ce29b9299ae5bbfa687db1c8a774813767abffaa385c7d2c,0xFD3a22179CA4104E97c670b834750Bd7Ff310b17,,12.07,1.2437,UEFA Super Cup,,UEFA Super Cup,Paris Saint Germain vs Aston Villa,Paris Saint Germain,Aston Villa,0xe606a9a450716acc469c52d4cd4cc88af08c2e17027af860e1d62789a6948773,L19066036,0,0,SUCCESS,1,1786556899,1786561200,49.517949,SXR,0x6629Ce1Cf35Cc1329ebB4F63202F3f197b3F050B
0x6a4ae8942572f4cf0933510a761fb1f5303796dfe183333983f2d6133eb64e12,0xFD3a22179CA4104E97c670b834750Bd7Ff310b17,,24.4,1.4263,1X2,,UEFA Super Cup,Paris Saint Germain vs Aston Villa,Paris Saint Germain,Aston Villa,0xd90089ceb0c9854c3d68a3f09fc4fa855b3a26537e60e3a02b69256aaacd29db,L19066036,0,0,SUCCESS,1,1786556884,1786561200,57.243402,SXR,0x6629Ce1Cf35Cc1329ebB4F63202F3f197b3F050B
0xaba8461794a5ab02cb1f44de3d88bbdc9e0aea3fbc6e99593bd64ba1fded66ee,0xFD3a22179CA4104E97c670b834750Bd7Ff310b17,,333.72242,1.4263,1X2,,UEFA Super Cup,Paris Saint Germain vs Aston Villa,Paris Saint Germain,Aston Villa,0xd90089ceb0c9854c3d68a3f09fc4fa855b3a26537e60e3a02b69256aaacd29db,L19066036,0,0,SUCCESS,1,1786556883,1786561200,782.926499,SXR,0x6629Ce1Cf35Cc1329ebB4F63202F3f197b3F050B
0x9db6fd369fcaebc7f6a711f98653f6a53d3fd1ce2df401a2f24359cd21c1f13d,0xFD3a22179CA4104E97c670b834750Bd7Ff310b17,,11.1,1.4263,1X2,,UEFA Super Cup,Paris Saint Germain vs Aston Villa,Paris Saint Germain,Aston Villa,0xd90089ceb0c9854c3d68a3f09fc4fa855b3a26537e60e3a02b69256aaacd29db,L19066036,0,0,SUCCESS,1,1786556883,1786561200,26.041056,SXR,0x6629Ce1Cf35Cc1329ebB4F63202F3f197b3F050B
0x99ee9cbeb37713b6d37c77540d2c08ac1545aa045be727880ab2106efb262806,0x8268feC8dCb0D284343054BDf2b649286c9aA0a1,1,21.56,1.44,Asian Handicap (-1),Paris Saint Germain -1,UEFA Super Cup,Paris Saint Germain vs Aston Villa,Paris Saint Germain,Aston Villa,0x67230bcb83f942bc217c5d745ea1712885e0906db6bd151cb38c9c1c8672117b,L19066036,0,0,SUCCESS,1,1786556879,1786561200,49.0,SXR,0x6629Ce1Cf35Cc1329ebB4F63202F3f197b3F050B
0xd721b78e25c9b91b5cd64a6d6c0e91c78a0ce1cbfecfbce13b81c4ae81506561,0xFD3a22179CA4104E97c670b834750Bd7Ff310b17,,11.1,1.4225,1X2,,UEFA Super Cup,Paris Saint Germain vs Aston Villa,Paris Saint Germain,Aston Villa,0xd90089ceb0c9854c3d68a3f09fc4fa855b3a26537e60e3a02b69256aaacd29db,L19066036,0,0,SUCCESS,1,1786556876,1786561200,26.272189,SXR,0x6629Ce1Cf35Cc1329ebB4F63202F3f197b3F050B
0xa55a5f151949f61a1679b4b695f45e2022119a652efe5b7fd334df94fa6df488,0xFD3a22179CA4104E97c670b834750Bd7Ff310b17,1,17.67847,1.5762,1X2,Paris Saint Germain,UEFA Super Cup,Paris Saint Germain vs Aston Villa,Paris Saint Germain,Aston Villa,0xd90089ceb0c9854c3d68a3f09fc4fa855b3a26537e60e3a02b69256aaacd29db,L19066036,0,0,SUCCESS,1,1786556875,1786561200,30.678473,SXR,0x6629Ce1Cf35Cc1329ebB4F63202F3f197b3F050B
0x47f19418f3d38e7f2e31933880296f2b2a5801a85a2e30999107103f5f7a5bc3,0xFD3a22179CA4104E97c670b834750Bd7Ff310b17,1,1.34,1.58,Asian Handicap (-0.5),Paris Saint Germain -0.5,UEFA Super Cup,Paris Saint Germain vs Aston Villa,Paris Saint Germain,Aston Villa,0x633e1f4af7bf294be4c13c5c783beb3d10adbea62e87950389cb3cfa326086cb,L19066036,0,0,SUCCESS,1,1786556875,1786561200,2.310345,SXR,0x6629Ce1Cf35Cc1329ebB4F63202F3f197b3F050B
0xf577f341beb30e6e64a47547c4c4d3a52756227f5bd41ca7453cd35df045f44e,0xFD3a22179CA4104E97c670b834750Bd7Ff310b17,1,18.12,1.7575,UEFA Super Cup,Paris Saint Germain,UEFA Super Cup,Paris Saint Germain vs Aston Villa,Paris Saint Germain,Aston Villa,0xe606a9a450716acc469c52d4cd4cc88af08c2e17027af860e1d62789a6948773,L19066036,0,0,SUCCESS,1,1786556845,1786561200,23.920792,SXR,0x6629Ce1Cf35Cc1329ebB4F63202F3f197b3F050B
0x161969afc24cbaf5e5569fdf28e9ffda2bf7cdd67e49adce0b72c8cd12cc7bd2,0xFD3a22179CA4104E97c670b834750Bd7Ff310b17,1,37.31858,1.755,UEFA Super Cup,Paris Saint Germain 0,UEFA Super Cup,Paris Saint Germain vs Aston Villa,Paris Saint Germain,Aston Villa,0x79833fc6a3f6648404ca4b99628add02ce86c2c2d0053296c7e23bea43b238d1,L19066036,0,0,SUCCESS,1,1786556845,1786561200,49.428583,SXR,0x6629Ce1Cf35Cc1329ebB4F63202F3f197b3F050B
0x40e8e9382930e4ec49d7651ad73e9c4031d9ac91ace29080dd500dd320df641e,0xFD3a22179CA4104E97c670b834750Bd7Ff310b17,,131.15,1.7588,1X2,,UEFA Super Cup,Paris Saint Germain vs Aston Villa,Paris Saint Germain,Aston Villa,0x82142b3963732a3fdd36aa8afa37f80a8be5d40f1cde3d8c81b2a40f833fd442,L19066036,0,0,SUCCESS,1,1786556842,1786561200,172.850082,SXR,0x6629Ce1Cf35Cc1329ebB4F63202F3f197b3F050B
0x6156ba251227b66da0c2a77fab1c1036fc3e1748b734e43dcaf83cf05c14bf22,0x97EC1C9682F70091efB04e97b0B34698cF815EE1,1,12.8,1.2437,1X2,Tie,UEFA Super Cup,Paris Saint Germain vs Aston Villa,Paris Saint Germain,Aston Villa,0x82142b3963732a3fdd36aa8afa37f80a8be5d40f1cde3d8c81b2a40f833fd442,L19066036,0,0,SUCCESS,1,1786556840,1786561200,52.512821,SXR,0x6629Ce1Cf35Cc1329ebB4F63202F3f197b3F050B
0xf313a47ef5a75db8f696efd0b67186671432cf38e1e8a0e1efc12943abb29b39,0xFD3a22179CA4104E97c670b834750Bd7Ff310b17,,43.07,1.43,1X2,,UEFA Super Cup,Paris Saint Germain vs Aston Villa,Paris Saint Germain,Aston Villa,0xd90089ceb0c9854c3d68a3f09fc4fa855b3a26537e60e3a02b69256aaacd29db,L19066036,0,0,SUCCESS,1,1786556824,1786561200,100.162791,SXR,0x6629Ce1Cf35Cc1329ebB4F63202F3f197b3F050B
0x63ba50d7c78bfa7c46c57740fce1f1c06205afc47ea32f047396bbfc6ed17f91,0xFD3a22179CA4104E97c670b834750Bd7Ff310b17,,12.1,1.4287,1X2,,UEFA Super Cup,Paris Saint Germain vs Aston Villa,Paris Saint Germain,Aston Villa,0xd90089ceb0c9854c3d68a3f09fc4fa855b3a26537e60e3a02b69256aaacd29db,L19066036,0,0,SUCCESS,1,1786556824,1786561200,28.221574,SXR,0x6629Ce1Cf35Cc1329ebB4F63202F3f197b3F050B
0x2385da3b99fc2e7e819df489c8ceaa17c43bbc27710bad62e9e9e28de7a09ab1,0xFD3a22179CA4104E97c670b834750Bd7Ff310b17,,113,1.4287,1X2,,UEFA Super Cup,Paris Saint Germain vs Aston Villa,Paris Saint Germain,Aston Villa,0xd90089ceb0c9854c3d68a3f09fc4fa855b3a26537e60e3a02b69256aaacd29db,L19066036,0,0,SUCCESS,1,1786556794,1786561200,263.556851,SXR,0x6629Ce1Cf35Cc1329ebB4F63202F3f197b3F050B
0x7661935c33890e526d11642b76db66165cb0c9acf5417badd0503a2a80fdd744,0xFD3a22179CA4104E97c670b834750Bd7Ff310b17,,720.39758,1.4287,1X2,,UEFA Super Cup,Paris Saint Germain vs Aston Villa,Paris Saint Germain,Aston Villa,0xd90089ceb0c9854c3d68a3f09fc4fa855b3a26537e60e3a02b69256aaacd29db,L19066036,0,0,SUCCESS,1,1786556774,1786561200,1680.227592,SXR,0x6629Ce1Cf35Cc1329ebB4F63202F3f197b3F050B
0xacbe1965c83b028724081212f0639e993f1756ce03e2cf6fde7ff4e194e754b7,0x8268feC8dCb0D284343054BDf2b649286c9aA0a1,1,1399.11999,1.5688,1X2,Paris Saint Germain,UEFA Super Cup,Paris Saint Germain vs Aston Villa,Paris Saint Germain,Aston Villa,0xd90089ceb0c9854c3d68a3f09fc4fa855b3a26537e60e3a02b69256aaacd29db,L19066036,0,0,SUCCESS,1,1786556773,1786561200,2459.991191,SXR,0x6629Ce1Cf35Cc1329ebB4F63202F3f197b3F050B
0x70355d7928efe8867d7e3dea37e173f282c2dbf9776caee14f0380ed7ec359d6,0xFD3a22179CA4104E97c670b834750Bd7Ff310b17,,108.28,1.7588,1X2,,UEFA Super Cup,Paris Saint Germain vs Aston Villa,Paris Saint Germain,Aston Villa,0x82142b3963732a3fdd36aa8afa37f80a8be5d40f1cde3d8c81b2a40f833fd442,L19066036,0,0,SUCCESS,1,1786556768,1786561200,142.708402,SXR,0x6629Ce1Cf35Cc1329ebB4F63202F3f197b3F050B
0x91fd98ca0ef8e956e8426dc97b6afe3b329417e446cbd6a3fd502d4d76281ad6,0x0DeAbC808957aBc9f4778C03b03CC1D2cBBC9D60,1,5,1.1925,1X2,Aston Villa,UEFA Super Cup,Paris Saint Germain vs Aston Villa,Paris Saint Germain,Aston Villa,0x7d79a11368f71901641550937f2120d0c09dccfc84328fabe81c1eb7847ce4b5,L19066036,0,0,SUCCESS,1,1786556756,1786561200,25.974026,SXR,0x6629Ce1Cf35Cc1329ebB4F63202F3f197b3F050B
0x3c4ee6a1455a2856e1bbf1e4b9d542f2b686faf3011b2e56d8b6a7f44362b2e7,0x8268feC8dCb0D284343054BDf2b649286c9aA0a1,1,16.07,1.3262,Asian Handicap (-1.5),Paris Saint Germain -1.5,UEFA Super Cup,Paris Saint Germain vs Aston Villa,Paris Saint Germain,Aston Villa,0x409d8b258d8921e8f4a2c11460cbb794c2d8610abb209e4090e8a8ae8f39d2d7,L19066036,0,0,SUCCESS,1,1786556749,1786561200,49.256705,SXR,0x6629Ce1Cf35Cc1329ebB4F63202F3f197b3F050B
0xb7feef2355a9606f61987fa8f69118d5af530ceb90055a25fd3260a1ef4f5bfb,0xFD3a22179CA4104E97c670b834750Bd7Ff310b17,1,1.6,1.5688,1X2,Paris Saint Germain,UEFA Super Cup,Paris Saint Germain vs Aston Villa,Paris Saint Germain,Aston Villa,0xd90089ceb0c9854c3d68a3f09fc4fa855b3a26537e60e3a02b69256aaacd29db,L19066036,0,0,SUCCESS,1,1786556747,1786561200,2.813187,SXR,0x6629Ce1Cf35Cc1329ebB4F63202F3f197b3F050B
0xb0fe3fe20a22f923fcf4903c057df31ccbcccdceccfa784c8a8dbf97616e10ce,0x90B1B253586b0BAE53f76093C0d46e1982dD0845,,858.00998,1.7563,1X2,,UEFA Super Cup,Paris Saint Germain vs Aston Villa,Paris Saint Germain,Aston Villa,0x82142b3963732a3fdd36aa8afa37f80a8be5d40f1cde3d8c81b2a40f833fd442,L19066036,0,0,SUCCESS,1,1786556746,1786561200,1134.558651,SXR,0x6629Ce1Cf35Cc1329ebB4F63202F3f197b3F050B
0xfdceb685266fc6c77850196af21a23e81864fb2fa5dbd73452c94709dd6ce962,0x8268feC8dCb0D284343054BDf2b649286c9aA0a1,1,28.02,1.5663,Asian Handicap (-0.5),Paris Saint Germain -0.5,UEFA Super Cup,Paris Saint Germain vs Aston Villa,Paris Saint Germain,Aston Villa,0x633e1f4af7bf294be4c13c5c783beb3d10adbea62e87950389cb3cfa326086cb,L19066036,0,0,SUCCESS,1,1786556745,1786561200,49.483444,SXR,0x6629Ce1Cf35Cc1329ebB4F63202F3f197b3F050B
0x86b795ef71d47c2bd4a9cfc76a95041c4fe955932472eaa5055561b899010a58,0x8268feC8dCb0D284343054BDf2b649286c9aA0a1,1,6092.25,1.5637,1X2,Paris Saint Germain,UEFA Super Cup,Paris Saint Germain vs Aston Villa,Paris Saint Germain,Aston Villa,0xd90089ceb0c9854c3d68a3f09fc4fa855b3a26537e60e3a02b69256aaacd29db,L19066036,0,0,SUCCESS,1,1786556745,1786561200,10806.651885,SXR,0x6629Ce1Cf35Cc1329ebB4F63202F3f197b3F050B
0x1286eaa93a9acfdaf676bc5ed0423440f00d791db87ee0703205c43980733fec,0x8268feC8dCb0D284343054BDf2b649286c9aA0a1,1,21.13,1.4275,Asian Handicap (-1),Paris Saint Germain -1,UEFA Super Cup,Paris Saint Germain vs Aston Villa,Paris Saint Germain,Aston Villa,0x67230bcb83f942bc217c5d745ea1712885e0906db6bd151cb38c9c1c8672117b,L19066036,0,0,SUCCESS,1,1786556745,1786561200,49.426901,SXR,0x6629Ce1Cf35Cc1329ebB4F63202F3f197b3F050B
0xed6b468212430becdab81e3f766bcdfc9e935aa0e239371ba4ab16098d26d144,0xFD3a22179CA4104E97c670b834750Bd7Ff310b17,1,45.41,1.245,1X2,Tie,UEFA Super Cup,Paris Saint Germain vs Aston Villa,Paris Saint Germain,Aston Villa,0x82142b3963732a3fdd36aa8afa37f80a8be5d40f1cde3d8c81b2a40f833fd442,L19066036,0,0,SUCCESS,1,1786556736,1786561200,185.346939,SXR,0x6629Ce1Cf35Cc1329ebB4F63202F3f197b3F050B
0x7cb3b03a3093c0f5b27f048dbe3b32b5c2b8d2beefb32f9087c1a9603ad21b4b,0xFD3a22179CA4104E97c670b834750Bd7Ff310b17,,12.73,1.2575,UEFA Super Cup,,UEFA Super Cup,Paris Saint Germain vs Aston Villa,Paris Saint Germain,Aston Villa,0x79833fc6a3f6648404ca4b99628add02ce86c2c2d0053296c7e23bea43b238d1,L19066036,0,0,SUCCESS,1,1786556736,1786561200,49.436893,SXR,0x6629Ce1Cf35Cc1329ebB4F63202F3f197b3F050B
0x1af81e2dd33d0458c27ca7b503e49d9cd4a086663210be6d51ad99f612c50456,0xFD3a22179CA4104E97c670b834750Bd7Ff310b17,,12.71,1.2575,UEFA Super Cup,,UEFA Super Cup,Paris Saint Germain vs Aston Villa,Paris Saint Germain,Aston Villa,0xe606a9a450716acc469c52d4cd4cc88af08c2e17027af860e1d62789a6948773,L19066036,0,0,SUCCESS,1,1786556736,1786561200,49.359223,SXR,0x6629Ce1Cf35Cc1329ebB4F63202F3f197b3F050B
0xc9d1b9ce67450361fa38d491c72be46329ef41684b0274a6841bfd83f3f63f62,0xFD3a22179CA4104E97c670b834750Bd7Ff310b17,,12.39,1.4387,1X2,,UEFA Super Cup,Paris Saint Germain vs Aston Villa,Paris Saint Germain,Aston Villa,0xd90089ceb0c9854c3d68a3f09fc4fa855b3a26537e60e3a02b69256aaacd29db,L19066036,0,0,SUCCESS,1,1786556735,1786561200,28.239316,SXR,0x6629Ce1Cf35Cc1329ebB4F63202F3f197b3F050B
0x99312d409a0b2b9c1233a0d743cdb5b4b6ee05f63e32ee7f3cf4b5251461a46b,0xFD3a22179CA4104E97c670b834750Bd7Ff310b17,1,39.11743,1.1925,1X2,Aston Villa,UEFA Super Cup,Paris Saint Germain vs Aston Villa,Paris Saint Germain,Aston Villa,0x7d79a11368f71901641550937f2120d0c09dccfc84328fabe81c1eb7847ce4b5,L19066036,0,0,SUCCESS,1,1786556735,1786561200,203.207429,SXR,0x6629Ce1Cf35Cc1329ebB4F63202F3f197b3F050B
0x2e37e82ae52c2e2ba09d5d424b829dd8655f9d5f4bbb9ae3b7bf490725f68ade,0x8268feC8dCb0D284343054BDf2b649286c9aA0a1,1,115.45,1.1925,1X2,Aston Villa,UEFA Super Cup,Paris Saint Germain vs Aston Villa,Paris Saint Germain,Aston Villa,0x7d79a11368f71901641550937f2120d0c09dccfc84328fabe81c1eb7847ce4b5,L19066036,0,0,SUCCESS,1,1786556734,1786561200,599.74026,SXR,0x6629Ce1Cf35Cc1329ebB4F63202F3f197b3F050B
0x82591d0bfe13b5b30881bdd84b967023c755bf71e51a62cb8ce438fb73a66519,0xFD3a22179CA4104E97c670b834750Bd7Ff310b17,1,10,1.435,Asian Handicap (-1),Paris Saint Germain -1,UEFA Super Cup,Paris Saint Germain vs Aston Villa,Paris Saint Germain,Aston Villa,0x67230bcb83f942bc217c5d745ea1712885e0906db6bd151cb38c9c1c8672117b,L19066036,0,0,SUCCESS,1,1786556721,1786561200,22.988506,SXR,0x6629Ce1Cf35Cc1329ebB4F63202F3f197b3F050B
0xfd2ec4bd65039fc60fef37fde3eaf9d3e4e31f207a9349015b88463959f43abc,0xFD3a22179CA4104E97c670b834750Bd7Ff310b17,,9.8,1.2037,Under/Over (1.5),,UEFA Super Cup,Paris Saint Germain vs Aston Villa,Paris Saint Germain,Aston Villa,0xf1a8eb36f90ceb169cf77914181a6a20df69437e3abbd370109196ebd13c7edb,L19066036,0,0,SUCCESS,1,1786556714,1786561200,48.09816,SXR,0x6629Ce1Cf35Cc1329ebB4F63202F3f197b3F050B
0x5d9014248b6a1f69de16a3b45754b7731cc292803118552c63fcf340b8bc71c7,0xFD3a22179CA4104E97c670b834750Bd7Ff310b17,,12.62,1.2625,Under/Over (2),,UEFA Super Cup,Paris Saint Germain vs Aston Villa,Paris Saint Germain,Aston Villa,0xdd50529e314a3663ff38eb9f9e48f9de046ea1f95c648f0b933df82946e0f1e0,L19066036,0,0,SUCCESS,1,1786556714,1786561200,48.07619,SXR,0x6629Ce1Cf35Cc1329ebB4F63202F3f197b3F050B
0x471102f9665a70c2c0bc4ecca6663bc11f53f77016c3e322ccbd455f22d8dba7,0xa498150823d867380b25175554a275c1c668256e,,130.16662,1.8137,1X2,,UEFA Super Cup,Paris Saint Germain vs Aston Villa,Paris Saint Germain,Aston Villa,0x7d79a11368f71901641550937f2120d0c09dccfc84328fabe81c1eb7847ce4b5,L19066036,0,0,SUCCESS,1,1786556709,1786561200,159.95898,SXR,0x6629Ce1Cf35Cc1329ebB4F63202F3f197b3F050B
0xb44e571b10f0515c330b8967efb27650d93026f34018102d1bd740ae2143ea6c,0xd65Bd3DE3a0247a92FcF2c9e3F8cC618273Df8aC,,59.79,1.4387,1X2,,UEFA Super Cup,Paris Saint Germain vs Aston Villa,Paris Saint Germain,Aston Villa,0xd90089ceb0c9854c3d68a3f09fc4fa855b3a26537e60e3a02b69256aaacd29db,L19066036,0,0,SUCCESS,1,1786556705,1786561200,136.273504,SXR,0x6629Ce1Cf35Cc1329ebB4F63202F3f197b3F050B
0x0a0fad65fe916f1d1f5329c5b854c4a118f2982338e649493ad04a2fcffbc522,0xD8518860aAe6Ee71d9b799980801e84A3F422315,1,118.17,1.245,1X2,Tie,UEFA Super Cup,Paris Saint Germain vs Aston Villa,Paris Saint Germain,Aston Villa,0x82142b3963732a3fdd36aa8afa37f80a8be5d40f1cde3d8c81b2a40f833fd442,L19066036,0,0,SUCCESS,1,1786556704,1786561200,482.326531,SXR,0x6629Ce1Cf35Cc1329ebB4F63202F3f197b3F050B
0xda1700e175ab9098e0259d913536cf93d57dd2a1bfcda72679d47e8df7db0080,0xa498150823d867380b25175554a275c1c668256e,,349.99997,1.8137,1X2,,UEFA Super Cup,Paris Saint Germain vs Aston Villa,Paris Saint Germain,Aston Villa,0x7d79a11368f71901641550937f2120d0c09dccfc84328fabe81c1eb7847ce4b5,L19066036,0,0,SUCCESS,1,1786556686,1786561200,430.10749,SXR,0x6629Ce1Cf35Cc1329ebB4F63202F3f197b3F050B
0x56896bc378cd619a0a49d0090e6db40e510ffa847b4e40a3cd9631d53b5bd2bb,0xa498150823d867380b25175554a275c1c668256e,,379.99998,1.8137,1X2,,UEFA Super Cup,Paris Saint Germain vs Aston Villa,Paris Saint Germain,Aston Villa,0x7d79a11368f71901641550937f2120d0c09dccfc84328fabe81c1eb7847ce4b5,L19066036,0,0,SUCCESS,1,1786556644,1786561200,466.973862,SXR,0x6629Ce1Cf35Cc1329ebB4F63202F3f197b3F050B
0x45206db053ee3dca5d83abc91867faaf42b5a0917195e2b346ffd8d57347778c,0xa498150823d867380b25175554a275c1c668256e,,389.99999,1.8137,1X2,,UEFA Super Cup,Paris Saint Germain vs Aston Villa,Paris Saint Germain,Aston Villa,0x7d79a11368f71901641550937f2120d0c09dccfc84328fabe81c1eb7847ce4b5,L19066036,0,0,SUCCESS,1,1786556632,1786561200,479.262661,SXR,0x6629Ce1Cf35Cc1329ebB4F63202F3f197b3F050B
0x2e02f2527a4cc183e4bc44577f0df2dad69dd63e925a14a9e0f34430c6fb20fa,0xa498150823d867380b25175554a275c1c668256e,,385.99997,1.8137,1X2,,UEFA Super Cup,Paris Saint Germain vs Aston Villa,Paris Saint Germain,Aston Villa,0x7d79a11368f71901641550937f2120d0c09dccfc84328fabe81c1eb7847ce4b5,L19066036,0,0,SUCCESS,1,1786556611,1786561200,474.347121,SXR,0x6629Ce1Cf35Cc1329ebB4F63202F3f197b3F050B
0x71f2643fa6c6c182746b7319ed4f04cb25ca540d292a640040310ef4e1961544,0xa498150823d867380b25175554a275c1c668256e,,379.99998,1.8137,1X2,,UEFA Super Cup,Paris Saint Germain vs Aston Villa,Paris Saint Germain,Aston Villa,0x7d79a11368f71901641550937f2120d0c09dccfc84328fabe81c1eb7847ce4b5,L19066036,0,0,SUCCESS,1,1786556574,1786561200,466.973862,SXR,0x6629Ce1Cf35Cc1329ebB4F63202F3f197b3F050B
0x6a7dbf8e3e824944e43af77698344b246a0a230639975fce238bab457eb7994e,0xd65Bd3DE3a0247a92FcF2c9e3F8cC618273Df8aC,,60.35,1.4387,1X2,,UEFA Super Cup,Paris Saint Germain vs Aston Villa,Paris Saint Germain,Aston Villa,0xd90089ceb0c9854c3d68a3f09fc4fa855b3a26537e60e3a02b69256aaacd29db,L19066036,0,0,SUCCESS,1,1786556562,1786561200,137.549858,SXR,0x6629Ce1Cf35Cc1329ebB4F63202F3f197b3F050B
0xa172ec434adb99705ca843dfd0714657645fcadf9b9d7d0f516ca4a86f805d22,0xa498150823d867380b25175554a275c1c668256e,,74.99997,1.8137,1X2,,UEFA Super Cup,Paris Saint Germain vs Aston Villa,Paris Saint Germain,Aston Villa,0x7d79a11368f71901641550937f2120d0c09dccfc84328fabe81c1eb7847ce4b5,L19066036,0,0,SUCCESS,1,1786556546,1786561200,92.165862,SXR,0x6629Ce1Cf35Cc1329ebB4F63202F3f197b3F050B
0x311476491a45a4f78d440e317ecb0f89e11e3abf6edea65e605f4fecea73112c,0xa498150823d867380b25175554a275c1c668256e,,389.99999,1.8137,1X2,,UEFA Super Cup,Paris Saint Germain vs Aston Villa,Paris Saint Germain,Aston Villa,0x7d79a11368f71901641550937f2120d0c09dccfc84328fabe81c1eb7847ce4b5,L19066036,0,0,SUCCESS,1,1786556511,1786561200,479.262661,SXR,0x6629Ce1Cf35Cc1329ebB4F63202F3f197b3F050B
0x4a54231b7ec4219cc9530ff4a6e1077db53381e886f5a6f722440fd21d5b2a24,0xa498150823d867380b25175554a275c1c668256e,,389.99999,1.8137,1X2,,UEFA Super Cup,Paris Saint Germain vs Aston Villa,Paris Saint Germain,Aston Villa,0x7d79a11368f71901641550937f2120d0c09dccfc84328fabe81c1eb7847ce4b5,L19066036,0,0,SUCCESS,1,1786556496,1786561200,479.262661,SXR,0x6629Ce1Cf35Cc1329ebB4F63202F3f197b3F050B
0xeba8ed713496867365a2cc70555fd749d150f269957d95bab788ccea28d666ba,0xFD3a22179CA4104E97c670b834750Bd7Ff310b17,1,61.99,1.1925,1X2,Aston Villa,UEFA Super Cup,Paris Saint Germain vs Aston Villa,Paris Saint Germain,Aston Villa,0x7d79a11368f71901641550937f2120d0c09dccfc84328fabe81c1eb7847ce4b5,L19066036,0,0,SUCCESS,1,1786556489,1786561200,322.025974,SXR,0x6629Ce1Cf35Cc1329ebB4F63202F3f197b3F050B
0xeff17372851293b813b302710c76fa862800834669163d2d1470d65c87e776bc,0xa498150823d867380b25175554a275c1c668256e,,179.99997,1.8137,1X2,,UEFA Super Cup,Paris Saint Germain vs Aston Villa,Paris Saint Germain,Aston Villa,0x7d79a11368f71901641550937f2120d0c09dccfc84328fabe81c1eb7847ce4b5,L19066036,0,0,SUCCESS,1,1786556482,1786561200,221.19812,SXR,0x6629Ce1Cf35Cc1329ebB4F63202F3f197b3F050B
0xf9ea194148ba312441e7693a82c94ec40607f9ddd1936086a25adca522684053,0xd65Bd3DE3a0247a92FcF2c9e3F8cC618273Df8aC,,60.35,1.4387,1X2,,UEFA Super Cup,Paris Saint Germain vs Aston Villa,Paris Saint Germain,Aston Villa,0xd90089ceb0c9854c3d68a3f09fc4fa855b3a26537e60e3a02b69256aaacd29db,L19066036,0,0,SUCCESS,1,1786556469,1786561200,137.549858,SXR,0x6629Ce1Cf35Cc1329ebB4F63202F3f197b3F050B
0xc6567dcd1ff4dc1a8c87170e93c2c589860b87bbcb4dc2ce395732a2dcce8336,0xFD3a22179CA4104E97c670b834750Bd7Ff310b17,1,4.51,1.245,1X2,Tie,UEFA Super Cup,Paris Saint Germain vs Aston Villa,Paris Saint Germain,Aston Villa,0x82142b3963732a3fdd36aa8afa37f80a8be5d40f1cde3d8c81b2a40f833fd442,L19066036,0,0,SUCCESS,1,1786556468,1786561200,18.408163,SXR,0x6629Ce1Cf35Cc1329ebB4F63202F3f197b3F050B
0x25d7c1f6c6f6efab80c7dc01c5d181e62b46ee7bbe0537d3e7c1ccb060602189,0xa498150823d867380b25175554a275c1c668256e,,179.99997,1.8137,1X2,,UEFA Super Cup,Paris Saint Germain vs Aston Villa,Paris Saint Germain,Aston Villa,0x7d79a11368f71901641550937f2120d0c09dccfc84328fabe81c1eb7847ce4b5,L19066036,0,0,SUCCESS,1,1786556464,1786561200,221.19812,SXR,0x6629Ce1Cf35Cc1329ebB4F63202F3f197b3F050B
0x3b7848da6187f3fbe87721c3a917fed7f094f095edbcde9fb579ebc70acfe129,0x97EC1C9682F70091efB04e97b0B34698cF815EE1,1,25.49,1.1925,1X2,Aston Villa,UEFA Super Cup,Paris Saint Germain vs Aston Villa,Paris Saint Germain,Aston Villa,0x7d79a11368f71901641550937f2120d0c09dccfc84328fabe81c1eb7847ce4b5,L19066036,0,0,SUCCESS,1,1786556422,1786561200,132.415584,SXR,0x6629Ce1Cf35Cc1329ebB4F63202F3f197b3F050B
0x7c521304adfa0d5acf430d7c63adf442d6d45a96215cc10c6c210f710bdea56e,0xa498150823d867380b25175554a275c1c668256e,,208.04331,1.8137,1X2,,UEFA Super Cup,Paris Saint Germain vs Aston Villa,Paris Saint Germain,Aston Villa,0x7d79a11368f71901641550937f2120d0c09dccfc84328fabe81c1eb7847ce4b5,L19066036,0,0,SUCCESS,1,1786556408,1786561200,255.659982,SXR,0x6629Ce1Cf35Cc1329ebB4F63202F3f197b3F050B
0xca6f8841a6888962229ec8950a9d69309a85bb5e085ff205473b0360e0ca0792,0x97EC1C9682F70091efB04e97b0B34698cF815EE1,,34.75,1.4387,1X2,,UEFA Super Cup,Paris Saint Germain vs Aston Villa,Paris Saint Germain,Aston Villa,0xd90089ceb0c9854c3d68a3f09fc4fa855b3a26537e60e3a02b69256aaacd29db,L19066036,0,0,SUCCESS,1,1786556404,1786561200,79.202279,SXR,0x6629Ce1Cf35Cc1329ebB4F63202F3f197b3F050B
0x05704bdb2db5e7fa32c1d4eb792c418c9c04ecd46c0a2aca68aba4150d30910a,0xa498150823d867380b25175554a275c1c668256e,,389.99999,1.8137,1X2,,UEFA Super Cup,Paris Saint Germain vs Aston Villa,Paris Saint Germain,Aston Villa,0x7d79a11368f71901641550937f2120d0c09dccfc84328fabe81c1eb7847ce4b5,L19066036,0,0,SUCCESS,1,1786556396,1786561200,479.262661,SXR,0x6629Ce1Cf35Cc1329ebB4F63202F3f197b3F050B
0x0793a57eee6ce42d44409814ba674adf563033398a65f63fab638dc496f4fa23,0x97EC1C9682F70091efB04e97b0B34698cF815EE1,1,115.50999,1.5637,1X2,Paris Saint Germain,UEFA Super Cup,Paris Saint Germain vs Aston Villa,Paris Saint Germain,Aston Villa,0xd90089ceb0c9854c3d68a3f09fc4fa855b3a26537e60e3a02b69256aaacd29db,L19066036,0,0,SUCCESS,1,1786556394,1786561200,204.895769,SXR,0x6629Ce1Cf35Cc1329ebB4F63202F3f197b3F050B
0xe8a9a7308084e914dc7a270710e3a91a2d86600c3ae6eda7ffbb364a49d9ca8a,0xa498150823d867380b25175554a275c1c668256e,,389.99999,1.8137,1X2,,UEFA Super Cup,Paris Saint Germain vs Aston Villa,Paris Saint Germain,Aston Villa,0x7d79a11368f71901641550937f2120d0c09dccfc84328fabe81c1eb7847ce4b5,L19066036,0,0,SUCCESS,1,1786556383,1786561200,479.262661,SXR,0x6629Ce1Cf35Cc1329ebB4F63202F3f197b3F050B
0xcc6c51023dfd2db1c8cb566ba599217e5ce60443f0dd06db09d67121797b5497,0xd65Bd3DE3a0247a92FcF2c9e3F8cC618273Df8aC,,60.35,1.4387,1X2,,UEFA Super Cup,Paris Saint Germain vs Aston Villa,Paris Saint Germain,Aston Villa,0xd90089ceb0c9854c3d68a3f09fc4fa855b3a26537e60e3a02b69256aaacd29db,L19066036,0,0,SUCCESS,1,1786556339,1786561200,137.549858,SXR,0x6629Ce1Cf35Cc1329ebB4F63202F3f197b3F050B
0xe42d2085165a837669743e769d857e7565111738b2434459c80e93d570845d66,0xFD3a22179CA4104E97c670b834750Bd7Ff310b17,1,37.17,1.5637,1X2,Paris Saint Germain,UEFA Super Cup,Paris Saint Germain vs Aston Villa,Paris Saint Germain,Aston Villa,0xd90089ceb0c9854c3d68a3f09fc4fa855b3a26537e60e3a02b69256aaacd29db,L19066036,0,0,SUCCESS,1,1786556142,1786561200,65.933481,SXR,0x6629Ce1Cf35Cc1329ebB4F63202F3f197b3F050B
0xc8c82b31beae01ed1037df4dd7ab77b06dfd67b90e55ab4d49cfd9b7129de52a,0xa498150823d867380b25175554a275c1c668256e,,390,1.8125,1X2,,UEFA Super Cup,Paris Saint Germain vs Aston Villa,Paris Saint Germain,Aston Villa,0x7d79a11368f71901641550937f2120d0c09dccfc84328fabe81c1eb7847ce4b5,L19066036,0,0,SUCCESS,1,1786556115,1786561200,480.0,SXR,0x6629Ce1Cf35Cc1329ebB4F63202F3f197b3F050B
0x25f4ad24cb33580b4b6d598ca55917b74425582e78dfc7b66c7bdfbce589f99e,0xd65Bd3DE3a0247a92FcF2c9e3F8cC618273Df8aC,,60.35,1.4387,1X2,,UEFA Super Cup,Paris Saint Germain vs Aston Villa,Paris Saint Germain,Aston Villa,0xd90089ceb0c9854c3d68a3f09fc4fa855b3a26537e60e3a02b69256aaacd29db,L19066036,0,0,SUCCESS,1,1786556078,1786561200,137.549858,SXR,0x6629Ce1Cf35Cc1329ebB4F63202F3f197b3F050B
0x4b8a80afcec251207adacd4ffc3d31f4fb8ebd45f65b8f0a658081813fc8dd31,0xa498150823d867380b25175554a275c1c668256e,,37.99992,1.8137,1X2,,UEFA Super Cup,Paris Saint Germain vs Aston Villa,Paris Saint Germain,Aston Villa,0x7d79a11368f71901641550937f2120d0c09dccfc84328fabe81c1eb7847ce4b5,L19066036,0,0,SUCCESS,1,1786556054,1786561200,46.69729,SXR,0x6629Ce1Cf35Cc1329ebB4F63202F3f197b3F050B
0xa7605c420e5687831ce7e9de1278a41e9b76ae663c0831c4781363e0db4d5d22,0xa498150823d867380b25175554a275c1c668256e,,390,1.81,1X2,,UEFA Super Cup,Paris Saint Germain vs Aston Villa,Paris Saint Germain,Aston Villa,0x7d79a11368f71901641550937f2120d0c09dccfc84328fabe81c1eb7847ce4b5,L19066036,0,0,SUCCESS,1,1786556033,1786561200,481.481481,SXR,0x6629Ce1Cf35Cc1329ebB4F63202F3f197b3F050B
0x4f189bb3bff040d23d5ec3a32b0eda4cec38a9768331330fe76479e864708483,0x0DeAbC808957aBc9f4778C03b03CC1D2cBBC9D60,1,4.99999,1.5637,1X2,Paris Saint Germain,UEFA Super Cup,Paris Saint Germain vs Aston Villa,Paris Saint Germain,Aston Villa,0xd90089ceb0c9854c3d68a3f09fc4fa855b3a26537e60e3a02b69256aaacd29db,L19066036,0,0,SUCCESS,1,1786556028,1786561200,8.869162,SXR,0x6629Ce1Cf35Cc1329ebB4F63202F3f197b3F050B
0x386d823722c529df2d913d97e4af095db322fea974f1139fc48ff287bf85c65f,0xFD3a22179CA4104E97c670b834750Bd7Ff310b17,1,37.27,1.5637,1X2,Paris Saint Germain,UEFA Super Cup,Paris Saint Germain vs Aston Villa,Paris Saint Germain,Aston Villa,0xd90089ceb0c9854c3d68a3f09fc4fa855b3a26537e60e3a02b69256aaacd29db,L19066036,0,0,SUCCESS,1,1786556017,1786561200,66.110865,SXR,0x6629Ce1Cf35Cc1329ebB4F63202F3f197b3F050B
0x9e3894fa44b2a4d67fa14deb282e5ecb004b6860699970c8c6d429359a7f508a,0x8268feC8dCb0D284343054BDf2b649286c9aA0a1,1,2327.02,1.5637,1X2,Paris Saint Germain,UEFA Super Cup,Paris Saint Germain vs Aston Villa,Paris Saint Germain,Aston Villa,0xd90089ceb0c9854c3d68a3f09fc4fa855b3a26537e60e3a02b69256aaacd29db,L19066036,0,0,SUCCESS,1,1786556011,1786561200,4127.751663,SXR,0x6629Ce1Cf35Cc1329ebB4F63202F3f197b3F050B
0x03d0517bb9fe3dbf7500f036f391f6cc578a0788dc591cae700d72e3a007f674,0xD8518860aAe6Ee71d9b799980801e84A3F422315,,99.99806,1.44,1X2,,UEFA Super Cup,Paris Saint Germain vs Aston Villa,Paris Saint Germain,Aston Villa,0xd90089ceb0c9854c3d68a3f09fc4fa855b3a26537e60e3a02b69256aaacd29db,L19066036,0,0,SUCCESS,1,1786555951,1786561200,227.268318,SXR,0x6629Ce1Cf35Cc1329ebB4F63202F3f197b3F050B
0xb6ffba3706ce7756b84f35a4f1ad6893f3d53782cd162a1c90bb93660940146f,0xD8518860aAe6Ee71d9b799980801e84A3F422315,,319.15,1.4387,1X2,,UEFA Super Cup,Paris Saint Germain vs Aston Villa,Paris Saint Germain,Aston Villa,0xd90089ceb0c9854c3d68a3f09fc4fa855b3a26537e60e3a02b69256aaacd29db,L19066036,0,0,SUCCESS,1,1786555944,1786561200,727.407407,SXR,0x6629Ce1Cf35Cc1329ebB4F63202F3f197b3F050B
0x374f9ea2e150513a39ddfa19da48cb2cda8c1914ae1f61dd48f3090f15d8bde8,0x85Da26Dce2e5F76FcFb411d89ceb8fcf11A9CBcD,1,344.10838,1.565,1X2,Paris Saint Germain,UEFA Super Cup,Paris Saint Germain vs Aston Villa,Paris Saint Germain,Aston Villa,0xd90089ceb0c9854c3d68a3f09fc4fa855b3a26537e60e3a02b69256aaacd29db,L19066036,0,0,SUCCESS,1,1786555932,1786561200,609.041381,SXR,0x6629Ce1Cf35Cc1329ebB4F63202F3f197b3F050B
0x26f7f12605d806cb90254e251360e697f2f252cf85747f45413880a178ee74d9,0xa498150823d867380b25175554a275c1c668256e,,47.97069,1.4412,1X2,,UEFA Super Cup,Paris Saint Germain vs Aston Villa,Paris Saint Germain,Aston Villa,0xd90089ceb0c9854c3d68a3f09fc4fa855b3a26537e60e3a02b69256aaacd29db,L19066036,0,0,SUCCESS,1,1786555921,1786561200,108.715445,SXR,0x6629Ce1Cf35Cc1329ebB4F63202F3f197b3F050B
0x9ce043a3ab76eeef5c68cc45a6e1444628e2f1c437e9c4a3d9640666c9b877d9,0xFD3a22179CA4104E97c670b834750Bd7Ff310b17,1,15.94,1.245,1X2,Tie,UEFA Super Cup,Paris Saint Germain vs Aston Villa,Paris Saint Germain,Aston Villa,0x82142b3963732a3fdd36aa8afa37f80a8be5d40f1cde3d8c81b2a40f833fd442,L19066036,0,0,SUCCESS,1,1786555919,1786561200,65.061224,SXR,0x6629Ce1Cf35Cc1329ebB4F63202F3f197b3F050B
0xe6b9017bb7a13318a452b899e59a8a19c07abf7dbe16056b2ee6f9cb6ded2304,0xd65Bd3DE3a0247a92FcF2c9e3F8cC618273Df8aC,,60.62,1.44,1X2,,UEFA Super Cup,Paris Saint Germain vs Aston Villa,Paris Saint Germain,Aston Villa,0xd90089ceb0c9854c3d68a3f09fc4fa855b3a26537e60e3a02b69256aaacd29db,L19066036,0,0,SUCCESS,1,1786555905,1786561200,137.772727,SXR,0x6629Ce1Cf35Cc1329ebB4F63202F3f197b3F050B
0xb9c317d28f70306a4a7e4a4b1f71b12a9b7e242fda1e833c0b6dac02ea3be0e8,0x3b2B3900de9f93d1a397Efd858D1035643D15F96,,834.87,1.68,Asian Handicap (-1.5),,UEFA Super Cup,Paris Saint Germain vs Aston Villa,Paris Saint Germain,Aston Villa,0x409d8b258d8921e8f4a2c11460cbb794c2d8610abb209e4090e8a8ae8f39d2d7,L19066036,0,0,SUCCESS,1,1786555884,1786561200,1227.75,SXR,0x6629Ce1Cf35Cc1329ebB4F63202F3f197b3F050B
0x7c532b14f67b4d0e2c2eb5aaac14eacc6a58b4c479f5bb94816719916699c06f,0xa498150823d867380b25175554a275c1c668256e,,391.99997,1.81,1X2,,UEFA Super Cup,Paris Saint Germain vs Aston Villa,Paris Saint Germain,Aston Villa,0x7d79a11368f71901641550937f2120d0c09dccfc84328fabe81c1eb7847ce4b5,L19066036,0,0,SUCCESS,1,1786555861,1786561200,483.95058,SXR,0x6629Ce1Cf35Cc1329ebB4F63202F3f197b3F050B
0x39c59456387b451679f56e574e8bc82386c325416c755e0feca625f84b37af1b,0xa498150823d867380b25175554a275c1c668256e,,60,1.44,1X2,,UEFA Super Cup,Paris Saint Germain vs Aston Villa,Paris Saint Germain,Aston Villa,0xd90089ceb0c9854c3d68a3f09fc4fa855b3a26537e60e3a02b69256aaacd29db,L19066036,0,0,SUCCESS,1,1786555787,1786561200,136.363636,SXR,0x6629Ce1Cf35Cc1329ebB4F63202F3f197b3F050B
0x65d48be6c4c3993691920d279e960dcda04b9aabb06e7574b65d1640b98c4b27,0xa498150823d867380b25175554a275c1c668256e,,60,1.44,1X2,,UEFA Super Cup,Paris Saint Germain vs Aston Villa,Paris Saint Germain,Aston Villa,0xd90089ceb0c9854c3d68a3f09fc4fa855b3a26537e60e3a02b69256aaacd29db,L19066036,0,0,SUCCESS,1,1786555673,1786561200,136.363636,SXR,0x6629Ce1Cf35Cc1329ebB4F63202F3f197b3F050B
0x9db7dd98e2038c7254e097c2afbdc68f426a922c43352520a8b10ea5745ced6b,0xa498150823d867380b25175554a275c1c668256e,,389.99997,1.8087,1X2,,UEFA Super Cup,Paris Saint Germain vs Aston Villa,Paris Saint Germain,Aston Villa,0x7d79a11368f71901641550937f2120d0c09dccfc84328fabe81c1eb7847ce4b5,L19066036,0,0,SUCCESS,1,1786555653,1786561200,482.22562,SXR,0x6629Ce1Cf35Cc1329ebB4F63202F3f197b3F050B
0x03cd35fea722d7ad4bdb198302a48c108576acf8d82c600804d0f5b55922d49b,0xa498150823d867380b25175554a275c1c668256e,,389.99997,1.8087,1X2,,UEFA Super Cup,Paris Saint Germain vs Aston Villa,Paris Saint Germain,Aston Villa,0x7d79a11368f71901641550937f2120d0c09dccfc84328fabe81c1eb7847ce4b5,L19066036,0,0,SUCCESS,1,1786555640,1786561200,482.22562,SXR,0x6629Ce1Cf35Cc1329ebB4F63202F3f197b3F050B
0xe778ddc06b206dfd7139584e7eaba72d040d297d378d6249f46695995360eae3,0x68E1818FF20BBe84F9be9E0A4A395FB11079Bd35,1,279.40665,1.5613,1X2,Paris Saint Germain,UEFA Super Cup,Paris Saint Germain vs Aston Villa,Paris Saint Germain,Aston Villa,0xd90089ceb0c9854c3d68a3f09fc4fa855b3a26537e60e3a02b69256aaacd29db,L19066036,0,0,SUCCESS,1,1786555547,1786561200,497.82922,SXR,0x6629Ce1Cf35Cc1329ebB4F63202F3f197b3F050B
0xddfccf2e77e0a5566e07f486f924163f31dfb1ca88c8e0b8c55063fbc21ff065,0xFD3a22179CA4104E97c670b834750Bd7Ff310b17,1,6.8,1.245,1X2,Tie,UEFA Super Cup,Paris Saint Germain vs Aston Villa,Paris Saint Germain,Aston Villa,0x82142b3963732a3fdd36aa8afa37f80a8be5d40f1cde3d8c81b2a40f833fd442,L19066036,0,0,SUCCESS,1,1786555544,1786561200,27.755102,SXR,0x6629Ce1Cf35Cc1329ebB4F63202F3f197b3F050B
0xe3f64346dbe930fd83038a843456eeaa61fd0f20d5baf07addddca412c0c104f,0xd65Bd3DE3a0247a92FcF2c9e3F8cC618273Df8aC,,16.0081,1.4438,1X2,,UEFA Super Cup,Paris Saint Germain vs Aston Villa,Paris Saint Germain,Aston Villa,0xd90089ceb0c9854c3d68a3f09fc4fa855b3a26537e60e3a02b69256aaacd29db,L19066036,0,0,SUCCESS,1,1786555542,1786561200,36.074592,SXR,0x6629Ce1Cf35Cc1329ebB4F63202F3f197b3F050B
0xc34a94a748eca4b7157079b0d5b4f3806cfd1051eb78b8194780e32ced05be5f,0xFD3a22179CA4104E97c670b834750Bd7Ff310b17,,5.82,1.2575,UEFA Super Cup,,UEFA Super Cup,Paris Saint Germain vs Aston Villa,Paris Saint Germain,Aston Villa,0x79833fc6a3f6648404ca4b99628add02ce86c2c2d0053296c7e23bea43b238d1,L19066036,0,0,SUCCESS,1,1786555410,1786561200,22.601942,SXR,0x6629Ce1Cf35Cc1329ebB4F63202F3f197b3F050B
0x37176a8c6a55d90cd2170998cd2bf5ac7b3fe5511654582dee021f8a98d943bb,0xa498150823d867380b25175554a275c1c668256e,,60,1.4375,1X2,,UEFA Super Cup,Paris Saint Germain vs Aston Villa,Paris Saint Germain,Aston Villa,0xd90089ceb0c9854c3d68a3f09fc4fa855b3a26537e60e3a02b69256aaacd29db,L19066036,0,0,SUCCESS,1,1786555391,1786561200,137.142857,SXR,0x6629Ce1Cf35Cc1329ebB4F63202F3f197b3F050B
0xcce3213b8f861b793ba9157df8a522ffc0540b1926d3006b0d3313586af4b209,0xa498150823d867380b25175554a275c1c668256e,,390,1.81,1X2,,UEFA Super Cup,Paris Saint Germain vs Aston Villa,Paris Saint Germain,Aston Villa,0x7d79a11368f71901641550937f2120d0c09dccfc84328fabe81c1eb7847ce4b5,L19066036,0,0,SUCCESS,1,1786555365,1786561200,481.481481,SXR,0x6629Ce1Cf35Cc1329ebB4F63202F3f197b3F050B
0x1b4383ea2b13c6780b753e72ff2ca826030734f9bbccd3fbad4340efb6e0a402,0xd65Bd3DE3a0247a92FcF2c9e3F8cC618273Df8aC,,60.09,1.4363,1X2,,UEFA Super Cup,Paris Saint Germain vs Aston Villa,Paris Saint Germain,Aston Villa,0xd90089ceb0c9854c3d68a3f09fc4fa855b3a26537e60e3a02b69256aaacd29db,L19066036,0,0,SUCCESS,1,1786555299,1786561200,137.74212,SXR,0x6629Ce1Cf35Cc1329ebB4F63202F3f197b3F050B
0xec0f2a590c826a8b7495a624c8722dd891d9c4cedf11962029130b798071c1bc,0x97EC1C9682F70091efB04e97b0B34698cF815EE1,1,12.7,1.2437,1X2,Tie,UEFA Super Cup,Paris Saint Germain vs Aston Villa,Paris Saint Germain,Aston Villa,0x82142b3963732a3fdd36aa8afa37f80a8be5d40f1cde3d8c81b2a40f833fd442,L19066036,0,0,SUCCESS,1,1786555106,1786561200,52.102564,SXR,0x6629Ce1Cf35Cc1329ebB4F63202F3f197b3F050B
0x3b9f58a2b56971d46700de70e6b06d5ea4b469ea841ec017817975d28aeba266,0xa498150823d867380b25175554a275c1c668256e,,41.91568,1.4387,1X2,,UEFA Super Cup,Paris Saint Germain vs Aston Villa,Paris Saint Germain,Aston Villa,0xd90089ceb0c9854c3d68a3f09fc4fa855b3a26537e60e3a02b69256aaacd29db,L19066036,0,0,SUCCESS,1,1786555030,1786561200,95.534313,SXR,0x6629Ce1Cf35Cc1329ebB4F63202F3f197b3F050B
0x2d83013cd0a6058a43979fedece9ea4c5d13ac893dae5033ed52a317b3a5f3f6,0x97EC1C9682F70091efB04e97b0B34698cF815EE1,,25.07,1.4338,1X2,,UEFA Super Cup,Paris Saint Germain vs Aston Villa,Paris Saint Germain,Aston Villa,0xd90089ceb0c9854c3d68a3f09fc4fa855b3a26537e60e3a02b69256aaacd29db,L19066036,0,0,SUCCESS,1,1786555007,1786561200,57.798271,SXR,0x6629Ce1Cf35Cc1329ebB4F63202F3f197b3F050B
0xddb83a1f27dfe04eeb58be4488a9b941f76dd03f1b7bccd9dd1dfc042b834ca7,0xa498150823d867380b25175554a275c1c668256e,,387.99998,1.8087,1X2,,UEFA Super Cup,Paris Saint Germain vs Aston Villa,Paris Saint Germain,Aston Villa,0x7d79a11368f71901641550937f2120d0c09dccfc84328fabe81c1eb7847ce4b5,L19066036,0,0,SUCCESS,1,1786554992,1786561200,479.75268,SXR,0x6629Ce1Cf35Cc1329ebB4F63202F3f197b3F050B
0xbb112029683bf32385c2300e138a4c865958c7fc3be7bedd0500187f99ca85d3,0xa498150823d867380b25175554a275c1c668256e,,387.99998,1.8087,1X2,,UEFA Super Cup,Paris Saint Germain vs Aston Villa,Paris Saint Germain,Aston Villa,0x7d79a11368f71901641550937f2120d0c09dccfc84328fabe81c1eb7847ce4b5,L19066036,0,0,SUCCESS,1,1786554981,1786561200,479.75268,SXR,0x6629Ce1Cf35Cc1329ebB4F63202F3f197b3F050B
0x07611f464cfbbfbac4a559ea142a2e63ff50ad5373efaab3180f3e271110056d,0xd65Bd3DE3a0247a92FcF2c9e3F8cC618273Df8aC,,59.57,1.4338,1X2,,UEFA Super Cup,Paris Saint Germain vs Aston Villa,Paris Saint Germain,Aston Villa,0xd90089ceb0c9854c3d68a3f09fc4fa855b3a26537e60e3a02b69256aaacd29db,L19066036,0,0,SUCCESS,1,1786554975,1786561200,137.337176,SXR,0x6629Ce1Cf35Cc1329ebB4F63202F3f197b3F050B
0x08a5d3db95089e680120965e113c2ba4f80742ec644658b49bde97dc44c032c3,0xa498150823d867380b25175554a275c1c668256e,,387.99998,1.8087,1X2,,UEFA Super Cup,Paris Saint Germain vs Aston Villa,Paris Saint Germain,Aston Villa,0x7d79a11368f71901641550937f2120d0c09dccfc84328fabe81c1eb7847ce4b5,L19066036,0,0,SUCCESS,1,1786554943,1786561200,479.75268,SXR,0x6629Ce1Cf35Cc1329ebB4F63202F3f197b3F050B
0x5ffc7d36cdd37e564c8edf0fc0b5e492f08f7596774bd18a01d322fce5bd7444,0xa498150823d867380b25175554a275c1c668256e,,387.99998,1.8087,1X2,,UEFA Super Cup,Paris Saint Germain vs Aston Villa,Paris Saint Germain,Aston Villa,0x7d79a11368f71901641550937f2120d0c09dccfc84328fabe81c1eb7847ce4b5,L19066036,0,0,SUCCESS,1,1786554930,1786561200,479.75268,SXR,0x6629Ce1Cf35Cc1329ebB4F63202F3f197b3F050B
0xff80ba82047368dfcab28f244f5152a71cc790b9dcdce0c061450219a68f06c0,0xa498150823d867380b25175554a275c1c668256e,,391.99997,1.8087,1X2,,UEFA Super Cup,Paris Saint Germain vs Aston Villa,Paris Saint Germain,Aston Villa,0x7d79a11368f71901641550937f2120d0c09dccfc84328fabe81c1eb7847ce4b5,L19066036,0,0,SUCCESS,1,1786554917,1786561200,484.698572,SXR,0x6629Ce1Cf35Cc1329ebB4F63202F3f197b3F050B
0x99cdcd871d3cdf65f9a3c39d803662010a6368c0ba6872f42dcb87af8201ec6c,0xa498150823d867380b25175554a275c1c668256e,,389.99997,1.8087,1X2,,UEFA Super Cup,Paris Saint Germain vs Aston Villa,Paris Saint Germain,Aston Villa,0x7d79a11368f71901641550937f2120d0c09dccfc84328fabe81c1eb7847ce4b5,L19066036,0,0,SUCCESS,1,1786554872,1786561200,482.22562,SXR,0x6629Ce1Cf35Cc1329ebB4F63202F3f197b3F050B
0xaf560579bc78651c428ca81e255a005a63bade810626729d650d402783f01597,0x7b24CF01b6D5e87723223E2A2f5ebed92B5Cc7a9,,37.91209,1.4312,1X2,,UEFA Super Cup,Paris Saint Germain vs Aston Villa,Paris Saint Germain,Aston Villa,0xd90089ceb0c9854c3d68a3f09fc4fa855b3a26537e60e3a02b69256aaacd29db,L19066036,0,0,SUCCESS,1,1786554871,1786561200,87.912093,SXR,0x6629Ce1Cf35Cc1329ebB4F63202F3f197b3F050B
0x5ab9ea8c766b9daaac0a7ee09d5ab8acd693a5fa1530d987afedcb02fa6b5939,0xFD3a22179CA4104E97c670b834750Bd7Ff310b17,,23.53999,1.76,1X2,,UEFA Super Cup,Paris Saint Germain vs Aston Villa,Paris Saint Germain,Aston Villa,0x82142b3963732a3fdd36aa8afa37f80a8be5d40f1cde3d8c81b2a40f833fd442,L19066036,0,0,SUCCESS,1,1786554864,1786561200,30.973671,SXR,0x6629Ce1Cf35Cc1329ebB4F63202F3f197b3F050B
0x2c1cf82a94872bec0358b1e67333d5e8867c5cdddc3c9cb7e2dee0c46509ad3a,0xD6e956cc202E445de7B48a3126bc1169989eb791,,10,1.4338,1X2,,UEFA Super Cup,Paris Saint Germain vs Aston Villa,Paris Saint Germain,Aston Villa,0xd90089ceb0c9854c3d68a3f09fc4fa855b3a26537e60e3a02b69256aaacd29db,L19066036,0,0,SUCCESS,1,1786554828,1786561200,23.054755,SXR,0x6629Ce1Cf35Cc1329ebB4F63202F3f197b3F050B
0x84982bf755aec3828778e4173c8b6f8c62d879a8a3ea7db4f94680d61d5cbb61,0x282181D4eBaf8dCF2Cf175419bcAc0aDe9126d67,,94.5,1.4325,1X2,,UEFA Super Cup,Paris Saint Germain vs Aston Villa,Paris Saint Germain,Aston Villa,0xd90089ceb0c9854c3d68a3f09fc4fa855b3a26537e60e3a02b69256aaacd29db,L19066036,0,0,SUCCESS,1,1786554780,1786561200,218.49711,SXR,0x6629Ce1Cf35Cc1329ebB4F63202F3f197b3F050B
0xd2da903e92ff8bb7ce3f42e5e1753609ab116a8aed5dea82a855755df3508e2a,0xD6e956cc202E445de7B48a3126bc1169989eb791,,100,1.4325,1X2,,UEFA Super Cup,Paris Saint Germain vs Aston Villa,Paris Saint Germain,Aston Villa,0xd90089ceb0c9854c3d68a3f09fc4fa855b3a26537e60e3a02b69256aaacd29db,L19066036,0,0,SUCCESS,1,1786554761,1786561200,231.213873,SXR,0x6629Ce1Cf35Cc1329ebB4F63202F3f197b3F050B
0xcb6b119c6891ad71e23fcdfbc2fe79f6bae5c69c364ac8b9d27e0534587777bc,0x97EC1C9682F70091efB04e97b0B34698cF815EE1,,8.43,1.4325,1X2,,UEFA Super Cup,Paris Saint Germain vs Aston Villa,Paris Saint Germain,Aston Villa,0xd90089ceb0c9854c3d68a3f09fc4fa855b3a26537e60e3a02b69256aaacd29db,L19066036,0,0,SUCCESS,1,1786554738,1786561200,19.491329,SXR,0x6629Ce1Cf35Cc1329ebB4F63202F3f197b3F050B
0x137559c74e17371c54c0b0c1a51a20053dcb94e962541afe3378c2055374e8d1,0xFD3a22179CA4104E97c670b834750Bd7Ff310b17,,29.11,1.4325,1X2,,UEFA Super Cup,Paris Saint Germain vs Aston Villa,Paris Saint Germain,Aston Villa,0xd90089ceb0c9854c3d68a3f09fc4fa855b3a26537e60e3a02b69256aaacd29db,L19066036,0,0,SUCCESS,1,1786554723,1786561200,67.306358,SXR,0x6629Ce1Cf35Cc1329ebB4F63202F3f197b3F050B
0xc40e4bba214a2895723e02f37a38985163f7d7cce0d9de26b786ee0fb142c0ba,0xFD3a22179CA4104E97c670b834750Bd7Ff310b17,,31.4,1.4325,1X2,,UEFA Super Cup,Paris Saint Germain vs Aston Villa,Paris Saint Germain,Aston Villa,0xd90089ceb0c9854c3d68a3f09fc4fa855b3a26537e60e3a02b69256aaacd29db,L19066036,0,0,SUCCESS,1,1786554718,1786561200,72.601156,SXR,0x6629Ce1Cf35Cc1329ebB4F63202F3f197b3F050B
0xfdf589f584fb9b6db8c2edac73493e5026f1ce75264bac12b912d0dff6e961ac,0xB95e016d0bb898a32fa18ed6eA77D2968c7Ab828,1,1471.58822,1.5663,1X2,Paris Saint Germain,UEFA Super Cup,Paris Saint Germain vs Aston Villa,Paris Saint Germain,Aston Villa,0xd90089ceb0c9854c3d68a3f09fc4fa855b3a26537e60e3a02b69256aaacd29db,L19066036,0,0,SUCCESS,1,1786554650,1786561200,2598.831294,SXR,0x6629Ce1Cf35Cc1329ebB4F63202F3f197b3F050B
0xf8fac9bdad7c3790a020960a5ffba0e348615ca4d93ddd02507390f38575e279,0xFD3a22179CA4104E97c670b834750Bd7Ff310b17,1,664.75,1.5663,1X2,Paris Saint Germain,UEFA Super Cup,Paris Saint Germain vs Aston Villa,Paris Saint Germain,Aston Villa,0xd90089ceb0c9854c3d68a3f09fc4fa855b3a26537e60e3a02b69256aaacd29db,L19066036,0,0,SUCCESS,1,1786554555,1786561200,1173.951435,SXR,0x6629Ce1Cf35Cc1329ebB4F63202F3f197b3F050B
0x71548a57e6aae86d08526ace7b9bd2a92eb93737fca4e7d17cc04364a28e3fec,0xa498150823d867380b25175554a275c1c668256e,,189.99997,1.8087,1X2,,UEFA Super Cup,Paris Saint Germain vs Aston Villa,Paris Saint Germain,Aston Villa,0x7d79a11368f71901641550937f2120d0c09dccfc84328fabe81c1eb7847ce4b5,L19066036,0,0,SUCCESS,1,1786554442,1786561200,234.930411,SXR,0x6629Ce1Cf35Cc1329ebB4F63202F3f197b3F050B
0xcdd40a84b444c06ffda77158ca150c4a2a43f628707910d407818369356a5347,0xa498150823d867380b25175554a275c1c668256e,,250,1.8087,1X2,,UEFA Super Cup,Paris Saint Germain vs Aston Villa,Paris Saint Germain,Aston Villa,0x7d79a11368f71901641550937f2120d0c09dccfc84328fabe81c1eb7847ce4b5,L19066036,0,0,SUCCESS,1,1786554379,1786561200,309.119011,SXR,0x6629Ce1Cf35Cc1329ebB4F63202F3f197b3F050B
0x3445f2d8e018d571e434981a5e7a6b9e443f1d7e3aa91ac7385758d283c456f4,0xa498150823d867380b25175554a275c1c668256e,,389.99997,1.8087,1X2,,UEFA Super Cup,Paris Saint Germain vs Aston Villa,Paris Saint Germain,Aston Villa,0x7d79a11368f71901641550937f2120d0c09dccfc84328fabe81c1eb7847ce4b5,L19066036,0,0,SUCCESS,1,1786554321,1786561200,482.22562,SXR,0x6629Ce1Cf35Cc1329ebB4F63202F3f197b3F050B
0xf02dcc76e446c7c3e72290e6204bc407730d89999fc0c6d69eb550b6035a9cd4,0xa498150823d867380b25175554a275c1c668256e,,159.99997,1.8087,1X2,,UEFA Super Cup,Paris Saint Germain vs Aston Villa,Paris Saint Germain,Aston Villa,0x7d79a11368f71901641550937f2120d0c09dccfc84328fabe81c1eb7847ce4b5,L19066036,0,0,SUCCESS,1,1786554293,1786561200,197.83613,SXR,0x6629Ce1Cf35Cc1329ebB4F63202F3f197b3F050B
0x5c215b2ed8e7193d5040cb5436ff9697ca0114bc2621eb31f26f255259bc5a5c,0xa498150823d867380b25175554a275c1c668256e,,389.99997,1.8087,1X2,,UEFA Super Cup,Paris Saint Germain vs Aston Villa,Paris Saint Germain,Aston Villa,0x7d79a11368f71901641550937f2120d0c09dccfc84328fabe81c1eb7847ce4b5,L19066036,0,0,SUCCESS,1,1786554175,1786561200,482.22562,SXR,0x6629Ce1Cf35Cc1329ebB4F63202F3f197b3F050B
0x2aaff14d0f11e0a7028935102f4a3f617202a1e63fc039e7f5d7d8fbc3bcc864,0xa498150823d867380b25175554a275c1c668256e,,387.99998,1.8087,1X2,,UEFA Super Cup,Paris Saint Germain vs Aston Villa,Paris Saint Germain,Aston Villa,0x7d79a11368f71901641550937f2120d0c09dccfc84328fabe81c1eb7847ce4b5,L19066036,0,0,SUCCESS,1,1786554163,1786561200,479.75268,SXR,0x6629Ce1Cf35Cc1329ebB4F63202F3f197b3F050B
0x7ab0da0a844e60a381b4e647112517451bdd2637a18e5591df0f7b964a4e70a3,0x97EC1C9682F70091efB04e97b0B34698cF815EE1,1,26.66,1.1963,1X2,Aston Villa,UEFA Super Cup,Paris Saint Germain vs Aston Villa,Paris Saint Germain,Aston Villa,0x7d79a11368f71901641550937f2120d0c09dccfc84328fabe81c1eb7847ce4b5,L19066036,0,0,SUCCESS,1,1786554150,1786561200,135.847134,SXR,0x6629Ce1Cf35Cc1329ebB4F63202F3f197b3F050B
0x6deb3358f790c7c20405c0d8aaeaada5b68ca4bd389eef5073b9b51399f0d0a1,0x97EC1C9682F70091efB04e97b0B34698cF815EE1,1,145.42,1.245,1X2,Tie,UEFA Super Cup,Paris Saint Germain vs Aston Villa,Paris Saint Germain,Aston Villa,0x82142b3963732a3fdd36aa8afa37f80a8be5d40f1cde3d8c81b2a40f833fd442,L19066036,0,0,SUCCESS,1,1786554101,1786561200,593.55102,SXR,0x6629Ce1Cf35Cc1329ebB4F63202F3f197b3F050B
0x6e172ebbed2da8c87fd7b8e5205ade866cc3e52796ec6c34a349ff01a88e4b67,0xa498150823d867380b25175554a275c1c668256e,,389.99997,1.8087,1X2,,UEFA Super Cup,Paris Saint Germain vs Aston Villa,Paris Saint Germain,Aston Villa,0x7d79a11368f71901641550937f2120d0c09dccfc84328fabe81c1eb7847ce4b5,L19066036,0,0,SUCCESS,1,1786554017,1786561200,482.22562,SXR,0x6629Ce1Cf35Cc1329ebB4F63202F3f197b3F050B
0x3cadd76aa45ca7a2052e7a3e890c87efee99b4902108d65891a1bfb26674ae93,0xa498150823d867380b25175554a275c1c668256e,,119.99998,1.8087,1X2,,UEFA Super Cup,Paris Saint Germain vs Aston Villa,Paris Saint Germain,Aston Villa,0x7d79a11368f71901641550937f2120d0c09dccfc84328fabe81c1eb7847ce4b5,L19066036,0,0,SUCCESS,1,1786553999,1786561200,148.3771,SXR,0x6629Ce1Cf35Cc1329ebB4F63202F3f197b3F050B
0x2c6c7d756300fbf66566ef57175759867f7019585ce30ad50df900c3073d5224,0xa498150823d867380b25175554a275c1c668256e,,389.99997,1.8087,1X2,,UEFA Super Cup,Paris Saint Germain vs Aston Villa,Paris Saint Germain,Aston Villa,0x7d79a11368f71901641550937f2120d0c09dccfc84328fabe81c1eb7847ce4b5,L19066036,0,0,SUCCESS,1,1786553975,1786561200,482.22562,SXR,0x6629Ce1Cf35Cc1329ebB4F63202F3f197b3F050B
0xeb3fe4edccb9b51876fe35f465b9f6ce55403b6359d26d2461bbe32284e7ba22,0x97EC1C9682F70091efB04e97b0B34698cF815EE1,1,9.66,1.2437,1X2,Tie,UEFA Super Cup,Paris Saint Germain vs Aston Villa,Paris Saint Germain,Aston Villa,0x82142b3963732a3fdd36aa8afa37f80a8be5d40f1cde3d8c81b2a40f833fd442,L19066036,0,0,SUCCESS,1,1786553940,1786561200,39.630769,SXR,0x6629Ce1Cf35Cc1329ebB4F63202F3f197b3F050B
0x3ba1b73c5103c17c41902dc947612497267e8a0122997fa330cb5cc49ba16c9f,0x97EC1C9682F70091efB04e97b0B34698cF815EE1,1,26.67,1.1963,1X2,Aston Villa,UEFA Super Cup,Paris Saint Germain vs Aston Villa,Paris Saint Germain,Aston Villa,0x7d79a11368f71901641550937f2120d0c09dccfc84328fabe81c1eb7847ce4b5,L19066036,0,0,SUCCESS,1,1786553928,1786561200,135.898089,SXR,0x6629Ce1Cf35Cc1329ebB4F63202F3f197b3F050B
0xa9e5289f4f98bc8b727236a222a07a3edb5beb332b5023ff26eb4ac6ab8eb5c0,0xFD3a22179CA4104E97c670b834750Bd7Ff310b17,1,1.07,1.1963,1X2,Aston Villa,UEFA Super Cup,Paris Saint Germain vs Aston Villa,Paris Saint Germain,Aston Villa,0x7d79a11368f71901641550937f2120d0c09dccfc84328fabe81c1eb7847ce4b5,L19066036,0,0,SUCCESS,1,1786553858,1786561200,5.452229,SXR,0x6629Ce1Cf35Cc1329ebB4F63202F3f197b3F050B
0x89a536aa23dc1b86fca794fa21f7ec0144461e14dfcc353c5ee98a08206edeeb,0xa498150823d867380b25175554a275c1c668256e,,388.2,1.8087,1X2,,UEFA Super Cup,Paris Saint Germain vs Aston Villa,Paris Saint Germain,Aston Villa,0x7d79a11368f71901641550937f2120d0c09dccfc84328fabe81c1eb7847ce4b5,L19066036,0,0,SUCCESS,1,1786553841,1786561200,480.0,SXR,0x6629Ce1Cf35Cc1329ebB4F63202F3f197b3F050B
0xbaec1d4396bfd3b048109e9b283c0643089c83d1e9c1397cf58e26e698b1554e,0xa498150823d867380b25175554a275c1c668256e,,389.99997,1.8087,1X2,,UEFA Super Cup,Paris Saint Germain vs Aston Villa,Paris Saint Germain,Aston Villa,0x7d79a11368f71901641550937f2120d0c09dccfc84328fabe81c1eb7847ce4b5,L19066036,0,0,SUCCESS,1,1786553783,1786561200,482.22562,SXR,0x6629Ce1Cf35Cc1329ebB4F63202F3f197b3F050B
0x692499c74d274bbb6bc70761643deaf7429e054a8ef4a2468079ef5bfbe6fb14,0x97EC1C9682F70091efB04e97b0B34698cF815EE1,1,14.03999,1.5675,Asian Handicap (-0.5),Paris Saint Germain -0.5,UEFA Super Cup,Paris Saint Germain vs Aston Villa,Paris Saint Germain,Aston Villa,0x633e1f4af7bf294be4c13c5c783beb3d10adbea62e87950389cb3cfa326086cb,L19066036,0,0,SUCCESS,1,1786553771,1786561200,24.74007,SXR,0x6629Ce1Cf35Cc1329ebB4F63202F3f197b3F050B
0x1160e8f0a668f8e885d2f953735ad4bd1c77594db2d569617002d110a50129d3,0xa498150823d867380b25175554a275c1c668256e,,388.2,1.8087,1X2,,UEFA Super Cup,Paris Saint Germain vs Aston Villa,Paris Saint Germain,Aston Villa,0x7d79a11368f71901641550937f2120d0c09dccfc84328fabe81c1eb7847ce4b5,L19066036,0,0,SUCCESS,1,1786553756,1786561200,480.0,SXR,0x6629Ce1Cf35Cc1329ebB4F63202F3f197b3F050B
0x5f8b5a5710003151271e0cd40462a47011cff503032649245a58880526b0f424,0x3b2B3900de9f93d1a397Efd858D1035643D15F96,,13.4708,1.68,Asian Handicap (-1.5),,UEFA Super Cup,Paris Saint Germain vs Aston Villa,Paris Saint Germain,Aston Villa,0x409d8b258d8921e8f4a2c11460cbb794c2d8610abb209e4090e8a8ae8f39d2d7,L19066036,0,0,SUCCESS,1,1786553745,1786561200,19.81,SXR,0x6629Ce1Cf35Cc1329ebB4F63202F3f197b3F050B
0x0dbe5c762cc43cf0d9d9e3af2661d3ceff858e7a17aecba3a94e04fbdb7ba0e7,0xa498150823d867380b25175554a275c1c668256e,,388.2,1.8087,1X2,,UEFA Super Cup,Paris Saint Germain vs Aston Villa,Paris Saint Germain,Aston Villa,0x7d79a11368f71901641550937f2120d0c09dccfc84328fabe81c1eb7847ce4b5,L19066036,0,0,SUCCESS,1,1786553740,1786561200,480.0,SXR,0x6629Ce1Cf35Cc1329ebB4F63202F3f197b3F050B
0x06a2753fc89a49a664de1dad398d77215a66bad1e9075948c5fba0503e7936ee,0x97EC1C9682F70091efB04e97b0B34698cF815EE1,1,9.03999,1.5663,1X2,Paris Saint Germain,UEFA Super Cup,Paris Saint Germain vs Aston Villa,Paris Saint Germain,Aston Villa,0xd90089ceb0c9854c3d68a3f09fc4fa855b3a26537e60e3a02b69256aaacd29db,L19066036,0,0,SUCCESS,1,1786553737,1786561200,15.964662,SXR,0x6629Ce1Cf35Cc1329ebB4F63202F3f197b3F050B
0xccf225afc5f8c724eb5c356fea7c627ad97ba1ab4be29bd149c32320d5bf2a46,0x97EC1C9682F70091efB04e97b0B34698cF815EE1,1,31.15,1.245,1X2,Tie,UEFA Super Cup,Paris Saint Germain vs Aston Villa,Paris Saint Germain,Aston Villa,0x82142b3963732a3fdd36aa8afa37f80a8be5d40f1cde3d8c81b2a40f833fd442,L19066036,0,0,SUCCESS,1,1786553725,1786561200,127.142857,SXR,0x6629Ce1Cf35Cc1329ebB4F63202F3f197b3F050B
0x7ab1ddb23008cd19a4e909f67701030ef4326a353ce48e799b3a84fb65c1b9bd,0x97EC1C9682F70091efB04e97b0B34698cF815EE1,1,26.67,1.1963,1X2,Aston Villa,UEFA Super Cup,Paris Saint Germain vs Aston Villa,Paris Saint Germain,Aston Villa,0x7d79a11368f71901641550937f2120d0c09dccfc84328fabe81c1eb7847ce4b5,L19066036,0,0,SUCCESS,1,1786553706,1786561200,135.898089,SXR,0x6629Ce1Cf35Cc1329ebB4F63202F3f197b3F050B
0x9f18acdb517ebd68a31fcdfd1ab8bcc1565a38baec5e794dd225ba7029634034,0xFD3a22179CA4104E97c670b834750Bd7Ff310b17,1,3.11,1.21,Under/Over (4),Over 4.0,UEFA Super Cup,Paris Saint Germain vs Aston Villa,Paris Saint Germain,Aston Villa,0xcad766c3bece5254ba9d1a2b8cfdb650e513e674480798bb8979b1e953d44175,L19066036,0,0,SUCCESS,1,1786553540,1786561200,14.809524,SXR,0x6629Ce1Cf35Cc1329ebB4F63202F3f197b3F050B
0x412a86c516376c22c1adbd977128fb4c35eaa7094a3725e257a442ee98f46397,0x8268feC8dCb0D284343054BDf2b649286c9aA0a1,1,1136.54,1.565,Under/Over (2.5),Over 2.5,UEFA Super Cup,Paris Saint Germain vs Aston Villa,Paris Saint Germain,Aston Villa,0x40d2c11bb90148bb1491fd1a5f8f94c6aaefad0b17bf95ff4a50b41a9a0b9b2f,L19066036,0,0,SUCCESS,1,1786553472,1786561200,2011.575221,SXR,0x6629Ce1Cf35Cc1329ebB4F63202F3f197b3F050B
0x8fac2ae53cfb5ece5ad88431c6d3a4810dd95ff3ae9f0ef0da83c5a71b7091b3,0x97EC1C9682F70091efB04e97b0B34698cF815EE1,,60.61383,1.44,1X2,,UEFA Super Cup,Paris Saint Germain vs Aston Villa,Paris Saint Germain,Aston Villa,0xd90089ceb0c9854c3d68a3f09fc4fa855b3a26537e60e3a02b69256aaacd29db,L19066036,0,0,SUCCESS,1,1786553442,1786561200,137.758705,SXR,0x6629Ce1Cf35Cc1329ebB4F63202F3f197b3F050B
0xda5b297a8c43ef5dcdc5d1e6792312ab6449b86e239f581156765d8ba15541df,0x97EC1C9682F70091efB04e97b0B34698cF815EE1,,21.78,1.44,Asian Handicap (-0.5),,UEFA Super Cup,Paris Saint Germain vs Aston Villa,Paris Saint Germain,Aston Villa,0x633e1f4af7bf294be4c13c5c783beb3d10adbea62e87950389cb3cfa326086cb,L19066036,0,0,SUCCESS,1,1786553438,1786561200,49.5,SXR,0x6629Ce1Cf35Cc1329ebB4F63202F3f197b3F050B
0x8af731c06cf2d06c3055c8d73df75312bb860fe84b0563c4c8318f8d783de286,0xFD3a22179CA4104E97c670b834750Bd7Ff310b17,,34.57,1.4338,1X2,,UEFA Super Cup,Paris Saint Germain vs Aston Villa,Paris Saint Germain,Aston Villa,0xd90089ceb0c9854c3d68a3f09fc4fa855b3a26537e60e3a02b69256aaacd29db,L19066036,0,0,SUCCESS,1,1786553408,1786561200,79.700288,SXR,0x6629Ce1Cf35Cc1329ebB4F63202F3f197b3F050B
0xe4048d2346426b0fbf2b1897f50a526be4f654646f9428e27d24d15592c02f07,0xFD3a22179CA4104E97c670b834750Bd7Ff310b17,,54.11,1.4338,1X2,,UEFA Super Cup,Paris Saint Germain vs Aston Villa,Paris Saint Germain,Aston Villa,0xd90089ceb0c9854c3d68a3f09fc4fa855b3a26537e60e3a02b69256aaacd29db,L19066036,0,0,SUCCESS,1,1786553406,1786561200,124.74928,SXR,0x6629Ce1Cf35Cc1329ebB4F63202F3f197b3F050B
0x681cf3d1f8030fa6251e068654cff7eaad4c09bbc4f121ca9a7d30104f9bffaf,0xB95e016d0bb898a32fa18ed6eA77D2968c7Ab828,1,626.99999,1.5663,1X2,Paris Saint Germain,UEFA Super Cup,Paris Saint Germain vs Aston Villa,Paris Saint Germain,Aston Villa,0xd90089ceb0c9854c3d68a3f09fc4fa855b3a26537e60e3a02b69256aaacd29db,L19066036,0,0,SUCCESS,1,1786553365,1786561200,1107.284751,SXR,0x6629Ce1Cf35Cc1329ebB4F63202F3f197b3F050B
0x1571cda37a596a9e2fd67761194dfe894e393f2b906ee934957bbff449dd2489,0xFD3a22179CA4104E97c670b834750Bd7Ff310b17,,10.9,1.4338,1X2,,UEFA Super Cup,Paris Saint Germain vs Aston Villa,Paris Saint Germain,Aston Villa,0xd90089ceb0c9854c3d68a3f09fc4fa855b3a26537e60e3a02b69256aaacd29db,L19066036,0,0,SUCCESS,1,1786553306,1786561200,25.129683,SXR,0x6629Ce1Cf35Cc1329ebB4F63202F3f197b3F050B
0xe33fb68bc6e2303ccac541c6376cd0a2870be2c9a31c126c8f119a23a5afa8d1,0x97EC1C9682F70091efB04e97b0B34698cF815EE1,,13.22,1.4338,1X2,,UEFA Super Cup,Paris Saint Germain vs Aston Villa,Paris Saint Germain,Aston Villa,0xd90089ceb0c9854c3d68a3f09fc4fa855b3a26537e60e3a02b69256aaacd29db,L19066036,0,0,SUCCESS,1,1786553278,1786561200,30.478386,SXR,0x6629Ce1Cf35Cc1329ebB4F63202F3f197b3F050B
0x6a35e530ac2cede3aa53d2c80d8f3ba704abbc56767aeaa1053cd0af4467697e,0x97EC1C9682F70091efB04e97b0B34698cF815EE1,1,156.43,1.5663,1X2,Paris Saint Germain,UEFA Super Cup,Paris Saint Germain vs Aston Villa,Paris Saint Germain,Aston Villa,0xd90089ceb0c9854c3d68a3f09fc4fa855b3a26537e60e3a02b69256aaacd29db,L19066036,0,0,SUCCESS,1,1786553254,1786561200,276.256071,SXR,0x6629Ce1Cf35Cc1329ebB4F63202F3f197b3F050B
0xdea4cc8c461704a9c63aee4435c09c1536bf9cd1a431b7d77925c5c7e3d196da,0xB95e016d0bb898a32fa18ed6eA77D2968c7Ab828,1,869.26,1.565,1X2,Paris Saint Germain,UEFA Super Cup,Paris Saint Germain vs Aston Villa,Paris Saint Germain,Aston Villa,0xd90089ceb0c9854c3d68a3f09fc4fa855b3a26537e60e3a02b69256aaacd29db,L19066036,0,0,SUCCESS,1,1786553245,1786561200,1538.513274,SXR,0x6629Ce1Cf35Cc1329ebB4F63202F3f197b3F050B
0x69080bb52cd32dec03c2c23d6f4eaf5b35b65e98a1aa76014f850c093c825046,0x97EC1C9682F70091efB04e97b0B34698cF815EE1,1,52.03,1.1963,1X2,Aston Villa,UEFA Super Cup,Paris Saint Germain vs Aston Villa,Paris Saint Germain,Aston Villa,0x7d79a11368f71901641550937f2120d0c09dccfc84328fabe81c1eb7847ce4b5,L19066036,0,0,SUCCESS,1,1786553215,1786561200,265.121019,SXR,0x6629Ce1Cf35Cc1329ebB4F63202F3f197b3F050B
0xd74fd008e7bf74862390a2ce6aa4142bffcffc972ee4c84f609074d78d76fa8d,0xa498150823d867380b25175554a275c1c668256e,,389.99997,1.8087,1X2,,UEFA Super Cup,Paris Saint Germain vs Aston Villa,Paris Saint Germain,Aston Villa,0x7d79a11368f71901641550937f2120d0c09dccfc84328fabe81c1eb7847ce4b5,L19066036,0,0,SUCCESS,1,1786553050,1786561200,482.22562,SXR,0x6629Ce1Cf35Cc1329ebB4F63202F3f197b3F050B
0x33b4ed9fa4fc5ac9c4592285063cccbcf19f16aa48dae1c5c281cbb8bd4a9182,0xa498150823d867380b25175554a275c1c668256e,,389.99997,1.8087,1X2,,UEFA Super Cup,Paris Saint Germain vs Aston Villa,Paris Saint Germain,Aston Villa,0x7d79a11368f71901641550937f2120d0c09dccfc84328fabe81c1eb7847ce4b5,L19066036,0,0,SUCCESS,1,1786553007,1786561200,482.22562,SXR,0x6629Ce1Cf35Cc1329ebB4F63202F3f197b3F050B
0xcc12c911df3eaa5ed0c3126f00fa84931d5d260da2f8f84f973b2a45b4c2b28c,0x8268feC8dCb0D284343054BDf2b649286c9aA0a1,,16.74298,1.435,1X2,,UEFA Super Cup,Paris Saint Germain vs Aston Villa,Paris Saint Germain,Aston Villa,0xd90089ceb0c9854c3d68a3f09fc4fa855b3a26537e60e3a02b69256aaacd29db,L19066036,0,0,SUCCESS,1,1786552989,1786561200,38.489609,SXR,0x6629Ce1Cf35Cc1329ebB4F63202F3f197b3F050B
0xab99846c0438f5faf8fc1d0445ca7222f6ed5d36a782595d91469298d1e17c94,0x8268feC8dCb0D284343054BDf2b649286c9aA0a1,,16.73787,1.435,1X2,,UEFA Super Cup,Paris Saint Germain vs Aston Villa,Paris Saint Germain,Aston Villa,0xd90089ceb0c9854c3d68a3f09fc4fa855b3a26537e60e3a02b69256aaacd29db,L19066036,0,0,SUCCESS,1,1786552987,1786561200,38.477862,SXR,0x6629Ce1Cf35Cc1329ebB4F63202F3f197b3F050B
0x8959c8798905b2881d3001e70504bd97a5f99ae1d3c30c37f2e70cdad2b77908,0xa498150823d867380b25175554a275c1c668256e,,389.99997,1.8087,1X2,,UEFA Super Cup,Paris Saint Germain vs Aston Villa,Paris Saint Germain,Aston Villa,0x7d79a11368f71901641550937f2120d0c09dccfc84328fabe81c1eb7847ce4b5,L19066036,0,0,SUCCESS,1,1786552969,1786561200,482.22562,SXR,0x6629Ce1Cf35Cc1329ebB4F63202F3f197b3F050B
0xf444f01fd58e635e40470205b6ed5bca884205767b70b78cd75063f13b99e1ac,0xFD3a22179CA4104E97c670b834750Bd7Ff310b17,,38.17,1.435,1X2,,UEFA Super Cup,Paris Saint Germain vs Aston Villa,Paris Saint Germain,Aston Villa,0xd90089ceb0c9854c3d68a3f09fc4fa855b3a26537e60e3a02b69256aaacd29db,L19066036,0,0,SUCCESS,1,1786552913,1786561200,87.747126,SXR,0x6629Ce1Cf35Cc1329ebB4F63202F3f197b3F050B
0x9a3371753190980ab3fba78aa0c78de767866f4fd21da4a25b6d22331e87cb26,0x97EC1C9682F70091efB04e97b0B34698cF815EE1,1,26.67,1.1963,1X2,Aston Villa,UEFA Super Cup,Paris Saint Germain vs Aston Villa,Paris Saint Germain,Aston Villa,0x7d79a11368f71901641550937f2120d0c09dccfc84328fabe81c1eb7847ce4b5,L19066036,0,0,SUCCESS,1,1786552875,1786561200,135.898089,SXR,0x6629Ce1Cf35Cc1329ebB4F63202F3f197b3F050B
0x05e5323798fed64e51df7aef9e06984ea214c10f4741467c2b4b2d4163812c95,0x29c4c7668B1f9E7B037b36080Ea8682510C66b0e,1,27.95126,1.565,Asian Handicap (-0.5),Paris Saint Germain -0.5,UEFA Super Cup,Paris Saint Germain vs Aston Villa,Paris Saint Germain,Aston Villa,0x633e1f4af7bf294be4c13c5c783beb3d10adbea62e87950389cb3cfa326086cb,L19066036,0,0,SUCCESS,1,1786552792,1786561200,49.471257,SXR,0x6629Ce1Cf35Cc1329ebB4F63202F3f197b3F050B
0x13e69f21fb62caa2ee4bbabc66961af45656623de2f1b0bea7dbc3f7f02d0e1f,0xB95e016d0bb898a32fa18ed6eA77D2968c7Ab828,1,992.74999,1.5637,1X2,Paris Saint Germain,UEFA Super Cup,Paris Saint Germain vs Aston Villa,Paris Saint Germain,Aston Villa,0xd90089ceb0c9854c3d68a3f09fc4fa855b3a26537e60e3a02b69256aaacd29db,L19066036,0,0,SUCCESS,1,1786552781,1786561200,1760.975592,SXR,0x6629Ce1Cf35Cc1329ebB4F63202F3f197b3F050B
0x7221ea3ab0fbf88370ad8f60fbf4ab501e7f93ad7935533113527c27336c2832,0x06a093a3A59Ea8C48045fA50224c6c6700bcF052,,13.37144,1.4387,1X2,,UEFA Super Cup,Paris Saint Germain vs Aston Villa,Paris Saint Germain,Aston Villa,0xd90089ceb0c9854c3d68a3f09fc4fa855b3a26537e60e3a02b69256aaacd29db,L19066036,0,0,SUCCESS,1,1786552725,1786561200,30.476217,SXR,0x6629Ce1Cf35Cc1329ebB4F63202F3f197b3F050B
0xcf7851fddceadff9f70f9dab77f103250e6f9d8dc2c0024291cfc5aef849fdb9,0xa498150823d867380b25175554a275c1c668256e,,389.99997,1.8087,1X2,,UEFA Super Cup,Paris Saint Germain vs Aston Villa,Paris Saint Germain,Aston Villa,0x7d79a11368f71901641550937f2120d0c09dccfc84328fabe81c1eb7847ce4b5,L19066036,0,0,SUCCESS,1,1786552500,1786561200,482.22562,SXR,0x6629Ce1Cf35Cc1329ebB4F63202F3f197b3F050B
0x28a1ec9e95bef2b8ac7d527e42cae8bfe80a3911ec53e8f984cbca905cc6e423,0x97EC1C9682F70091efB04e97b0B34698cF815EE1,1,19.14999,1.5637,1X2,Paris Saint Germain,UEFA Super Cup,Paris Saint Germain vs Aston Villa,Paris Saint Germain,Aston Villa,0xd90089ceb0c9854c3d68a3f09fc4fa855b3a26537e60e3a02b69256aaacd29db,L19066036,0,0,SUCCESS,1,1786552459,1786561200,33.96894,SXR,0x6629Ce1Cf35Cc1329ebB4F63202F3f197b3F050B
0xf55fd9057a838153233dc91cd03c794374be4b8f2725dae41835ca2cb605c7d9,0x5c254314Fbc6d8B33b64aFe8D3717c4C9821ED64,,81,1.4387,1X2,,UEFA Super Cup,Paris Saint Germain vs Aston Villa,Paris Saint Germain,Aston Villa,0xd90089ceb0c9854c3d68a3f09fc4fa855b3a26537e60e3a02b69256aaacd29db,L19066036,0,0,SUCCESS,1,1786552449,1786561200,184.615385,SXR,0x6629Ce1Cf35Cc1329ebB4F63202F3f197b3F050B
0x66d0697a6eb4c0e08855b3437a39f289754200a2876f64da94d58db1c1adbdd8,0x0DeAbC808957aBc9f4778C03b03CC1D2cBBC9D60,1,4.99999,1.5637,1X2,Paris Saint Germain,UEFA Super Cup,Paris Saint Germain vs Aston Villa,Paris Saint Germain,Aston Villa,0xd90089ceb0c9854c3d68a3f09fc4fa855b3a26537e60e3a02b69256aaacd29db,L19066036,0,0,SUCCESS,1,1786552435,1786561200,8.869162,SXR,0x6629Ce1Cf35Cc1329ebB4F63202F3f197b3F050B
0x9a49bc384dc130de7244e8079575f0f47c6409b17c5a9b1483fa9ddd1f34d4a2,0x0DeAbC808957aBc9f4778C03b03CC1D2cBBC9D60,1,4.99999,1.5637,1X2,Paris Saint Germain,UEFA Super Cup,Paris Saint Germain vs Aston Villa,Paris Saint Germain,Aston Villa,0xd90089ceb0c9854c3d68a3f09fc4fa855b3a26537e60e3a02b69256aaacd29db,L19066036,0,0,SUCCESS,1,1786552433,1786561200,8.869162,SXR,0x6629Ce1Cf35Cc1329ebB4F63202F3f197b3F050B
0xf3c6021a83b146280db21b2230d61bbe90821c382aab5aab1aeefe1c3359fed9,0x8268feC8dCb0D284343054BDf2b649286c9aA0a1,1,283.89999,1.5637,1X2,Paris Saint Germain,UEFA Super Cup,Paris Saint Germain vs Aston Villa,Paris Saint Germain,Aston Villa,0xd90089ceb0c9854c3d68a3f09fc4fa855b3a26537e60e3a02b69256aaacd29db,L19066036,0,0,SUCCESS,1,1786552429,1786561200,503.592,SXR,0x6629Ce1Cf35Cc1329ebB4F63202F3f197b3F050B
0xb367bd2dbe50a2e798a5d1944550aedb03ce444e6f701b2fbb12d27aebf92ad0,0x8268feC8dCb0D284343054BDf2b649286c9aA0a1,1,1285.70571,1.5625,1X2,Paris Saint Germain,UEFA Super Cup,Paris Saint Germain vs Aston Villa,Paris Saint Germain,Aston Villa,0xd90089ceb0c9854c3d68a3f09fc4fa855b3a26537e60e3a02b69256aaacd29db,L19066036,0,0,SUCCESS,1,1786552429,1786561200,2285.69904,SXR,0x6629Ce1Cf35Cc1329ebB4F63202F3f197b3F050B
0x049eec3d83f2729372acde92a04fc1b72914b1fa48d5e2ede9fe942ecb806a88,0x5c254314Fbc6d8B33b64aFe8D3717c4C9821ED64,,518,1.44,1X2,,UEFA Super Cup,Paris Saint Germain vs Aston Villa,Paris Saint Germain,Aston Villa,0xd90089ceb0c9854c3d68a3f09fc4fa855b3a26537e60e3a02b69256aaacd29db,L19066036,0,0,SUCCESS,1,1786552370,1786561200,1177.272727,SXR,0x6629Ce1Cf35Cc1329ebB4F63202F3f197b3F050B
0x8f64168a88c0f9b241f6012b8ec568351fe1daf24f63b3afd8c94b1ad4bea7f2,0x97EC1C9682F70091efB04e97b0B34698cF815EE1,1,34.23,1.1963,1X2,Aston Villa,UEFA Super Cup,Paris Saint Germain vs Aston Villa,Paris Saint Germain,Aston Villa,0x7d79a11368f71901641550937f2120d0c09dccfc84328fabe81c1eb7847ce4b5,L19066036,0,0,SUCCESS,1,1786552202,1786561200,174.420382,SXR,0x6629Ce1Cf35Cc1329ebB4F63202F3f197b3F050B
0xafcd1a5c02f9b754b67d726816d1ce556879e39d540f5fe3646b16044c5d7627,0xFD3a22179CA4104E97c670b834750Bd7Ff310b17,1,5.58849,1.3375,Under/Over (3.5),Over 3.5,UEFA Super Cup,Paris Saint Germain vs Aston Villa,Paris Saint Germain,Aston Villa,0x1eb0162b5ef5cce461102a0a0589d643a0342cf1c36981096646de6b5d6f255c,L19066036,0,0,SUCCESS,1,1786552192,1786561200,16.558489,SXR,0x6629Ce1Cf35Cc1329ebB4F63202F3f197b3F050B
0x62230577939cfb767a47f6cbd4e20b9acc2e8db09cc735d09853eebba4b6874b,0x97EC1C9682F70091efB04e97b0B34698cF815EE1,1,1248.69,1.5625,1X2,Paris Saint Germain,UEFA Super Cup,Paris Saint Germain vs Aston Villa,Paris Saint Germain,Aston Villa,0xd90089ceb0c9854c3d68a3f09fc4fa855b3a26537e60e3a02b69256aaacd29db,L19066036,0,0,SUCCESS,1,1786552137,1786561200,2219.893333,SXR,0x6629Ce1Cf35Cc1329ebB4F63202F3f197b3F050B
0x80d86c1ee9b2d2d9ad66da23364e22c12b4a293973d818bf131ade33529541b3,0x97EC1C9682F70091efB04e97b0B34698cF815EE1,1,9.03,1.195,1X2,Aston Villa,UEFA Super Cup,Paris Saint Germain vs Aston Villa,Paris Saint Germain,Aston Villa,0x7d79a11368f71901641550937f2120d0c09dccfc84328fabe81c1eb7847ce4b5,L19066036,0,0,SUCCESS,1,1786551965,1786561200,46.307692,SXR,0x6629Ce1Cf35Cc1329ebB4F63202F3f197b3F050B
0xc0b12d21e9f3db51a9a541aa5b4a9439bc040a9e875da00655268a00521a4041,0xa498150823d867380b25175554a275c1c668256e,,399.99997,1.8087,1X2,,UEFA Super Cup,Paris Saint Germain vs Aston Villa,Paris Saint Germain,Aston Villa,0x7d79a11368f71901641550937f2120d0c09dccfc84328fabe81c1eb7847ce4b5,L19066036,0,0,SUCCESS,1,1786551946,1786561200,494.59038,SXR,0x6629Ce1Cf35Cc1329ebB4F63202F3f197b3F050B
0x4417190c523b6bb791735065ae8914bcd6010315df51886dfbc359f84f121bbc,0xFD3a22179CA4104E97c670b834750Bd7Ff310b17,1,369.88933,1.2463,1X2,Tie,UEFA Super Cup,Paris Saint Germain vs Aston Villa,Paris Saint Germain,Aston Villa,0x82142b3963732a3fdd36aa8afa37f80a8be5d40f1cde3d8c81b2a40f833fd442,L19066036,0,0,SUCCESS,1,1786551941,1786561200,1502.08865,SXR,0x6629Ce1Cf35Cc1329ebB4F63202F3f197b3F050B
0xb9f2dd8c25f40116e2df8d574d2dc30458ec03aca323753f4e87f47e287f8e84,0x97EC1C9682F70091efB04e97b0B34698cF815EE1,1,19.75,1.5625,1X2,Paris Saint Germain,UEFA Super Cup,Paris Saint Germain vs Aston Villa,Paris Saint Germain,Aston Villa,0xd90089ceb0c9854c3d68a3f09fc4fa855b3a26537e60e3a02b69256aaacd29db,L19066036,0,0,SUCCESS,1,1786551930,1786561200,35.111111,SXR,0x6629Ce1Cf35Cc1329ebB4F63202F3f197b3F050B
0xc30771561935dd1dca266ae8594185911c81cbc06341062fbab1c37b84ba2266,0xa498150823d867380b25175554a275c1c668256e,,369.99998,1.8087,1X2,,UEFA Super Cup,Paris Saint Germain vs Aston Villa,Paris Saint Germain,Aston Villa,0x7d79a11368f71901641550937f2120d0c09dccfc84328fabe81c1eb7847ce4b5,L19066036,0,0,SUCCESS,1,1786551871,1786561200,457.496111,SXR,0x6629Ce1Cf35Cc1329ebB4F63202F3f197b3F050B
0xae335b1a01a58851bef11567b971a149dc034ab41f849682ee9fafba97f28a32,0xa498150823d867380b25175554a275c1c668256e,,389,1.8087,1X2,,UEFA Super Cup,Paris Saint Germain vs Aston Villa,Paris Saint Germain,Aston Villa,0x7d79a11368f71901641550937f2120d0c09dccfc84328fabe81c1eb7847ce4b5,L19066036,0,0,SUCCESS,1,1786551727,1786561200,480.989181,SXR,0x6629Ce1Cf35Cc1329ebB4F63202F3f197b3F050B
0x3fef2ad9307f6d0d255dc9c218cc6ac4a73fc1ca1e3dfbc5fe633da3db10ed1f,0xa498150823d867380b25175554a275c1c668256e,,389.99997,1.8087,1X2,,UEFA Super Cup,Paris Saint Germain vs Aston Villa,Paris Saint Germain,Aston Villa,0x7d79a11368f71901641550937f2120d0c09dccfc84328fabe81c1eb7847ce4b5,L19066036,0,0,SUCCESS,1,1786551660,1786561200,482.22562,SXR,0x6629Ce1Cf35Cc1329ebB4F63202F3f197b3F050B
0x1a043a74c7332a0a212e11bacda9be078e93b7fdd6ce1433f0e7c90e7c1b6fdf,0xa498150823d867380b25175554a275c1c668256e,,389,1.8087,1X2,,UEFA Super Cup,Paris Saint Germain vs Aston Villa,Paris Saint Germain,Aston Villa,0x7d79a11368f71901641550937f2120d0c09dccfc84328fabe81c1eb7847ce4b5,L19066036,0,0,SUCCESS,1,1786551556,1786561200,480.989181,SXR,0x6629Ce1Cf35Cc1329ebB4F63202F3f197b3F050B
0x396860018ab1b700750333d9d730ca8cd6c9ba89a42489ad1430cbe69128b61d,0xa498150823d867380b25175554a275c1c668256e,,388.2,1.8087,1X2,,UEFA Super Cup,Paris Saint Germain vs Aston Villa,Paris Saint Germain,Aston Villa,0x7d79a11368f71901641550937f2120d0c09dccfc84328fabe81c1eb7847ce4b5,L19066036,0,0,SUCCESS,1,1786551364,1786561200,480.0,SXR,0x6629Ce1Cf35Cc1329ebB4F63202F3f197b3F050B
0xeedbb3e54f4a8d2ecaa7383f62e08ad64ea199190f9a8c8352d53eb9e3ea7cab,0x740d5718a79A8559fEeE8B00922F8Cd773A81D84,1,6.69,1.245,1X2,Tie,UEFA Super Cup,Paris Saint Germain vs Aston Villa,Paris Saint Germain,Aston Villa,0x82142b3963732a3fdd36aa8afa37f80a8be5d40f1cde3d8c81b2a40f833fd442,L19066036,0,0,SUCCESS,1,1786551261,1786561200,27.306122,SXR,0x6629Ce1Cf35Cc1329ebB4F63202F3f197b3F050B
0x8fecdf43b5e85706dc7f7d1fe8c54a01a4cfe3498ee7db24e03cba4c07c68bf5,0x06a093a3A59Ea8C48045fA50224c6c6700bcF052,,889.71,1.4387,1X2,,UEFA Super Cup,Paris Saint Germain vs Aston Villa,Paris Saint Germain,Aston Villa,0xd90089ceb0c9854c3d68a3f09fc4fa855b3a26537e60e3a02b69256aaacd29db,L19066036,0,0,SUCCESS,1,1786551103,1786561200,2027.82906,SXR,0x6629Ce1Cf35Cc1329ebB4F63202F3f197b3F050B
0xb148b3c1c551c201c35153969a204aab4ae697b451e1075ad3365c827321dca2,0x97EC1C9682F70091efB04e97b0B34698cF815EE1,1,24.72,1.5637,1X2,Paris Saint Germain,UEFA Super Cup,Paris Saint Germain vs Aston Villa,Paris Saint Germain,Aston Villa,0xd90089ceb0c9854c3d68a3f09fc4fa855b3a26537e60e3a02b69256aaacd29db,L19066036,0,0,SUCCESS,1,1786551000,1786561200,43.849224,SXR,0x6629Ce1Cf35Cc1329ebB4F63202F3f197b3F050B
0xc6a052cb1e633d84ee0eeac922f4dea69daacff3185668912164950a75c0a5d4,0xa498150823d867380b25175554a275c1c668256e,,379.99998,1.8075,1X2,,UEFA Super Cup,Paris Saint Germain vs Aston Villa,Paris Saint Germain,Aston Villa,0x7d79a11368f71901641550937f2120d0c09dccfc84328fabe81c1eb7847ce4b5,L19066036,0,0,SUCCESS,1,1786550907,1786561200,470.588211,SXR,0x6629Ce1Cf35Cc1329ebB4F63202F3f197b3F050B
0xca64dcaf33ee8ba0d75bb5d31bf0ef0ea19b50a0b63353d4cca029e2dcdb84b0,0xFD3a22179CA4104E97c670b834750Bd7Ff310b17,1,40.41999,1.5637,1X2,Paris Saint Germain,UEFA Super Cup,Paris Saint Germain vs Aston Villa,Paris Saint Germain,Aston Villa,0xd90089ceb0c9854c3d68a3f09fc4fa855b3a26537e60e3a02b69256aaacd29db,L19066036,0,0,SUCCESS,1,1786550830,1786561200,71.69843,SXR,0x6629Ce1Cf35Cc1329ebB4F63202F3f197b3F050B
0x5c44648d25ebcfaa51343025e82a796cac34be13af061e0be36b9eebb26f413e,0xFD3a22179CA4104E97c670b834750Bd7Ff310b17,1,351.28,1.5637,1X2,Paris Saint Germain,UEFA Super Cup,Paris Saint Germain vs Aston Villa,Paris Saint Germain,Aston Villa,0xd90089ceb0c9854c3d68a3f09fc4fa855b3a26537e60e3a02b69256aaacd29db,L19066036,0,0,SUCCESS,1,1786550694,1786561200,623.113082,SXR,0x6629Ce1Cf35Cc1329ebB4F63202F3f197b3F050B
0x00d738ff5fd16ea3f3e59aeb41fb0abc4f9418533fce88c086e9cc920fea722d,0xFD3a22179CA4104E97c670b834750Bd7Ff310b17,,1.29,1.45,Under/Over (2.5),,UEFA Super Cup,Paris Saint Germain vs Aston Villa,Paris Saint Germain,Aston Villa,0x40d2c11bb90148bb1491fd1a5f8f94c6aaefad0b17bf95ff4a50b41a9a0b9b2f,L19066036,0,0,SUCCESS,1,1786550666,1786561200,2.866667,SXR,0x6629Ce1Cf35Cc1329ebB4F63202F3f197b3F050B
0x5b0a793fde15a7c6eed58447e53a8295aae5e91bbb8d12423de13dee1dffa1a0,0xFD3a22179CA4104E97c670b834750Bd7Ff310b17,,4.74,1.45,Under/Over (2.5),,UEFA Super Cup,Paris Saint Germain vs Aston Villa,Paris Saint Germain,Aston Villa,0x40d2c11bb90148bb1491fd1a5f8f94c6aaefad0b17bf95ff4a50b41a9a0b9b2f,L19066036,0,0,SUCCESS,1,1786550635,1786561200,10.533333,SXR,0x6629Ce1Cf35Cc1329ebB4F63202F3f197b3F050B
0x5674415312f260767b4e5baa926c4a46b9d5e959424580a456d4d25814b7ff5f,0xFD3a22179CA4104E97c670b834750Bd7Ff310b17,,1.97,1.4475,Under/Over (2.5),,UEFA Super Cup,Paris Saint Germain vs Aston Villa,Paris Saint Germain,Aston Villa,0x40d2c11bb90148bb1491fd1a5f8f94c6aaefad0b17bf95ff4a50b41a9a0b9b2f,L19066036,0,0,SUCCESS,1,1786550605,1786561200,4.402235,SXR,0x6629Ce1Cf35Cc1329ebB4F63202F3f197b3F050B
0xc52ed19faf0c7734c4a8f8f7573798e33ca7fd49a95587565ec67e4ee70e07f3,0xFD3a22179CA4104E97c670b834750Bd7Ff310b17,,21.84,1.4412,Asian Handicap (-0.5),,UEFA Super Cup,Paris Saint Germain vs Aston Villa,Paris Saint Germain,Aston Villa,0x633e1f4af7bf294be4c13c5c783beb3d10adbea62e87950389cb3cfa326086cb,L19066036,0,0,SUCCESS,1,1786550370,1786561200,49.495751,SXR,0x6629Ce1Cf35Cc1329ebB4F63202F3f197b3F050B
0x5767371ed705489af4cdc39c26c20c8c6d046b24c4fe503fe165d9188df48308,0xFD3a22179CA4104E97c670b834750Bd7Ff310b17,,706.31191,1.44,1X2,,UEFA Super Cup,Paris Saint Germain vs Aston Villa,Paris Saint Germain,Aston Villa,0xd90089ceb0c9854c3d68a3f09fc4fa855b3a26537e60e3a02b69256aaacd29db,L19066036,0,0,SUCCESS,1,1786550366,1786561200,1605.254341,SXR,0x6629Ce1Cf35Cc1329ebB4F63202F3f197b3F050B
0x76e54fd9c6a700713bfa641c68e5211c600f29706a2f59315128138ab48e3038,0xD8518860aAe6Ee71d9b799980801e84A3F422315,,132.4791,1.4387,1X2,,UEFA Super Cup,Paris Saint Germain vs Aston Villa,Paris Saint Germain,Aston Villa,0xd90089ceb0c9854c3d68a3f09fc4fa855b3a26537e60e3a02b69256aaacd29db,L19066036,0,0,SUCCESS,1,1786550235,1786561200,301.946667,SXR,0x6629Ce1Cf35Cc1329ebB4F63202F3f197b3F050B
0xe99e5291fe097ad941f18f9638813ecd522672ed8bc70c4303a0987c01de709f,0xFD3a22179CA4104E97c670b834750Bd7Ff310b17,1,727.02999,1.5637,1X2,Paris Saint Germain,UEFA Super Cup,Paris Saint Germain vs Aston Villa,Paris Saint Germain,Aston Villa,0xd90089ceb0c9854c3d68a3f09fc4fa855b3a26537e60e3a02b69256aaacd29db,L19066036,0,0,SUCCESS,1,1786550222,1786561200,1289.631911,SXR,0x6629Ce1Cf35Cc1329ebB4F63202F3f197b3F050B
0x159747e5042ef8ea7beb81e054ac73537b322de0e38ce5cbc267067072024e1e,0xFD3a22179CA4104E97c670b834750Bd7Ff310b17,1,185.77,1.1963,1X2,Aston Villa,UEFA Super Cup,Paris Saint Germain vs Aston Villa,Paris Saint Germain,Aston Villa,0x7d79a11368f71901641550937f2120d0c09dccfc84328fabe81c1eb7847ce4b5,L19066036,0,0,SUCCESS,1,1786550222,1786561200,946.598726,SXR,0x6629Ce1Cf35Cc1329ebB4F63202F3f197b3F050B
0xe68c36022213f100799e4587f130ba86a0a5a76715ad832fd35062a408bcd1cd,0xFD3a22179CA4104E97c670b834750Bd7Ff310b17,1,696.24999,1.5637,1X2,Paris Saint Germain,UEFA Super Cup,Paris Saint Germain vs Aston Villa,Paris Saint Germain,Aston Villa,0xd90089ceb0c9854c3d68a3f09fc4fa855b3a26537e60e3a02b69256aaacd29db,L19066036,0,0,SUCCESS,1,1786550219,1786561200,1235.033242,SXR,0x6629Ce1Cf35Cc1329ebB4F63202F3f197b3F050B
0x31b6a8c040b915265f485da3118d0f43e3aa8f4e8c53fbc9de8f297a98ac0478,0xFD3a22179CA4104E97c670b834750Bd7Ff310b17,1,38.91,1.5637,1X2,Paris Saint Germain,UEFA Super Cup,Paris Saint Germain vs Aston Villa,Paris Saint Germain,Aston Villa,0xd90089ceb0c9854c3d68a3f09fc4fa855b3a26537e60e3a02b69256aaacd29db,L19066036,0,0,SUCCESS,1,1786550141,1786561200,69.019956,SXR,0x6629Ce1Cf35Cc1329ebB4F63202F3f197b3F050B
0x7d9e15d46066e2ee8d66a0328f3f6124357d1358a395e6b2eea70d64e876cd9a,0x7A376f76E2BE77625346A5AE09ec2754b3B272c7,1,106,1.245,1X2,Tie,UEFA Super Cup,Paris Saint Germain vs Aston Villa,Paris Saint Germain,Aston Villa,0x82142b3963732a3fdd36aa8afa37f80a8be5d40f1cde3d8c81b2a40f833fd442,L19066036,0,0,SUCCESS,1,1786550080,1786561200,432.653061,SXR,0x6629Ce1Cf35Cc1329ebB4F63202F3f197b3F050B
0x489bf914418f5fd616e045204c17f2caaa9c67def1fa9b11a5f9bc46c7fd97a7,0xFD3a22179CA4104E97c670b834750Bd7Ff310b17,1,819.64,1.5637,1X2,Paris Saint Germain,UEFA Super Cup,Paris Saint Germain vs Aston Villa,Paris Saint Germain,Aston Villa,0xd90089ceb0c9854c3d68a3f09fc4fa855b3a26537e60e3a02b69256aaacd29db,L19066036,0,0,SUCCESS,1,1786549956,1786561200,1453.906874,SXR,0x6629Ce1Cf35Cc1329ebB4F63202F3f197b3F050B
0x177b0cbbc4d162294a21fbad76eab4d2dbb4d95e23930c2acb7318bb37523889,0xFD3a22179CA4104E97c670b834750Bd7Ff310b17,1,230.34,1.1963,1X2,Aston Villa,UEFA Super Cup,Paris Saint Germain vs Aston Villa,Paris Saint Germain,Aston Villa,0x7d79a11368f71901641550937f2120d0c09dccfc84328fabe81c1eb7847ce4b5,L19066036,0,0,SUCCESS,1,1786549955,1786561200,1173.707006,SXR,0x6629Ce1Cf35Cc1329ebB4F63202F3f197b3F050B
0x8d9d368e35a4790a8fc54617c3ca1d2e67396c4543a0296874a3ec714adb787f,0xFD3a22179CA4104E97c670b834750Bd7Ff310b17,1,31.9,1.5637,1X2,Paris Saint Germain,UEFA Super Cup,Paris Saint Germain vs Aston Villa,Paris Saint Germain,Aston Villa,0xd90089ceb0c9854c3d68a3f09fc4fa855b3a26537e60e3a02b69256aaacd29db,L19066036,0,0,SUCCESS,1,1786549689,1786561200,56.585366,SXR,0x6629Ce1Cf35Cc1329ebB4F63202F3f197b3F050B
0xfa3964f370feeeb204e5b14c77f9bef35e78c256a844f82128fffa196e80a0b1,0xa498150823d867380b25175554a275c1c668256e,,13.23048,1.4375,1X2,,UEFA Super Cup,Paris Saint Germain vs Aston Villa,Paris Saint Germain,Aston Villa,0xd90089ceb0c9854c3d68a3f09fc4fa855b3a26537e60e3a02b69256aaacd29db,L19066036,0,0,SUCCESS,1,1786549671,1786561200,30.241097,SXR,0x6629Ce1Cf35Cc1329ebB4F63202F3f197b3F050B
0xc38f12acd8c9188899df7b5d0a70a81c33e10f2379d23f5ac2c52da7e5f20474,0xa498150823d867380b25175554a275c1c668256e,,12.73051,1.4375,1X2,,UEFA Super Cup,Paris Saint Germain vs Aston Villa,Paris Saint Germain,Aston Villa,0xd90089ceb0c9854c3d68a3f09fc4fa855b3a26537e60e3a02b69256aaacd29db,L19066036,0,0,SUCCESS,1,1786549662,1786561200,29.098309,SXR,0x6629Ce1Cf35Cc1329ebB4F63202F3f197b3F050B
0x0fd2c35a7f4dcf6e650d2c9ea6254990c0818ef19028042f261bec6b00023c18,0xa498150823d867380b25175554a275c1c668256e,,17.6722,1.4363,1X2,,UEFA Super Cup,Paris Saint Germain vs Aston Villa,Paris Saint Germain,Aston Villa,0xd90089ceb0c9854c3d68a3f09fc4fa855b3a26537e60e3a02b69256aaacd29db,L19066036,0,0,SUCCESS,1,1786549655,1786561200,40.509341,SXR,0x6629Ce1Cf35Cc1329ebB4F63202F3f197b3F050B
0x3e22e500f7f6fcc30425b3995f85c7515beba168a57d9448d56dd4377426b1fa,0xFD3a22179CA4104E97c670b834750Bd7Ff310b17,1,1335.47,1.5688,1X2,Paris Saint Germain,UEFA Super Cup,Paris Saint Germain vs Aston Villa,Paris Saint Germain,Aston Villa,0xd90089ceb0c9854c3d68a3f09fc4fa855b3a26537e60e3a02b69256aaacd29db,L19066036,0,0,SUCCESS,1,1786549645,1786561200,2348.079121,SXR,0x6629Ce1Cf35Cc1329ebB4F63202F3f197b3F050B
0x35f740139a01ec510b5ab09163f4f54f9eff85cc5c646ba8553378652a3d8781,0xFD3a22179CA4104E97c670b834750Bd7Ff310b17,1,110.58762,1.2388,1X2,Tie,UEFA Super Cup,Paris Saint Germain vs Aston Villa,Paris Saint Germain,Aston Villa,0x82142b3963732a3fdd36aa8afa37f80a8be5d40f1cde3d8c81b2a40f833fd442,L19066036,0,0,SUCCESS,1,1786549645,1786561200,463.19422,SXR,0x6629Ce1Cf35Cc1329ebB4F63202F3f197b3F050B
0x6f6c41e01df22132ef5a214ac34183517b5cc8f6187ff39591a7262168e21594,0xD8518860aAe6Ee71d9b799980801e84A3F422315,,21.36703,1.4363,1X2,,UEFA Super Cup,Paris Saint Germain vs Aston Villa,Paris Saint Germain,Aston Villa,0xd90089ceb0c9854c3d68a3f09fc4fa855b3a26537e60e3a02b69256aaacd29db,L19066036,0,0,SUCCESS,1,1786549538,1786561200,48.978865,SXR,0x6629Ce1Cf35Cc1329ebB4F63202F3f197b3F050B
0xb6e39f11f037f4b2dc06206bac08c2b3daa695619849e82ba46660c0bd59c364,0xa498150823d867380b25175554a275c1c668256e,,297,1.4363,1X2,,UEFA Super Cup,Paris Saint Germain vs Aston Villa,Paris Saint Germain,Aston Villa,0xd90089ceb0c9854c3d68a3f09fc4fa855b3a26537e60e3a02b69256aaacd29db,L19066036,0,0,SUCCESS,1,1786549355,1786561200,680.802292,SXR,0x6629Ce1Cf35Cc1329ebB4F63202F3f197b3F050B
0x66f643ff738e1f35dfe983d89e913b68c907f0ca25865e2178dd59572a0f502d,0xa498150823d867380b25175554a275c1c668256e,,76,1.4363,1X2,,UEFA Super Cup,Paris Saint Germain vs Aston Villa,Paris Saint Germain,Aston Villa,0xd90089ceb0c9854c3d68a3f09fc4fa855b3a26537e60e3a02b69256aaacd29db,L19066036,0,0,SUCCESS,1,1786549331,1786561200,174.212034,SXR,0x6629Ce1Cf35Cc1329ebB4F63202F3f197b3F050B
0x4a06cf40078ab0f8bb89bd5850a74db1b16bd42d6eda0b1d7fad46bc5ef38711,0x97EC1C9682F70091efB04e97b0B34698cF815EE1,,62.42,1.4363,1X2,,UEFA Super Cup,Paris Saint Germain vs Aston Villa,Paris Saint Germain,Aston Villa,0xd90089ceb0c9854c3d68a3f09fc4fa855b3a26537e60e3a02b69256aaacd29db,L19066036,0,0,SUCCESS,1,1786549116,1786561200,143.083095,SXR,0x6629Ce1Cf35Cc1329ebB4F63202F3f197b3F050B
0xc0cb1c4dc45814f73259ab9e1481522ed5ec205e7a749078e8678f8ca25692ef,0xFD3a22179CA4104E97c670b834750Bd7Ff310b17,1,1.21,1.3275,Asian Handicap (-1.5),Paris Saint Germain -1.5,UEFA Super Cup,Paris Saint Germain vs Aston Villa,Paris Saint Germain,Aston Villa,0x409d8b258d8921e8f4a2c11460cbb794c2d8610abb209e4090e8a8ae8f39d2d7,L19066036,0,0,SUCCESS,1,1786549099,1786561200,3.694656,SXR,0x6629Ce1Cf35Cc1329ebB4F63202F3f197b3F050B
0x1864971520337a67f44f36d993ab3729a1618415c74f125f5f5f9eda78337266,0xFD3a22179CA4104E97c670b834750Bd7Ff310b17,1,4.69,1.325,Asian Handicap (-1.5),Paris Saint Germain -1.5,UEFA Super Cup,Paris Saint Germain vs Aston Villa,Paris Saint Germain,Aston Villa,0x409d8b258d8921e8f4a2c11460cbb794c2d8610abb209e4090e8a8ae8f39d2d7,L19066036,0,0,SUCCESS,1,1786549096,1786561200,14.430769,SXR,0x6629Ce1Cf35Cc1329ebB4F63202F3f197b3F050B
0x6b70e7998a3f0f88c110a290bfd889ec795e915b72529653bd890a9e46229ce2,0x97EC1C9682F70091efB04e97b0B34698cF815EE1,,136.93,1.5837,Under/Over (3),,UEFA Super Cup,Paris Saint Germain vs Aston Villa,Paris Saint Germain,Aston Villa,0x1680a9183d7746c5c4672e850418adf866cefd179c8c9fa8a47ddd9aae14f195,L19066036,0,0,SUCCESS,1,1786548757,1786561200,234.569593,SXR,0x6629Ce1Cf35Cc1329ebB4F63202F3f197b3F050B
0xac5ac7f79708dfb0f3adb6ffff44f2b2c8dbddd7b5b4544e160d233c810046df,0xa498150823d867380b25175554a275c1c668256e,,362.23311,1.4363,1X2,,UEFA Super Cup,Paris Saint Germain vs Aston Villa,Paris Saint Germain,Aston Villa,0xd90089ceb0c9854c3d68a3f09fc4fa855b3a26537e60e3a02b69256aaacd29db,L19066036,0,0,SUCCESS,1,1786548668,1786561200,830.333777,SXR,0x6629Ce1Cf35Cc1329ebB4F63202F3f197b3F050B
0x0492cbbe1b31c0882b743568af28efb431986bce578a75628008b2afb855cbc8,0xa498150823d867380b25175554a275c1c668256e,,600.53,1.435,1X2,,UEFA Super Cup,Paris Saint Germain vs Aston Villa,Paris Saint Germain,Aston Villa,0xd90089ceb0c9854c3d68a3f09fc4fa855b3a26537e60e3a02b69256aaacd29db,L19066036,0,0,SUCCESS,1,1786548645,1786561200,1380.528736,SXR,0x6629Ce1Cf35Cc1329ebB4F63202F3f197b3F050B
0x468f85473243278986cf1d53afce8e89680d44adf738d9a4559aa6d20d3c22e1,0xA44AB2Cf43d5D82896598FF80855897B50aC323A,1,91,1.5688,1X2,Paris Saint Germain,UEFA Super Cup,Paris Saint Germain vs Aston Villa,Paris Saint Germain,Aston Villa,0xd90089ceb0c9854c3d68a3f09fc4fa855b3a26537e60e3a02b69256aaacd29db,L19066036,0,0,SUCCESS,1,1786548577,1786561200,160.0,SXR,0x6629Ce1Cf35Cc1329ebB4F63202F3f197b3F050B
0x952e673fe34c836ee55287c20206dad5e5431dd7e7b3013f4c075016c6552e7e,0xA44AB2Cf43d5D82896598FF80855897B50aC323A,1,19.25071,1.5688,1X2,Paris Saint Germain,UEFA Super Cup,Paris Saint Germain vs Aston Villa,Paris Saint Germain,Aston Villa,0xd90089ceb0c9854c3d68a3f09fc4fa855b3a26537e60e3a02b69256aaacd29db,L19066036,0,0,SUCCESS,1,1786548555,1786561200,33.847402,SXR,0x6629Ce1Cf35Cc1329ebB4F63202F3f197b3F050B
0xf883502c7f3b2b530e93ea9fba6a3653a79c1d177418ff8b1b84d0e83d28e622,0x97EC1C9682F70091efB04e97b0B34698cF815EE1,,62.77999,1.5837,Under/Over (3),,UEFA Super Cup,Paris Saint Germain vs Aston Villa,Paris Saint Germain,Aston Villa,0x1680a9183d7746c5c4672e850418adf866cefd179c8c9fa8a47ddd9aae14f195,L19066036,0,0,SUCCESS,1,1786548444,1786561200,107.546021,SXR,0x6629Ce1Cf35Cc1329ebB4F63202F3f197b3F050B
0x38213762f518b2dede7e071f83d731b5a453ad4bef245bf81be79f58c72af5d4,0x97EC1C9682F70091efB04e97b0B34698cF815EE1,,28.55,1.5787,Asian Handicap (-1),,UEFA Super Cup,Paris Saint Germain vs Aston Villa,Paris Saint Germain,Aston Villa,0x67230bcb83f942bc217c5d745ea1712885e0906db6bd151cb38c9c1c8672117b,L19066036,0,0,SUCCESS,1,1786548404,1786561200,49.330454,SXR,0x6629Ce1Cf35Cc1329ebB4F63202F3f197b3F050B
0x882cea2f0b6d06b470e0c90c74d39d01fe7ccd9b0c9ea756f6c4a9388227c5e5,0x8268feC8dCb0D284343054BDf2b649286c9aA0a1,1,33.68999,1.7075,Under/Over (2),Over 2.0,UEFA Super Cup,Paris Saint Germain vs Aston Villa,Paris Saint Germain,Aston Villa,0xdd50529e314a3663ff38eb9f9e48f9de046ea1f95c648f0b933df82946e0f1e0,L19066036,0,0,SUCCESS,1,1786548360,1786561200,47.61836,SXR,0x6629Ce1Cf35Cc1329ebB4F63202F3f197b3F050B
0xf0e31d146f705ef8dabfd36c5911eba8b4b98c886db7df3dc8efd1df692e9254,0xFD3a22179CA4104E97c670b834750Bd7Ff310b17,1,131.35,1.24,1X2,Tie,UEFA Super Cup,Paris Saint Germain vs Aston Villa,Paris Saint Germain,Aston Villa,0x82142b3963732a3fdd36aa8afa37f80a8be5d40f1cde3d8c81b2a40f833fd442,L19066036,0,0,SUCCESS,1,1786548359,1786561200,547.291667,SXR,0x6629Ce1Cf35Cc1329ebB4F63202F3f197b3F050B
0x1a73dae0cc679f518fddc9a284a401be21078b5229b8a39d405156940c25fca6,0x8268feC8dCb0D284343054BDf2b649286c9aA0a1,1,33.68999,1.7075,Under/Over (2),Over 2.0,UEFA Super Cup,Paris Saint Germain vs Aston Villa,Paris Saint Germain,Aston Villa,0xdd50529e314a3663ff38eb9f9e48f9de046ea1f95c648f0b933df82946e0f1e0,L19066036,0,0,SUCCESS,1,1786548350,1786561200,47.61836,SXR,0x6629Ce1Cf35Cc1329ebB4F63202F3f197b3F050B
0x29d03cf1664d6ea03e63ff5a9551a3e4fdcbbfca10c57741b6cfa8a2bfb4a1c0,0xFD3a22179CA4104E97c670b834750Bd7Ff310b17,1,1.83,1.24,1X2,Tie,UEFA Super Cup,Paris Saint Germain vs Aston Villa,Paris Saint Germain,Aston Villa,0x82142b3963732a3fdd36aa8afa37f80a8be5d40f1cde3d8c81b2a40f833fd442,L19066036,0,0,SUCCESS,1,1786548349,1786561200,7.625,SXR,0x6629Ce1Cf35Cc1329ebB4F63202F3f197b3F050B
0xe93f8f528cfbc2bcb997a498f11d64bae98bfe9d5a2723d0251158c04931c368,0xBc04c6a7E9255Cb262632407a40Aa6344137555b,1,2,1.1938,1X2,Aston Villa,UEFA Super Cup,Paris Saint Germain vs Aston Villa,Paris Saint Germain,Aston Villa,0x7d79a11368f71901641550937f2120d0c09dccfc84328fabe81c1eb7847ce4b5,L19066036,0,0,SUCCESS,1,1786548268,1786561200,10.322581,SXR,0x6629Ce1Cf35Cc1329ebB4F63202F3f197b3F050B
0xfa00bce6a1afcd18fbf7301de3bca5f0ce68e8eaad46239b86db069c4e6398fa,0xBc04c6a7E9255Cb262632407a40Aa6344137555b,1,13,1.1938,1X2,Aston Villa,UEFA Super Cup,Paris Saint Germain vs Aston Villa,Paris Saint Germain,Aston Villa,0x7d79a11368f71901641550937f2120d0c09dccfc84328fabe81c1eb7847ce4b5,L19066036,0,0,SUCCESS,1,1786548224,1786561200,67.096774,SXR,0x6629Ce1Cf35Cc1329ebB4F63202F3f197b3F050B
0x5c505e51c180b8ff8d8ab5e8b8ce5bbf7e7566aa849968841a9f38f829cb6f4b,0xBc04c6a7E9255Cb262632407a40Aa6344137555b,1,13,1.1938,1X2,Aston Villa,UEFA Super Cup,Paris Saint Germain vs Aston Villa,Paris Saint Germain,Aston Villa,0x7d79a11368f71901641550937f2120d0c09dccfc84328fabe81c1eb7847ce4b5,L19066036,0,0,SUCCESS,1,1786548183,1786561200,67.096774,SXR,0x6629Ce1Cf35Cc1329ebB4F63202F3f197b3F050B
0x808eb3fdc9ffa7124ef80aeca72970d2852140e6c640fe3e90f4d0bf9549c61c,0xFD3a22179CA4104E97c670b834750Bd7Ff310b17,1,2.4,1.1938,1X2,Aston Villa,UEFA Super Cup,Paris Saint Germain vs Aston Villa,Paris Saint Germain,Aston Villa,0x7d79a11368f71901641550937f2120d0c09dccfc84328fabe81c1eb7847ce4b5,L19066036,0,0,SUCCESS,1,1786548171,1786561200,12.387097,SXR,0x6629Ce1Cf35Cc1329ebB4F63202F3f197b3F050B
0x5f7bc3bc12f16fc9819a9ac233a343632ecfba5a87ca82c23a8ba2800774c42f,0xFD3a22179CA4104E97c670b834750Bd7Ff310b17,,29.55,1.4363,1X2,,UEFA Super Cup,Paris Saint Germain vs Aston Villa,Paris Saint Germain,Aston Villa,0xd90089ceb0c9854c3d68a3f09fc4fa855b3a26537e60e3a02b69256aaacd29db,L19066036,0,0,SUCCESS,1,1786548170,1786561200,67.73639,SXR,0x6629Ce1Cf35Cc1329ebB4F63202F3f197b3F050B
0x4cbdbb7877061ff90ce68ec5953c17b99c1aba4affd2cfd7aa45f583fb516482,0xFD3a22179CA4104E97c670b834750Bd7Ff310b17,1,3.9,1.2437,1X2,Tie,UEFA Super Cup,Paris Saint Germain vs Aston Villa,Paris Saint Germain,Aston Villa,0x82142b3963732a3fdd36aa8afa37f80a8be5d40f1cde3d8c81b2a40f833fd442,L19066036,0,0,SUCCESS,1,1786548070,1786561200,16.0,SXR,0x6629Ce1Cf35Cc1329ebB4F63202F3f197b3F050B
0x22c6036242cdfc3370a1351fe0fca16376f2b4a12ebced8a75caa0ebabd15379,0xFD3a22179CA4104E97c670b834750Bd7Ff310b17,1,126.20554,1.1963,1X2,Aston Villa,UEFA Super Cup,Paris Saint Germain vs Aston Villa,Paris Saint Germain,Aston Villa,0x7d79a11368f71901641550937f2120d0c09dccfc84328fabe81c1eb7847ce4b5,L19066036,0,0,SUCCESS,1,1786548069,1786561200,643.085554,SXR,0x6629Ce1Cf35Cc1329ebB4F63202F3f197b3F050B
0x5dbecc688676a182399c4df736afa26b99b12c9860db42e32bc2ac2a0b52a5b8,0xA44AB2Cf43d5D82896598FF80855897B50aC323A,1,193.23,1.5688,1X2,Paris Saint Germain,UEFA Super Cup,Paris Saint Germain vs Aston Villa,Paris Saint Germain,Aston Villa,0xd90089ceb0c9854c3d68a3f09fc4fa855b3a26537e60e3a02b69256aaacd29db,L19066036,0,0,SUCCESS,1,1786548049,1786561200,339.745055,SXR,0x6629Ce1Cf35Cc1329ebB4F63202F3f197b3F050B
0x93e5e2f56f528c19030e070c27a705cd068942c5293dc4d921373cc229caf0e0,0xA44AB2Cf43d5D82896598FF80855897B50aC323A,1,1153.32999,1.5688,1X2,Paris Saint Germain,UEFA Super Cup,Paris Saint Germain vs Aston Villa,Paris Saint Germain,Aston Villa,0xd90089ceb0c9854c3d68a3f09fc4fa855b3a26537e60e3a02b69256aaacd29db,L19066036,0,0,SUCCESS,1,1786548038,1786561200,2027.832949,SXR,0x6629Ce1Cf35Cc1329ebB4F63202F3f197b3F050B
0x201843625ba189c9311e93fc8d73c26ce9dadb819696c54aac6e89543babf237,0xA44AB2Cf43d5D82896598FF80855897B50aC323A,1,55.54367,1.565,1X2,Paris Saint Germain,UEFA Super Cup,Paris Saint Germain vs Aston Villa,Paris Saint Germain,Aston Villa,0xd90089ceb0c9854c3d68a3f09fc4fa855b3a26537e60e3a02b69256aaacd29db,L19066036,0,0,SUCCESS,1,1786547903,1786561200,98.307381,SXR,0x6629Ce1Cf35Cc1329ebB4F63202F3f197b3F050B
0xe43d65326df6916fde70da115065734b4b17624532aea8455002fb63fb9ecbc0,0xFD3a22179CA4104E97c670b834750Bd7Ff310b17,1,203.3,1.5475,Under/Over (2.5),Over 2.5,UEFA Super Cup,Paris Saint Germain vs Aston Villa,Paris Saint Germain,Aston Villa,0x40d2c11bb90148bb1491fd1a5f8f94c6aaefad0b17bf95ff4a50b41a9a0b9b2f,L19066036,0,0,SUCCESS,1,1786547741,1786561200,371.324201,SXR,0x6629Ce1Cf35Cc1329ebB4F63202F3f197b3F050B
0x5e71d5c75232759f4f076e131f25800d536315d41fda9b55e286400819af1948,0xFD3a22179CA4104E97c670b834750Bd7Ff310b17,1,42.27,1.1963,1X2,Aston Villa,UEFA Super Cup,Paris Saint Germain vs Aston Villa,Paris Saint Germain,Aston Villa,0x7d79a11368f71901641550937f2120d0c09dccfc84328fabe81c1eb7847ce4b5,L19066036,0,0,SUCCESS,1,1786547677,1786561200,215.388535,SXR,0x6629Ce1Cf35Cc1329ebB4F63202F3f197b3F050B
0xd27d6f49bf1c15a99b670e8c655970624a767d0d0cf8db59d23b7e2d37848ed4,0xFD3a22179CA4104E97c670b834750Bd7Ff310b17,1,1,1.555,Under/Over (2.5),Over 2.5,UEFA Super Cup,Paris Saint Germain vs Aston Villa,Paris Saint Germain,Aston Villa,0x40d2c11bb90148bb1491fd1a5f8f94c6aaefad0b17bf95ff4a50b41a9a0b9b2f,L19066036,0,0,SUCCESS,1,1786547647,1786561200,1.801802,SXR,0x6629Ce1Cf35Cc1329ebB4F63202F3f197b3F050B
0x581e9a2d757b3accd79cacabb189c26b304018f763349b67a24a2d83fd49dcef,0xD8518860aAe6Ee71d9b799980801e84A3F422315,,57.53265,1.4363,1X2,,UEFA Super Cup,Paris Saint Germain vs Aston Villa,Paris Saint Germain,Aston Villa,0xd90089ceb0c9854c3d68a3f09fc4fa855b3a26537e60e3a02b69256aaacd29db,L19066036,0,0,SUCCESS,1,1786547361,1786561200,131.88,SXR,0x6629Ce1Cf35Cc1329ebB4F63202F3f197b3F050B
0x4b2fcd00667374234abcdece5bd02c1a89b40f061a574453c7ed1906ac8c483e,0xFD3a22179CA4104E97c670b834750Bd7Ff310b17,,51.44,1.4363,1X2,,UEFA Super Cup,Paris Saint Germain vs Aston Villa,Paris Saint Germain,Aston Villa,0xd90089ceb0c9854c3d68a3f09fc4fa855b3a26537e60e3a02b69256aaacd29db,L19066036,0,0,SUCCESS,1,1786547356,1786561200,117.91404,SXR,0x6629Ce1Cf35Cc1329ebB4F63202F3f197b3F050B
0x07023a67bcf549ff18bbd26faa9073fbc7aa76a68604a179142782c1b1ef7140,0xFD3a22179CA4104E97c670b834750Bd7Ff310b17,,5.86,1.4363,1X2,,UEFA Super Cup,Paris Saint Germain vs Aston Villa,Paris Saint Germain,Aston Villa,0xd90089ceb0c9854c3d68a3f09fc4fa855b3a26537e60e3a02b69256aaacd29db,L19066036,0,0,SUCCESS,1,1786547355,1786561200,13.432665,SXR,0x6629Ce1Cf35Cc1329ebB4F63202F3f197b3F050B
0x074cc55a71664837cc7facfd871756ba8033b3a1615e222b9debeeb8b7dfef45,0xFD3a22179CA4104E97c670b834750Bd7Ff310b17,,4.64,1.4363,1X2,,UEFA Super Cup,Paris Saint Germain vs Aston Villa,Paris Saint Germain,Aston Villa,0xd90089ceb0c9854c3d68a3f09fc4fa855b3a26537e60e3a02b69256aaacd29db,L19066036,0,0,SUCCESS,1,1786547298,1786561200,10.636103,SXR,0x6629Ce1Cf35Cc1329ebB4F63202F3f197b3F050B
0x5d8acc1a48a5a59b7eac7f503566467b7717a123eb54b80be4b3a2c3d39f48ff,0xFD3a22179CA4104E97c670b834750Bd7Ff310b17,,6.32,1.4363,1X2,,UEFA Super Cup,Paris Saint Germain vs Aston Villa,Paris Saint Germain,Aston Villa,0xd90089ceb0c9854c3d68a3f09fc4fa855b3a26537e60e3a02b69256aaacd29db,L19066036,0,0,SUCCESS,1,1786547278,1786561200,14.487106,SXR,0x6629Ce1Cf35Cc1329ebB4F63202F3f197b3F050B
0x97eaf522417e51c0f064c817a73c0361b3fd1b60d2effa3b97e188c0694c2fb1,0xD8518860aAe6Ee71d9b799980801e84A3F422315,,98.02101,1.4363,1X2,,UEFA Super Cup,Paris Saint Germain vs Aston Villa,Paris Saint Germain,Aston Villa,0xd90089ceb0c9854c3d68a3f09fc4fa855b3a26537e60e3a02b69256aaacd29db,L19066036,0,0,SUCCESS,1,1786547265,1786561200,224.689994,SXR,0x6629Ce1Cf35Cc1329ebB4F63202F3f197b3F050B
0x03dce7cc2caad48c7797c9835ae03bdd93102e35b8b017c010e089f55b3a684f,0xFD3a22179CA4104E97c670b834750Bd7Ff310b17,1,33.68999,1.7075,Under/Over (2),Over 2.0,UEFA Super Cup,Paris Saint Germain vs Aston Villa,Paris Saint Germain,Aston Villa,0xdd50529e314a3663ff38eb9f9e48f9de046ea1f95c648f0b933df82946e0f1e0,L19066036,0,0,SUCCESS,1,1786546925,1786561200,47.61836,SXR,0x6629Ce1Cf35Cc1329ebB4F63202F3f197b3F050B
0x83d27eec2165263ba611d696e498f64dfc523956bf0156b39d80600150d5c3ed,0xFD3a22179CA4104E97c670b834750Bd7Ff310b17,,5.04,1.4525,Under/Over (2.5),,UEFA Super Cup,Paris Saint Germain vs Aston Villa,Paris Saint Germain,Aston Villa,0x40d2c11bb90148bb1491fd1a5f8f94c6aaefad0b17bf95ff4a50b41a9a0b9b2f,L19066036,0,0,SUCCESS,1,1786546867,1786561200,11.138122,SXR,0x6629Ce1Cf35Cc1329ebB4F63202F3f197b3F050B
0x6194cf2333e462fb8b15e9e02fc537ce36dbf8a3a91e57ae954f8efb27e11d2c,0xFD3a22179CA4104E97c670b834750Bd7Ff310b17,1,33.68999,1.7075,Under/Over (2),Over 2.0,UEFA Super Cup,Paris Saint Germain vs Aston Villa,Paris Saint Germain,Aston Villa,0xdd50529e314a3663ff38eb9f9e48f9de046ea1f95c648f0b933df82946e0f1e0,L19066036,0,0,SUCCESS,1,1786546852,1786561200,47.61836,SXR,0x6629Ce1Cf35Cc1329ebB4F63202F3f197b3F050B
0x4a3f1bf33767cd9574d01ddf37977d7a45f0415d3a3e0a868e70fe96e04238a5,0xFD3a22179CA4104E97c670b834750Bd7Ff310b17,,1,1.4525,Under/Over (2.5),,UEFA Super Cup,Paris Saint Germain vs Aston Villa,Paris Saint Germain,Aston Villa,0x40d2c11bb90148bb1491fd1a5f8f94c6aaefad0b17bf95ff4a50b41a9a0b9b2f,L19066036,0,0,SUCCESS,1,1786546852,1786561200,2.209945,SXR,0x6629Ce1Cf35Cc1329ebB4F63202F3f197b3F050B
0x2dc1806c94f473477398c8dcfcef00965f3d7a99a94cb8a1772f5821fb70495a,0x814d79A9940CbC5Af4C19cAa118EC065a77CD31f,1,39.41,1.565,1X2,Paris Saint Germain,UEFA Super Cup,Paris Saint Germain vs Aston Villa,Paris Saint Germain,Aston Villa,0xd90089ceb0c9854c3d68a3f09fc4fa855b3a26537e60e3a02b69256aaacd29db,L19066036,0,0,SUCCESS,1,1786546511,1786561200,69.752212,SXR,0x6629Ce1Cf35Cc1329ebB4F63202F3f197b3F050B
0x3277594ec2a4f5149aa10ac1a3fae9b5f988e0b3328127acef71213e598224d7,0xFD3a22179CA4104E97c670b834750Bd7Ff310b17,,13.57878,1.4387,1X2,,UEFA Super Cup,Paris Saint Germain vs Aston Villa,Paris Saint Germain,Aston Villa,0xd90089ceb0c9854c3d68a3f09fc4fa855b3a26537e60e3a02b69256aaacd29db,L19066036,0,0,SUCCESS,1,1786546506,1786561200,30.948786,SXR,0x6629Ce1Cf35Cc1329ebB4F63202F3f197b3F050B
0x73333c3cd60a9ca5215c85b082925dfa516fbec09f3bdde7e9209eed626f156e,0xFD3a22179CA4104E97c670b834750Bd7Ff310b17,,4.02,1.44,1X2,,UEFA Super Cup,Paris Saint Germain vs Aston Villa,Paris Saint Germain,Aston Villa,0xd90089ceb0c9854c3d68a3f09fc4fa855b3a26537e60e3a02b69256aaacd29db,L19066036,0,0,SUCCESS,1,1786546341,1786561200,9.136364,SXR,0x6629Ce1Cf35Cc1329ebB4F63202F3f197b3F050B
0xfb953c568101d0bf24811e645b00d4becdb62a2f1294254c153738e9b9a15262,0xFD3a22179CA4104E97c670b834750Bd7Ff310b17,1,33.64,1.7075,Under/Over (2),Over 2.0,UEFA Super Cup,Paris Saint Germain vs Aston Villa,Paris Saint Germain,Aston Villa,0xdd50529e314a3663ff38eb9f9e48f9de046ea1f95c648f0b933df82946e0f1e0,L19066036,0,0,SUCCESS,1,1786546187,1786561200,47.547703,SXR,0x6629Ce1Cf35Cc1329ebB4F63202F3f197b3F050B
0xdf65604d1ecb8a59d2085834c684c6119b265c0a41c8af1fef5bacc1b47be310,0xFD3a22179CA4104E97c670b834750Bd7Ff310b17,,22.32,1.4387,1X2,,UEFA Super Cup,Paris Saint Germain vs Aston Villa,Paris Saint Germain,Aston Villa,0xd90089ceb0c9854c3d68a3f09fc4fa855b3a26537e60e3a02b69256aaacd29db,L19066036,0,0,SUCCESS,1,1786546131,1786561200,50.871795,SXR,0x6629Ce1Cf35Cc1329ebB4F63202F3f197b3F050B
0xd1a899c3443dccc9468b084aad4a5f4a2e9302a28ca31c8e8fea274591b1628b,0xFD3a22179CA4104E97c670b834750Bd7Ff310b17,,87.00941,1.4387,1X2,,UEFA Super Cup,Paris Saint Germain vs Aston Villa,Paris Saint Germain,Aston Villa,0xd90089ceb0c9854c3d68a3f09fc4fa855b3a26537e60e3a02b69256aaacd29db,L19066036,0,0,SUCCESS,1,1786546131,1786561200,198.312046,SXR,0x6629Ce1Cf35Cc1329ebB4F63202F3f197b3F050B
0x06f2175669ea858b12261605fce9e27807e82171d9e5bffd313a61ddefdfce27,0xFD3a22179CA4104E97c670b834750Bd7Ff310b17,1,17.88998,1.7075,Under/Over (2),Over 2.0,UEFA Super Cup,Paris Saint Germain vs Aston Villa,Paris Saint Germain,Aston Villa,0xdd50529e314a3663ff38eb9f9e48f9de046ea1f95c648f0b933df82946e0f1e0,L19066036,0,0,SUCCESS,1,1786546025,1786561200,25.286191,SXR,0x6629Ce1Cf35Cc1329ebB4F63202F3f197b3F050B
0x66f256129fb436d2b0ba789926364fe623ddcce1f0dbea93da708c3aa406c3db,0xCEe90381E99774720969aA47E91c0Bd669f3D64E,1,25,1.555,Under/Over (2.5),Over 2.5,UEFA Super Cup,Paris Saint Germain vs Aston Villa,Paris Saint Germain,Aston Villa,0x40d2c11bb90148bb1491fd1a5f8f94c6aaefad0b17bf95ff4a50b41a9a0b9b2f,L19066036,0,0,SUCCESS,1,1786545939,1786561200,45.045045,SXR,0x6629Ce1Cf35Cc1329ebB4F63202F3f197b3F050B
0x8830e40dbbfc1c69ad0b8001ec470ad5e9ee73cb7e7c7d3123da42317a5aa84e,0xFD3a22179CA4104E97c670b834750Bd7Ff310b17,1,2.57,1.3213,Asian Handicap (-1.5),Paris Saint Germain -1.5,UEFA Super Cup,Paris Saint Germain vs Aston Villa,Paris Saint Germain,Aston Villa,0x409d8b258d8921e8f4a2c11460cbb794c2d8610abb209e4090e8a8ae8f39d2d7,L19066036,0,0,SUCCESS,1,1786545717,1786561200,8.0,SXR,0x6629Ce1Cf35Cc1329ebB4F63202F3f197b3F050B
0xfd58de8b805311202d0a1307b92740c3feaad20857c69f7d1d291d8cc3dee8ca,0x97EC1C9682F70091efB04e97b0B34698cF815EE1,1,5.59,1.1963,1X2,Aston Villa,UEFA Super Cup,Paris Saint Germain vs Aston Villa,Paris Saint Germain,Aston Villa,0x7d79a11368f71901641550937f2120d0c09dccfc84328fabe81c1eb7847ce4b5,L19066036,0,0,SUCCESS,1,1786545708,1786561200,28.484076,SXR,0x6629Ce1Cf35Cc1329ebB4F63202F3f197b3F050B
0xd8784f4e4527d96988c606054037a6834c0860d59f4fddc83ae2649d066f9b5a,0x68E1818FF20BBe84F9be9E0A4A395FB11079Bd35,1,782.99999,1.565,1X2,Paris Saint Germain,UEFA Super Cup,Paris Saint Germain vs Aston Villa,Paris Saint Germain,Aston Villa,0xd90089ceb0c9854c3d68a3f09fc4fa855b3a26537e60e3a02b69256aaacd29db,L19066036,0,0,SUCCESS,1,1786545509,1786561200,1385.84069,SXR,0x6629Ce1Cf35Cc1329ebB4F63202F3f197b3F050B
0x92d59c5735cc7fae48bf9d6f0c9d63245046bfec4116fa53ee9688aba6c4fae6,0x97EC1C9682F70091efB04e97b0B34698cF815EE1,1,7.68,1.32,Asian Handicap (-1.5),Paris Saint Germain -1.5,UEFA Super Cup,Paris Saint Germain vs Aston Villa,Paris Saint Germain,Aston Villa,0x409d8b258d8921e8f4a2c11460cbb794c2d8610abb209e4090e8a8ae8f39d2d7,L19066036,0,0,SUCCESS,1,1786545447,1786561200,24.0,SXR,0x6629Ce1Cf35Cc1329ebB4F63202F3f197b3F050B
0x0d661821bf80b2fa5e9cea503368568a720a700a5fb368c168e21269041d204b,0xFD3a22179CA4104E97c670b834750Bd7Ff310b17,1,6.43,1.1963,1X2,Aston Villa,UEFA Super Cup,Paris Saint Germain vs Aston Villa,Paris Saint Germain,Aston Villa,0x7d79a11368f71901641550937f2120d0c09dccfc84328fabe81c1eb7847ce4b5,L19066036,0,0,SUCCESS,1,1786545007,1786561200,32.764331,SXR,0x6629Ce1Cf35Cc1329ebB4F63202F3f197b3F050B
0xd51fb63efb237004ea59b4b94048fdd11da7b6b76f6adfffba0ce9fd8c71bb1d,0xFD3a22179CA4104E97c670b834750Bd7Ff310b17,1,69.08,1.24,1X2,Tie,UEFA Super Cup,Paris Saint Germain vs Aston Villa,Paris Saint Germain,Aston Villa,0x82142b3963732a3fdd36aa8afa37f80a8be5d40f1cde3d8c81b2a40f833fd442,L19066036,0,0,SUCCESS,1,1786544945,1786561200,287.833333,SXR,0x6629Ce1Cf35Cc1329ebB4F63202F3f197b3F050B
0xa56ee38a32762258b9a1c7e140f8972f09b35bc7aa16c118cd53fce2afe4a7ab,0x68E1818FF20BBe84F9be9E0A4A395FB11079Bd35,1,782.99999,1.565,1X2,Paris Saint Germain,UEFA Super Cup,Paris Saint Germain vs Aston Villa,Paris Saint Germain,Aston Villa,0xd90089ceb0c9854c3d68a3f09fc4fa855b3a26537e60e3a02b69256aaacd29db,L19066036,0,0,SUCCESS,1,1786544911,1786561200,1385.84069,SXR,0x6629Ce1Cf35Cc1329ebB4F63202F3f197b3F050B
0xf94fd9542b4784e364da3895170c7f4ba993e9ef05a4783b54e8bbde3c88f31f,0xFD3a22179CA4104E97c670b834750Bd7Ff310b17,,671.83999,1.6875,Asian Handicap (-1.5),,UEFA Super Cup,Paris Saint Germain vs Aston Villa,Paris Saint Germain,Aston Villa,0x409d8b258d8921e8f4a2c11460cbb794c2d8610abb209e4090e8a8ae8f39d2d7,L19066036,0,0,SUCCESS,1,1786544715,1786561200,977.221804,SXR,0x6629Ce1Cf35Cc1329ebB4F63202F3f197b3F050B
0x0c78d8f7b1f4c0a4800f48340343cfd30e0fc86bf1479701a9a202bed18e09d8,0xFD3a22179CA4104E97c670b834750Bd7Ff310b17,,201.84052,1.4387,1X2,,UEFA Super Cup,Paris Saint Germain vs Aston Villa,Paris Saint Germain,Aston Villa,0xd90089ceb0c9854c3d68a3f09fc4fa855b3a26537e60e3a02b69256aaacd29db,L19066036,0,0,SUCCESS,1,1786544715,1786561200,460.035373,SXR,0x6629Ce1Cf35Cc1329ebB4F63202F3f197b3F050B
0x2eaf49d38c0502285de76ca2bf544263232d4c23595cb342eaef8dea8990f4b1,0xFD3a22179CA4104E97c670b834750Bd7Ff310b17,1,1.32,1.3275,Under/Over (3.5),Over 3.5,UEFA Super Cup,Paris Saint Germain vs Aston Villa,Paris Saint Germain,Aston Villa,0x1eb0162b5ef5cce461102a0a0589d643a0342cf1c36981096646de6b5d6f255c,L19066036,0,0,SUCCESS,1,1786544688,1786561200,4.030534,SXR,0x6629Ce1Cf35Cc1329ebB4F63202F3f197b3F050B
0xa04f4ec74b2e3fe1d4680403b97d26a630e2a6e3bf0df494c37d0695b37caa7e,0x97EC1C9682F70091efB04e97b0B34698cF815EE1,,5,1.22,Under/Over (1.5),,UEFA Super Cup,Paris Saint Germain vs Aston Villa,Paris Saint Germain,Aston Villa,0xf1a8eb36f90ceb169cf77914181a6a20df69437e3abbd370109196ebd13c7edb,L19066036,0,0,SUCCESS,1,1786544350,1786561200,22.727273,SXR,0x6629Ce1Cf35Cc1329ebB4F63202F3f197b3F050B
0xa046e35248cf97ed67a19ed5e587554f5eb6a83bb46c5ebc75b02fecc87fa4bd,0xFD3a22179CA4104E97c670b834750Bd7Ff310b17,,5.29,1.22,Under/Over (1.5),,UEFA Super Cup,Paris Saint Germain vs Aston Villa,Paris Saint Germain,Aston Villa,0xf1a8eb36f90ceb169cf77914181a6a20df69437e3abbd370109196ebd13c7edb,L19066036,0,0,SUCCESS,1,1786544297,1786561200,24.045455,SXR,0x6629Ce1Cf35Cc1329ebB4F63202F3f197b3F050B
0x583f29ce786beaf67d7ab715c32ae5fcc0f408238b357edf5c7e106ba51ed4ec,0xFD3a22179CA4104E97c670b834750Bd7Ff310b17,,5.29,1.22,Under/Over (1.5),,UEFA Super Cup,Paris Saint Germain vs Aston Villa,Paris Saint Germain,Aston Villa,0xf1a8eb36f90ceb169cf77914181a6a20df69437e3abbd370109196ebd13c7edb,L19066036,0,0,SUCCESS,1,1786544212,1786561200,24.045455,SXR,0x6629Ce1Cf35Cc1329ebB4F63202F3f197b3F050B
0xfe052801f633cd7b97fb494f827eacf5ea568d80f3aa776469be0ef90c8ee9ff,0xFD3a22179CA4104E97c670b834750Bd7Ff310b17,1,3.01,1.32,Asian Handicap (-1.5),Paris Saint Germain -1.5,UEFA Super Cup,Paris Saint Germain vs Aston Villa,Paris Saint Germain,Aston Villa,0x409d8b258d8921e8f4a2c11460cbb794c2d8610abb209e4090e8a8ae8f39d2d7,L19066036,0,0,SUCCESS,1,1786544092,1786561200,9.40625,SXR,0x6629Ce1Cf35Cc1329ebB4F63202F3f197b3F050B
0xf7f426fc0e4524ec9ab7a9fb50934fd82fb63b4c3be1cebe514a995baee2ca21,0xFD3a22179CA4104E97c670b834750Bd7Ff310b17,,45.96,1.2888,Under/Over (2),,UEFA Super Cup,Paris Saint Germain vs Aston Villa,Paris Saint Germain,Aston Villa,0xdd50529e314a3663ff38eb9f9e48f9de046ea1f95c648f0b933df82946e0f1e0,L19066036,0,0,SUCCESS,1,1786544092,1786561200,159.168831,SXR,0x6629Ce1Cf35Cc1329ebB4F63202F3f197b3F050B
0x636d08e901f35d9f7c0e8e317c6f323bb134839cc4a08459bb80d7b312f64d75,0xFD3a22179CA4104E97c670b834750Bd7Ff310b17,,5.53,1.4387,1X2,,UEFA Super Cup,Paris Saint Germain vs Aston Villa,Paris Saint Germain,Aston Villa,0xd90089ceb0c9854c3d68a3f09fc4fa855b3a26537e60e3a02b69256aaacd29db,L19066036,0,0,SUCCESS,1,1786544004,1786561200,12.603989,SXR,0x6629Ce1Cf35Cc1329ebB4F63202F3f197b3F050B
0x026e85e47a8dc0e757df08b6704e5dba5831c8dd5203f65bb77f75751edf7891,0x97EC1C9682F70091efB04e97b0B34698cF815EE1,1,6.08,1.3262,Under/Over (3.5),Over 3.5,UEFA Super Cup,Paris Saint Germain vs Aston Villa,Paris Saint Germain,Aston Villa,0x1eb0162b5ef5cce461102a0a0589d643a0342cf1c36981096646de6b5d6f255c,L19066036,0,0,SUCCESS,1,1786543731,1786561200,18.636015,SXR,0x6629Ce1Cf35Cc1329ebB4F63202F3f197b3F050B
0x73507e1cb4ee5a0685dedcb009d2ca091799bae5b4628a63d320312d00c067d6,0xFD3a22179CA4104E97c670b834750Bd7Ff310b17,1,1.92,1.3237,Under/Over (3.5),Over 3.5,UEFA Super Cup,Paris Saint Germain vs Aston Villa,Paris Saint Germain,Aston Villa,0x1eb0162b5ef5cce461102a0a0589d643a0342cf1c36981096646de6b5d6f255c,L19066036,0,0,SUCCESS,1,1786543580,1786561200,5.930502,SXR,0x6629Ce1Cf35Cc1329ebB4F63202F3f197b3F050B
0x6983a803b93076c0a2d1d3fc3dd06cdfbf423d0598ad01cb94cbd5c7457cb8c6,0xFD3a22179CA4104E97c670b834750Bd7Ff310b17,1,1.59,1.3225,Under/Over (3.5),Over 3.5,UEFA Super Cup,Paris Saint Germain vs Aston Villa,Paris Saint Germain,Aston Villa,0x1eb0162b5ef5cce461102a0a0589d643a0342cf1c36981096646de6b5d6f255c,L19066036,0,0,SUCCESS,1,1786543497,1786561200,4.930233,SXR,0x6629Ce1Cf35Cc1329ebB4F63202F3f197b3F050B
0x2804e833768fe4909d181b8243b402834792a4cf4cf1eeb179c5480ca38cc606,0xFD3a22179CA4104E97c670b834750Bd7Ff310b17,,20.13,1.4387,1X2,,UEFA Super Cup,Paris Saint Germain vs Aston Villa,Paris Saint Germain,Aston Villa,0xd90089ceb0c9854c3d68a3f09fc4fa855b3a26537e60e3a02b69256aaacd29db,L19066036,0,0,SUCCESS,1,1786543497,1786561200,45.880342,SXR,0x6629Ce1Cf35Cc1329ebB4F63202F3f197b3F050B
0xc236d4f968a915d547ae67d49e95fffc2d70b2f66eeef70aba08bdfea5c8ebd4,0x97EC1C9682F70091efB04e97b0B34698cF815EE1,,17.59,1.065,Under/Over (0.5),,UEFA Super Cup,Paris Saint Germain vs Aston Villa,Paris Saint Germain,Aston Villa,0x1ff093a0d6aad6ea34f9661babedbc7a361e7167b1f31f3dab05f34988e51f47,L19066036,0,0,SUCCESS,1,1786543080,1786561200,270.615385,SXR,0x6629Ce1Cf35Cc1329ebB4F63202F3f197b3F050B
0x528fc8ca8a29064a1d73222eb1653df5deece11ef9d5a5bfb1afa885b87e2ecb,0xFD3a22179CA4104E97c670b834750Bd7Ff310b17,1,1,1.1963,1X2,Aston Villa,UEFA Super Cup,Paris Saint Germain vs Aston Villa,Paris Saint Germain,Aston Villa,0x7d79a11368f71901641550937f2120d0c09dccfc84328fabe81c1eb7847ce4b5,L19066036,0,0,SUCCESS,1,1786542833,1786561200,5.095541,SXR,0x6629Ce1Cf35Cc1329ebB4F63202F3f197b3F050B
0x4209bbd5b97b76777bcec43bc66ff0b4e84e6f591f787d8a9e16ce43f2f81134,0xFD3a22179CA4104E97c670b834750Bd7Ff310b17,,17.14,1.4387,1X2,,UEFA Super Cup,Paris Saint Germain vs Aston Villa,Paris Saint Germain,Aston Villa,0xd90089ceb0c9854c3d68a3f09fc4fa855b3a26537e60e3a02b69256aaacd29db,L19066036,0,0,SUCCESS,1,1786542833,1786561200,39.065527,SXR,0x6629Ce1Cf35Cc1329ebB4F63202F3f197b3F050B
0xc584286d33bbffd2fe1db8b93ea1cbb8dfd64ee38169409bfea0fe8e98d2bc00,0xFD3a22179CA4104E97c670b834750Bd7Ff310b17,1,1.95,1.1963,1X2,Aston Villa,UEFA Super Cup,Paris Saint Germain vs Aston Villa,Paris Saint Germain,Aston Villa,0x7d79a11368f71901641550937f2120d0c09dccfc84328fabe81c1eb7847ce4b5,L19066036,0,0,SUCCESS,1,1786542738,1786561200,9.936306,SXR,0x6629Ce1Cf35Cc1329ebB4F63202F3f197b3F050B
0x3697400a32bb6f22a298acd68a2c3e463b7474460eb47540d1f81a1990eb0a4c,0xFD3a22179CA4104E97c670b834750Bd7Ff310b17,,1,1.4387,1X2,,UEFA Super Cup,Paris Saint Germain vs Aston Villa,Paris Saint Germain,Aston Villa,0xd90089ceb0c9854c3d68a3f09fc4fa855b3a26537e60e3a02b69256aaacd29db,L19066036,0,0,SUCCESS,1,1786542737,1786561200,2.279202,SXR,0x6629Ce1Cf35Cc1329ebB4F63202F3f197b3F050B
0xcb8098b53a7b5d7726dd9f1040eef26a96f48485ae8071378043b980bafc72c4,0xFD3a22179CA4104E97c670b834750Bd7Ff310b17,,6.05,1.4375,1X2,,UEFA Super Cup,Paris Saint Germain vs Aston Villa,Paris Saint Germain,Aston Villa,0xd90089ceb0c9854c3d68a3f09fc4fa855b3a26537e60e3a02b69256aaacd29db,L19066036,0,0,SUCCESS,1,1786542675,1786561200,13.828571,SXR,0x6629Ce1Cf35Cc1329ebB4F63202F3f197b3F050B
0xe0c29e39a4f60d09e212c6dda01750da405f8681426ece99cbb86578e5ebbb63,0xFD3a22179CA4104E97c670b834750Bd7Ff310b17,1,3.81909,1.1912,Under/Over (4),Over 4.0,UEFA Super Cup,Paris Saint Germain vs Aston Villa,Paris Saint Germain,Aston Villa,0xcad766c3bece5254ba9d1a2b8cfdb650e513e674480798bb8979b1e953d44175,L19066036,0,0,SUCCESS,1,1786542499,1786561200,19.969098,SXR,0x6629Ce1Cf35Cc1329ebB4F63202F3f197b3F050B
0x6844d7827a8e1ef84c186783a398361f2d82148286e1aef22525ff092293d49c,0xFD3a22179CA4104E97c670b834750Bd7Ff310b17,1,5.26,1.3175,Under/Over (3.5),Over 3.5,UEFA Super Cup,Paris Saint Germain vs Aston Villa,Paris Saint Germain,Aston Villa,0x1eb0162b5ef5cce461102a0a0589d643a0342cf1c36981096646de6b5d6f255c,L19066036,0,0,SUCCESS,1,1786542368,1786561200,16.566929,SXR,0x6629Ce1Cf35Cc1329ebB4F63202F3f197b3F050B
0xa0808ea3c191dbce8beb3869c2febf8f5a14d232ae1e28cc45f2c338050bb44a,0x0DeAbC808957aBc9f4778C03b03CC1D2cBBC9D60,,5,1.4363,1X2,,UEFA Super Cup,Paris Saint Germain vs Aston Villa,Paris Saint Germain,Aston Villa,0xd90089ceb0c9854c3d68a3f09fc4fa855b3a26537e60e3a02b69256aaacd29db,L19066036,0,0,SUCCESS,1,1786542266,1786561200,11.461318,SXR,0x6629Ce1Cf35Cc1329ebB4F63202F3f197b3F050B
0x3e9a6f895bc8100f96d9bded80db3ea6e9e07eeb2c2dc857a61ebe54b0e8982f,0x3b2B3900de9f93d1a397Efd858D1035643D15F96,1,748.3449,1.5463,Under/Over (2.5),Over 2.5,UEFA Super Cup,Paris Saint Germain vs Aston Villa,Paris Saint Germain,Aston Villa,0x40d2c11bb90148bb1491fd1a5f8f94c6aaefad0b17bf95ff4a50b41a9a0b9b2f,L19066036,0,0,SUCCESS,1,1786542247,1786561200,1369.96778,SXR,0x6629Ce1Cf35Cc1329ebB4F63202F3f197b3F050B
0x1800cd63d5aed7687d43f74094997f19259f01cd65a625a7412a91599d4f8c56,0x3b2B3900de9f93d1a397Efd858D1035643D15F96,1,123.9102,1.5463,Under/Over (2.5),Over 2.5,UEFA Super Cup,Paris Saint Germain vs Aston Villa,Paris Saint Germain,Aston Villa,0x40d2c11bb90148bb1491fd1a5f8f94c6aaefad0b17bf95ff4a50b41a9a0b9b2f,L19066036,0,0,SUCCESS,1,1786542247,1786561200,226.837895,SXR,0x6629Ce1Cf35Cc1329ebB4F63202F3f197b3F050B
0x51bc8d8a1e8681fc3633e4f84c9f1ecb38d3966655bade51b93464cf60cfee1c,0x8268feC8dCb0D284343054BDf2b649286c9aA0a1,,184.75332,1.4363,1X2,,UEFA Super Cup,Paris Saint Germain vs Aston Villa,Paris Saint Germain,Aston Villa,0xd90089ceb0c9854c3d68a3f09fc4fa855b3a26537e60e3a02b69256aaacd29db,L19066036,0,0,SUCCESS,1,1786542235,1786561200,423.503312,SXR,0x6629Ce1Cf35Cc1329ebB4F63202F3f197b3F050B
0x60fb9c8c91ee19995dd0d7106b6fb21224041b1808b45a4cd6f235edca97c034,0x97EC1C9682F70091efB04e97b0B34698cF815EE1,1,10.35,1.195,1X2,Aston Villa,UEFA Super Cup,Paris Saint Germain vs Aston Villa,Paris Saint Germain,Aston Villa,0x7d79a11368f71901641550937f2120d0c09dccfc84328fabe81c1eb7847ce4b5,L19066036,0,0,SUCCESS,1,1786542224,1786561200,53.076923,SXR,0x6629Ce1Cf35Cc1329ebB4F63202F3f197b3F050B
0xcc1944a01d64eefc8448cb2b599eaad202eaaf54de579b26ec11875ba63d3ee0,0x0DeAbC808957aBc9f4778C03b03CC1D2cBBC9D60,,5,1.4363,1X2,,UEFA Super Cup,Paris Saint Germain vs Aston Villa,Paris Saint Germain,Aston Villa,0xd90089ceb0c9854c3d68a3f09fc4fa855b3a26537e60e3a02b69256aaacd29db,L19066036,0,0,SUCCESS,1,1786541939,1786561200,11.461318,SXR,0x6629Ce1Cf35Cc1329ebB4F63202F3f197b3F050B
0x35b6d4f1e37cd93548d2ec723134176bb78967c0a486f3af75eb0c88276fb7c6,0x0DeAbC808957aBc9f4778C03b03CC1D2cBBC9D60,,5,1.4363,1X2,,UEFA Super Cup,Paris Saint Germain vs Aston Villa,Paris Saint Germain,Aston Villa,0xd90089ceb0c9854c3d68a3f09fc4fa855b3a26537e60e3a02b69256aaacd29db,L19066036,0,0,SUCCESS,1,1786541905,1786561200,11.461318,SXR,0x6629Ce1Cf35Cc1329ebB4F63202F3f197b3F050B
0xf4937fcb9446cedc02f798b7f5e9580cb2de8b84b686af289338046adf372a8e,0x0DeAbC808957aBc9f4778C03b03CC1D2cBBC9D60,,5,1.4363,1X2,,UEFA Super Cup,Paris Saint Germain vs Aston Villa,Paris Saint Germain,Aston Villa,0xd90089ceb0c9854c3d68a3f09fc4fa855b3a26537e60e3a02b69256aaacd29db,L19066036,0,0,SUCCESS,1,1786541903,1786561200,11.461318,SXR,0x6629Ce1Cf35Cc1329ebB4F63202F3f197b3F050B
0xf29d872d7118a2e106b0f7dfd57cd0758dbcf214c66b313c4439a9ea3f7f7649,0x8268feC8dCb0D284343054BDf2b649286c9aA0a1,,72.33818,1.4363,1X2,,UEFA Super Cup,Paris Saint Germain vs Aston Villa,Paris Saint Germain,Aston Villa,0xd90089ceb0c9854c3d68a3f09fc4fa855b3a26537e60e3a02b69256aaacd29db,L19066036,0,0,SUCCESS,1,1786541902,1786561200,165.818178,SXR,0x6629Ce1Cf35Cc1329ebB4F63202F3f197b3F050B
0x60889667da8941ea58232bbe1dca914b1a0a88d26a937026074df9b1cac428a8,0x8268feC8dCb0D284343054BDf2b649286c9aA0a1,,16.39759,1.4363,1X2,,UEFA Super Cup,Paris Saint Germain vs Aston Villa,Paris Saint Germain,Aston Villa,0xd90089ceb0c9854c3d68a3f09fc4fa855b3a26537e60e3a02b69256aaacd29db,L19066036,0,0,SUCCESS,1,1786541898,1786561200,37.587599,SXR,0x6629Ce1Cf35Cc1329ebB4F63202F3f197b3F050B
0x09a2f912b4814cc82acb9802c94441c3e326f9230ca4d34f5e92d7d91bbf7499,0x8268feC8dCb0D284343054BDf2b649286c9aA0a1,,332.85004,1.4363,1X2,,UEFA Super Cup,Paris Saint Germain vs Aston Villa,Paris Saint Germain,Aston Villa,0xd90089ceb0c9854c3d68a3f09fc4fa855b3a26537e60e3a02b69256aaacd29db,L19066036,0,0,SUCCESS,1,1786541896,1786561200,762.980034,SXR,0x6629Ce1Cf35Cc1329ebB4F63202F3f197b3F050B
0xbe531b074e604f2e7f44bf69be7bd03c2ada6d8f2a914527046dddce753735af,0x8268feC8dCb0D284343054BDf2b649286c9aA0a1,1,7.53829,1.3137,Asian Handicap (-1.5),Paris Saint Germain -1.5,UEFA Super Cup,Paris Saint Germain vs Aston Villa,Paris Saint Germain,Aston Villa,0x409d8b258d8921e8f4a2c11460cbb794c2d8610abb209e4090e8a8ae8f39d2d7,L19066036,0,0,SUCCESS,1,1786541803,1786561200,24.026422,SXR,0x6629Ce1Cf35Cc1329ebB4F63202F3f197b3F050B
0xc37d34286e4afe2ed29872e05e129e47c1d2c659ff6e073588aac7cf7464cd08,0x3b2B3900de9f93d1a397Efd858D1035643D15F96,1,15.53387,1.5413,Under/Over (2.5),Over 2.5,UEFA Super Cup,Paris Saint Germain vs Aston Villa,Paris Saint Germain,Aston Villa,0x40d2c11bb90148bb1491fd1a5f8f94c6aaefad0b17bf95ff4a50b41a9a0b9b2f,L19066036,0,0,SUCCESS,1,1786541194,1786561200,28.699991,SXR,0x6629Ce1Cf35Cc1329ebB4F63202F3f197b3F050B
0xf99097b30cd097f8318c595e431fbf413a2a8dc598674e34bb3d815b05289f88,0xD8518860aAe6Ee71d9b799980801e84A3F422315,1,159.74,1.245,1X2,Tie,UEFA Super Cup,Paris Saint Germain vs Aston Villa,Paris Saint Germain,Aston Villa,0x82142b3963732a3fdd36aa8afa37f80a8be5d40f1cde3d8c81b2a40f833fd442,L19066036,0,0,SUCCESS,1,1786540929,1786561200,652.0,SXR,0x6629Ce1Cf35Cc1329ebB4F63202F3f197b3F050B
0x87713a64c761340f122cf0dd023cf2bb7cb259e48c9cc19a18dd32b91d939eb5,0xD8518860aAe6Ee71d9b799980801e84A3F422315,1,146.49529,1.245,1X2,Tie,UEFA Super Cup,Paris Saint Germain vs Aston Villa,Paris Saint Germain,Aston Villa,0x82142b3963732a3fdd36aa8afa37f80a8be5d40f1cde3d8c81b2a40f833fd442,L19066036,0,0,SUCCESS,1,1786540777,1786561200,597.939959,SXR,0x6629Ce1Cf35Cc1329ebB4F63202F3f197b3F050B
0x818daf9d8a6860e5e365c3b072758a6bd4e08c86a132e60b112774ef2b7298a0,0xFD3a22179CA4104E97c670b834750Bd7Ff310b17,,1.1,1.4688,Under/Over (2.5),,UEFA Super Cup,Paris Saint Germain vs Aston Villa,Paris Saint Germain,Aston Villa,0x40d2c11bb90148bb1491fd1a5f8f94c6aaefad0b17bf95ff4a50b41a9a0b9b2f,L19066036,0,0,SUCCESS,1,1786540728,1786561200,2.346667,SXR,0x6629Ce1Cf35Cc1329ebB4F63202F3f197b3F050B
0x196d3922dd436a1718c9dea07323a9c68270cee942d162ec909f2a0d1dc1c918,0xFD3a22179CA4104E97c670b834750Bd7Ff310b17,,29.38,1.4387,1X2,,UEFA Super Cup,Paris Saint Germain vs Aston Villa,Paris Saint Germain,Aston Villa,0xd90089ceb0c9854c3d68a3f09fc4fa855b3a26537e60e3a02b69256aaacd29db,L19066036,0,0,SUCCESS,1,1786540645,1786561200,66.962963,SXR,0x6629Ce1Cf35Cc1329ebB4F63202F3f197b3F050B
0xbd6bf06b0a1123109c83c595e542345e10b41efd4f412ce5b0299f5259f49370,0xFD3a22179CA4104E97c670b834750Bd7Ff310b17,,1.11,1.4688,Under/Over (2.5),,UEFA Super Cup,Paris Saint Germain vs Aston Villa,Paris Saint Germain,Aston Villa,0x40d2c11bb90148bb1491fd1a5f8f94c6aaefad0b17bf95ff4a50b41a9a0b9b2f,L19066036,0,0,SUCCESS,1,1786540569,1786561200,2.368,SXR,0x6629Ce1Cf35Cc1329ebB4F63202F3f197b3F050B
0x181d95b06e4ecf152f90b930b63825187e198817f63d3300e028d4a277ab0a00,0xFD3a22179CA4104E97c670b834750Bd7Ff310b17,,1.07,1.4688,Under/Over (2.5),,UEFA Super Cup,Paris Saint Germain vs Aston Villa,Paris Saint Germain,Aston Villa,0x40d2c11bb90148bb1491fd1a5f8f94c6aaefad0b17bf95ff4a50b41a9a0b9b2f,L19066036,0,0,SUCCESS,1,1786540565,1786561200,2.282667,SXR,0x6629Ce1Cf35Cc1329ebB4F63202F3f197b3F050B
0xd8bf8ce29065b400e410f71e056c42303abdccfb1c3674410dc2adeffe6ed5ba,0xFD3a22179CA4104E97c670b834750Bd7Ff310b17,1,1,1.2,1X2,Aston Villa,UEFA Super Cup,Paris Saint Germain vs Aston Villa,Paris Saint Germain,Aston Villa,0x7d79a11368f71901641550937f2120d0c09dccfc84328fabe81c1eb7847ce4b5,L19066036,0,0,SUCCESS,1,1786540159,1786561200,5.0,SXR,0x6629Ce1Cf35Cc1329ebB4F63202F3f197b3F050B
0xbc2df184eb2ce6dd18e3e6c863599e06f3de8face430e523e21f7caf320b86fa,0xFD3a22179CA4104E97c670b834750Bd7Ff310b17,1,7.54,1.3137,Asian Handicap (-1.5),Paris Saint Germain -1.5,UEFA Super Cup,Paris Saint Germain vs Aston Villa,Paris Saint Germain,Aston Villa,0x409d8b258d8921e8f4a2c11460cbb794c2d8610abb209e4090e8a8ae8f39d2d7,L19066036,0,0,SUCCESS,1,1786540159,1786561200,24.031873,SXR,0x6629Ce1Cf35Cc1329ebB4F63202F3f197b3F050B
0x52683cbf848b4cc273ce4423a53be600295cfbab026bdf54d028912dc3da4ba7,0xFD3a22179CA4104E97c670b834750Bd7Ff310b17,,46.41,1.4387,1X2,,UEFA Super Cup,Paris Saint Germain vs Aston Villa,Paris Saint Germain,Aston Villa,0xd90089ceb0c9854c3d68a3f09fc4fa855b3a26537e60e3a02b69256aaacd29db,L19066036,0,0,SUCCESS,1,1786540158,1786561200,105.777778,SXR,0x6629Ce1Cf35Cc1329ebB4F63202F3f197b3F050B
0xfad9869a231278a01c1b9ff32b87410246a8b05c2880e45782c423e9b93b6f09,0xa498150823d867380b25175554a275c1c668256e,,374.99997,1.805,1X2,,UEFA Super Cup,Paris Saint Germain vs Aston Villa,Paris Saint Germain,Aston Villa,0x7d79a11368f71901641550937f2120d0c09dccfc84328fabe81c1eb7847ce4b5,L19066036,0,0,SUCCESS,1,1786540124,1786561200,465.838472,SXR,0x6629Ce1Cf35Cc1329ebB4F63202F3f197b3F050B
0x1e78469c155d268ffcf0fff3c6e24e1b505026e9d3ae93df925157bfacbd4d26,0xFD3a22179CA4104E97c670b834750Bd7Ff310b17,1,2.71,1.3162,Under/Over (3.5),Over 3.5,UEFA Super Cup,Paris Saint Germain vs Aston Villa,Paris Saint Germain,Aston Villa,0x1eb0162b5ef5cce461102a0a0589d643a0342cf1c36981096646de6b5d6f255c,L19066036,0,0,SUCCESS,1,1786540120,1786561200,8.56917,SXR,0x6629Ce1Cf35Cc1329ebB4F63202F3f197b3F050B
0xe2d21b7d02d3eb9aef14c18fd1bbad9ee6378c4f77aeee94b2851356d41712c3,0xD8518860aAe6Ee71d9b799980801e84A3F422315,1,212.98585,1.245,1X2,Tie,UEFA Super Cup,Paris Saint Germain vs Aston Villa,Paris Saint Germain,Aston Villa,0x82142b3963732a3fdd36aa8afa37f80a8be5d40f1cde3d8c81b2a40f833fd442,L19066036,0,0,SUCCESS,1,1786539968,1786561200,869.33,SXR,0x6629Ce1Cf35Cc1329ebB4F63202F3f197b3F050B
0xaf0fdf336e5daf252c66a055b29cce441eec8f493b43156b27267d0ac586ef99,0xD8518860aAe6Ee71d9b799980801e84A3F422315,1,283.08524,1.245,1X2,Tie,UEFA Super Cup,Paris Saint Germain vs Aston Villa,Paris Saint Germain,Aston Villa,0x82142b3963732a3fdd36aa8afa37f80a8be5d40f1cde3d8c81b2a40f833fd442,L19066036,0,0,SUCCESS,1,1786539896,1786561200,1155.449959,SXR,0x6629Ce1Cf35Cc1329ebB4F63202F3f197b3F050B
0x53aa98c40d0abc7919c1045e398147ab613a9777601017d7a8dfc86fb6a41b2f,0xD8518860aAe6Ee71d9b799980801e84A3F422315,1,317.9957,1.245,1X2,Tie,UEFA Super Cup,Paris Saint Germain vs Aston Villa,Paris Saint Germain,Aston Villa,0x82142b3963732a3fdd36aa8afa37f80a8be5d40f1cde3d8c81b2a40f833fd442,L19066036,0,0,SUCCESS,1,1786539689,1786561200,1297.941633,SXR,0x6629Ce1Cf35Cc1329ebB4F63202F3f197b3F050B
0x4201c2b598b26ba114593edd6b1f090fb9403a4592217f3ed46be0dd1da5cb6a,0xD8518860aAe6Ee71d9b799980801e84A3F422315,1,120.03569,1.245,1X2,Tie,UEFA Super Cup,Paris Saint Germain vs Aston Villa,Paris Saint Germain,Aston Villa,0x82142b3963732a3fdd36aa8afa37f80a8be5d40f1cde3d8c81b2a40f833fd442,L19066036,0,0,SUCCESS,1,1786539609,1786561200,489.941592,SXR,0x6629Ce1Cf35Cc1329ebB4F63202F3f197b3F050B
0x1059b80ecb1f24b580934d524ee82b2645b73fd26eb758e36adbc405274212ad,0xFD3a22179CA4104E97c670b834750Bd7Ff310b17,1,13.51743,1.2388,1X2,Tie,UEFA Super Cup,Paris Saint Germain vs Aston Villa,Paris Saint Germain,Aston Villa,0x82142b3963732a3fdd36aa8afa37f80a8be5d40f1cde3d8c81b2a40f833fd442,L19066036,0,0,SUCCESS,1,1786538694,1786561200,56.617508,SXR,0x6629Ce1Cf35Cc1329ebB4F63202F3f197b3F050B
0x473c0087c78a180464f721d2d46170dbf2946fea707f0861f9a90f7deeb32db5,0xFD3a22179CA4104E97c670b834750Bd7Ff310b17,,61.89,1.4387,1X2,,UEFA Super Cup,Paris Saint Germain vs Aston Villa,Paris Saint Germain,Aston Villa,0xd90089ceb0c9854c3d68a3f09fc4fa855b3a26537e60e3a02b69256aaacd29db,L19066036,0,0,SUCCESS,1,1786538693,1786561200,141.059829,SXR,0x6629Ce1Cf35Cc1329ebB4F63202F3f197b3F050B
0x24943445386e34fae5ffbb38b8798e7f0d020470737632a8d9ad2fd6ac7f91f9,0x97EC1C9682F70091efB04e97b0B34698cF815EE1,1,20.85,1.4225,Asian Handicap (-1),Paris Saint Germain -1,UEFA Super Cup,Paris Saint Germain vs Aston Villa,Paris Saint Germain,Aston Villa,0x67230bcb83f942bc217c5d745ea1712885e0906db6bd151cb38c9c1c8672117b,L19066036,0,0,SUCCESS,1,1786538601,1786561200,49.349112,SXR,0x6629Ce1Cf35Cc1329ebB4F63202F3f197b3F050B
0x6b94bbf265ed3c8375628d15ee9176088bcd5250f004a4b641e423c733da339e,0xFD3a22179CA4104E97c670b834750Bd7Ff310b17,1,4.24,1.2388,1X2,Tie,UEFA Super Cup,Paris Saint Germain vs Aston Villa,Paris Saint Germain,Aston Villa,0x82142b3963732a3fdd36aa8afa37f80a8be5d40f1cde3d8c81b2a40f833fd442,L19066036,0,0,SUCCESS,1,1786537622,1786561200,17.759162,SXR,0x6629Ce1Cf35Cc1329ebB4F63202F3f197b3F050B
0x08d0c1c7710bca01622a0e8d90808db7f01ea042fb947ba6cfe00378ef373a6f,0xFD3a22179CA4104E97c670b834750Bd7Ff310b17,,1.07,1.4363,1X2,,UEFA Super Cup,Paris Saint Germain vs Aston Villa,Paris Saint Germain,Aston Villa,0xd90089ceb0c9854c3d68a3f09fc4fa855b3a26537e60e3a02b69256aaacd29db,L19066036,0,0,SUCCESS,1,1786537622,1786561200,2.452722,SXR,0x6629Ce1Cf35Cc1329ebB4F63202F3f197b3F050B
0x6428328938a011a0d836f9077405830d6da0f5dd32e7ad9069651fb4e50fbe2a,0xFD3a22179CA4104E97c670b834750Bd7Ff310b17,,4.46,1.4363,1X2,,UEFA Super Cup,Paris Saint Germain vs Aston Villa,Paris Saint Germain,Aston Villa,0xd90089ceb0c9854c3d68a3f09fc4fa855b3a26537e60e3a02b69256aaacd29db,L19066036,0,0,SUCCESS,1,1786537324,1786561200,10.223496,SXR,0x6629Ce1Cf35Cc1329ebB4F63202F3f197b3F050B
0x29bb0772f487cc811763a2ca3f398a1bb90073b09e41d773d6ed98fa80739243,0xFD3a22179CA4104E97c670b834750Bd7Ff310b17,,1.14,1.4363,1X2,,UEFA Super Cup,Paris Saint Germain vs Aston Villa,Paris Saint Germain,Aston Villa,0xd90089ceb0c9854c3d68a3f09fc4fa855b3a26537e60e3a02b69256aaacd29db,L19066036,0,0,SUCCESS,1,1786537018,1786561200,2.613181,SXR,0x6629Ce1Cf35Cc1329ebB4F63202F3f197b3F050B
0x4283ad0f0b8b6b8ebaad69b0c9e24172465c0e68d152909dc93bf918047ab0f0,0xFD3a22179CA4104E97c670b834750Bd7Ff310b17,,170.14,1.4363,1X2,,UEFA Super Cup,Paris Saint Germain vs Aston Villa,Paris Saint Germain,Aston Villa,0xd90089ceb0c9854c3d68a3f09fc4fa855b3a26537e60e3a02b69256aaacd29db,L19066036,0,0,SUCCESS,1,1786536750,1786561200,390.005731,SXR,0x6629Ce1Cf35Cc1329ebB4F63202F3f197b3F050B
0x24b8f172709640e740ea7b12dcfca6bd82f1cfa87ebb5ac4ad93fbb7e6171db9,0xFD3a22179CA4104E97c670b834750Bd7Ff310b17,,77.15,1.4363,1X2,,UEFA Super Cup,Paris Saint Germain vs Aston Villa,Paris Saint Germain,Aston Villa,0xd90089ceb0c9854c3d68a3f09fc4fa855b3a26537e60e3a02b69256aaacd29db,L19066036,0,0,SUCCESS,1,1786536719,1786561200,176.848138,SXR,0x6629Ce1Cf35Cc1329ebB4F63202F3f197b3F050B
0x0d367eea54a51e0ea2452c666ce6ff2fc6339020858333a477d89c059bb7b7cc,0xE4DD6165bFF7EE73D7932C3b478f7E22431e85E7,,21.68,1.6887,Asian Handicap (-1.5),,UEFA Super Cup,Paris Saint Germain vs Aston Villa,Paris Saint Germain,Aston Villa,0x409d8b258d8921e8f4a2c11460cbb794c2d8610abb209e4090e8a8ae8f39d2d7,L19066036,0,0,SUCCESS,1,1786536684,1786561200,31.477314,SXR,0x6629Ce1Cf35Cc1329ebB4F63202F3f197b3F050B
0xc1ae74eb4e28bf321c5c69a88c9cb7819ecfcf2fdca80055a62bc24bd1b8a80e,0xFD3a22179CA4104E97c670b834750Bd7Ff310b17,,379.28,1.4363,1X2,,UEFA Super Cup,Paris Saint Germain vs Aston Villa,Paris Saint Germain,Aston Villa,0xd90089ceb0c9854c3d68a3f09fc4fa855b3a26537e60e3a02b69256aaacd29db,L19066036,0,0,SUCCESS,1,1786536656,1786561200,869.409742,SXR,0x6629Ce1Cf35Cc1329ebB4F63202F3f197b3F050B
0xfaecd5030e3693dac9770e537953016acd1024f80d920e14e3e1e0f11478a9b9,0xFD3a22179CA4104E97c670b834750Bd7Ff310b17,,4,1.26,UEFA Super Cup,,UEFA Super Cup,Paris Saint Germain vs Aston Villa,Paris Saint Germain,Aston Villa,0xe606a9a450716acc469c52d4cd4cc88af08c2e17027af860e1d62789a6948773,L19066036,0,0,SUCCESS,1,1786536626,1786561200,15.384615,SXR,0x6629Ce1Cf35Cc1329ebB4F63202F3f197b3F050B
0x242bb77f689d6de30d6807f82fa0e89d5b6c8d99b675855b8118339a8ea33624,0xFD3a22179CA4104E97c670b834750Bd7Ff310b17,,101.52,1.4363,1X2,,UEFA Super Cup,Paris Saint Germain vs Aston Villa,Paris Saint Germain,Aston Villa,0xd90089ceb0c9854c3d68a3f09fc4fa855b3a26537e60e3a02b69256aaacd29db,L19066036,0,0,SUCCESS,1,1786536626,1786561200,232.710602,SXR,0x6629Ce1Cf35Cc1329ebB4F63202F3f197b3F050B
0x7958afa718305ab10210501472433cf46ca6499b94dcdff4cf684b8f7ac375be,0xFD3a22179CA4104E97c670b834750Bd7Ff310b17,,3.55,1.26,UEFA Super Cup,,UEFA Super Cup,Paris Saint Germain vs Aston Villa,Paris Saint Germain,Aston Villa,0x79833fc6a3f6648404ca4b99628add02ce86c2c2d0053296c7e23bea43b238d1,L19066036,0,0,SUCCESS,1,1786536625,1786561200,13.653846,SXR,0x6629Ce1Cf35Cc1329ebB4F63202F3f197b3F050B
0x30a8db3b9154d13cd8055bda8ba429805d4477d70a7c3c86fc406742dcc830f0,0xFD3a22179CA4104E97c670b834750Bd7Ff310b17,,14,1.435,1X2,,UEFA Super Cup,Paris Saint Germain vs Aston Villa,Paris Saint Germain,Aston Villa,0xd90089ceb0c9854c3d68a3f09fc4fa855b3a26537e60e3a02b69256aaacd29db,L19066036,0,0,SUCCESS,1,1786536625,1786561200,32.183908,SXR,0x6629Ce1Cf35Cc1329ebB4F63202F3f197b3F050B
0x501d606587e0244d0228fa7d8a4aceab3e8b5ac43313ef3e88578b93f03ec766,0x942AD52B2A0b8F1f905328B1263cA99CCf0eB651,,855.19657,1.7662,1X2,,UEFA Super Cup,Paris Saint Germain vs Aston Villa,Paris Saint Germain,Aston Villa,0x82142b3963732a3fdd36aa8afa37f80a8be5d40f1cde3d8c81b2a40f833fd442,L19066036,0,0,SUCCESS,1,1786536605,1786561200,1116.080352,SXR,0x6629Ce1Cf35Cc1329ebB4F63202F3f197b3F050B
0xcdeabdd7465edd6b363f907e4c8127911e6662fd711f72377f6bfef68be8ac57,0x97EC1C9682F70091efB04e97b0B34698cF815EE1,1,8.93,1.1963,1X2,Aston Villa,UEFA Super Cup,Paris Saint Germain vs Aston Villa,Paris Saint Germain,Aston Villa,0x7d79a11368f71901641550937f2120d0c09dccfc84328fabe81c1eb7847ce4b5,L19066036,0,0,SUCCESS,1,1786536577,1786561200,45.503185,SXR,0x6629Ce1Cf35Cc1329ebB4F63202F3f197b3F050B
0xbaed846843f713b503641f8f6f49326d8b94c0499ff39346a676d8bb41682513,0xFD3a22179CA4104E97c670b834750Bd7Ff310b17,1,61.88768,1.2388,1X2,Tie,UEFA Super Cup,Paris Saint Germain vs Aston Villa,Paris Saint Germain,Aston Villa,0x82142b3963732a3fdd36aa8afa37f80a8be5d40f1cde3d8c81b2a40f833fd442,L19066036,0,0,SUCCESS,1,1786536555,1786561200,259.215414,SXR,0x6629Ce1Cf35Cc1329ebB4F63202F3f197b3F050B
0xa21dbe6dfd8dfd2ecc232a4f0c54ef9ea88124d9e279ba95610937dd90250b9a,0xFD3a22179CA4104E97c670b834750Bd7Ff310b17,,28.56,1.5787,Asian Handicap (-1),,UEFA Super Cup,Paris Saint Germain vs Aston Villa,Paris Saint Germain,Aston Villa,0x67230bcb83f942bc217c5d745ea1712885e0906db6bd151cb38c9c1c8672117b,L19066036,0,0,SUCCESS,1,1786536555,1786561200,49.347732,SXR,0x6629Ce1Cf35Cc1329ebB4F63202F3f197b3F050B
0x259dd1cb36fb34e68af6b8a2a97b747fa1e80db751d7818e88b573a3469ba000,0xFD3a22179CA4104E97c670b834750Bd7Ff310b17,1,17.4,1.2388,1X2,Tie,UEFA Super Cup,Paris Saint Germain vs Aston Villa,Paris Saint Germain,Aston Villa,0x82142b3963732a3fdd36aa8afa37f80a8be5d40f1cde3d8c81b2a40f833fd442,L19066036,0,0,SUCCESS,1,1786536414,1786561200,72.879581,SXR,0x6629Ce1Cf35Cc1329ebB4F63202F3f197b3F050B
0xa9c8e1c15ac01bc1f25449f25a85bf7f069c3678ba3301a47966d901226cafd3,0xA44AB2Cf43d5D82896598FF80855897B50aC323A,1,1327.53,1.5663,1X2,Paris Saint Germain,UEFA Super Cup,Paris Saint Germain vs Aston Villa,Paris Saint Germain,Aston Villa,0xd90089ceb0c9854c3d68a3f09fc4fa855b3a26537e60e3a02b69256aaacd29db,L19066036,0,0,SUCCESS,1,1786536388,1786561200,2344.423841,SXR,0x6629Ce1Cf35Cc1329ebB4F63202F3f197b3F050B
0xb993f3696deba55fd8f5941ef71264256cbc7a7d7a4da166b1b7f23273fa388e,0xA44AB2Cf43d5D82896598FF80855897B50aC323A,1,230,1.5663,1X2,Paris Saint Germain,UEFA Super Cup,Paris Saint Germain vs Aston Villa,Paris Saint Germain,Aston Villa,0xd90089ceb0c9854c3d68a3f09fc4fa855b3a26537e60e3a02b69256aaacd29db,L19066036,0,0,SUCCESS,1,1786536252,1786561200,406.181015,SXR,0x6629Ce1Cf35Cc1329ebB4F63202F3f197b3F050B
0xd492c67979ba6c4c15afbf69f0fcac14303a55e03bc6b05b955641e1c0c619db,0xFD3a22179CA4104E97c670b834750Bd7Ff310b17,1,6.74071,1.1963,1X2,Aston Villa,UEFA Super Cup,Paris Saint Germain vs Aston Villa,Paris Saint Germain,Aston Villa,0x7d79a11368f71901641550937f2120d0c09dccfc84328fabe81c1eb7847ce4b5,L19066036,0,0,SUCCESS,1,1786536083,1786561200,34.347567,SXR,0x6629Ce1Cf35Cc1329ebB4F63202F3f197b3F050B
0x73f2d26868c2f465050317f23694c3cefa94475b4d66ce68db0ca10d766f4895,0x97EC1C9682F70091efB04e97b0B34698cF815EE1,1,13.41999,1.5663,1X2,Paris Saint Germain,UEFA Super Cup,Paris Saint Germain vs Aston Villa,Paris Saint Germain,Aston Villa,0xd90089ceb0c9854c3d68a3f09fc4fa855b3a26537e60e3a02b69256aaacd29db,L19066036,0,0,SUCCESS,1,1786536076,1786561200,23.699762,SXR,0x6629Ce1Cf35Cc1329ebB4F63202F3f197b3F050B
0xfb792909eddc0b9b127c130b05e15da80b699855c5491bd2ba534067ec84b1e9,0xFD3a22179CA4104E97c670b834750Bd7Ff310b17,1,3.08,1.1963,1X2,Aston Villa,UEFA Super Cup,Paris Saint Germain vs Aston Villa,Paris Saint Germain,Aston Villa,0x7d79a11368f71901641550937f2120d0c09dccfc84328fabe81c1eb7847ce4b5,L19066036,0,0,SUCCESS,1,1786536053,1786561200,15.694268,SXR,0x6629Ce1Cf35Cc1329ebB4F63202F3f197b3F050B
0xc7622eb4199467ff6bd38c8263bd99e488b58c2fca7d600a5a9f79be257c3d97,0xFD3a22179CA4104E97c670b834750Bd7Ff310b17,1,15.98,1.1963,1X2,Aston Villa,UEFA Super Cup,Paris Saint Germain vs Aston Villa,Paris Saint Germain,Aston Villa,0x7d79a11368f71901641550937f2120d0c09dccfc84328fabe81c1eb7847ce4b5,L19066036,0,0,SUCCESS,1,1786535990,1786561200,81.426752,SXR,0x6629Ce1Cf35Cc1329ebB4F63202F3f197b3F050B
0x3c8a80674b4404d21daab625c4e38704432f69b9dca844b8c16af381aaf1fc5d,0xFD3a22179CA4104E97c670b834750Bd7Ff310b17,1,51.32,1.1963,1X2,Aston Villa,UEFA Super Cup,Paris Saint Germain vs Aston Villa,Paris Saint Germain,Aston Villa,0x7d79a11368f71901641550937f2120d0c09dccfc84328fabe81c1eb7847ce4b5,L19066036,0,0,SUCCESS,1,1786535961,1786561200,261.503185,SXR,0x6629Ce1Cf35Cc1329ebB4F63202F3f197b3F050B
0x514490be7b4c03f5261e4d071f4631d7d65e28b1ce81b4c22cf35affd5560d42,0xFD3a22179CA4104E97c670b834750Bd7Ff310b17,1,10.79,1.2388,1X2,Tie,UEFA Super Cup,Paris Saint Germain vs Aston Villa,Paris Saint Germain,Aston Villa,0x82142b3963732a3fdd36aa8afa37f80a8be5d40f1cde3d8c81b2a40f833fd442,L19066036,0,0,SUCCESS,1,1786535922,1786561200,45.193717,SXR,0x6629Ce1Cf35Cc1329ebB4F63202F3f197b3F050B
0x26de30edd70e3ea8e5997078dbddce2d7466701cf4fd0383bd730cc1f35585b6,0xFD3a22179CA4104E97c670b834750Bd7Ff310b17,1,2.17,1.2388,1X2,Tie,UEFA Super Cup,Paris Saint Germain vs Aston Villa,Paris Saint Germain,Aston Villa,0x82142b3963732a3fdd36aa8afa37f80a8be5d40f1cde3d8c81b2a40f833fd442,L19066036,0,0,SUCCESS,1,1786535624,1786561200,9.089005,SXR,0x6629Ce1Cf35Cc1329ebB4F63202F3f197b3F050B
0x3afc01a6d96e8e1a403a5deefaf32f14ed94028cc03d8e48b20fcc472eaecdda,0xA44AB2Cf43d5D82896598FF80855897B50aC323A,1,300,1.5663,1X2,Paris Saint Germain,UEFA Super Cup,Paris Saint Germain vs Aston Villa,Paris Saint Germain,Aston Villa,0xd90089ceb0c9854c3d68a3f09fc4fa855b3a26537e60e3a02b69256aaacd29db,L19066036,0,0,SUCCESS,1,1786535605,1786561200,529.801325,SXR,0x6629Ce1Cf35Cc1329ebB4F63202F3f197b3F050B
0xe82f5b2f723fc3de3fb775e505cd3e15659d590a88e52e724595e5588370c9fc,0x942AD52B2A0b8F1f905328B1263cA99CCf0eB651,,988.64268,1.7637,1X2,,UEFA Super Cup,Paris Saint Germain vs Aston Villa,Paris Saint Germain,Aston Villa,0x82142b3963732a3fdd36aa8afa37f80a8be5d40f1cde3d8c81b2a40f833fd442,L19066036,0,0,SUCCESS,1,1786535339,1786561200,1294.458501,SXR,0x6629Ce1Cf35Cc1329ebB4F63202F3f197b3F050B
0x39e3f1f04e62fb13fefa3eaeff4aa9d943f2d790bf5ca9b91bcc56bc93f1d000,0x8268feC8dCb0D284343054BDf2b649286c9aA0a1,1,7.64343,1.2388,1X2,Tie,UEFA Super Cup,Paris Saint Germain vs Aston Villa,Paris Saint Germain,Aston Villa,0x82142b3963732a3fdd36aa8afa37f80a8be5d40f1cde3d8c81b2a40f833fd442,L19066036,0,0,SUCCESS,1,1786535332,1786561200,32.014366,SXR,0x6629Ce1Cf35Cc1329ebB4F63202F3f197b3F050B
0x0ce0f2bcaac79ea8c8d131eb134a1a229c65e5386d1f5707c35ec09c1f3eab51,0xFD3a22179CA4104E97c670b834750Bd7Ff310b17,1,47,1.2388,1X2,Tie,UEFA Super Cup,Paris Saint Germain vs Aston Villa,Paris Saint Germain,Aston Villa,0x82142b3963732a3fdd36aa8afa37f80a8be5d40f1cde3d8c81b2a40f833fd442,L19066036,0,0,SUCCESS,1,1786535215,1786561200,196.858639,SXR,0x6629Ce1Cf35Cc1329ebB4F63202F3f197b3F050B
0xbb154b662095ede0b24158af753f3b30ba2a61fea629ca58141498a0e8b39ad3,0x0DeAbC808957aBc9f4778C03b03CC1D2cBBC9D60,1,5,1.2388,1X2,Tie,UEFA Super Cup,Paris Saint Germain vs Aston Villa,Paris Saint Germain,Aston Villa,0x82142b3963732a3fdd36aa8afa37f80a8be5d40f1cde3d8c81b2a40f833fd442,L19066036,0,0,SUCCESS,1,1786535193,1786561200,20.942408,SXR,0x6629Ce1Cf35Cc1329ebB4F63202F3f197b3F050B
0x3da26454c144232362e00f79cded6cb3caf9b7bc5c757d8c2be71dc2037b8f6d,0x8268feC8dCb0D284343054BDf2b649286c9aA0a1,1,30.71,1.2388,1X2,Tie,UEFA Super Cup,Paris Saint Germain vs Aston Villa,Paris Saint Germain,Aston Villa,0x82142b3963732a3fdd36aa8afa37f80a8be5d40f1cde3d8c81b2a40f833fd442,L19066036,0,0,SUCCESS,1,1786535170,1786561200,128.628272,SXR,0x6629Ce1Cf35Cc1329ebB4F63202F3f197b3F050B
0xeab49e23325a8990df59d27459af792b494f47fee28a0c433333cf61c3e2d3bb,0xFD3a22179CA4104E97c670b834750Bd7Ff310b17,1,12.12,1.2388,1X2,Tie,UEFA Super Cup,Paris Saint Germain vs Aston Villa,Paris Saint Germain,Aston Villa,0x82142b3963732a3fdd36aa8afa37f80a8be5d40f1cde3d8c81b2a40f833fd442,L19066036,0,0,SUCCESS,1,1786535115,1786561200,50.764398,SXR,0x6629Ce1Cf35Cc1329ebB4F63202F3f197b3F050B
0xf0bc4fdb6499ae66ecab13165c0880b8e3a206b7fbf4eb8dec934d9754c6a395,0xFD3a22179CA4104E97c670b834750Bd7Ff310b17,1,88.52,1.2388,1X2,Tie,UEFA Super Cup,Paris Saint Germain vs Aston Villa,Paris Saint Germain,Aston Villa,0x82142b3963732a3fdd36aa8afa37f80a8be5d40f1cde3d8c81b2a40f833fd442,L19066036,0,0,SUCCESS,1,1786534990,1786561200,370.764398,SXR,0x6629Ce1Cf35Cc1329ebB4F63202F3f197b3F050B
0x75e8b5cb2a75ec833728cf4344185a18f5d3f9ad6640e29b7419f27b6c65c79f,0xFD3a22179CA4104E97c670b834750Bd7Ff310b17,,18.86,1.4363,1X2,,UEFA Super Cup,Paris Saint Germain vs Aston Villa,Paris Saint Germain,Aston Villa,0xd90089ceb0c9854c3d68a3f09fc4fa855b3a26537e60e3a02b69256aaacd29db,L19066036,0,0,SUCCESS,1,1786534877,1786561200,43.232092,SXR,0x6629Ce1Cf35Cc1329ebB4F63202F3f197b3F050B
0xf1760398e75702f5b9b8983eb9ffc0ce00e9442c1b5d3a9816e19cfebeee445e,0xA44AB2Cf43d5D82896598FF80855897B50aC323A,1,25.5,1.565,1X2,Paris Saint Germain,UEFA Super Cup,Paris Saint Germain vs Aston Villa,Paris Saint Germain,Aston Villa,0xd90089ceb0c9854c3d68a3f09fc4fa855b3a26537e60e3a02b69256aaacd29db,L19066036,0,0,SUCCESS,1,1786534442,1786561200,45.132743,SXR,0x6629Ce1Cf35Cc1329ebB4F63202F3f197b3F050B
0x7e261025af41f302b1c6365a8f10f92b9afc33779c016002927ee32f852038b3,0xFD3a22179CA4104E97c670b834750Bd7Ff310b17,,1.16,1.4688,Under/Over (2.5),,UEFA Super Cup,Paris Saint Germain vs Aston Villa,Paris Saint Germain,Aston Villa,0x40d2c11bb90148bb1491fd1a5f8f94c6aaefad0b17bf95ff4a50b41a9a0b9b2f,L19066036,0,0,SUCCESS,1,1786534402,1786561200,2.474667,SXR,0x6629Ce1Cf35Cc1329ebB4F63202F3f197b3F050B
0x7d530f563c7601f41d2db232b2f2d123411be656856e34f7150db338875f7f61,0xFD3a22179CA4104E97c670b834750Bd7Ff310b17,,1.77,1.4688,Under/Over (2.5),,UEFA Super Cup,Paris Saint Germain vs Aston Villa,Paris Saint Germain,Aston Villa,0x40d2c11bb90148bb1491fd1a5f8f94c6aaefad0b17bf95ff4a50b41a9a0b9b2f,L19066036,0,0,SUCCESS,1,1786534399,1786561200,3.776,SXR,0x6629Ce1Cf35Cc1329ebB4F63202F3f197b3F050B
0x92bf25969c3c5a109e167afbd78d70a25fe7c849ed2901aca8c620f0945b6dea,0xFD3a22179CA4104E97c670b834750Bd7Ff310b17,,2.16,1.4688,Under/Over (2.5),,UEFA Super Cup,Paris Saint Germain vs Aston Villa,Paris Saint Germain,Aston Villa,0x40d2c11bb90148bb1491fd1a5f8f94c6aaefad0b17bf95ff4a50b41a9a0b9b2f,L19066036,0,0,SUCCESS,1,1786534370,1786561200,4.608,SXR,0x6629Ce1Cf35Cc1329ebB4F63202F3f197b3F050B
0x36e546f39b37164914e376025f46c6e2eddf0cde184beff0c07c3dc3cfb68d0b,0xA44AB2Cf43d5D82896598FF80855897B50aC323A,1,739.99999,1.5663,1X2,Paris Saint Germain,UEFA Super Cup,Paris Saint Germain vs Aston Villa,Paris Saint Germain,Aston Villa,0xd90089ceb0c9854c3d68a3f09fc4fa855b3a26537e60e3a02b69256aaacd29db,L19066036,0,0,SUCCESS,1,1786534362,1786561200,1306.843249,SXR,0x6629Ce1Cf35Cc1329ebB4F63202F3f197b3F050B
0xa100a2cc34875bea9b43a52c31044caf35cdc3bfa09d3712c2243f8fcacf3cb5,0xA44AB2Cf43d5D82896598FF80855897B50aC323A,1,27.12999,1.565,1X2,Paris Saint Germain,UEFA Super Cup,Paris Saint Germain vs Aston Villa,Paris Saint Germain,Aston Villa,0xd90089ceb0c9854c3d68a3f09fc4fa855b3a26537e60e3a02b69256aaacd29db,L19066036,0,0,SUCCESS,1,1786534339,1786561200,48.017681,SXR,0x6629Ce1Cf35Cc1329ebB4F63202F3f197b3F050B
0x0bd1d97f45a2276286ad1fcd5b071f5ad54dca830de54d6beff5e29d098bf642,0xA44AB2Cf43d5D82896598FF80855897B50aC323A,1,23.43,1.565,1X2,Paris Saint Germain,UEFA Super Cup,Paris Saint Germain vs Aston Villa,Paris Saint Germain,Aston Villa,0xd90089ceb0c9854c3d68a3f09fc4fa855b3a26537e60e3a02b69256aaacd29db,L19066036,0,0,SUCCESS,1,1786534276,1786561200,41.469027,SXR,0x6629Ce1Cf35Cc1329ebB4F63202F3f197b3F050B
0xda060d4cffdaa35b6aab9fc973da87af964de24ebab86b54935262d45b72b21d,0xA44AB2Cf43d5D82896598FF80855897B50aC323A,1,27.14494,1.565,1X2,Paris Saint Germain,UEFA Super Cup,Paris Saint Germain vs Aston Villa,Paris Saint Germain,Aston Villa,0xd90089ceb0c9854c3d68a3f09fc4fa855b3a26537e60e3a02b69256aaacd29db,L19066036,0,0,SUCCESS,1,1786534256,1786561200,48.044142,SXR,0x6629Ce1Cf35Cc1329ebB4F63202F3f197b3F050B
0x4ed7c451d468eaeff4f6920b556b88fdeef3cc78b77cb402da50560b0b767c92,0xFD3a22179CA4104E97c670b834750Bd7Ff310b17,,1.12,1.4688,Under/Over (2.5),,UEFA Super Cup,Paris Saint Germain vs Aston Villa,Paris Saint Germain,Aston Villa,0x40d2c11bb90148bb1491fd1a5f8f94c6aaefad0b17bf95ff4a50b41a9a0b9b2f,L19066036,0,0,SUCCESS,1,1786534018,1786561200,2.389333,SXR,0x6629Ce1Cf35Cc1329ebB4F63202F3f197b3F050B
0xdfa4250e9ef63df94bc5b2e3df7a6e1a963c57a61763b8cdbd1f64b6fc363cb4,0x97EC1C9682F70091efB04e97b0B34698cF815EE1,,8.69,1.435,1X2,,UEFA Super Cup,Paris Saint Germain vs Aston Villa,Paris Saint Germain,Aston Villa,0xd90089ceb0c9854c3d68a3f09fc4fa855b3a26537e60e3a02b69256aaacd29db,L19066036,0,0,SUCCESS,1,1786533868,1786561200,19.977011,SXR,0x6629Ce1Cf35Cc1329ebB4F63202F3f197b3F050B
0x7789014b64ba5b72b82395697eaf1187d3020924a4887637f6e19053a1b83f23,0xFD3a22179CA4104E97c670b834750Bd7Ff310b17,,1.12,1.4688,Under/Over (2.5),,UEFA Super Cup,Paris Saint Germain vs Aston Villa,Paris Saint Germain,Aston Villa,0x40d2c11bb90148bb1491fd1a5f8f94c6aaefad0b17bf95ff4a50b41a9a0b9b2f,L19066036,0,0,SUCCESS,1,1786533858,1786561200,2.389333,SXR,0x6629Ce1Cf35Cc1329ebB4F63202F3f197b3F050B
0xf05b89831ea57a0339c9a7b739407e92c14ec65cc559171bb0f31f82b8287da0,0xFD3a22179CA4104E97c670b834750Bd7Ff310b17,,1.11,1.4688,Under/Over (2.5),,UEFA Super Cup,Paris Saint Germain vs Aston Villa,Paris Saint Germain,Aston Villa,0x40d2c11bb90148bb1491fd1a5f8f94c6aaefad0b17bf95ff4a50b41a9a0b9b2f,L19066036,0,0,SUCCESS,1,1786533507,1786561200,2.368,SXR,0x6629Ce1Cf35Cc1329ebB4F63202F3f197b3F050B
0xfe27e3a115711d5ff7c7b6ec59da82bbdd65a61c947c35b7ee27ed287aa67bc6,0xFD3a22179CA4104E97c670b834750Bd7Ff310b17,1,2.5,1.3162,Under/Over (3.5),Over 3.5,UEFA Super Cup,Paris Saint Germain vs Aston Villa,Paris Saint Germain,Aston Villa,0x1eb0162b5ef5cce461102a0a0589d643a0342cf1c36981096646de6b5d6f255c,L19066036,0,0,SUCCESS,1,1786533222,1786561200,7.905138,SXR,0x6629Ce1Cf35Cc1329ebB4F63202F3f197b3F050B
0x7f544a7cdacb501418c4c755fd4efaab8e98263ee421aa7ec06b450365709e7e,0xFD3a22179CA4104E97c670b834750Bd7Ff310b17,,1.81,1.2563,UEFA Super Cup,,UEFA Super Cup,Paris Saint Germain vs Aston Villa,Paris Saint Germain,Aston Villa,0x79833fc6a3f6648404ca4b99628add02ce86c2c2d0053296c7e23bea43b238d1,L19066036,0,0,SUCCESS,1,1786533222,1786561200,7.063415,SXR,0x6629Ce1Cf35Cc1329ebB4F63202F3f197b3F050B
0x7eb250d920993bb49ea80ec323dd8a96cc6b3aed5a1a8229ac2510dc11be352a,0xFD3a22179CA4104E97c670b834750Bd7Ff310b17,1,81.35,1.195,1X2,Aston Villa,UEFA Super Cup,Paris Saint Germain vs Aston Villa,Paris Saint Germain,Aston Villa,0x7d79a11368f71901641550937f2120d0c09dccfc84328fabe81c1eb7847ce4b5,L19066036,0,0,SUCCESS,1,1786533222,1786561200,417.179487,SXR,0x6629Ce1Cf35Cc1329ebB4F63202F3f197b3F050B
0x546fd76a060ceec95b3fad886f549866ddb3e849edf04ecae0af5188dbc2c439,0xFD3a22179CA4104E97c670b834750Bd7Ff310b17,,204.91949,1.4363,1X2,,UEFA Super Cup,Paris Saint Germain vs Aston Villa,Paris Saint Germain,Aston Villa,0xd90089ceb0c9854c3d68a3f09fc4fa855b3a26537e60e3a02b69256aaacd29db,L19066036,0,0,SUCCESS,1,1786533222,1786561200,469.72949,SXR,0x6629Ce1Cf35Cc1329ebB4F63202F3f197b3F050B
0x91a6d33ae85f857a235b989c62bbffc2a0c5e91fd35c1966f45eabd77b9c6d7b,0x97EC1C9682F70091efB04e97b0B34698cF815EE1,,21.52,1.435,Asian Handicap (-0.5),,UEFA Super Cup,Paris Saint Germain vs Aston Villa,Paris Saint Germain,Aston Villa,0x633e1f4af7bf294be4c13c5c783beb3d10adbea62e87950389cb3cfa326086cb,L19066036,0,0,SUCCESS,1,1786533036,1786561200,49.471264,SXR,0x6629Ce1Cf35Cc1329ebB4F63202F3f197b3F050B
0xbd57eb1b07abf16fc55fd5cbf8647fdba4814dcd5f00b5a95d163ef1e0a300b1,0xFD3a22179CA4104E97c670b834750Bd7Ff310b17,,2.03,1.4688,Under/Over (2.5),,UEFA Super Cup,Paris Saint Germain vs Aston Villa,Paris Saint Germain,Aston Villa,0x40d2c11bb90148bb1491fd1a5f8f94c6aaefad0b17bf95ff4a50b41a9a0b9b2f,L19066036,0,0,SUCCESS,1,1786533022,1786561200,4.330667,SXR,0x6629Ce1Cf35Cc1329ebB4F63202F3f197b3F050B
0x79cd8c8fac4f69f45a2fc4d14353f392cf145b48a900185400007234ac6cbf64,0xFD3a22179CA4104E97c670b834750Bd7Ff310b17,,1.11,1.4688,Under/Over (2.5),,UEFA Super Cup,Paris Saint Germain vs Aston Villa,Paris Saint Germain,Aston Villa,0x40d2c11bb90148bb1491fd1a5f8f94c6aaefad0b17bf95ff4a50b41a9a0b9b2f,L19066036,0,0,SUCCESS,1,1786533015,1786561200,2.368,SXR,0x6629Ce1Cf35Cc1329ebB4F63202F3f197b3F050B
0x2d40c9ef69c68e62e6f9fd5ee21cef3fb1d7fbc39385af5b93d4a0a761249ee0,0x97EC1C9682F70091efB04e97b0B34698cF815EE1,,14.24,1.5825,Asian Handicap (-1),,UEFA Super Cup,Paris Saint Germain vs Aston Villa,Paris Saint Germain,Aston Villa,0x67230bcb83f942bc217c5d745ea1712885e0906db6bd151cb38c9c1c8672117b,L19066036,0,0,SUCCESS,1,1786532985,1786561200,24.446352,SXR,0x6629Ce1Cf35Cc1329ebB4F63202F3f197b3F050B
0x797387ec8f23f66df4b24a878d3d4b6666624c769be8de845006e8bcb9b9b55b,0xFD3a22179CA4104E97c670b834750Bd7Ff310b17,,1.11,1.4675,Under/Over (2.5),,UEFA Super Cup,Paris Saint Germain vs Aston Villa,Paris Saint Germain,Aston Villa,0x40d2c11bb90148bb1491fd1a5f8f94c6aaefad0b17bf95ff4a50b41a9a0b9b2f,L19066036,0,0,SUCCESS,1,1786532883,1786561200,2.374332,SXR,0x6629Ce1Cf35Cc1329ebB4F63202F3f197b3F050B
0x97e304fe034eb133a58f8b4c66ad326790ebe9bb96013900cc1798207d111ac8,0xD8518860aAe6Ee71d9b799980801e84A3F422315,,117.25195,1.4387,1X2,,UEFA Super Cup,Paris Saint Germain vs Aston Villa,Paris Saint Germain,Aston Villa,0xd90089ceb0c9854c3d68a3f09fc4fa855b3a26537e60e3a02b69256aaacd29db,L19066036,0,0,SUCCESS,1,1786532742,1786561200,267.240912,SXR,0x6629Ce1Cf35Cc1329ebB4F63202F3f197b3F050B
0xb06adc3807686ae90720f0504da569ad3472cd1b05beabc492fe56878c55db7c,0xCEe90381E99774720969aA47E91c0Bd669f3D64E,1,20,1.5713,1X2,Paris Saint Germain,UEFA Super Cup,Paris Saint Germain vs Aston Villa,Paris Saint Germain,Aston Villa,0xd90089ceb0c9854c3d68a3f09fc4fa855b3a26537e60e3a02b69256aaacd29db,L19066036,0,0,SUCCESS,1,1786532543,1786561200,35.010941,SXR,0x6629Ce1Cf35Cc1329ebB4F63202F3f197b3F050B
0x3612b05032c2afc02aea3670ff1187aaf7021449c4e26a504a3db05c86d7422c,0xA44AB2Cf43d5D82896598FF80855897B50aC323A,1,19.38,1.5688,1X2,Paris Saint Germain,UEFA Super Cup,Paris Saint Germain vs Aston Villa,Paris Saint Germain,Aston Villa,0xd90089ceb0c9854c3d68a3f09fc4fa855b3a26537e60e3a02b69256aaacd29db,L19066036,0,0,SUCCESS,1,1786532504,1786561200,34.074725,SXR,0x6629Ce1Cf35Cc1329ebB4F63202F3f197b3F050B
0xfb95673c978dc2be3c4819d42c88364d9774ab251b77af4200f8662d06f24bdc,0xA44AB2Cf43d5D82896598FF80855897B50aC323A,1,33.07999,1.5688,1X2,Paris Saint Germain,UEFA Super Cup,Paris Saint Germain vs Aston Villa,Paris Saint Germain,Aston Villa,0xd90089ceb0c9854c3d68a3f09fc4fa855b3a26537e60e3a02b69256aaacd29db,L19066036,0,0,SUCCESS,1,1786532440,1786561200,58.16262,SXR,0x6629Ce1Cf35Cc1329ebB4F63202F3f197b3F050B
0xfe4d23b20e4540ff0be3826578254b810a663791687978ad98e1829ae2958a74,0xb363112BA7ed93A221Efb405496e4Fa3BE119D81,1,25,1.195,1X2,Aston Villa,UEFA Super Cup,Paris Saint Germain vs Aston Villa,Paris Saint Germain,Aston Villa,0x7d79a11368f71901641550937f2120d0c09dccfc84328fabe81c1eb7847ce4b5,L19066036,0,0,SUCCESS,1,1786532245,1786561200,128.205128,SXR,0x6629Ce1Cf35Cc1329ebB4F63202F3f197b3F050B
0x505d2f4be98c87e824576fe59d51617b2b7ad6fda609fb75782c487b63feb3f3,0xD8518860aAe6Ee71d9b799980801e84A3F422315,,144.26211,1.4363,1X2,,UEFA Super Cup,Paris Saint Germain vs Aston Villa,Paris Saint Germain,Aston Villa,0xd90089ceb0c9854c3d68a3f09fc4fa855b3a26537e60e3a02b69256aaacd29db,L19066036,0,0,SUCCESS,1,1786532203,1786561200,330.686785,SXR,0x6629Ce1Cf35Cc1329ebB4F63202F3f197b3F050B
0x514a60373a8db993915e4084e7a4d7f2b6e63e85dcdd88b65957986c38614f2b,0xA44AB2Cf43d5D82896598FF80855897B50aC323A,1,15.53999,1.5675,1X2,Paris Saint Germain,UEFA Super Cup,Paris Saint Germain vs Aston Villa,Paris Saint Germain,Aston Villa,0xd90089ceb0c9854c3d68a3f09fc4fa855b3a26537e60e3a02b69256aaacd29db,L19066036,0,0,SUCCESS,1,1786532028,1786561200,27.383242,SXR,0x6629Ce1Cf35Cc1329ebB4F63202F3f197b3F050B
0xed472c07d1f997ad30f782ed16a65bbafa3eb14dd76cc4b4bfb909b62d058f9d,0x0C2DA7fC8702784d6f75c78Da25460783A6709a0,1,1.5,1.4912,Under/Over (2.5),Over 2.5,UEFA Super Cup,Paris Saint Germain vs Aston Villa,Paris Saint Germain,Aston Villa,0x40d2c11bb90148bb1491fd1a5f8f94c6aaefad0b17bf95ff4a50b41a9a0b9b2f,L19066036,0,0,SUCCESS,1,1786532021,1786561200,3.053435,SXR,0x6629Ce1Cf35Cc1329ebB4F63202F3f197b3F050B
0x680d95bfe72aae33eaec513a29b1e381e46cb5c452a2419e9279dbabc9f30e12,0x0C2DA7fC8702784d6f75c78Da25460783A6709a0,1,1.5,1.4912,Under/Over (3),Over 3.0,UEFA Super Cup,Paris Saint Germain vs Aston Villa,Paris Saint Germain,Aston Villa,0x1680a9183d7746c5c4672e850418adf866cefd179c8c9fa8a47ddd9aae14f195,L19066036,0,0,SUCCESS,1,1786532021,1786561200,3.053435,SXR,0x6629Ce1Cf35Cc1329ebB4F63202F3f197b3F050B
0xfc4e7b885b8bb4e3567f762732e675408f13417e0a2e655d9ad864f7e377ad7a,0x0DeAbC808957aBc9f4778C03b03CC1D2cBBC9D60,,5,1.4363,1X2,,UEFA Super Cup,Paris Saint Germain vs Aston Villa,Paris Saint Germain,Aston Villa,0xd90089ceb0c9854c3d68a3f09fc4fa855b3a26537e60e3a02b69256aaacd29db,L19066036,0,0,SUCCESS,1,1786531901,1786561200,11.461318,SXR,0x6629Ce1Cf35Cc1329ebB4F63202F3f197b3F050B
0xfdfcae11281aa9f96acef0155c1deac195b45e28abbc515aa1a10469b79cf051,0x8268feC8dCb0D284343054BDf2b649286c9aA0a1,,21.52672,1.435,Asian Handicap (-0.5),,UEFA Super Cup,Paris Saint Germain vs Aston Villa,Paris Saint Germain,Aston Villa,0x633e1f4af7bf294be4c13c5c783beb3d10adbea62e87950389cb3cfa326086cb,L19066036,0,0,SUCCESS,1,1786531889,1786561200,49.486713,SXR,0x6629Ce1Cf35Cc1329ebB4F63202F3f197b3F050B
0xe8c3790f7bdec92e9107ccc0437b26243dc94fb56070b76a7ea99650f80d76e8,0x8268feC8dCb0D284343054BDf2b649286c9aA0a1,,10.45553,1.4363,1X2,,UEFA Super Cup,Paris Saint Germain vs Aston Villa,Paris Saint Germain,Aston Villa,0xd90089ceb0c9854c3d68a3f09fc4fa855b3a26537e60e3a02b69256aaacd29db,L19066036,0,0,SUCCESS,1,1786531880,1786561200,23.966831,SXR,0x6629Ce1Cf35Cc1329ebB4F63202F3f197b3F050B
0x3b57a63931f1975d6c13bc347880baa969d69c43cabc7b60dc53b9c6bd41d5e4,0x8268feC8dCb0D284343054BDf2b649286c9aA0a1,,21.52672,1.435,Asian Handicap (-0.5),,UEFA Super Cup,Paris Saint Germain vs Aston Villa,Paris Saint Germain,Aston Villa,0x633e1f4af7bf294be4c13c5c783beb3d10adbea62e87950389cb3cfa326086cb,L19066036,0,0,SUCCESS,1,1786531874,1786561200,49.486713,SXR,0x6629Ce1Cf35Cc1329ebB4F63202F3f197b3F050B
0xe26d5e438ec9cce18eb6d331d4c21f3535183a14462767ebc51ebc59c1ac4836,0x7E3a6e22cac4eECeceCc7D9086d7c0fE1195Ec16,1,1.91027,1.5688,1X2,Paris Saint Germain,UEFA Super Cup,Paris Saint Germain vs Aston Villa,Paris Saint Germain,Aston Villa,0xd90089ceb0c9854c3d68a3f09fc4fa855b3a26537e60e3a02b69256aaacd29db,L19066036,0,0,SUCCESS,1,1786531835,1786561200,3.358716,SXR,0x6629Ce1Cf35Cc1329ebB4F63202F3f197b3F050B
0xa5557df3dbb69a32945f03774e22647dff4b759812d9dce606843ff38115fb5d,0x0DeAbC808957aBc9f4778C03b03CC1D2cBBC9D60,,5,1.4363,1X2,,UEFA Super Cup,Paris Saint Germain vs Aston Villa,Paris Saint Germain,Aston Villa,0xd90089ceb0c9854c3d68a3f09fc4fa855b3a26537e60e3a02b69256aaacd29db,L19066036,0,0,SUCCESS,1,1786531800,1786561200,11.461318,SXR,0x6629Ce1Cf35Cc1329ebB4F63202F3f197b3F050B
0x01a3feaa1a7d9febda9583fb44f00cb71583a31540b6617d9b6c944c308d8bcd,0x8268feC8dCb0D284343054BDf2b649286c9aA0a1,,407.0984,1.435,1X2,,UEFA Super Cup,Paris Saint Germain vs Aston Villa,Paris Saint Germain,Aston Villa,0xd90089ceb0c9854c3d68a3f09fc4fa855b3a26537e60e3a02b69256aaacd29db,L19066036,0,0,SUCCESS,1,1786531783,1786561200,935.858391,SXR,0x6629Ce1Cf35Cc1329ebB4F63202F3f197b3F050B
0xfb3fdabef6d6596c98e432cef56db7b15f1583f520b628a3b33b38ae15317602,0xA44AB2Cf43d5D82896598FF80855897B50aC323A,1,27.45,1.5688,1X2,Paris Saint Germain,UEFA Super Cup,Paris Saint Germain vs Aston Villa,Paris Saint Germain,Aston Villa,0xd90089ceb0c9854c3d68a3f09fc4fa855b3a26537e60e3a02b69256aaacd29db,L19066036,0,0,SUCCESS,1,1786531740,1786561200,48.263736,SXR,0x6629Ce1Cf35Cc1329ebB4F63202F3f197b3F050B
0x3fa3ea3c12fbb8cfa1c6b04495415f67c53f5d02a2e0cea28217ce49112e4f15,0xFD3a22179CA4104E97c670b834750Bd7Ff310b17,,26.56,1.435,1X2,,UEFA Super Cup,Paris Saint Germain vs Aston Villa,Paris Saint Germain,Aston Villa,0xd90089ceb0c9854c3d68a3f09fc4fa855b3a26537e60e3a02b69256aaacd29db,L19066036,0,0,SUCCESS,1,1786531589,1786561200,61.057471,SXR,0x6629Ce1Cf35Cc1329ebB4F63202F3f197b3F050B
0xeb78c4252ab0c4ff2e3e4d01cb70ecf1610d997b840fef7255098a8846e13228,0x0DeAbC808957aBc9f4778C03b03CC1D2cBBC9D60,,4.99998,1.8125,1X2,,UEFA Super Cup,Paris Saint Germain vs Aston Villa,Paris Saint Germain,Aston Villa,0x7d79a11368f71901641550937f2120d0c09dccfc84328fabe81c1eb7847ce4b5,L19066036,0,0,SUCCESS,1,1786531565,1786561200,6.153822,SXR,0x6629Ce1Cf35Cc1329ebB4F63202F3f197b3F050B
0x4c1dc8478e98ece80c5024d63146e0705cc7c4191aa052e4a48cf64922b84bd5,0x8268feC8dCb0D284343054BDf2b649286c9aA0a1,1,5.10018,1.3213,Asian Handicap (-1.5),Paris Saint Germain -1.5,UEFA Super Cup,Paris Saint Germain vs Aston Villa,Paris Saint Germain,Aston Villa,0x409d8b258d8921e8f4a2c11460cbb794c2d8610abb209e4090e8a8ae8f39d2d7,L19066036,0,0,SUCCESS,1,1786531532,1786561200,15.876047,SXR,0x6629Ce1Cf35Cc1329ebB4F63202F3f197b3F050B
0xe8c093c059c2c35ab9b4718383ef1c6ef4acb25adfb069bae7abcfb27f1048a6,0x8268feC8dCb0D284343054BDf2b649286c9aA0a1,,904.13049,1.81,1X2,,UEFA Super Cup,Paris Saint Germain vs Aston Villa,Paris Saint Germain,Aston Villa,0x7d79a11368f71901641550937f2120d0c09dccfc84328fabe81c1eb7847ce4b5,L19066036,0,0,SUCCESS,1,1786531531,1786561200,1116.210481,SXR,0x6629Ce1Cf35Cc1329ebB4F63202F3f197b3F050B
0x45314a14a3f68f5d979f7b61c24b5ed600e7217c88ee42d4167baba01c839126,0x8268feC8dCb0D284343054BDf2b649286c9aA0a1,1,55.15999,1.565,1X2,Paris Saint Germain,UEFA Super Cup,Paris Saint Germain vs Aston Villa,Paris Saint Germain,Aston Villa,0xd90089ceb0c9854c3d68a3f09fc4fa855b3a26537e60e3a02b69256aaacd29db,L19066036,0,0,SUCCESS,1,1786531531,1786561200,97.628301,SXR,0x6629Ce1Cf35Cc1329ebB4F63202F3f197b3F050B
0x2b404359d1e9847628ab51919f87ab499f83dc7b0c9be7418e38c1024d9d13b4,0x8268feC8dCb0D284343054BDf2b649286c9aA0a1,1,7.46152,1.4275,Asian Handicap (-1),Paris Saint Germain -1,UEFA Super Cup,Paris Saint Germain vs Aston Villa,Paris Saint Germain,Aston Villa,0x67230bcb83f942bc217c5d745ea1712885e0906db6bd151cb38c9c1c8672117b,L19066036,0,0,SUCCESS,1,1786531531,1786561200,17.453848,SXR,0x6629Ce1Cf35Cc1329ebB4F63202F3f197b3F050B
0xd14fdf2ad2befe523ddf44d89ba7640f662fb429124ee8dceae4d875ff5e2f5b,0x97EC1C9682F70091efB04e97b0B34698cF815EE1,,13.61,1.4363,1X2,,UEFA Super Cup,Paris Saint Germain vs Aston Villa,Paris Saint Germain,Aston Villa,0xd90089ceb0c9854c3d68a3f09fc4fa855b3a26537e60e3a02b69256aaacd29db,L19066036,0,0,SUCCESS,1,1786531516,1786561200,31.197708,SXR,0x6629Ce1Cf35Cc1329ebB4F63202F3f197b3F050B
0xfe686fd58126635c62c3dda091dcc9f4aa2d059413492a20ccd6b6cef25d24c1,0xFD3a22179CA4104E97c670b834750Bd7Ff310b17,,16.24,1.4363,1X2,,UEFA Super Cup,Paris Saint Germain vs Aston Villa,Paris Saint Germain,Aston Villa,0xd90089ceb0c9854c3d68a3f09fc4fa855b3a26537e60e3a02b69256aaacd29db,L19066036,0,0,SUCCESS,1,1786531261,1786561200,37.226361,SXR,0x6629Ce1Cf35Cc1329ebB4F63202F3f197b3F050B
0x482a5438dd3ae2720a1d4c8c0e8ace2f48035dc17e41a2be3a3f133df166406b,0xA44AB2Cf43d5D82896598FF80855897B50aC323A,1,206.05445,1.5725,1X2,Paris Saint Germain,UEFA Super Cup,Paris Saint Germain vs Aston Villa,Paris Saint Germain,Aston Villa,0xd90089ceb0c9854c3d68a3f09fc4fa855b3a26537e60e3a02b69256aaacd29db,L19066036,0,0,SUCCESS,1,1786531261,1786561200,359.920437,SXR,0x6629Ce1Cf35Cc1329ebB4F63202F3f197b3F050B
0xa7f3f7122ec819231e60b5735b0fa564cbf632acc5bd62483d7d1d021b58c28f,0xA44AB2Cf43d5D82896598FF80855897B50aC323A,1,21.66,1.5688,1X2,Paris Saint Germain,UEFA Super Cup,Paris Saint Germain vs Aston Villa,Paris Saint Germain,Aston Villa,0xd90089ceb0c9854c3d68a3f09fc4fa855b3a26537e60e3a02b69256aaacd29db,L19066036,0,0,SUCCESS,1,1786531165,1786561200,38.083516,SXR,0x6629Ce1Cf35Cc1329ebB4F63202F3f197b3F050B
0x4b5e7683d79f310f13591b845627243fcdcada52341eea4fff905628241e5eb1,0x97EC1C9682F70091efB04e97b0B34698cF815EE1,,13.12,1.4363,1X2,,UEFA Super Cup,Paris Saint Germain vs Aston Villa,Paris Saint Germain,Aston Villa,0xd90089ceb0c9854c3d68a3f09fc4fa855b3a26537e60e3a02b69256aaacd29db,L19066036,0,0,SUCCESS,1,1786531155,1786561200,30.074499,SXR,0x6629Ce1Cf35Cc1329ebB4F63202F3f197b3F050B
0xf85c6741e7d29bf235bf3272444f68c8b89c5f469e6994691579dfdb3b240668,0xFD3a22179CA4104E97c670b834750Bd7Ff310b17,,16.04,1.47,Under/Over (2.5),,UEFA Super Cup,Paris Saint Germain vs Aston Villa,Paris Saint Germain,Aston Villa,0x40d2c11bb90148bb1491fd1a5f8f94c6aaefad0b17bf95ff4a50b41a9a0b9b2f,L19066036,0,0,SUCCESS,1,1786530648,1786561200,34.12766,SXR,0x6629Ce1Cf35Cc1329ebB4F63202F3f197b3F050B
0x4cbb52c8429b97d5a97c611881fa6808c31ed097ba6f976c3acd8924955c1959,0xFD3a22179CA4104E97c670b834750Bd7Ff310b17,,10,1.47,Under/Over (2.5),,UEFA Super Cup,Paris Saint Germain vs Aston Villa,Paris Saint Germain,Aston Villa,0x40d2c11bb90148bb1491fd1a5f8f94c6aaefad0b17bf95ff4a50b41a9a0b9b2f,L19066036,0,0,SUCCESS,1,1786530541,1786561200,21.276596,SXR,0x6629Ce1Cf35Cc1329ebB4F63202F3f197b3F050B
0x36c511f0d877edbad1441e4804f223346438712b92472d2b8b12d7db7a67d7b8,0xA44AB2Cf43d5D82896598FF80855897B50aC323A,1,15.65,1.5688,1X2,Paris Saint Germain,UEFA Super Cup,Paris Saint Germain vs Aston Villa,Paris Saint Germain,Aston Villa,0xd90089ceb0c9854c3d68a3f09fc4fa855b3a26537e60e3a02b69256aaacd29db,L19066036,0,0,SUCCESS,1,1786530538,1786561200,27.516484,SXR,0x6629Ce1Cf35Cc1329ebB4F63202F3f197b3F050B
0x927350ee0ea2399760d9929ffc41314ecd0b1bbc986d99c59c38aa03395dfaba,0x0DeAbC808957aBc9f4778C03b03CC1D2cBBC9D60,,5,1.4375,1X2,,UEFA Super Cup,Paris Saint Germain vs Aston Villa,Paris Saint Germain,Aston Villa,0xd90089ceb0c9854c3d68a3f09fc4fa855b3a26537e60e3a02b69256aaacd29db,L19066036,0,0,SUCCESS,1,1786530303,1786561200,11.428571,SXR,0x6629Ce1Cf35Cc1329ebB4F63202F3f197b3F050B
0xe0378c045abe2f8a055008d58afe97b17641ef1ca781ddc134a3b6e8657f549a,0x8268feC8dCb0D284343054BDf2b649286c9aA0a1,,7.59188,1.4363,1X2,,UEFA Super Cup,Paris Saint Germain vs Aston Villa,Paris Saint Germain,Aston Villa,0xd90089ceb0c9854c3d68a3f09fc4fa855b3a26537e60e3a02b69256aaacd29db,L19066036,0,0,SUCCESS,1,1786530278,1786561200,17.40259,SXR,0x6629Ce1Cf35Cc1329ebB4F63202F3f197b3F050B
0xb94a5dfa9e46f1e1b735ecb32f5537d85da5e67566e04e3a362965bc3eae3f20,0xFD3a22179CA4104E97c670b834750Bd7Ff310b17,1,15.56852,1.3162,Under/Over (3.5),Over 3.5,UEFA Super Cup,Paris Saint Germain vs Aston Villa,Paris Saint Germain,Aston Villa,0x1eb0162b5ef5cce461102a0a0589d643a0342cf1c36981096646de6b5d6f255c,L19066036,0,0,SUCCESS,1,1786530234,1786561200,49.228522,SXR,0x6629Ce1Cf35Cc1329ebB4F63202F3f197b3F050B
0x221174030454bf01b110118d15ffc24fc3c12b1d9b2a2f5d8f2eb8810456508f,0xFD3a22179CA4104E97c670b834750Bd7Ff310b17,1,4.66796,1.3137,Under/Over (3.5),Over 3.5,UEFA Super Cup,Paris Saint Germain vs Aston Villa,Paris Saint Germain,Aston Villa,0x1eb0162b5ef5cce461102a0a0589d643a0342cf1c36981096646de6b5d6f255c,L19066036,0,0,SUCCESS,1,1786530233,1786561200,14.87796,SXR,0x6629Ce1Cf35Cc1329ebB4F63202F3f197b3F050B
0x69888374d95f31ba29233198bca478138312ab396332f886f623e0a3fe8efeda,0xFD3a22179CA4104E97c670b834750Bd7Ff310b17,,1.17,1.47,Under/Over (2.5),,UEFA Super Cup,Paris Saint Germain vs Aston Villa,Paris Saint Germain,Aston Villa,0x40d2c11bb90148bb1491fd1a5f8f94c6aaefad0b17bf95ff4a50b41a9a0b9b2f,L19066036,0,0,SUCCESS,1,1786530048,1786561200,2.489362,SXR,0x6629Ce1Cf35Cc1329ebB4F63202F3f197b3F050B
0xfdea87c836d9bb6d665212c6ec8b72ddb3d78d32f55fe0957e09f08aa09988d3,0xFD3a22179CA4104E97c670b834750Bd7Ff310b17,,5.52,1.47,Under/Over (2.5),,UEFA Super Cup,Paris Saint Germain vs Aston Villa,Paris Saint Germain,Aston Villa,0x40d2c11bb90148bb1491fd1a5f8f94c6aaefad0b17bf95ff4a50b41a9a0b9b2f,L19066036,0,0,SUCCESS,1,1786530015,1786561200,11.744681,SXR,0x6629Ce1Cf35Cc1329ebB4F63202F3f197b3F050B
0x7fb2a3c717ca1c7c42b439eb13ccbf8482643552f11acc0d987b90b9a35df675,0xA44AB2Cf43d5D82896598FF80855897B50aC323A,1,25.67,1.5688,1X2,Paris Saint Germain,UEFA Super Cup,Paris Saint Germain vs Aston Villa,Paris Saint Germain,Aston Villa,0xd90089ceb0c9854c3d68a3f09fc4fa855b3a26537e60e3a02b69256aaacd29db,L19066036,0,0,SUCCESS,1,1786529420,1786561200,45.134066,SXR,0x6629Ce1Cf35Cc1329ebB4F63202F3f197b3F050B
0xa6dcad606557db55503a63f580695d490e2bb11faa640422efae50f75063d1ed,0xFD3a22179CA4104E97c670b834750Bd7Ff310b17,1,1.85,1.3137,Under/Over (3.5),Over 3.5,UEFA Super Cup,Paris Saint Germain vs Aston Villa,Paris Saint Germain,Aston Villa,0x1eb0162b5ef5cce461102a0a0589d643a0342cf1c36981096646de6b5d6f255c,L19066036,0,0,SUCCESS,1,1786529292,1786561200,5.896414,SXR,0x6629Ce1Cf35Cc1329ebB4F63202F3f197b3F050B
0xa42b47654acc5d39b6110cd6e01dfa5e8dba7d6a6b7c381c51507fd2a9ababd9,0x8268feC8dCb0D284343054BDf2b649286c9aA0a1,,15.69849,1.435,1X2,,UEFA Super Cup,Paris Saint Germain vs Aston Villa,Paris Saint Germain,Aston Villa,0xd90089ceb0c9854c3d68a3f09fc4fa855b3a26537e60e3a02b69256aaacd29db,L19066036,0,0,SUCCESS,1,1786529263,1786561200,36.088483,SXR,0x6629Ce1Cf35Cc1329ebB4F63202F3f197b3F050B
0x46924c0e580ed635b40cf4b4a12fdae8db11cbf8449859ab6eda3e8755135a74,0x0DeAbC808957aBc9f4778C03b03CC1D2cBBC9D60,1,4.99999,1.57,Asian Handicap (-0.5),Paris Saint Germain -0.5,UEFA Super Cup,Paris Saint Germain vs Aston Villa,Paris Saint Germain,Aston Villa,0x633e1f4af7bf294be4c13c5c783beb3d10adbea62e87950389cb3cfa326086cb,L19066036,0,0,SUCCESS,1,1786528255,1786561200,8.771912,SXR,0x6629Ce1Cf35Cc1329ebB4F63202F3f197b3F050B
0xb4f42e503b578b09aba29376b5a434f5fd1df17c3dd11ca649f242c165875400,0x0DeAbC808957aBc9f4778C03b03CC1D2cBBC9D60,1,4.99998,1.75,UEFA Super Cup,Paris Saint Germain 0,UEFA Super Cup,Paris Saint Germain vs Aston Villa,Paris Saint Germain,Aston Villa,0x79833fc6a3f6648404ca4b99628add02ce86c2c2d0053296c7e23bea43b238d1,L19066036,0,0,SUCCESS,1,1786528254,1786561200,6.66664,SXR,0x6629Ce1Cf35Cc1329ebB4F63202F3f197b3F050B
0x0dde328b7237537ae7d15e8b30ce21102705bf460b5e63d8cd91847211f4bed5,0x0DeAbC808957aBc9f4778C03b03CC1D2cBBC9D60,1,4.99998,1.75,UEFA Super Cup,Paris Saint Germain,UEFA Super Cup,Paris Saint Germain vs Aston Villa,Paris Saint Germain,Aston Villa,0xe606a9a450716acc469c52d4cd4cc88af08c2e17027af860e1d62789a6948773,L19066036,0,0,SUCCESS,1,1786528251,1786561200,6.66664,SXR,0x6629Ce1Cf35Cc1329ebB4F63202F3f197b3F050B
0xf66802d42039e905be80418f0f40f3a6b1af974ff1ddba3d033a9d2e93668621,0x8268feC8dCb0D284343054BDf2b649286c9aA0a1,1,20.95,1.4238,Asian Handicap (-1),Paris Saint Germain -1,UEFA Super Cup,Paris Saint Germain vs Aston Villa,Paris Saint Germain,Aston Villa,0x67230bcb83f942bc217c5d745ea1712885e0906db6bd151cb38c9c1c8672117b,L19066036,0,0,SUCCESS,1,1786528244,1786561200,49.439528,SXR,0x6629Ce1Cf35Cc1329ebB4F63202F3f197b3F050B
0x807cd3b1db55e4e9da956adec69df82b1d8a21eef8df97faac941503f601c034,0x8268feC8dCb0D284343054BDf2b649286c9aA0a1,1,28.08999,1.5675,Asian Handicap (-0.5),Paris Saint Germain -0.5,UEFA Super Cup,Paris Saint Germain vs Aston Villa,Paris Saint Germain,Aston Villa,0x633e1f4af7bf294be4c13c5c783beb3d10adbea62e87950389cb3cfa326086cb,L19066036,0,0,SUCCESS,1,1786528244,1786561200,49.49778,SXR,0x6629Ce1Cf35Cc1329ebB4F63202F3f197b3F050B
0x2c88ec8c55ced5da78d024231fff7bab082dec3fb156136f518306420042b074,0x8268feC8dCb0D284343054BDf2b649286c9aA0a1,1,36.86999,1.7462,UEFA Super Cup,Paris Saint Germain 0,UEFA Super Cup,Paris Saint Germain vs Aston Villa,Paris Saint Germain,Aston Villa,0x79833fc6a3f6648404ca4b99628add02ce86c2c2d0053296c7e23bea43b238d1,L19066036,0,0,SUCCESS,1,1786528244,1786561200,49.407022,SXR,0x6629Ce1Cf35Cc1329ebB4F63202F3f197b3F050B
0xd6dbcd1c5d8bb9d1289a12de9a37854e8a1b2802ad4b38c4981466c115f61339,0x8268feC8dCb0D284343054BDf2b649286c9aA0a1,1,26.87,1.7462,UEFA Super Cup,Paris Saint Germain,UEFA Super Cup,Paris Saint Germain vs Aston Villa,Paris Saint Germain,Aston Villa,0xe606a9a450716acc469c52d4cd4cc88af08c2e17027af860e1d62789a6948773,L19066036,0,0,SUCCESS,1,1786528242,1786561200,36.0067,SXR,0x6629Ce1Cf35Cc1329ebB4F63202F3f197b3F050B
0x61fb8cc8d5fd619d0be37e35b115b2da68cd3e698e9d6d3d799dd3e4597b3e4c,0x97EC1C9682F70091efB04e97b0B34698cF815EE1,1,19.21,1.245,1X2,Tie,UEFA Super Cup,Paris Saint Germain vs Aston Villa,Paris Saint Germain,Aston Villa,0x82142b3963732a3fdd36aa8afa37f80a8be5d40f1cde3d8c81b2a40f833fd442,L19066036,0,0,SUCCESS,1,1786528127,1786561200,78.408163,SXR,0x6629Ce1Cf35Cc1329ebB4F63202F3f197b3F050B
0xcbe9a6dad8c5e4f6f9e729ff30771e74be83bfeca157e992f7d297f732c7cca1,0x0DeAbC808957aBc9f4778C03b03CC1D2cBBC9D60,1,4.99998,1.7462,UEFA Super Cup,Paris Saint Germain,UEFA Super Cup,Paris Saint Germain vs Aston Villa,Paris Saint Germain,Aston Villa,0xe606a9a450716acc469c52d4cd4cc88af08c2e17027af860e1d62789a6948773,L19066036,0,0,SUCCESS,1,1786526683,1786561200,6.700141,SXR,0x6629Ce1Cf35Cc1329ebB4F63202F3f197b3F050B
0x39a512fa455ecb1189e94435c6bf5d7a3cfcb4e36616ffce949995a589ed047b,0x0DeAbC808957aBc9f4778C03b03CC1D2cBBC9D60,1,4.99998,1.7462,UEFA Super Cup,Paris Saint Germain,UEFA Super Cup,Paris Saint Germain vs Aston Villa,Paris Saint Germain,Aston Villa,0xe606a9a450716acc469c52d4cd4cc88af08c2e17027af860e1d62789a6948773,L19066036,0,0,SUCCESS,1,1786526681,1786561200,6.700141,SXR,0x6629Ce1Cf35Cc1329ebB4F63202F3f197b3F050B
0x63dc6b9a096dc4a2b8bf2012cb1421a32519f1636d76e98dd6e78d01f5aad6ee,0x8268feC8dCb0D284343054BDf2b649286c9aA0a1,1,350.86679,1.7412,UEFA Super Cup,Paris Saint Germain,UEFA Super Cup,Paris Saint Germain vs Aston Villa,Paris Saint Germain,Aston Villa,0xe606a9a450716acc469c52d4cd4cc88af08c2e17027af860e1d62789a6948773,L19066036,0,0,SUCCESS,1,1786526669,1786561200,473.344742,SXR,0x6629Ce1Cf35Cc1329ebB4F63202F3f197b3F050B
0x09f7867cda49953dd4ab6b962fac84db904a4b786823c6c1aa3b590ca04cb3a8,0x8268feC8dCb0D284343054BDf2b649286c9aA0a1,1,163.75999,1.7412,UEFA Super Cup,Paris Saint Germain,UEFA Super Cup,Paris Saint Germain vs Aston Villa,Paris Saint Germain,Aston Villa,0xe606a9a450716acc469c52d4cd4cc88af08c2e17027af860e1d62789a6948773,L19066036,0,0,SUCCESS,1,1786526666,1786561200,220.924101,SXR,0x6629Ce1Cf35Cc1329ebB4F63202F3f197b3F050B
0x28d4a1d3a6551f7a84ff2e414424cce6f445e965b0fce34d280668b6cc6a6903,0x97EC1C9682F70091efB04e97b0B34698cF815EE1,,10.85,1.4387,Asian Handicap (-0.5),,UEFA Super Cup,Paris Saint Germain vs Aston Villa,Paris Saint Germain,Aston Villa,0x633e1f4af7bf294be4c13c5c783beb3d10adbea62e87950389cb3cfa326086cb,L19066036,0,0,SUCCESS,1,1786526638,1786561200,24.729345,SXR,0x6629Ce1Cf35Cc1329ebB4F63202F3f197b3F050B
0xb43560af16335dbd26242f225266f1784156866c3f75da5a89fba86f43042ef8,0xFD3a22179CA4104E97c670b834750Bd7Ff310b17,1,1.52,1.3137,Under/Over (3.5),Over 3.5,UEFA Super Cup,Paris Saint Germain vs Aston Villa,Paris Saint Germain,Aston Villa,0x1eb0162b5ef5cce461102a0a0589d643a0342cf1c36981096646de6b5d6f255c,L19066036,0,0,SUCCESS,1,1786526632,1786561200,4.844622,SXR,0x6629Ce1Cf35Cc1329ebB4F63202F3f197b3F050B
0x7581ac5c82dc7bb74c3ea26917142bdbcc5fbc9c9ce2616822543980f351c374,0xFD3a22179CA4104E97c670b834750Bd7Ff310b17,1,6.09,1.7412,UEFA Super Cup,Paris Saint Germain,UEFA Super Cup,Paris Saint Germain vs Aston Villa,Paris Saint Germain,Aston Villa,0xe606a9a450716acc469c52d4cd4cc88af08c2e17027af860e1d62789a6948773,L19066036,0,0,SUCCESS,1,1786526632,1786561200,8.215852,SXR,0x6629Ce1Cf35Cc1329ebB4F63202F3f197b3F050B
0xc998214b9c452a1003ac198f5030c8f9e121d7dd00f9d1654b29dc9819e24f39,0x7Ef04b4c16828ab27b80D5E5618B7f0b023fC175,,7.84365,1.265,UEFA Super Cup,,UEFA Super Cup,Paris Saint Germain vs Aston Villa,Paris Saint Germain,Aston Villa,0xe606a9a450716acc469c52d4cd4cc88af08c2e17027af860e1d62789a6948773,L19066036,0,0,SUCCESS,1,1786526623,1786561200,29.598679,SXR,0x6629Ce1Cf35Cc1329ebB4F63202F3f197b3F050B
0x8f42b3cc01dc5667339bfa7dd9bc34d5dc440c5b35b2d46082764596d7880689,0x97EC1C9682F70091efB04e97b0B34698cF815EE1,,12.52,1.4363,1X2,,UEFA Super Cup,Paris Saint Germain vs Aston Villa,Paris Saint Germain,Aston Villa,0xd90089ceb0c9854c3d68a3f09fc4fa855b3a26537e60e3a02b69256aaacd29db,L19066036,0,0,SUCCESS,1,1786526118,1786561200,28.69914,SXR,0x6629Ce1Cf35Cc1329ebB4F63202F3f197b3F050B
0xe725d62b9cc148f259a55bb2f7624a2b6a8372b9f4276fd0e36c58fa6ee7f314,0xFD3a22179CA4104E97c670b834750Bd7Ff310b17,,8.14997,1.81,1X2,,UEFA Super Cup,Paris Saint Germain vs Aston Villa,Paris Saint Germain,Aston Villa,0x7d79a11368f71901641550937f2120d0c09dccfc84328fabe81c1eb7847ce4b5,L19066036,0,0,SUCCESS,1,1786526036,1786561200,10.061691,SXR,0x6629Ce1Cf35Cc1329ebB4F63202F3f197b3F050B
0x73328e562ab3cc9efdd564d722a9be497d9f8cb4ea67a2ef34e7bba571f67d37,0xFD3a22179CA4104E97c670b834750Bd7Ff310b17,1,22.73998,1.6987,Under/Over (2),Over 2.0,UEFA Super Cup,Paris Saint Germain vs Aston Villa,Paris Saint Germain,Aston Villa,0xdd50529e314a3663ff38eb9f9e48f9de046ea1f95c648f0b933df82946e0f1e0,L19066036,0,0,SUCCESS,1,1786526036,1786561200,32.5438,SXR,0x6629Ce1Cf35Cc1329ebB4F63202F3f197b3F050B
0x1ac32b504ba708e369c28c3d92bd92d2a0d2ec51734955c1a045edcb53f937c8,0xd92304C83c922f270AC80E6d9E04CE992a095c27,1,113,1.245,1X2,Tie,UEFA Super Cup,Paris Saint Germain vs Aston Villa,Paris Saint Germain,Aston Villa,0x82142b3963732a3fdd36aa8afa37f80a8be5d40f1cde3d8c81b2a40f833fd442,L19066036,0,0,SUCCESS,1,1786526030,1786561200,461.22449,SXR,0x6629Ce1Cf35Cc1329ebB4F63202F3f197b3F050B
0xf13272bf704dd556a25902a7b3e04e1039c46b315891194bf5b8c77b6d7308aa,0x97EC1C9682F70091efB04e97b0B34698cF815EE1,,34.15998,1.6925,Under/Over (3.5),,UEFA Super Cup,Paris Saint Germain vs Aston Villa,Paris Saint Germain,Aston Villa,0x1eb0162b5ef5cce461102a0a0589d643a0342cf1c36981096646de6b5d6f255c,L19066036,0,0,SUCCESS,1,1786525862,1786561200,49.328491,SXR,0x6629Ce1Cf35Cc1329ebB4F63202F3f197b3F050B
0x5f96fae10191bc64ec0cdaf8d0f5c224f9eff2ce962a99dfbb6db8fdab677ea8,0xFD3a22179CA4104E97c670b834750Bd7Ff310b17,1,32.56,1.5075,Asian Handicap (-1),Paris Saint Germain -1,UEFA Super Cup,Paris Saint Germain vs Aston Villa,Paris Saint Germain,Aston Villa,0x67230bcb83f942bc217c5d745ea1712885e0906db6bd151cb38c9c1c8672117b,L19066036,0,0,SUCCESS,1,1786524619,1786561200,64.157635,SXR,0x6629Ce1Cf35Cc1329ebB4F63202F3f197b3F050B
0x2028d2349cf353bd707d3139c948432d07031019b502cfe77055a69dfd93b271,0xFD3a22179CA4104E97c670b834750Bd7Ff310b17,1,1.19,1.315,Under/Over (3.5),Over 3.5,UEFA Super Cup,Paris Saint Germain vs Aston Villa,Paris Saint Germain,Aston Villa,0x1eb0162b5ef5cce461102a0a0589d643a0342cf1c36981096646de6b5d6f255c,L19066036,0,0,SUCCESS,1,1786524619,1786561200,3.777778,SXR,0x6629Ce1Cf35Cc1329ebB4F63202F3f197b3F050B
0xedbf0d2658ff3da66c98234daef813b7ceb70a32e49531c8aa8a2b7c5750c91f,0xFD3a22179CA4104E97c670b834750Bd7Ff310b17,,4.06997,1.7612,1X2,,UEFA Super Cup,Paris Saint Germain vs Aston Villa,Paris Saint Germain,Aston Villa,0x82142b3963732a3fdd36aa8afa37f80a8be5d40f1cde3d8c81b2a40f833fd442,L19066036,0,0,SUCCESS,1,1786524618,1786561200,5.34643,SXR,0x6629Ce1Cf35Cc1329ebB4F63202F3f197b3F050B
0x5345e716276c50a0b6e6b234bb50b336cbc000c8d528707d4dfa5f6f64881116,0xFD3a22179CA4104E97c670b834750Bd7Ff310b17,1,32.56,1.5075,Asian Handicap (-0.5),Paris Saint Germain -0.5,UEFA Super Cup,Paris Saint Germain vs Aston Villa,Paris Saint Germain,Aston Villa,0x633e1f4af7bf294be4c13c5c783beb3d10adbea62e87950389cb3cfa326086cb,L19066036,0,0,SUCCESS,1,1786524618,1786561200,64.157635,SXR,0x6629Ce1Cf35Cc1329ebB4F63202F3f197b3F050B
0x3750649754f25e80a011992661f8692a371be26f114ba654a31246a6a01f28da,0xFD3a22179CA4104E97c670b834750Bd7Ff310b17,,27.35998,1.7612,1X2,,UEFA Super Cup,Paris Saint Germain vs Aston Villa,Paris Saint Germain,Aston Villa,0x82142b3963732a3fdd36aa8afa37f80a8be5d40f1cde3d8c81b2a40f833fd442,L19066036,0,0,SUCCESS,1,1786523289,1786561200,35.94086,SXR,0x6629Ce1Cf35Cc1329ebB4F63202F3f197b3F050B
0x5ad61758d71a8b573e7a56651e6740d3462a1cc64e472ce04431b60ca56a3cc0,0xFD3a22179CA4104E97c670b834750Bd7Ff310b17,,286.96999,1.7612,1X2,,UEFA Super Cup,Paris Saint Germain vs Aston Villa,Paris Saint Germain,Aston Villa,0x82142b3963732a3fdd36aa8afa37f80a8be5d40f1cde3d8c81b2a40f833fd442,L19066036,0,0,SUCCESS,1,1786523082,1786561200,376.972072,SXR,0x6629Ce1Cf35Cc1329ebB4F63202F3f197b3F050B
0x43681ea1f528c8b89a39a0b7857fdb691f6bb3ec37dd40454fc0f1e641cf717b,0xFD3a22179CA4104E97c670b834750Bd7Ff310b17,1,4.12,1.3125,Under/Over (3.5),Over 3.5,UEFA Super Cup,Paris Saint Germain vs Aston Villa,Paris Saint Germain,Aston Villa,0x1eb0162b5ef5cce461102a0a0589d643a0342cf1c36981096646de6b5d6f255c,L19066036,0,0,SUCCESS,1,1786522085,1786561200,13.184,SXR,0x6629Ce1Cf35Cc1329ebB4F63202F3f197b3F050B
0xf498f8c43066e103d889c8ca59c5ccfa41e1e646e9e853adbc210e84801f5634,0xFD3a22179CA4104E97c670b834750Bd7Ff310b17,1,1.28,1.3125,Under/Over (3.5),Over 3.5,UEFA Super Cup,Paris Saint Germain vs Aston Villa,Paris Saint Germain,Aston Villa,0x1eb0162b5ef5cce461102a0a0589d643a0342cf1c36981096646de6b5d6f255c,L19066036,0,0,SUCCESS,1,1786521870,1786561200,4.096,SXR,0x6629Ce1Cf35Cc1329ebB4F63202F3f197b3F050B
0x53a64799ec6875061b6d2438118b45f8d70afa36059b21f29aa653c56a2f9211,0xFD3a22179CA4104E97c670b834750Bd7Ff310b17,1,1,1.4025,Under/Over (3),Over 3.0,UEFA Super Cup,Paris Saint Germain vs Aston Villa,Paris Saint Germain,Aston Villa,0x1680a9183d7746c5c4672e850418adf866cefd179c8c9fa8a47ddd9aae14f195,L19066036,0,0,SUCCESS,1,1786521870,1786561200,2.484472,SXR,0x6629Ce1Cf35Cc1329ebB4F63202F3f197b3F050B
0x0916e306526bb5baa176f2b6198f5a4f52200fc44a41646fcdf210af0f57b8dd,0x97EC1C9682F70091efB04e97b0B34698cF815EE1,1,102.03999,1.5725,Asian Handicap (-0.5),Paris Saint Germain -0.5,UEFA Super Cup,Paris Saint Germain vs Aston Villa,Paris Saint Germain,Aston Villa,0x633e1f4af7bf294be4c13c5c783beb3d10adbea62e87950389cb3cfa326086cb,L19066036,0,0,SUCCESS,1,1786520581,1786561200,178.23579,SXR,0x6629Ce1Cf35Cc1329ebB4F63202F3f197b3F050B
0xd1dfb2df6ca17c7afb87e814e4e2176dfb909eff7506412fe43c15835d2eeff6,0x97EC1C9682F70091efB04e97b0B34698cF815EE1,1,15.94999,1.5675,1X2,Paris Saint Germain,UEFA Super Cup,Paris Saint Germain vs Aston Villa,Paris Saint Germain,Aston Villa,0xd90089ceb0c9854c3d68a3f09fc4fa855b3a26537e60e3a02b69256aaacd29db,L19066036,0,0,SUCCESS,1,1786520540,1786561200,28.105709,SXR,0x6629Ce1Cf35Cc1329ebB4F63202F3f197b3F050B
0xdfdc44ad6266e3e2f33ccdfe5764e9f83b985b253ea667b3262fc09bc32d74a7,0xFD3a22179CA4104E97c670b834750Bd7Ff310b17,,19.24,1.4325,Asian Handicap (-0.5),,UEFA Super Cup,Paris Saint Germain vs Aston Villa,Paris Saint Germain,Aston Villa,0x633e1f4af7bf294be4c13c5c783beb3d10adbea62e87950389cb3cfa326086cb,L19066036,0,0,SUCCESS,1,1786520484,1786561200,44.485549,SXR,0x6629Ce1Cf35Cc1329ebB4F63202F3f197b3F050B
0x870b2265fdbe9055fcc85a97df4f7c9dbecbb8bcea64bf5cf1341a240d22ea79,0x97EC1C9682F70091efB04e97b0B34698cF815EE1,,11.38,1.4375,1X2,,UEFA Super Cup,Paris Saint Germain vs Aston Villa,Paris Saint Germain,Aston Villa,0xd90089ceb0c9854c3d68a3f09fc4fa855b3a26537e60e3a02b69256aaacd29db,L19066036,0,0,SUCCESS,1,1786518724,1786561200,26.011429,SXR,0x6629Ce1Cf35Cc1329ebB4F63202F3f197b3F050B
0xd9292be69b9feaee42dd0e61ae534f986c1a0ca9eae718cd54c32c93c8c8bbec,0x6057492D67264E35bC408B089c38413a07d68259,,178.4833,1.6987,Under/Over (3.5),,UEFA Super Cup,Paris Saint Germain vs Aston Villa,Paris Saint Germain,Aston Villa,0x1eb0162b5ef5cce461102a0a0589d643a0342cf1c36981096646de6b5d6f255c,L19066036,0,0,SUCCESS,1,1786518142,1786561200,255.432272,SXR,0x6629Ce1Cf35Cc1329ebB4F63202F3f197b3F050B
0x945f8fe21f06c946b5e3aadcba352b87b2eb7cf3fbf2df0d1005792ff4f79f74,0x0DeAbC808957aBc9f4778C03b03CC1D2cBBC9D60,1,4.99998,1.7525,UEFA Super Cup,Paris Saint Germain,UEFA Super Cup,Paris Saint Germain vs Aston Villa,Paris Saint Germain,Aston Villa,0xe606a9a450716acc469c52d4cd4cc88af08c2e17027af860e1d62789a6948773,L19066036,0,0,SUCCESS,1,1786517897,1786561200,6.644492,SXR,0x6629Ce1Cf35Cc1329ebB4F63202F3f197b3F050B
0x3fe312e71ed6dd565ba6ca4af2db9cb053a4f34f0d7acec220c534a1635033e7,0x0DeAbC808957aBc9f4778C03b03CC1D2cBBC9D60,1,4.99998,1.7525,UEFA Super Cup,Paris Saint Germain 0,UEFA Super Cup,Paris Saint Germain vs Aston Villa,Paris Saint Germain,Aston Villa,0x79833fc6a3f6648404ca4b99628add02ce86c2c2d0053296c7e23bea43b238d1,L19066036,0,0,SUCCESS,1,1786517895,1786561200,6.644492,SXR,0x6629Ce1Cf35Cc1329ebB4F63202F3f197b3F050B
0xd35a9ca54c227844d730a9b99c53963eb1381ebffc8b2a9b240d9f6b5d6bdf39,0x8268feC8dCb0D284343054BDf2b649286c9aA0a1,1,37.07,1.7488,UEFA Super Cup,Paris Saint Germain 0,UEFA Super Cup,Paris Saint Germain vs Aston Villa,Paris Saint Germain,Aston Villa,0x79833fc6a3f6648404ca4b99628add02ce86c2c2d0053296c7e23bea43b238d1,L19066036,0,0,SUCCESS,1,1786517865,1786561200,49.509182,SXR,0x6629Ce1Cf35Cc1329ebB4F63202F3f197b3F050B
0x60766ffe2510702c57e23ad639c9ff4ec929699b3f91e768fa12c657c60ca0d1,0x8268feC8dCb0D284343054BDf2b649286c9aA0a1,1,37.07,1.7488,UEFA Super Cup,Paris Saint Germain,UEFA Super Cup,Paris Saint Germain vs Aston Villa,Paris Saint Germain,Aston Villa,0xe606a9a450716acc469c52d4cd4cc88af08c2e17027af860e1d62789a6948773,L19066036,0,0,SUCCESS,1,1786517865,1786561200,49.509182,SXR,0x6629Ce1Cf35Cc1329ebB4F63202F3f197b3F050B
0x96299a2a6bc1c33a27186b1c607e1623606400c340a62feb48a9a9519b351570,0x97EC1C9682F70091efB04e97b0B34698cF815EE1,1,4.99999,1.5688,1X2,Paris Saint Germain,UEFA Super Cup,Paris Saint Germain vs Aston Villa,Paris Saint Germain,Aston Villa,0xd90089ceb0c9854c3d68a3f09fc4fa855b3a26537e60e3a02b69256aaacd29db,L19066036,0,0,SUCCESS,1,1786516496,1786561200,8.791191,SXR,0x6629Ce1Cf35Cc1329ebB4F63202F3f197b3F050B
0x9c1a0dcdc22ddf22f1ce691b29114168f7892a8d9aaa85df96acce5dfd98a748,0x97EC1C9682F70091efB04e97b0B34698cF815EE1,1,28.02,1.5663,Asian Handicap (-0.5),Paris Saint Germain -0.5,UEFA Super Cup,Paris Saint Germain vs Aston Villa,Paris Saint Germain,Aston Villa,0x633e1f4af7bf294be4c13c5c783beb3d10adbea62e87950389cb3cfa326086cb,L19066036,0,0,SUCCESS,1,1786516188,1786561200,49.483444,SXR,0x6629Ce1Cf35Cc1329ebB4F63202F3f197b3F050B
0x6f10c70b61c9e064099ce63134151c130b9145dd8234dc4744dd080aa67ceb5c,0xFD3a22179CA4104E97c670b834750Bd7Ff310b17,1,30.04,1.1975,1X2,Aston Villa,UEFA Super Cup,Paris Saint Germain vs Aston Villa,Paris Saint Germain,Aston Villa,0x7d79a11368f71901641550937f2120d0c09dccfc84328fabe81c1eb7847ce4b5,L19066036,0,0,SUCCESS,1,1786515738,1786561200,152.101266,SXR,0x6629Ce1Cf35Cc1329ebB4F63202F3f197b3F050B
0x4cbe0fe317c99ef280547993d04fd6868ff4c3358e46cce7df6df61f3edd07b5,0xFD3a22179CA4104E97c670b834750Bd7Ff310b17,,15.05,1.44,1X2,,UEFA Super Cup,Paris Saint Germain vs Aston Villa,Paris Saint Germain,Aston Villa,0xd90089ceb0c9854c3d68a3f09fc4fa855b3a26537e60e3a02b69256aaacd29db,L19066036,0,0,SUCCESS,1,1786515738,1786561200,34.204545,SXR,0x6629Ce1Cf35Cc1329ebB4F63202F3f197b3F050B
0x115b50875f80733727f213423fd97c5d433ba02cad34eca5a7fd1d254a79f717,0xFD3a22179CA4104E97c670b834750Bd7Ff310b17,1,0.00046,1.1975,1X2,Aston Villa,UEFA Super Cup,Paris Saint Germain vs Aston Villa,Paris Saint Germain,Aston Villa,0x7d79a11368f71901641550937f2120d0c09dccfc84328fabe81c1eb7847ce4b5,L19066036,0,0,SUCCESS,1,1786515738,1786561200,0.002329,SXR,0x6629Ce1Cf35Cc1329ebB4F63202F3f197b3F050B
0x0d6a8ad6697b493bb6ed3af8e7451d3eba8192e689e297da92ed8b25ac5625a1,0xFD3a22179CA4104E97c670b834750Bd7Ff310b17,,188.62156,1.44,1X2,,UEFA Super Cup,Paris Saint Germain vs Aston Villa,Paris Saint Germain,Aston Villa,0xd90089ceb0c9854c3d68a3f09fc4fa855b3a26537e60e3a02b69256aaacd29db,L19066036,0,0,SUCCESS,1,1786515738,1786561200,428.685364,SXR,0x6629Ce1Cf35Cc1329ebB4F63202F3f197b3F050B
0x072f869f49006ea3d60ccd691dafc4b96006e15fdde5cfa3a2c45a5ab0a38eaa,0xFD3a22179CA4104E97c670b834750Bd7Ff310b17,,12.79,1.2588,UEFA Super Cup,,UEFA Super Cup,Paris Saint Germain vs Aston Villa,Paris Saint Germain,Aston Villa,0x79833fc6a3f6648404ca4b99628add02ce86c2c2d0053296c7e23bea43b238d1,L19066036,0,0,SUCCESS,1,1786515738,1786561200,49.429952,SXR,0x6629Ce1Cf35Cc1329ebB4F63202F3f197b3F050B
0xfdb4d0b6a47dc1932c50d2f008ea0ad9e186afa5877353c6051f5f637bc39da1,0xFD3a22179CA4104E97c670b834750Bd7Ff310b17,,16.45,1.235,Under/Over (1.5),,UEFA Super Cup,Paris Saint Germain vs Aston Villa,Paris Saint Germain,Aston Villa,0xf1a8eb36f90ceb169cf77914181a6a20df69437e3abbd370109196ebd13c7edb,L19066036,0,0,SUCCESS,1,1786515737,1786561200,70.0,SXR,0x6629Ce1Cf35Cc1329ebB4F63202F3f197b3F050B
0x43a5cf268d615b5f1921b72bdeaaab8299b878833b0aab813c5e80cf165462b0,0xFD3a22179CA4104E97c670b834750Bd7Ff310b17,,1,1.2588,UEFA Super Cup,,UEFA Super Cup,Paris Saint Germain vs Aston Villa,Paris Saint Germain,Aston Villa,0xe606a9a450716acc469c52d4cd4cc88af08c2e17027af860e1d62789a6948773,L19066036,0,0,SUCCESS,1,1786515737,1786561200,3.864734,SXR,0x6629Ce1Cf35Cc1329ebB4F63202F3f197b3F050B
0x27f781a18732eee0c49c18124d12bf4a8304426805ad66c4cca4da0dec5de2af,0xFD3a22179CA4104E97c670b834750Bd7Ff310b17,,21.67,1.44,Asian Handicap (-0.5),,UEFA Super Cup,Paris Saint Germain vs Aston Villa,Paris Saint Germain,Aston Villa,0x633e1f4af7bf294be4c13c5c783beb3d10adbea62e87950389cb3cfa326086cb,L19066036,0,0,SUCCESS,1,1786515737,1786561200,49.25,SXR,0x6629Ce1Cf35Cc1329ebB4F63202F3f197b3F050B
0xc5e82e0eaf1056ca7c03910a521a04618189582b23c576cc35f4cddcaa4a5efd,0xFD3a22179CA4104E97c670b834750Bd7Ff310b17,,3.87,1.3075,Under/Over (2),,UEFA Super Cup,Paris Saint Germain vs Aston Villa,Paris Saint Germain,Aston Villa,0xdd50529e314a3663ff38eb9f9e48f9de046ea1f95c648f0b933df82946e0f1e0,L19066036,0,0,SUCCESS,1,1786515736,1786561200,12.585366,SXR,0x6629Ce1Cf35Cc1329ebB4F63202F3f197b3F050B
0xefb3c12e7140c52cfb7dc319ce4f283faed91d2c4b6a35fa6fb3971df911c573,0xFD3a22179CA4104E97c670b834750Bd7Ff310b17,,194.39,1.435,1X2,,UEFA Super Cup,Paris Saint Germain vs Aston Villa,Paris Saint Germain,Aston Villa,0xd90089ceb0c9854c3d68a3f09fc4fa855b3a26537e60e3a02b69256aaacd29db,L19066036,0,0,SUCCESS,1,1786515593,1786561200,446.873563,SXR,0x6629Ce1Cf35Cc1329ebB4F63202F3f197b3F050B
0xd10921020b7009616b24e47e11db3b759568fb44938b01a58a99ee2c2dbbdf3f,0xFD3a22179CA4104E97c670b834750Bd7Ff310b17,,73.15,1.69,Asian Handicap (-1.5),,UEFA Super Cup,Paris Saint Germain vs Aston Villa,Paris Saint Germain,Aston Villa,0x409d8b258d8921e8f4a2c11460cbb794c2d8610abb209e4090e8a8ae8f39d2d7,L19066036,0,0,SUCCESS,1,1786515593,1786561200,106.014493,SXR,0x6629Ce1Cf35Cc1329ebB4F63202F3f197b3F050B
0x1d63a807c72abe24ca85a56291335ea350b51d71f2cbe2f9c34b7041c1baef34,0xFD3a22179CA4104E97c670b834750Bd7Ff310b17,,0.00399,1.69,Asian Handicap (-1.5),,UEFA Super Cup,Paris Saint Germain vs Aston Villa,Paris Saint Germain,Aston Villa,0x409d8b258d8921e8f4a2c11460cbb794c2d8610abb209e4090e8a8ae8f39d2d7,L19066036,0,0,SUCCESS,1,1786515593,1786561200,0.005783,SXR,0x6629Ce1Cf35Cc1329ebB4F63202F3f197b3F050B
0x8ccd936b501e3212707db48b40076ec93a8f2cf8dcbf4094b4dc356e723ef34d,0x97EC1C9682F70091efB04e97b0B34698cF815EE1,,197.44,1.435,1X2,,UEFA Super Cup,Paris Saint Germain vs Aston Villa,Paris Saint Germain,Aston Villa,0xd90089ceb0c9854c3d68a3f09fc4fa855b3a26537e60e3a02b69256aaacd29db,L19066036,0,0,SUCCESS,1,1786515548,1786561200,453.885057,SXR,0x6629Ce1Cf35Cc1329ebB4F63202F3f197b3F050B
0x376ddb2fdbb61ad1a4191823f4f6156fd269d73da566eba2bd8cd24c573c4628,0xA6aA567209d1181F909b8b5ce61325B140dC5046,,50,1.6875,Asian Handicap (-1.5),,UEFA Super Cup,Paris Saint Germain vs Aston Villa,Paris Saint Germain,Aston Villa,0x409d8b258d8921e8f4a2c11460cbb794c2d8610abb209e4090e8a8ae8f39d2d7,L19066036,0,0,SUCCESS,1,1786514785,1786561200,72.727273,SXR,0x6629Ce1Cf35Cc1329ebB4F63202F3f197b3F050B
0xbc1ccb6efc934aced336ec01e1dd94e7f07f5273e6f71418a62b2d55983f08f7,0x8268feC8dCb0D284343054BDf2b649286c9aA0a1,1,27.84,1.5625,Asian Handicap (-0.5),Paris Saint Germain -0.5,UEFA Super Cup,Paris Saint Germain vs Aston Villa,Paris Saint Germain,Aston Villa,0x633e1f4af7bf294be4c13c5c783beb3d10adbea62e87950389cb3cfa326086cb,L19066036,0,0,SUCCESS,1,1786514774,1786561200,49.493333,SXR,0x6629Ce1Cf35Cc1329ebB4F63202F3f197b3F050B
0xf2058352e7ebe72d6ab6019c807971c402f4e9e421948dfae0b3b2e069f26bcb,0x97EC1C9682F70091efB04e97b0B34698cF815EE1,,22.79,1.0675,Under/Over (0.5),,UEFA Super Cup,Paris Saint Germain vs Aston Villa,Paris Saint Germain,Aston Villa,0x1ff093a0d6aad6ea34f9661babedbc7a361e7167b1f31f3dab05f34988e51f47,L19066036,0,0,SUCCESS,1,1786514658,1786561200,337.62963,SXR,0x6629Ce1Cf35Cc1329ebB4F63202F3f197b3F050B
0x5cf59946f93b59d04529210ed8b419d0459104feabee113c7e2ff6ae9d7b55ca,0xFD3a22179CA4104E97c670b834750Bd7Ff310b17,1,1.43,1.1812,Under/Over (4),Over 4.0,UEFA Super Cup,Paris Saint Germain vs Aston Villa,Paris Saint Germain,Aston Villa,0xcad766c3bece5254ba9d1a2b8cfdb650e513e674480798bb8979b1e953d44175,L19066036,0,0,SUCCESS,1,1786514470,1786561200,7.889655,SXR,0x6629Ce1Cf35Cc1329ebB4F63202F3f197b3F050B
0x20098a68bde64edb5b8350b16ab069a93cd7eaaeccdd23a2999cd18432566ca3,0x0C2DA7fC8702784d6f75c78Da25460783A6709a0,1,1.5,1.5075,Asian Handicap (-1),Paris Saint Germain -1,UEFA Super Cup,Paris Saint Germain vs Aston Villa,Paris Saint Germain,Aston Villa,0x67230bcb83f942bc217c5d745ea1712885e0906db6bd151cb38c9c1c8672117b,L19066036,0,0,SUCCESS,1,1786514294,1786561200,2.955665,SXR,0x6629Ce1Cf35Cc1329ebB4F63202F3f197b3F050B
0xb0680b8d477e2de9260d5edf799758eddfa39b64923e8baeebfeeef38f1d31d2,0x0C2DA7fC8702784d6f75c78Da25460783A6709a0,1,1.5,1.5075,Asian Handicap (-0.5),Paris Saint Germain -0.5,UEFA Super Cup,Paris Saint Germain vs Aston Villa,Paris Saint Germain,Aston Villa,0x633e1f4af7bf294be4c13c5c783beb3d10adbea62e87950389cb3cfa326086cb,L19066036,0,0,SUCCESS,1,1786514293,1786561200,2.955665,SXR,0x6629Ce1Cf35Cc1329ebB4F63202F3f197b3F050B
0x098fac06bbe7561dd66e7ff9df09cfede87a909e97a2b4b46ac4a21593e4d9e0,0xFD3a22179CA4104E97c670b834750Bd7Ff310b17,1,52.44,1.3113,Under/Over (3.5),Over 3.5,UEFA Super Cup,Paris Saint Germain vs Aston Villa,Paris Saint Germain,Aston Villa,0x1eb0162b5ef5cce461102a0a0589d643a0342cf1c36981096646de6b5d6f255c,L19066036,0,0,SUCCESS,1,1786512746,1786561200,168.481928,SXR,0x6629Ce1Cf35Cc1329ebB4F63202F3f197b3F050B
0x77aa6ee892c117e0e2a2caf0e9e1ca2e5f5fcb9bd7d7de60cdd1e7d7e4085e32,0xFD3a22179CA4104E97c670b834750Bd7Ff310b17,1,19.47942,1.3962,Under/Over (3),Over 3.0,UEFA Super Cup,Paris Saint Germain vs Aston Villa,Paris Saint Germain,Aston Villa,0x1680a9183d7746c5c4672e850418adf866cefd179c8c9fa8a47ddd9aae14f195,L19066036,0,0,SUCCESS,1,1786512707,1786561200,49.15942,SXR,0x6629Ce1Cf35Cc1329ebB4F63202F3f197b3F050B
0x5e4076adac5a759b5f5d749095ca1185469b6fc170b359b50c021af908fafa0d,0x8268feC8dCb0D284343054BDf2b649286c9aA0a1,1,27.96,1.565,Asian Handicap (-0.5),Paris Saint Germain -0.5,UEFA Super Cup,Paris Saint Germain vs Aston Villa,Paris Saint Germain,Aston Villa,0x633e1f4af7bf294be4c13c5c783beb3d10adbea62e87950389cb3cfa326086cb,L19066036,0,0,SUCCESS,1,1786512706,1786561200,49.486726,SXR,0x6629Ce1Cf35Cc1329ebB4F63202F3f197b3F050B
0x36ec84fa8c13191821b168dcfc74ed120779a247aa88e00bd64ef9509b9e6c26,0x97EC1C9682F70091efB04e97b0B34698cF815EE1,,349.52,1.44,1X2,,UEFA Super Cup,Paris Saint Germain vs Aston Villa,Paris Saint Germain,Aston Villa,0xd90089ceb0c9854c3d68a3f09fc4fa855b3a26537e60e3a02b69256aaacd29db,L19066036,0,0,SUCCESS,1,1786511333,1786561200,794.363636,SXR,0x6629Ce1Cf35Cc1329ebB4F63202F3f197b3F050B
0x085239db1e5997f1b752a8365aa34326a164a2596bc2d493176e75df5c5d7409,0x97EC1C9682F70091efB04e97b0B34698cF815EE1,,250.66,1.435,1X2,,UEFA Super Cup,Paris Saint Germain vs Aston Villa,Paris Saint Germain,Aston Villa,0xd90089ceb0c9854c3d68a3f09fc4fa855b3a26537e60e3a02b69256aaacd29db,L19066036,0,0,SUCCESS,1,1786510999,1786561200,576.229885,SXR,0x6629Ce1Cf35Cc1329ebB4F63202F3f197b3F050B
0x14ad991d40ea7b0aea15b15d1403360e01e33cab725b1a6d4bc87ef41346d69f,0x97EC1C9682F70091efB04e97b0B34698cF815EE1,,89.02,1.435,1X2,,UEFA Super Cup,Paris Saint Germain vs Aston Villa,Paris Saint Germain,Aston Villa,0xd90089ceb0c9854c3d68a3f09fc4fa855b3a26537e60e3a02b69256aaacd29db,L19066036,0,0,SUCCESS,1,1786510838,1786561200,204.643678,SXR,0x6629Ce1Cf35Cc1329ebB4F63202F3f197b3F050B
0xcaf51c1ca3d7c8c1327c59fce8e02f85bc033633736c359d2fec4dee66db873a,0xFD3a22179CA4104E97c670b834750Bd7Ff310b17,1,27.91,1.5637,Asian Handicap (-0.5),Paris Saint Germain -0.5,UEFA Super Cup,Paris Saint Germain vs Aston Villa,Paris Saint Germain,Aston Villa,0x633e1f4af7bf294be4c13c5c783beb3d10adbea62e87950389cb3cfa326086cb,L19066036,0,0,SUCCESS,1,1786510835,1786561200,49.507761,SXR,0x6629Ce1Cf35Cc1329ebB4F63202F3f197b3F050B
0x2ad0a1d2a5801c1ff0576548bfc9cbc375028aea76566bb9086e97296389cbaf,0xFD3a22179CA4104E97c670b834750Bd7Ff310b17,,81.46,1.435,1X2,,UEFA Super Cup,Paris Saint Germain vs Aston Villa,Paris Saint Germain,Aston Villa,0xd90089ceb0c9854c3d68a3f09fc4fa855b3a26537e60e3a02b69256aaacd29db,L19066036,0,0,SUCCESS,1,1786510835,1786561200,187.264368,SXR,0x6629Ce1Cf35Cc1329ebB4F63202F3f197b3F050B
0x97cdff71f0d83b9e703d7c7f41ab1662969e65623c0cadbe682dac21ec5721ad,0xFD3a22179CA4104E97c670b834750Bd7Ff310b17,1,7.09,1.3987,Under/Over (3),Over 3.0,UEFA Super Cup,Paris Saint Germain vs Aston Villa,Paris Saint Germain,Aston Villa,0x1680a9183d7746c5c4672e850418adf866cefd179c8c9fa8a47ddd9aae14f195,L19066036,0,0,SUCCESS,1,1786510834,1786561200,17.780564,SXR,0x6629Ce1Cf35Cc1329ebB4F63202F3f197b3F050B
0x82eccf3a1cc1033f8898125853076c3372cde7a0d43a7691e3ddf4ec6479d138,0x97EC1C9682F70091efB04e97b0B34698cF815EE1,,57.02,1.44,1X2,,UEFA Super Cup,Paris Saint Germain vs Aston Villa,Paris Saint Germain,Aston Villa,0xd90089ceb0c9854c3d68a3f09fc4fa855b3a26537e60e3a02b69256aaacd29db,L19066036,0,0,SUCCESS,1,1786510675,1786561200,129.590909,SXR,0x6629Ce1Cf35Cc1329ebB4F63202F3f197b3F050B
0xa7a3a693fd32680e781fc16d71693a38ddc3dd2c51d7c887ba35eaabb05a34fc,0x97EC1C9682F70091efB04e97b0B34698cF815EE1,,27.93,1.0662,Under/Over (0.5),,UEFA Super Cup,Paris Saint Germain vs Aston Villa,Paris Saint Germain,Aston Villa,0x1ff093a0d6aad6ea34f9661babedbc7a361e7167b1f31f3dab05f34988e51f47,L19066036,0,0,SUCCESS,1,1786508472,1786561200,421.584906,SXR,0x6629Ce1Cf35Cc1329ebB4F63202F3f197b3F050B
0x0927d4c3e3931cdf9a37f03c0814f362709f2c0054156bff909783124cd97ba4,0x97EC1C9682F70091efB04e97b0B34698cF815EE1,,5.18,1.065,Under/Over (0.5),,UEFA Super Cup,Paris Saint Germain vs Aston Villa,Paris Saint Germain,Aston Villa,0x1ff093a0d6aad6ea34f9661babedbc7a361e7167b1f31f3dab05f34988e51f47,L19066036,0,0,SUCCESS,1,1786507172,1786561200,79.692308,SXR,0x6629Ce1Cf35Cc1329ebB4F63202F3f197b3F050B
0x9fddadee598b90df36d4beeaccd01cac540422762fccc11680d1a8c1c770bc25,0x0C2DA7fC8702784d6f75c78Da25460783A6709a0,1,2.99999,1.5337,Under/Over (2.5),Over 2.5,UEFA Super Cup,Paris Saint Germain vs Aston Villa,Paris Saint Germain,Aston Villa,0x40d2c11bb90148bb1491fd1a5f8f94c6aaefad0b17bf95ff4a50b41a9a0b9b2f,L19066036,0,0,SUCCESS,1,1786506876,1786561200,5.62059,SXR,0x6629Ce1Cf35Cc1329ebB4F63202F3f197b3F050B
0xeaededa5eb1eec58e3a92c47dc6cb4169278932bfd131653a2a27ffed2fee2cd,0x97EC1C9682F70091efB04e97b0B34698cF815EE1,1,27.91,1.5637,Asian Handicap (-0.5),Paris Saint Germain -0.5,UEFA Super Cup,Paris Saint Germain vs Aston Villa,Paris Saint Germain,Aston Villa,0x633e1f4af7bf294be4c13c5c783beb3d10adbea62e87950389cb3cfa326086cb,L19066036,0,0,SUCCESS,1,1786506875,1786561200,49.507761,SXR,0x6629Ce1Cf35Cc1329ebB4F63202F3f197b3F050B
0x319d6fb0294ad8704b8abbe0d4e4c67f67b020f4d665c10e7219bac1dcba5ae9,0xE4DD6165bFF7EE73D7932C3b478f7E22431e85E7,1,21.31,1.7475,UEFA Super Cup,Paris Saint Germain,UEFA Super Cup,Paris Saint Germain vs Aston Villa,Paris Saint Germain,Aston Villa,0xe606a9a450716acc469c52d4cd4cc88af08c2e17027af860e1d62789a6948773,L19066036,0,0,SUCCESS,1,1786506563,1786561200,28.508361,SXR,0x6629Ce1Cf35Cc1329ebB4F63202F3f197b3F050B
0x2a712e8cbf8e60615d12ed5c38e599dff972e67ca964e58797cc9a64951d583f,0xE4DD6165bFF7EE73D7932C3b478f7E22431e85E7,1,18.96,1.4225,Asian Handicap (-1),Paris Saint Germain -1,UEFA Super Cup,Paris Saint Germain vs Aston Villa,Paris Saint Germain,Aston Villa,0x67230bcb83f942bc217c5d745ea1712885e0906db6bd151cb38c9c1c8672117b,L19066036,0,0,SUCCESS,1,1786506563,1786561200,44.87574,SXR,0x6629Ce1Cf35Cc1329ebB4F63202F3f197b3F050B
0xade17fdc3c72bd54c67008038259583e24f46a47edddd5d0a65e7780edf4f60b,0x8268feC8dCb0D284343054BDf2b649286c9aA0a1,,10.12537,1.2637,UEFA Super Cup,,UEFA Super Cup,Paris Saint Germain vs Aston Villa,Paris Saint Germain,Aston Villa,0x79833fc6a3f6648404ca4b99628add02ce86c2c2d0053296c7e23bea43b238d1,L19066036,0,0,SUCCESS,1,1786506510,1786561200,38.390028,SXR,0x6629Ce1Cf35Cc1329ebB4F63202F3f197b3F050B
0x225af37bd68784b667dd9090dddf175f46682b7944262e33763cefe0142cf1a7,0x8268feC8dCb0D284343054BDf2b649286c9aA0a1,1,160.1,1.1987,1X2,Aston Villa,UEFA Super Cup,Paris Saint Germain vs Aston Villa,Paris Saint Germain,Aston Villa,0x7d79a11368f71901641550937f2120d0c09dccfc84328fabe81c1eb7847ce4b5,L19066036,0,0,SUCCESS,1,1786506510,1786561200,805.534591,SXR,0x6629Ce1Cf35Cc1329ebB4F63202F3f197b3F050B
0xcc22f26bdb2bbc6ad9d7a95a38487094355a81754e968974cf3207f8338c61fe,0x8268feC8dCb0D284343054BDf2b649286c9aA0a1,,11.86614,1.4425,Asian Handicap (-0.5),,UEFA Super Cup,Paris Saint Germain vs Aston Villa,Paris Saint Germain,Aston Villa,0x633e1f4af7bf294be4c13c5c783beb3d10adbea62e87950389cb3cfa326086cb,L19066036,0,0,SUCCESS,1,1786506509,1786561200,26.816136,SXR,0x6629Ce1Cf35Cc1329ebB4F63202F3f197b3F050B
0x38bce125b4a0ba26f0e995d823c4eff0ff83796c863bd7add4577ce57da80549,0x8268feC8dCb0D284343054BDf2b649286c9aA0a1,,28.93346,1.5863,Asian Handicap (-1),,UEFA Super Cup,Paris Saint Germain vs Aston Villa,Paris Saint Germain,Aston Villa,0x67230bcb83f942bc217c5d745ea1712885e0906db6bd151cb38c9c1c8672117b,L19066036,0,0,SUCCESS,1,1786506509,1786561200,49.35345,SXR,0x6629Ce1Cf35Cc1329ebB4F63202F3f197b3F050B
0x3a9b76743232f327ad980b41207f02851280ff9e55126e07c03237b84da0909e,0x8268feC8dCb0D284343054BDf2b649286c9aA0a1,,141.25895,1.2637,UEFA Super Cup,,UEFA Super Cup,Paris Saint Germain vs Aston Villa,Paris Saint Germain,Aston Villa,0xe606a9a450716acc469c52d4cd4cc88af08c2e17027af860e1d62789a6948773,L19066036,0,0,SUCCESS,1,1786506508,1786561200,535.578957,SXR,0x6629Ce1Cf35Cc1329ebB4F63202F3f197b3F050B
0x748826bf98c7e06abdf106bb54bb4f92c70058b63cc49ea45aa7a194035b9f9e,0x8268feC8dCb0D284343054BDf2b649286c9aA0a1,1,20.7,1.4213,Asian Handicap (-1),Paris Saint Germain -1,UEFA Super Cup,Paris Saint Germain vs Aston Villa,Paris Saint Germain,Aston Villa,0x67230bcb83f942bc217c5d745ea1712885e0906db6bd151cb38c9c1c8672117b,L19066036,0,0,SUCCESS,1,1786506475,1786561200,49.139466,SXR,0x6629Ce1Cf35Cc1329ebB4F63202F3f197b3F050B
0x4fe65d855d654462785a9c5f6aa2efeba944059d34dfe3176824b06bfab6f419,0xFD3a22179CA4104E97c670b834750Bd7Ff310b17,1,34.25998,1.6975,Under/Over (2),Over 2.0,UEFA Super Cup,Paris Saint Germain vs Aston Villa,Paris Saint Germain,Aston Villa,0xdd50529e314a3663ff38eb9f9e48f9de046ea1f95c648f0b933df82946e0f1e0,L19066036,0,0,SUCCESS,1,1786506475,1786561200,49.118251,SXR,0x6629Ce1Cf35Cc1329ebB4F63202F3f197b3F050B
0x14f0ae393ee20f24ac7e753e1048a908116153a8be11f5ffdf50c845267a6109,0x8268feC8dCb0D284343054BDf2b649286c9aA0a1,1,27.84,1.5625,Asian Handicap (-0.5),Paris Saint Germain -0.5,UEFA Super Cup,Paris Saint Germain vs Aston Villa,Paris Saint Germain,Aston Villa,0x633e1f4af7bf294be4c13c5c783beb3d10adbea62e87950389cb3cfa326086cb,L19066036,0,0,SUCCESS,1,1786506475,1786561200,49.493333,SXR,0x6629Ce1Cf35Cc1329ebB4F63202F3f197b3F050B
0xa662f283332f844a3d4ed39258ca689bfd404d00b13090d1f3709dfe24e922fd,0xFD3a22179CA4104E97c670b834750Bd7Ff310b17,,3.47997,1.8075,1X2,,UEFA Super Cup,Paris Saint Germain vs Aston Villa,Paris Saint Germain,Aston Villa,0x7d79a11368f71901641550937f2120d0c09dccfc84328fabe81c1eb7847ce4b5,L19066036,0,0,SUCCESS,1,1786505944,1786561200,4.30956,SXR,0x6629Ce1Cf35Cc1329ebB4F63202F3f197b3F050B
0x2327ae8911b0ecc308e6d44fdd634a294df35dd220e34dae08432da5c5591ea5,0x7E3a6e22cac4eECeceCc7D9086d7c0fE1195Ec16,,1,1.4425,1X2,,UEFA Super Cup,Paris Saint Germain vs Aston Villa,Paris Saint Germain,Aston Villa,0xd90089ceb0c9854c3d68a3f09fc4fa855b3a26537e60e3a02b69256aaacd29db,L19066036,0,0,SUCCESS,1,1786504569,1786561200,2.259887,SXR,0x6629Ce1Cf35Cc1329ebB4F63202F3f197b3F050B
0x96b610f32d9795f8cbb60a70db759bf5c6e8e8bda2b4112f2f4f89d76f146110,0xFD3a22179CA4104E97c670b834750Bd7Ff310b17,1,2.51,1.5312,Under/Over (2.5),Over 2.5,UEFA Super Cup,Paris Saint Germain vs Aston Villa,Paris Saint Germain,Aston Villa,0x40d2c11bb90148bb1491fd1a5f8f94c6aaefad0b17bf95ff4a50b41a9a0b9b2f,L19066036,0,0,SUCCESS,1,1786504435,1786561200,4.724706,SXR,0x6629Ce1Cf35Cc1329ebB4F63202F3f197b3F050B
0x3e38be9d0b6d0fa3d03d49d262b9e0803a053310887577ce87e3581fea82ac7d,0xceeDe2b5168e0CBeCe1a33e07B384deDB5ea627A,,252.25081,1.4775,Under/Over (2.5),,UEFA Super Cup,Paris Saint Germain vs Aston Villa,Paris Saint Germain,Aston Villa,0x40d2c11bb90148bb1491fd1a5f8f94c6aaefad0b17bf95ff4a50b41a9a0b9b2f,L19066036,0,0,SUCCESS,1,1786504149,1786561200,528.273948,SXR,0x6629Ce1Cf35Cc1329ebB4F63202F3f197b3F050B
0x4aff54745ee1df9c39e5ceebddd57e339319f03a3082765f5bea3471c3a2fc6f,0xceeDe2b5168e0CBeCe1a33e07B384deDB5ea627A,,690,1.445,1X2,,UEFA Super Cup,Paris Saint Germain vs Aston Villa,Paris Saint Germain,Aston Villa,0xd90089ceb0c9854c3d68a3f09fc4fa855b3a26537e60e3a02b69256aaacd29db,L19066036,0,0,SUCCESS,1,1786503841,1786561200,1550.561798,SXR,0x6629Ce1Cf35Cc1329ebB4F63202F3f197b3F050B
0xd780d195ce364dd621ce45379699b2c7994680570e51d0eca2c1ed1143572b62,0x8268feC8dCb0D284343054BDf2b649286c9aA0a1,1,1335.26,1.5562,Asian Handicap (-0.5),Paris Saint Germain -0.5,UEFA Super Cup,Paris Saint Germain vs Aston Villa,Paris Saint Germain,Aston Villa,0x633e1f4af7bf294be4c13c5c783beb3d10adbea62e87950389cb3cfa326086cb,L19066036,0,0,SUCCESS,1,1786501059,1786561200,2400.467416,SXR,0x6629Ce1Cf35Cc1329ebB4F63202F3f197b3F050B
0x552df581fa9ee8db3d9033f3b2aae0d7a8a7e68bee7632a0f109eb9c8b3b8551,0x0DeAbC808957aBc9f4778C03b03CC1D2cBBC9D60,1,5,1.5562,Asian Handicap (-0.5),Paris Saint Germain -0.5,UEFA Super Cup,Paris Saint Germain vs Aston Villa,Paris Saint Germain,Aston Villa,0x633e1f4af7bf294be4c13c5c783beb3d10adbea62e87950389cb3cfa326086cb,L19066036,0,0,SUCCESS,1,1786500980,1786561200,8.988764,SXR,0x6629Ce1Cf35Cc1329ebB4F63202F3f197b3F050B
0x135ca5b241b0d1e484c97d7c26d71e9d58e6dd971b22360ae9e62df23118ee6b,0x8268feC8dCb0D284343054BDf2b649286c9aA0a1,1,31.15,1.5562,Asian Handicap (-0.5),Paris Saint Germain -0.5,UEFA Super Cup,Paris Saint Germain vs Aston Villa,Paris Saint Germain,Aston Villa,0x633e1f4af7bf294be4c13c5c783beb3d10adbea62e87950389cb3cfa326086cb,L19066036,0,0,SUCCESS,1,1786500974,1786561200,56.0,SXR,0x6629Ce1Cf35Cc1329ebB4F63202F3f197b3F050B
0xd0e485c8a54ff92288008fc7ef998bfee28e3c9deabfed91f9266b54b7325639,0x0DeAbC808957aBc9f4778C03b03CC1D2cBBC9D60,1,5,1.5562,Asian Handicap (-0.5),Paris Saint Germain -0.5,UEFA Super Cup,Paris Saint Germain vs Aston Villa,Paris Saint Germain,Aston Villa,0x633e1f4af7bf294be4c13c5c783beb3d10adbea62e87950389cb3cfa326086cb,L19066036,0,0,SUCCESS,1,1786500803,1786561200,8.988764,SXR,0x6629Ce1Cf35Cc1329ebB4F63202F3f197b3F050B
0x32f75f1a679cbf6e5a754001684967d29f8331ea42c38c104d263619cd26bc14,0x0DeAbC808957aBc9f4778C03b03CC1D2cBBC9D60,1,5,1.5562,Asian Handicap (-0.5),Paris Saint Germain -0.5,UEFA Super Cup,Paris Saint Germain vs Aston Villa,Paris Saint Germain,Aston Villa,0x633e1f4af7bf294be4c13c5c783beb3d10adbea62e87950389cb3cfa326086cb,L19066036,0,0,SUCCESS,1,1786500801,1786561200,8.988764,SXR,0x6629Ce1Cf35Cc1329ebB4F63202F3f197b3F050B
0xa4d6707462e7e71482a034711a024006ce64ad33f684e3ffc8aa48e105b8ad86,0x0DeAbC808957aBc9f4778C03b03CC1D2cBBC9D60,1,5,1.5562,Asian Handicap (-0.5),Paris Saint Germain -0.5,UEFA Super Cup,Paris Saint Germain vs Aston Villa,Paris Saint Germain,Aston Villa,0x633e1f4af7bf294be4c13c5c783beb3d10adbea62e87950389cb3cfa326086cb,L19066036,0,0,SUCCESS,1,1786500799,1786561200,8.988764,SXR,0x6629Ce1Cf35Cc1329ebB4F63202F3f197b3F050B
0x3efe4e02ea3d9bfa26256cae2117b7deedc84fd159b4045c452040d9b1f2d7c5,0x0DeAbC808957aBc9f4778C03b03CC1D2cBBC9D60,1,5,1.5562,Asian Handicap (-0.5),Paris Saint Germain -0.5,UEFA Super Cup,Paris Saint Germain vs Aston Villa,Paris Saint Germain,Aston Villa,0x633e1f4af7bf294be4c13c5c783beb3d10adbea62e87950389cb3cfa326086cb,L19066036,0,0,SUCCESS,1,1786500797,1786561200,8.988764,SXR,0x6629Ce1Cf35Cc1329ebB4F63202F3f197b3F050B
0xbc8939d03f5d2c19550a7b112bffcf5adc6d07378d6ceb670253bc89f48240b6,0x8268feC8dCb0D284343054BDf2b649286c9aA0a1,1,187.21,1.5562,Asian Handicap (-0.5),Paris Saint Germain -0.5,UEFA Super Cup,Paris Saint Germain vs Aston Villa,Paris Saint Germain,Aston Villa,0x633e1f4af7bf294be4c13c5c783beb3d10adbea62e87950389cb3cfa326086cb,L19066036,0,0,SUCCESS,1,1786500775,1786561200,336.557303,SXR,0x6629Ce1Cf35Cc1329ebB4F63202F3f197b3F050B
0x9aab0146566e1cf2d904cec61e5fc8853c9b003f5b9a0f3c4e69d5d5b5c484ed,0x8268feC8dCb0D284343054BDf2b649286c9aA0a1,1,63.35999,1.5562,Asian Handicap (-0.5),Paris Saint Germain -0.5,UEFA Super Cup,Paris Saint Germain vs Aston Villa,Paris Saint Germain,Aston Villa,0x633e1f4af7bf294be4c13c5c783beb3d10adbea62e87950389cb3cfa326086cb,L19066036,0,0,SUCCESS,1,1786500773,1786561200,113.9056,SXR,0x6629Ce1Cf35Cc1329ebB4F63202F3f197b3F050B
0xf93ca08ba4c183f19691ac949364bf8e7941471d36502742e2371e46518e091f,0x0DeAbC808957aBc9f4778C03b03CC1D2cBBC9D60,1,5,1.5562,Asian Handicap (-0.5),Paris Saint Germain -0.5,UEFA Super Cup,Paris Saint Germain vs Aston Villa,Paris Saint Germain,Aston Villa,0x633e1f4af7bf294be4c13c5c783beb3d10adbea62e87950389cb3cfa326086cb,L19066036,0,0,SUCCESS,1,1786500761,1786561200,8.988764,SXR,0x6629Ce1Cf35Cc1329ebB4F63202F3f197b3F050B
0x81f5973a3f28d7aaeefe7911ffccf1e98af44fcaa930aeac34875dd38df71bc9,0x8268feC8dCb0D284343054BDf2b649286c9aA0a1,1,26.36,1.5562,Asian Handicap (-0.5),Paris Saint Germain -0.5,UEFA Super Cup,Paris Saint Germain vs Aston Villa,Paris Saint Germain,Aston Villa,0x633e1f4af7bf294be4c13c5c783beb3d10adbea62e87950389cb3cfa326086cb,L19066036,0,0,SUCCESS,1,1786500760,1786561200,47.388764,SXR,0x6629Ce1Cf35Cc1329ebB4F63202F3f197b3F050B
0x66eeaf3004065d2e62328224d064e8196d58379f132fedbd741c76858295a7f7,0x0DeAbC808957aBc9f4778C03b03CC1D2cBBC9D60,1,5,1.5562,Asian Handicap (-0.5),Paris Saint Germain -0.5,UEFA Super Cup,Paris Saint Germain vs Aston Villa,Paris Saint Germain,Aston Villa,0x633e1f4af7bf294be4c13c5c783beb3d10adbea62e87950389cb3cfa326086cb,L19066036,0,0,SUCCESS,1,1786500757,1786561200,8.988764,SXR,0x6629Ce1Cf35Cc1329ebB4F63202F3f197b3F050B
0xbad5215a4edd54d38386bd1e5448631e76e90dbee3e4bf3557e8e2c043083418,0x8268feC8dCb0D284343054BDf2b649286c9aA0a1,1,104.21999,1.5562,Asian Handicap (-0.5),Paris Saint Germain -0.5,UEFA Super Cup,Paris Saint Germain vs Aston Villa,Paris Saint Germain,Aston Villa,0x633e1f4af7bf294be4c13c5c783beb3d10adbea62e87950389cb3cfa326086cb,L19066036,0,0,SUCCESS,1,1786500752,1786561200,187.36178,SXR,0x6629Ce1Cf35Cc1329ebB4F63202F3f197b3F050B
0xdd309ef6c0dc57692dec182e5cffcdd0c7f85c99189249002a5ee7c4793563d9,0x8268feC8dCb0D284343054BDf2b649286c9aA0a1,1,83.09999,1.5562,Asian Handicap (-0.5),Paris Saint Germain -0.5,UEFA Super Cup,Paris Saint Germain vs Aston Villa,Paris Saint Germain,Aston Villa,0x633e1f4af7bf294be4c13c5c783beb3d10adbea62e87950389cb3cfa326086cb,L19066036,0,0,SUCCESS,1,1786500737,1786561200,149.39324,SXR,0x6629Ce1Cf35Cc1329ebB4F63202F3f197b3F050B
0x96136c19e8b4b3c1cd9a022ec3ec1be7af2fc0def6358940a3b219bccf20682d,0x8268feC8dCb0D284343054BDf2b649286c9aA0a1,1,47.21,1.5562,Asian Handicap (-0.5),Paris Saint Germain -0.5,UEFA Super Cup,Paris Saint Germain vs Aston Villa,Paris Saint Germain,Aston Villa,0x633e1f4af7bf294be4c13c5c783beb3d10adbea62e87950389cb3cfa326086cb,L19066036,0,0,SUCCESS,1,1786500736,1786561200,84.87191,SXR,0x6629Ce1Cf35Cc1329ebB4F63202F3f197b3F050B
0x7b50006545a4d3976ffc8f0762f94bd9fdff1567a3cf664dd9e79edf834c96bc,0xa498150823d867380b25175554a275c1c668256e,,197.75,1.445,Asian Handicap (-0.5),,UEFA Super Cup,Paris Saint Germain vs Aston Villa,Paris Saint Germain,Aston Villa,0x633e1f4af7bf294be4c13c5c783beb3d10adbea62e87950389cb3cfa326086cb,L19066036,0,0,SUCCESS,1,1786500644,1786561200,444.382022,SXR,0x6629Ce1Cf35Cc1329ebB4F63202F3f197b3F050B
0xf9e921304b5613d4f5a4aac94cdaeac732d8ea42bec44a92191306c7103df732,0xa498150823d867380b25175554a275c1c668256e,,369.91,1.445,Asian Handicap (-0.5),,UEFA Super Cup,Paris Saint Germain vs Aston Villa,Paris Saint Germain,Aston Villa,0x633e1f4af7bf294be4c13c5c783beb3d10adbea62e87950389cb3cfa326086cb,L19066036,0,0,SUCCESS,1,1786500633,1786561200,831.258427,SXR,0x6629Ce1Cf35Cc1329ebB4F63202F3f197b3F050B
0xdf4ba60566fd5689393750a08058e1a227b21e0bb2b7a75524dd08921158b328,0x0DeAbC808957aBc9f4778C03b03CC1D2cBBC9D60,1,5,1.5562,Asian Handicap (-0.5),Paris Saint Germain -0.5,UEFA Super Cup,Paris Saint Germain vs Aston Villa,Paris Saint Germain,Aston Villa,0x633e1f4af7bf294be4c13c5c783beb3d10adbea62e87950389cb3cfa326086cb,L19066036,0,0,SUCCESS,1,1786500582,1786561200,8.988764,SXR,0x6629Ce1Cf35Cc1329ebB4F63202F3f197b3F050B
0x5e90c46cc93882168350f5e6b83523a3325a59dffb9497b35253b8552791e3ab,0x0DeAbC808957aBc9f4778C03b03CC1D2cBBC9D60,1,5,1.5562,Asian Handicap (-0.5),Paris Saint Germain -0.5,UEFA Super Cup,Paris Saint Germain vs Aston Villa,Paris Saint Germain,Aston Villa,0x633e1f4af7bf294be4c13c5c783beb3d10adbea62e87950389cb3cfa326086cb,L19066036,0,0,SUCCESS,1,1786500580,1786561200,8.988764,SXR,0x6629Ce1Cf35Cc1329ebB4F63202F3f197b3F050B
0xa18586bdb3003365505e403bdf79edab1b8478a9e9e230f70c4e76fdf6d003cc,0x8268feC8dCb0D284343054BDf2b649286c9aA0a1,1,49.79,1.5562,Asian Handicap (-0.5),Paris Saint Germain -0.5,UEFA Super Cup,Paris Saint Germain vs Aston Villa,Paris Saint Germain,Aston Villa,0x633e1f4af7bf294be4c13c5c783beb3d10adbea62e87950389cb3cfa326086cb,L19066036,0,0,SUCCESS,1,1786500551,1786561200,89.510112,SXR,0x6629Ce1Cf35Cc1329ebB4F63202F3f197b3F050B
0xcee60a04b8f8d5efba6d52111a13199c73c69fd54b9f9f9ba72592c359f92c6a,0x8268feC8dCb0D284343054BDf2b649286c9aA0a1,1,27.3,1.5562,Asian Handicap (-0.5),Paris Saint Germain -0.5,UEFA Super Cup,Paris Saint Germain vs Aston Villa,Paris Saint Germain,Aston Villa,0x633e1f4af7bf294be4c13c5c783beb3d10adbea62e87950389cb3cfa326086cb,L19066036,0,0,SUCCESS,1,1786500550,1786561200,49.078652,SXR,0x6629Ce1Cf35Cc1329ebB4F63202F3f197b3F050B
0x0909a65a14fd4ad7dbd184945e4e82c9fdce475552b31ac2ffa79f5cc8d2d2fc,0x0DeAbC808957aBc9f4778C03b03CC1D2cBBC9D60,1,5,1.5562,Asian Handicap (-0.5),Paris Saint Germain -0.5,UEFA Super Cup,Paris Saint Germain vs Aston Villa,Paris Saint Germain,Aston Villa,0x633e1f4af7bf294be4c13c5c783beb3d10adbea62e87950389cb3cfa326086cb,L19066036,0,0,SUCCESS,1,1786500544,1786561200,8.988764,SXR,0x6629Ce1Cf35Cc1329ebB4F63202F3f197b3F050B
0xf47ded4743419e912443bb01778bf84bf92c70cb548340b8471b4e65e69d5d72,0x8268feC8dCb0D284343054BDf2b649286c9aA0a1,1,28.58,1.5562,Asian Handicap (-0.5),Paris Saint Germain -0.5,UEFA Super Cup,Paris Saint Germain vs Aston Villa,Paris Saint Germain,Aston Villa,0x633e1f4af7bf294be4c13c5c783beb3d10adbea62e87950389cb3cfa326086cb,L19066036,0,0,SUCCESS,1,1786500534,1786561200,51.379775,SXR,0x6629Ce1Cf35Cc1329ebB4F63202F3f197b3F050B
0x944f5df4e4d993386c3114a59ad8704373224aae960b40c8fb5dc958868cd0c9,0x0DeAbC808957aBc9f4778C03b03CC1D2cBBC9D60,1,5,1.5562,Asian Handicap (-0.5),Paris Saint Germain -0.5,UEFA Super Cup,Paris Saint Germain vs Aston Villa,Paris Saint Germain,Aston Villa,0x633e1f4af7bf294be4c13c5c783beb3d10adbea62e87950389cb3cfa326086cb,L19066036,0,0,SUCCESS,1,1786500504,1786561200,8.988764,SXR,0x6629Ce1Cf35Cc1329ebB4F63202F3f197b3F050B
0x4ffb70fc7ea797009babeaf3a2360c329a379a328dab0ce16fa709514d4f9cef,0x0DeAbC808957aBc9f4778C03b03CC1D2cBBC9D60,1,5,1.5562,Asian Handicap (-0.5),Paris Saint Germain -0.5,UEFA Super Cup,Paris Saint Germain vs Aston Villa,Paris Saint Germain,Aston Villa,0x633e1f4af7bf294be4c13c5c783beb3d10adbea62e87950389cb3cfa326086cb,L19066036,0,0,SUCCESS,1,1786500503,1786561200,8.988764,SXR,0x6629Ce1Cf35Cc1329ebB4F63202F3f197b3F050B
0x5c7eb9a2501c32b896b5a9b685517d32cbfe67726fca300d63b10476842d2c2a,0x0DeAbC808957aBc9f4778C03b03CC1D2cBBC9D60,1,5,1.5562,Asian Handicap (-0.5),Paris Saint Germain -0.5,UEFA Super Cup,Paris Saint Germain vs Aston Villa,Paris Saint Germain,Aston Villa,0x633e1f4af7bf294be4c13c5c783beb3d10adbea62e87950389cb3cfa326086cb,L19066036,0,0,SUCCESS,1,1786500501,1786561200,8.988764,SXR,0x6629Ce1Cf35Cc1329ebB4F63202F3f197b3F050B
0x95e9e1a3038ffc59cdb49a206e8adcb19179a43073a098619bdd395c0570cb37,0x0DeAbC808957aBc9f4778C03b03CC1D2cBBC9D60,1,5,1.5562,Asian Handicap (-0.5),Paris Saint Germain -0.5,UEFA Super Cup,Paris Saint Germain vs Aston Villa,Paris Saint Germain,Aston Villa,0x633e1f4af7bf294be4c13c5c783beb3d10adbea62e87950389cb3cfa326086cb,L19066036,0,0,SUCCESS,1,1786500499,1786561200,8.988764,SXR,0x6629Ce1Cf35Cc1329ebB4F63202F3f197b3F050B
0x0d5cd46de2f58ac252c6a0489b2fb8253629014f2f6b91d710ba41e1803b36b8,0x0DeAbC808957aBc9f4778C03b03CC1D2cBBC9D60,1,5,1.5562,Asian Handicap (-0.5),Paris Saint Germain -0.5,UEFA Super Cup,Paris Saint Germain vs Aston Villa,Paris Saint Germain,Aston Villa,0x633e1f4af7bf294be4c13c5c783beb3d10adbea62e87950389cb3cfa326086cb,L19066036,0,0,SUCCESS,1,1786500498,1786561200,8.988764,SXR,0x6629Ce1Cf35Cc1329ebB4F63202F3f197b3F050B
0x5294d64dc44b1c637243f3de9a061ba385cc84408b2ea0a98d2ddf6c6718815c,0x0DeAbC808957aBc9f4778C03b03CC1D2cBBC9D60,1,5,1.5562,Asian Handicap (-0.5),Paris Saint Germain -0.5,UEFA Super Cup,Paris Saint Germain vs Aston Villa,Paris Saint Germain,Aston Villa,0x633e1f4af7bf294be4c13c5c783beb3d10adbea62e87950389cb3cfa326086cb,L19066036,0,0,SUCCESS,1,1786500496,1786561200,8.988764,SXR,0x6629Ce1Cf35Cc1329ebB4F63202F3f197b3F050B
0xb5ce2ecec5f0be7b0047ce88d13d0c9055b5fca8d9c11bc67e966280f2384598,0x0DeAbC808957aBc9f4778C03b03CC1D2cBBC9D60,1,5,1.5562,Asian Handicap (-0.5),Paris Saint Germain -0.5,UEFA Super Cup,Paris Saint Germain vs Aston Villa,Paris Saint Germain,Aston Villa,0x633e1f4af7bf294be4c13c5c783beb3d10adbea62e87950389cb3cfa326086cb,L19066036,0,0,SUCCESS,1,1786500494,1786561200,8.988764,SXR,0x6629Ce1Cf35Cc1329ebB4F63202F3f197b3F050B
0x7c3b5079c34701a023626323d701dfc0a4e7823959dc0481793b08574dc9dfd1,0x0DeAbC808957aBc9f4778C03b03CC1D2cBBC9D60,1,5,1.5562,Asian Handicap (-0.5),Paris Saint Germain -0.5,UEFA Super Cup,Paris Saint Germain vs Aston Villa,Paris Saint Germain,Aston Villa,0x633e1f4af7bf294be4c13c5c783beb3d10adbea62e87950389cb3cfa326086cb,L19066036,0,0,SUCCESS,1,1786500492,1786561200,8.988764,SXR,0x6629Ce1Cf35Cc1329ebB4F63202F3f197b3F050B
0xc25d80f3f8534bd014aa3041b4ded1b98e2b6f01f0f432a007e92f8d97721feb,0x0DeAbC808957aBc9f4778C03b03CC1D2cBBC9D60,1,5,1.5562,Asian Handicap (-0.5),Paris Saint Germain -0.5,UEFA Super Cup,Paris Saint Germain vs Aston Villa,Paris Saint Germain,Aston Villa,0x633e1f4af7bf294be4c13c5c783beb3d10adbea62e87950389cb3cfa326086cb,L19066036,0,0,SUCCESS,1,1786500491,1786561200,8.988764,SXR,0x6629Ce1Cf35Cc1329ebB4F63202F3f197b3F050B
0x4b0fefa802aee78ae049407556ceab6fc43dd1967b5944a825593c40843bea6d,0x8268feC8dCb0D284343054BDf2b649286c9aA0a1,1,37.03,1.5562,Asian Handicap (-0.5),Paris Saint Germain -0.5,UEFA Super Cup,Paris Saint Germain vs Aston Villa,Paris Saint Germain,Aston Villa,0x633e1f4af7bf294be4c13c5c783beb3d10adbea62e87950389cb3cfa326086cb,L19066036,0,0,SUCCESS,1,1786500476,1786561200,66.570787,SXR,0x6629Ce1Cf35Cc1329ebB4F63202F3f197b3F050B
0x8e07b84ce6844c38bd99c9ded59e55289f96bab45374d6cafd8039a6848c3ae1,0x8268feC8dCb0D284343054BDf2b649286c9aA0a1,1,132.26,1.5562,Asian Handicap (-0.5),Paris Saint Germain -0.5,UEFA Super Cup,Paris Saint Germain vs Aston Villa,Paris Saint Germain,Aston Villa,0x633e1f4af7bf294be4c13c5c783beb3d10adbea62e87950389cb3cfa326086cb,L19066036,0,0,SUCCESS,1,1786500474,1786561200,237.770787,SXR,0x6629Ce1Cf35Cc1329ebB4F63202F3f197b3F050B
0x0aea6283317d83074694b78f764d29c7b95d51f4e307b7019541bd6400e1a8b8,0x8268feC8dCb0D284343054BDf2b649286c9aA0a1,1,76.86,1.5562,Asian Handicap (-0.5),Paris Saint Germain -0.5,UEFA Super Cup,Paris Saint Germain vs Aston Villa,Paris Saint Germain,Aston Villa,0x633e1f4af7bf294be4c13c5c783beb3d10adbea62e87950389cb3cfa326086cb,L19066036,0,0,SUCCESS,1,1786500468,1786561200,138.175281,SXR,0x6629Ce1Cf35Cc1329ebB4F63202F3f197b3F050B
0xdda980bbea51d427848750fa29aa6f27e23db79e2c7c5629a9587f9bde755ba9,0x8268feC8dCb0D284343054BDf2b649286c9aA0a1,1,77.35999,1.5562,Asian Handicap (-0.5),Paris Saint Germain -0.5,UEFA Super Cup,Paris Saint Germain vs Aston Villa,Paris Saint Germain,Aston Villa,0x633e1f4af7bf294be4c13c5c783beb3d10adbea62e87950389cb3cfa326086cb,L19066036,0,0,SUCCESS,1,1786500460,1786561200,139.074139,SXR,0x6629Ce1Cf35Cc1329ebB4F63202F3f197b3F050B
0xe29c36778555e41d28b19553e722e94874412123ccb1bedea115d69ba68e5e12,0x8268feC8dCb0D284343054BDf2b649286c9aA0a1,1,41.10999,1.5562,Asian Handicap (-0.5),Paris Saint Germain -0.5,UEFA Super Cup,Paris Saint Germain vs Aston Villa,Paris Saint Germain,Aston Villa,0x633e1f4af7bf294be4c13c5c783beb3d10adbea62e87950389cb3cfa326086cb,L19066036,0,0,SUCCESS,1,1786500458,1786561200,73.9056,SXR,0x6629Ce1Cf35Cc1329ebB4F63202F3f197b3F050B
0x29146d1a0dbde03d831d263bc99690b03cefcdfa8dc20dedd782669d6c9213f9,0x8268feC8dCb0D284343054BDf2b649286c9aA0a1,1,120.74,1.5562,Asian Handicap (-0.5),Paris Saint Germain -0.5,UEFA Super Cup,Paris Saint Germain vs Aston Villa,Paris Saint Germain,Aston Villa,0x633e1f4af7bf294be4c13c5c783beb3d10adbea62e87950389cb3cfa326086cb,L19066036,0,0,SUCCESS,1,1786500456,1786561200,217.060674,SXR,0x6629Ce1Cf35Cc1329ebB4F63202F3f197b3F050B
0x7bc5af8f4863cacf664ab30c084a2a43acfbcc9eff568595a2106ce23da17209,0x8268feC8dCb0D284343054BDf2b649286c9aA0a1,1,27.38,1.5562,Asian Handicap (-0.5),Paris Saint Germain -0.5,UEFA Super Cup,Paris Saint Germain vs Aston Villa,Paris Saint Germain,Aston Villa,0x633e1f4af7bf294be4c13c5c783beb3d10adbea62e87950389cb3cfa326086cb,L19066036,0,0,SUCCESS,1,1786500454,1786561200,49.222472,SXR,0x6629Ce1Cf35Cc1329ebB4F63202F3f197b3F050B
0x5ae0620d3e7fd0d39c61c92d92dff0f44ffb8e289337ebe156f3686d570026cf,0xFD3a22179CA4104E97c670b834750Bd7Ff310b17,1,114.08,1.5562,Asian Handicap (-0.5),Paris Saint Germain -0.5,UEFA Super Cup,Paris Saint Germain vs Aston Villa,Paris Saint Germain,Aston Villa,0x633e1f4af7bf294be4c13c5c783beb3d10adbea62e87950389cb3cfa326086cb,L19066036,0,0,SUCCESS,1,1786500453,1786561200,205.08764,SXR,0x6629Ce1Cf35Cc1329ebB4F63202F3f197b3F050B
0xf59e1f15c89fd009ceb1441f549470bd61d335d24c57df7a653f34a3fed23904,0x8268feC8dCb0D284343054BDf2b649286c9aA0a1,1,42.05,1.5562,Asian Handicap (-0.5),Paris Saint Germain -0.5,UEFA Super Cup,Paris Saint Germain vs Aston Villa,Paris Saint Germain,Aston Villa,0x633e1f4af7bf294be4c13c5c783beb3d10adbea62e87950389cb3cfa326086cb,L19066036,0,0,SUCCESS,1,1786500452,1786561200,75.595506,SXR,0x6629Ce1Cf35Cc1329ebB4F63202F3f197b3F050B
0x7d734049fc9657458d52a381d19fb7d4aff8c4e71148efedd691e610e3a7a0bb,0x8268feC8dCb0D284343054BDf2b649286c9aA0a1,1,1005.29,1.5562,Asian Handicap (-0.5),Paris Saint Germain -0.5,UEFA Super Cup,Paris Saint Germain vs Aston Villa,Paris Saint Germain,Aston Villa,0x633e1f4af7bf294be4c13c5c783beb3d10adbea62e87950389cb3cfa326086cb,L19066036,0,0,SUCCESS,1,1786500451,1786561200,1807.262921,SXR,0x6629Ce1Cf35Cc1329ebB4F63202F3f197b3F050B
0xdac326f5927fbb970e6253d4f41b0dda53f675cb5449d4ce88a3392cdb3f18d2,0xFD3a22179CA4104E97c670b834750Bd7Ff310b17,1,19.56,1.3975,Under/Over (3),Over 3.0,UEFA Super Cup,Paris Saint Germain vs Aston Villa,Paris Saint Germain,Aston Villa,0x1680a9183d7746c5c4672e850418adf866cefd179c8c9fa8a47ddd9aae14f195,L19066036,0,0,SUCCESS,1,1786499763,1786561200,49.207547,SXR,0x6629Ce1Cf35Cc1329ebB4F63202F3f197b3F050B
0xe4d62db20d7dce5a6d3aba1b5840a8cfadcc44c5e125c97cb74db1289ff05051,0x97EC1C9682F70091efB04e97b0B34698cF815EE1,,5.7,1.2662,UEFA Super Cup,,UEFA Super Cup,Paris Saint Germain vs Aston Villa,Paris Saint Germain,Aston Villa,0x79833fc6a3f6648404ca4b99628add02ce86c2c2d0053296c7e23bea43b238d1,L19066036,0,0,SUCCESS,1,1786498202,1786561200,21.408451,SXR,0x6629Ce1Cf35Cc1329ebB4F63202F3f197b3F050B
0x7dcf5f848d78758aa81a9026f7a2af5c72cc084687859ec7c1750f509bdc420b,0xFD3a22179CA4104E97c670b834750Bd7Ff310b17,1,5.86,1.5575,1X2,Paris Saint Germain,UEFA Super Cup,Paris Saint Germain vs Aston Villa,Paris Saint Germain,Aston Villa,0xd90089ceb0c9854c3d68a3f09fc4fa855b3a26537e60e3a02b69256aaacd29db,L19066036,0,0,SUCCESS,1,1786496166,1786561200,10.511211,SXR,0x6629Ce1Cf35Cc1329ebB4F63202F3f197b3F050B
0x42cfdc40991be588eb224c94dbbda3512b84f29d8a76e0e819f1717e16ea7f3a,0xFD3a22179CA4104E97c670b834750Bd7Ff310b17,1,26.34,1.5337,Under/Over (2.5),Over 2.5,UEFA Super Cup,Paris Saint Germain vs Aston Villa,Paris Saint Germain,Aston Villa,0x40d2c11bb90148bb1491fd1a5f8f94c6aaefad0b17bf95ff4a50b41a9a0b9b2f,L19066036,0,0,SUCCESS,1,1786496166,1786561200,49.348946,SXR,0x6629Ce1Cf35Cc1329ebB4F63202F3f197b3F050B
0xfafaa95fa892b7b96feb25237a96968c1542b373c172067c131656aed4764872,0x8268feC8dCb0D284343054BDf2b649286c9aA0a1,,22.08887,1.4463,Asian Handicap (-0.5),,UEFA Super Cup,Paris Saint Germain vs Aston Villa,Paris Saint Germain,Aston Villa,0x633e1f4af7bf294be4c13c5c783beb3d10adbea62e87950389cb3cfa326086cb,L19066036,0,0,SUCCESS,1,1786495559,1786561200,49.498868,SXR,0x6629Ce1Cf35Cc1329ebB4F63202F3f197b3F050B
0x2e1abfbad55d92ecb1113f9023da45bba5096910055bdcd79fd58fee8ad506ef,0x8268feC8dCb0D284343054BDf2b649286c9aA0a1,,14.82799,1.4463,1X2,,UEFA Super Cup,Paris Saint Germain vs Aston Villa,Paris Saint Germain,Aston Villa,0xd90089ceb0c9854c3d68a3f09fc4fa855b3a26537e60e3a02b69256aaacd29db,L19066036,0,0,SUCCESS,1,1786495559,1786561200,33.227989,SXR,0x6629Ce1Cf35Cc1329ebB4F63202F3f197b3F050B
0xda319e704a52e8ad3239c54f090757c46923aed8a6229dbb1a47a6aafdacc178,0xFD3a22179CA4104E97c670b834750Bd7Ff310b17,1,1.14999,1.5613,Asian Handicap (-0.5),Paris Saint Germain -0.5,UEFA Super Cup,Paris Saint Germain vs Aston Villa,Paris Saint Germain,Aston Villa,0x633e1f4af7bf294be4c13c5c783beb3d10adbea62e87950389cb3cfa326086cb,L19066036,0,0,SUCCESS,1,1786494130,1786561200,2.04898,SXR,0x6629Ce1Cf35Cc1329ebB4F63202F3f197b3F050B
0xe8544bdaf431d2b9cded859bb44c95e9a4cbb77d283569ab427748adf7c38a82,0xFD3a22179CA4104E97c670b834750Bd7Ff310b17,1,4.61,1.56,1X2,Paris Saint Germain,UEFA Super Cup,Paris Saint Germain vs Aston Villa,Paris Saint Germain,Aston Villa,0xd90089ceb0c9854c3d68a3f09fc4fa855b3a26537e60e3a02b69256aaacd29db,L19066036,0,0,SUCCESS,1,1786494129,1786561200,8.232143,SXR,0x6629Ce1Cf35Cc1329ebB4F63202F3f197b3F050B
0x9f99840ce6a1d8f4c6f24f53d1e8ba96ef427cfa8f43a387601bdf53f416e3a4,0x97EC1C9682F70091efB04e97b0B34698cF815EE1,1,27.72,1.56,Asian Handicap (-0.5),Paris Saint Germain -0.5,UEFA Super Cup,Paris Saint Germain vs Aston Villa,Paris Saint Germain,Aston Villa,0x633e1f4af7bf294be4c13c5c783beb3d10adbea62e87950389cb3cfa326086cb,L19066036,0,0,SUCCESS,1,1786494097,1786561200,49.5,SXR,0x6629Ce1Cf35Cc1329ebB4F63202F3f197b3F050B
0x17444d1a79b59787a6df8c716bc91f6b83490b852e7a42e1da13278178bd0fa3,0x97EC1C9682F70091efB04e97b0B34698cF815EE1,1,16.16,1.5575,1X2,Paris Saint Germain,UEFA Super Cup,Paris Saint Germain vs Aston Villa,Paris Saint Germain,Aston Villa,0xd90089ceb0c9854c3d68a3f09fc4fa855b3a26537e60e3a02b69256aaacd29db,L19066036,0,0,SUCCESS,1,1786494077,1786561200,28.986547,SXR,0x6629Ce1Cf35Cc1329ebB4F63202F3f197b3F050B
0xed62cce657564c54cdf4505d1beb541e7bb3559d7e8dafcf5c91e22df2dab644,0x97EC1C9682F70091efB04e97b0B34698cF815EE1,1,14.27,1.2437,1X2,Tie,UEFA Super Cup,Paris Saint Germain vs Aston Villa,Paris Saint Germain,Aston Villa,0x82142b3963732a3fdd36aa8afa37f80a8be5d40f1cde3d8c81b2a40f833fd442,L19066036,0,0,SUCCESS,1,1786494054,1786561200,58.54359,SXR,0x6629Ce1Cf35Cc1329ebB4F63202F3f197b3F050B
0x5e9b92a3ee864ed306ae19b1eb8415371da432df1801adf9df4096158c2ada97,0x8268feC8dCb0D284343054BDf2b649286c9aA0a1,,22.15226,1.4475,Asian Handicap (-0.5),,UEFA Super Cup,Paris Saint Germain vs Aston Villa,Paris Saint Germain,Aston Villa,0x633e1f4af7bf294be4c13c5c783beb3d10adbea62e87950389cb3cfa326086cb,L19066036,0,0,SUCCESS,1,1786491019,1786561200,49.502257,SXR,0x6629Ce1Cf35Cc1329ebB4F63202F3f197b3F050B
0x23733dbdf9fa3729981e360673c4b7d7c10ff2531e371c5badad3796d6c9c512,0x97EC1C9682F70091efB04e97b0B34698cF815EE1,1,27.55999,1.5575,Asian Handicap (-0.5),Paris Saint Germain -0.5,UEFA Super Cup,Paris Saint Germain vs Aston Villa,Paris Saint Germain,Aston Villa,0x633e1f4af7bf294be4c13c5c783beb3d10adbea62e87950389cb3cfa326086cb,L19066036,0,0,SUCCESS,1,1786490560,1786561200,49.43496,SXR,0x6629Ce1Cf35Cc1329ebB4F63202F3f197b3F050B
0x0727088f0a4a30c10d202e7c81d28be4eb0ab98bf21e981e558f2e5179605bac,0x8268feC8dCb0D284343054BDf2b649286c9aA0a1,,15.81921,1.4463,1X2,,UEFA Super Cup,Paris Saint Germain vs Aston Villa,Paris Saint Germain,Aston Villa,0xd90089ceb0c9854c3d68a3f09fc4fa855b3a26537e60e3a02b69256aaacd29db,L19066036,0,0,SUCCESS,1,1786490214,1786561200,35.44921,SXR,0x6629Ce1Cf35Cc1329ebB4F63202F3f197b3F050B
0x2e03fcc3f7ecc087552ed1d69a1f8008e36e398bfe42ea205ce282f08f1c1340,0x97EC1C9682F70091efB04e97b0B34698cF815EE1,1,13.87999,1.5562,1X2,Paris Saint Germain,UEFA Super Cup,Paris Saint Germain vs Aston Villa,Paris Saint Germain,Aston Villa,0xd90089ceb0c9854c3d68a3f09fc4fa855b3a26537e60e3a02b69256aaacd29db,L19066036,0,0,SUCCESS,1,1786490114,1786561200,24.952791,SXR,0x6629Ce1Cf35Cc1329ebB4F63202F3f197b3F050B
0x031e42fbfd08a3c7d769259edbc4291e998075aee0ff949b46b2ff5a320f4fb9,0xFD3a22179CA4104E97c670b834750Bd7Ff310b17,1,1.11,1.3062,Under/Over (3.5),Over 3.5,UEFA Super Cup,Paris Saint Germain vs Aston Villa,Paris Saint Germain,Aston Villa,0x1eb0162b5ef5cce461102a0a0589d643a0342cf1c36981096646de6b5d6f255c,L19066036,0,0,SUCCESS,1,1786487872,1786561200,3.62449,SXR,0x6629Ce1Cf35Cc1329ebB4F63202F3f197b3F050B
0x973ce82e34197c696686774e4b32dc293666e3b1f344b3c042ea8e0bc0baf472,0x0C2DA7fC8702784d6f75c78Da25460783A6709a0,1,3,1.2463,1X2,Tie,UEFA Super Cup,Paris Saint Germain vs Aston Villa,Paris Saint Germain,Aston Villa,0x82142b3963732a3fdd36aa8afa37f80a8be5d40f1cde3d8c81b2a40f833fd442,L19066036,0,0,SUCCESS,1,1786484906,1786561200,12.182741,SXR,0x6629Ce1Cf35Cc1329ebB4F63202F3f197b3F050B
0x4189c1704e3efda1c32f863bee5edac536cbbc1ddc5c7ff92ffcec3f8671f4dd,0x0DeAbC808957aBc9f4778C03b03CC1D2cBBC9D60,1,5,1.53,Under/Over (2.5),Over 2.5,UEFA Super Cup,Paris Saint Germain vs Aston Villa,Paris Saint Germain,Aston Villa,0x40d2c11bb90148bb1491fd1a5f8f94c6aaefad0b17bf95ff4a50b41a9a0b9b2f,L19066036,0,0,SUCCESS,1,1786483830,1786561200,9.433962,SXR,0x6629Ce1Cf35Cc1329ebB4F63202F3f197b3F050B
0x86035074a77352f25945be3c07a1ce0a72476812a4d9ee7a5d31accc0005ca8e,0x8268feC8dCb0D284343054BDf2b649286c9aA0a1,1,2.14549,1.5275,Under/Over (2.5),Over 2.5,UEFA Super Cup,Paris Saint Germain vs Aston Villa,Paris Saint Germain,Aston Villa,0x40d2c11bb90148bb1491fd1a5f8f94c6aaefad0b17bf95ff4a50b41a9a0b9b2f,L19066036,0,0,SUCCESS,1,1786483821,1786561200,4.06728,SXR,0x6629Ce1Cf35Cc1329ebB4F63202F3f197b3F050B
0x95d1a72bec5f6cbef6a0bee578fc49d11315543f98d64986bc30ab10b98ab235,0x64f5b1770dC9BeAdAA5c573F52472842f8894c8C,,300,1.6987,Asian Handicap (-1.5),,UEFA Super Cup,Paris Saint Germain vs Aston Villa,Paris Saint Germain,Aston Villa,0x409d8b258d8921e8f4a2c11460cbb794c2d8610abb209e4090e8a8ae8f39d2d7,L19066036,0,0,SUCCESS,1,1786481014,1786561200,429.338104,SXR,0x6629Ce1Cf35Cc1329ebB4F63202F3f197b3F050B
0x75abf2cc9245d94d8697557465991a972b17d428172f9c86e5103ccf4513ae1d,0xFD3a22179CA4104E97c670b834750Bd7Ff310b17,,280.65999,1.7,Asian Handicap (-1.5),,UEFA Super Cup,Paris Saint Germain vs Aston Villa,Paris Saint Germain,Aston Villa,0x409d8b258d8921e8f4a2c11460cbb794c2d8610abb209e4090e8a8ae8f39d2d7,L19066036,0,0,SUCCESS,1,1786479821,1786561200,400.942843,SXR,0x6629Ce1Cf35Cc1329ebB4F63202F3f197b3F050B
0x7b6931100ecd01485a88a37e39d7604129b6c1b4774ef01d18474422b8022991,0x97EC1C9682F70091efB04e97b0B34698cF815EE1,1,295.34,1.2437,1X2,Tie,UEFA Super Cup,Paris Saint Germain vs Aston Villa,Paris Saint Germain,Aston Villa,0x82142b3963732a3fdd36aa8afa37f80a8be5d40f1cde3d8c81b2a40f833fd442,L19066036,0,0,SUCCESS,1,1786479008,1786561200,1211.651282,SXR,0x6629Ce1Cf35Cc1329ebB4F63202F3f197b3F050B
0xfd5730799b860d55deb75e792b32577fe97b21a6872bcdcae76b7d727aa3f5e1,0xa498150823d867380b25175554a275c1c668256e,,15.78675,1.445,1X2,,UEFA Super Cup,Paris Saint Germain vs Aston Villa,Paris Saint Germain,Aston Villa,0xd90089ceb0c9854c3d68a3f09fc4fa855b3a26537e60e3a02b69256aaacd29db,L19066036,0,0,SUCCESS,1,1786478908,1786561200,35.475843,SXR,0x6629Ce1Cf35Cc1329ebB4F63202F3f197b3F050B
0xaa6b20356dec3ef3de3c3740df5cda0bfaf51ac484d1b2f78d6d001ebf63c609,0x0DeAbC808957aBc9f4778C03b03CC1D2cBBC9D60,,0.00327,1.7675,1X2,,UEFA Super Cup,Paris Saint Germain vs Aston Villa,Paris Saint Germain,Aston Villa,0x82142b3963732a3fdd36aa8afa37f80a8be5d40f1cde3d8c81b2a40f833fd442,L19066036,0,0,SUCCESS,1,1786478826,1786561200,0.004261,SXR,0x6629Ce1Cf35Cc1329ebB4F63202F3f197b3F050B
0x1ca2c2e3faa5fd0586c76f29023f0ae32e5b7eb91a5e924bff0c79c1fd8e3978,0x97EC1C9682F70091efB04e97b0B34698cF815EE1,1,7.61,1.2437,1X2,Tie,UEFA Super Cup,Paris Saint Germain vs Aston Villa,Paris Saint Germain,Aston Villa,0x82142b3963732a3fdd36aa8afa37f80a8be5d40f1cde3d8c81b2a40f833fd442,L19066036,0,0,SUCCESS,1,1786478809,1786561200,31.220513,SXR,0x6629Ce1Cf35Cc1329ebB4F63202F3f197b3F050B
0xd719c5ae636d9e747b1caa23c9df7ac916d22589ebafce09e6a90f528305ad43,0xFD3a22179CA4104E97c670b834750Bd7Ff310b17,,30.2,1.76,1X2,,UEFA Super Cup,Paris Saint Germain vs Aston Villa,Paris Saint Germain,Aston Villa,0x82142b3963732a3fdd36aa8afa37f80a8be5d40f1cde3d8c81b2a40f833fd442,L19066036,0,0,SUCCESS,1,1786478807,1786561200,39.736842,SXR,0x6629Ce1Cf35Cc1329ebB4F63202F3f197b3F050B
0x7e152d80b0c185c0abe8c4ca426947b4261d81003670d3822de824587a968e1d,0xFD3a22179CA4104E97c670b834750Bd7Ff310b17,1,27.91,1.5637,Asian Handicap (-0.5),Paris Saint Germain -0.5,UEFA Super Cup,Paris Saint Germain vs Aston Villa,Paris Saint Germain,Aston Villa,0x633e1f4af7bf294be4c13c5c783beb3d10adbea62e87950389cb3cfa326086cb,L19066036,0,0,SUCCESS,1,1786478806,1786561200,49.507761,SXR,0x6629Ce1Cf35Cc1329ebB4F63202F3f197b3F050B
0x762726fa569798e9bb38e6d1d3a6718a3e6b17854ec943996f440407d07d5af1,0x0dc32f656f382cB67758F43c4d29A281feE11B76,1,30.51955,1.205,1X2,Aston Villa,UEFA Super Cup,Paris Saint Germain vs Aston Villa,Paris Saint Germain,Aston Villa,0x7d79a11368f71901641550937f2120d0c09dccfc84328fabe81c1eb7847ce4b5,L19066036,0,0,SUCCESS,1,1786478801,1786561200,148.875854,SXR,0x6629Ce1Cf35Cc1329ebB4F63202F3f197b3F050B
0x8e47fef69d97d7a182f242c2cdce1afab730128f4310cd28a6f9c5d37adae0d1,0x0dc32f656f382cB67758F43c4d29A281feE11B76,1,36.47459,1.245,1X2,Tie,UEFA Super Cup,Paris Saint Germain vs Aston Villa,Paris Saint Germain,Aston Villa,0x82142b3963732a3fdd36aa8afa37f80a8be5d40f1cde3d8c81b2a40f833fd442,L19066036,0,0,SUCCESS,1,1786478798,1786561200,148.875878,SXR,0x6629Ce1Cf35Cc1329ebB4F63202F3f197b3F050B
0x4b13bf02996be9f8f2f945b0a566bfd6a4a430bd57ac43a76f92d64f15f5498d,0x0dc32f656f382cB67758F43c4d29A281feE11B76,,66.06366,1.4438,1X2,,UEFA Super Cup,Paris Saint Germain vs Aston Villa,Paris Saint Germain,Aston Villa,0xd90089ceb0c9854c3d68a3f09fc4fa855b3a26537e60e3a02b69256aaacd29db,L19066036,0,0,SUCCESS,1,1786478774,1786561200,148.875854,SXR,0x6629Ce1Cf35Cc1329ebB4F63202F3f197b3F050B
0xe9e3237227be288d77eb896c110ca16fd4018525f8bcea0d1e30930f9032da8b,0xFD3a22179CA4104E97c670b834750Bd7Ff310b17,,2.10999,1.76,1X2,,UEFA Super Cup,Paris Saint Germain vs Aston Villa,Paris Saint Germain,Aston Villa,0x82142b3963732a3fdd36aa8afa37f80a8be5d40f1cde3d8c81b2a40f833fd442,L19066036,0,0,SUCCESS,1,1786478768,1786561200,2.776303,SXR,0x6629Ce1Cf35Cc1329ebB4F63202F3f197b3F050B
0x4c9eb0ce8768b1300644ee9d6d756f3477ae0a67da7b2d98350ea8c35a646255,0xFD3a22179CA4104E97c670b834750Bd7Ff310b17,1,13.35,1.5613,1X2,Paris Saint Germain,UEFA Super Cup,Paris Saint Germain vs Aston Villa,Paris Saint Germain,Aston Villa,0xd90089ceb0c9854c3d68a3f09fc4fa855b3a26537e60e3a02b69256aaacd29db,L19066036,0,0,SUCCESS,1,1786478575,1786561200,23.786192,SXR,0x6629Ce1Cf35Cc1329ebB4F63202F3f197b3F050B
0x3991dd65a93f5a305e8899432f4bb1612f1b874d3aa09a9a9266778002ba1f22,0xFD3a22179CA4104E97c670b834750Bd7Ff310b17,,280.97998,1.76,1X2,,UEFA Super Cup,Paris Saint Germain vs Aston Villa,Paris Saint Germain,Aston Villa,0x82142b3963732a3fdd36aa8afa37f80a8be5d40f1cde3d8c81b2a40f833fd442,L19066036,0,0,SUCCESS,1,1786478575,1786561200,369.7105,SXR,0x6629Ce1Cf35Cc1329ebB4F63202F3f197b3F050B
0xb1f0749faa19666cf4234a512073b6fe905a80f4e19d7462647cfe9ceb57c06d,0x97EC1C9682F70091efB04e97b0B34698cF815EE1,1,10.94,1.2437,1X2,Tie,UEFA Super Cup,Paris Saint Germain vs Aston Villa,Paris Saint Germain,Aston Villa,0x82142b3963732a3fdd36aa8afa37f80a8be5d40f1cde3d8c81b2a40f833fd442,L19066036,0,0,SUCCESS,1,1786477844,1786561200,44.882051,SXR,0x6629Ce1Cf35Cc1329ebB4F63202F3f197b3F050B
0xe75fd64786bddcffb26a2ab8aec8ff02c007fcc64ee16062ab2bed40a67d164f,0x85Da26Dce2e5F76FcFb411d89ceb8fcf11A9CBcD,,2700,1.4487,1X2,,UEFA Super Cup,Paris Saint Germain vs Aston Villa,Paris Saint Germain,Aston Villa,0xd90089ceb0c9854c3d68a3f09fc4fa855b3a26537e60e3a02b69256aaacd29db,L19066036,0,0,SUCCESS,1,1786477225,1786561200,6016.713092,SXR,0x6629Ce1Cf35Cc1329ebB4F63202F3f197b3F050B
0x3c9edc4f5c44c0dbcf413728ce35f4f8c68b50f2abbeb2caa42a72a09516164e,0xa498150823d867380b25175554a275c1c668256e,,688.37615,1.4487,1X2,,UEFA Super Cup,Paris Saint Germain vs Aston Villa,Paris Saint Germain,Aston Villa,0xd90089ceb0c9854c3d68a3f09fc4fa855b3a26537e60e3a02b69256aaacd29db,L19066036,0,0,SUCCESS,1,1786476767,1786561200,1533.98585,SXR,0x6629Ce1Cf35Cc1329ebB4F63202F3f197b3F050B
0x951615130443e4362647a81545c8c088c7317365c4ffa9a07467321ade98f125,0x97EC1C9682F70091efB04e97b0B34698cF815EE1,1,17.97,1.2437,1X2,Tie,UEFA Super Cup,Paris Saint Germain vs Aston Villa,Paris Saint Germain,Aston Villa,0x82142b3963732a3fdd36aa8afa37f80a8be5d40f1cde3d8c81b2a40f833fd442,L19066036,0,0,SUCCESS,1,1786476263,1786561200,73.723077,SXR,0x6629Ce1Cf35Cc1329ebB4F63202F3f197b3F050B
0x14d842428ba2fc42cb9122fcef1e8ea4d521ff5e928fa03d4027a9e9d36cce69,0x740d5718a79A8559fEeE8B00922F8Cd773A81D84,1,4.75,1.3075,Under/Over (3.5),Over 3.5,UEFA Super Cup,Paris Saint Germain vs Aston Villa,Paris Saint Germain,Aston Villa,0x1eb0162b5ef5cce461102a0a0589d643a0342cf1c36981096646de6b5d6f255c,L19066036,0,0,SUCCESS,1,1786473059,1786561200,15.447154,SXR,0x6629Ce1Cf35Cc1329ebB4F63202F3f197b3F050B
0xacfbb4991bf5c10a0276eaf4ab838401611edc56dc36a00f64cbacc0b4aaf142,0x97EC1C9682F70091efB04e97b0B34698cF815EE1,,42.52,1.0725,Under/Over (0.5),,UEFA Super Cup,Paris Saint Germain vs Aston Villa,Paris Saint Germain,Aston Villa,0x1ff093a0d6aad6ea34f9661babedbc7a361e7167b1f31f3dab05f34988e51f47,L19066036,0,0,SUCCESS,1,1786466862,1786561200,586.482759,SXR,0x6629Ce1Cf35Cc1329ebB4F63202F3f197b3F050B
0xa4e38c77c1133d8be3d4c471cd270781599d373bbf4f6633ea6c2682fde48a52,0x97EC1C9682F70091efB04e97b0B34698cF815EE1,,9.88,1.5925,Asian Handicap (-1),,UEFA Super Cup,Paris Saint Germain vs Aston Villa,Paris Saint Germain,Aston Villa,0x67230bcb83f942bc217c5d745ea1712885e0906db6bd151cb38c9c1c8672117b,L19066036,0,0,SUCCESS,1,1786466015,1786561200,16.675105,SXR,0x6629Ce1Cf35Cc1329ebB4F63202F3f197b3F050B
0x0da0312ac7181e4204b626031b1afcd3e2858ddc869ad4c77e972506b878493f,0x8268feC8dCb0D284343054BDf2b649286c9aA0a1,1,119.23,1.18,Under/Over (4),Over 4.0,UEFA Super Cup,Paris Saint Germain vs Aston Villa,Paris Saint Germain,Aston Villa,0xcad766c3bece5254ba9d1a2b8cfdb650e513e674480798bb8979b1e953d44175,L19066036,0,0,SUCCESS,1,1786465613,1786561200,662.388889,SXR,0x6629Ce1Cf35Cc1329ebB4F63202F3f197b3F050B
0xf05a004202d5172597115d20ed24213b9155c5d6fd7480d1fcb926574d5bb930,0x97EC1C9682F70091efB04e97b0B34698cF815EE1,,11.21,1.45,1X2,,UEFA Super Cup,Paris Saint Germain vs Aston Villa,Paris Saint Germain,Aston Villa,0xd90089ceb0c9854c3d68a3f09fc4fa855b3a26537e60e3a02b69256aaacd29db,L19066036,0,0,SUCCESS,1,1786462484,1786561200,24.911111,SXR,0x6629Ce1Cf35Cc1329ebB4F63202F3f197b3F050B
0x9cd0218c04dbf9f8af03b16eef0d1cb40183eedfc941b885be7072ccb0f6a775,0xe6a674A10b8bA44d086Cf85791B188209a1F6e2c,1,23.9188,1.215,1X2,Aston Villa,UEFA Super Cup,Paris Saint Germain vs Aston Villa,Paris Saint Germain,Aston Villa,0x7d79a11368f71901641550937f2120d0c09dccfc84328fabe81c1eb7847ce4b5,L19066036,0,0,SUCCESS,1,1786460921,1786561200,111.250233,SXR,0x6629Ce1Cf35Cc1329ebB4F63202F3f197b3F050B
0x315b979409334c6c5a235b8d158f0209e5839bd2f05831b53a9a292c608ee337,0x358078dD5Ee4d532029b3cD743Bba2B6EFF8c6CA,,2,1.6187,Under/Over (3),,UEFA Super Cup,Paris Saint Germain vs Aston Villa,Paris Saint Germain,Aston Villa,0x1680a9183d7746c5c4672e850418adf866cefd179c8c9fa8a47ddd9aae14f195,L19066036,0,0,SUCCESS,1,1786459823,1786561200,3.232323,SXR,0x6629Ce1Cf35Cc1329ebB4F63202F3f197b3F050B
0x44ab0a6adaab9b2b3e75e30bce10bd9f61fcccddc98d090614d9f0cfb8d3e00d,0x358078dD5Ee4d532029b3cD743Bba2B6EFF8c6CA,,211,1.615,Under/Over (3),,UEFA Super Cup,Paris Saint Germain vs Aston Villa,Paris Saint Germain,Aston Villa,0x1680a9183d7746c5c4672e850418adf866cefd179c8c9fa8a47ddd9aae14f195,L19066036,0,0,SUCCESS,1,1786459704,1786561200,343.089431,SXR,0x6629Ce1Cf35Cc1329ebB4F63202F3f197b3F050B
0xcdcdc100ea2811013be002432e70309f4738884853ece5cc8cd335e1b4ab4d0b,0xF77AceaD3B354FCD16E60e4a6AbEdB7796b7094E,,280.99999,1.615,Under/Over (3),,UEFA Super Cup,Paris Saint Germain vs Aston Villa,Paris Saint Germain,Aston Villa,0x1680a9183d7746c5c4672e850418adf866cefd179c8c9fa8a47ddd9aae14f195,L19066036,0,0,SUCCESS,1,1786459347,1786561200,456.910553,SXR,0x6629Ce1Cf35Cc1329ebB4F63202F3f197b3F050B
0x391ce88d76018af43c090050bc3937faecb44a3bb6876c2eb020f0d4a40fecb6,0x97EC1C9682F70091efB04e97b0B34698cF815EE1,,312.25,1.4825,Under/Over (2.5),,UEFA Super Cup,Paris Saint Germain vs Aston Villa,Paris Saint Germain,Aston Villa,0x40d2c11bb90148bb1491fd1a5f8f94c6aaefad0b17bf95ff4a50b41a9a0b9b2f,L19066036,0,0,SUCCESS,1,1786431942,1786561200,647.150259,SXR,0x6629Ce1Cf35Cc1329ebB4F63202F3f197b3F050B
0x62018a330ac2dc1528134a0e9913f5615e54c162ca453b2e278133061bd850c5,0x740d5718a79A8559fEeE8B00922F8Cd773A81D84,1,6.00999,1.5475,1X2,Paris Saint Germain,UEFA Super Cup,Paris Saint Germain vs Aston Villa,Paris Saint Germain,Aston Villa,0xd90089ceb0c9854c3d68a3f09fc4fa855b3a26537e60e3a02b69256aaacd29db,L19066036,0,0,SUCCESS,1,1786424623,1786561200,10.977151,SXR,0x6629Ce1Cf35Cc1329ebB4F63202F3f197b3F050B
0x0116fe81833bb6a4ed2dbacecc0bf888c42afc5f3f40bf376cb5bbc37cb8d843,0xDF62cAdd15F2cdB9b77E33884C759EE1cC7E6B6F,,1,1.49,Under/Over (2.5),,UEFA Super Cup,Paris Saint Germain vs Aston Villa,Paris Saint Germain,Aston Villa,0x40d2c11bb90148bb1491fd1a5f8f94c6aaefad0b17bf95ff4a50b41a9a0b9b2f,L19066036,0,0,SUCCESS,1,1786421953,1786561200,2.040816,SXR,0x6629Ce1Cf35Cc1329ebB4F63202F3f197b3F050B
0x8cc01473b0041a94127de7aaaa3c878a17f610392cc876d414055d273a76d3ab,0xDF62cAdd15F2cdB9b77E33884C759EE1cC7E6B6F,,68,1.49,Under/Over (2.5),,UEFA Super Cup,Paris Saint Germain vs Aston Villa,Paris Saint Germain,Aston Villa,0x40d2c11bb90148bb1491fd1a5f8f94c6aaefad0b17bf95ff4a50b41a9a0b9b2f,L19066036,0,0,SUCCESS,1,1786421917,1786561200,138.77551,SXR,0x6629Ce1Cf35Cc1329ebB4F63202F3f197b3F050B
0x5aa13b0d414124958cbfe600c479d7f26d1e6a5f24ed35b4d6a600eb47503f89,0xDF62cAdd15F2cdB9b77E33884C759EE1cC7E6B6F,,9,1.4888,Under/Over (2.5),,UEFA Super Cup,Paris Saint Germain vs Aston Villa,Paris Saint Germain,Aston Villa,0x40d2c11bb90148bb1491fd1a5f8f94c6aaefad0b17bf95ff4a50b41a9a0b9b2f,L19066036,0,0,SUCCESS,1,1786421886,1786561200,18.414322,SXR,0x6629Ce1Cf35Cc1329ebB4F63202F3f197b3F050B
0xd637b84dae82a7f4481771e1d20283f17db1805dd930164e9bb8dbed3a2b9b48,0xDF62cAdd15F2cdB9b77E33884C759EE1cC7E6B6F,,216.99999,1.4888,Under/Over (2.5),,UEFA Super Cup,Paris Saint Germain vs Aston Villa,Paris Saint Germain,Aston Villa,0x40d2c11bb90148bb1491fd1a5f8f94c6aaefad0b17bf95ff4a50b41a9a0b9b2f,L19066036,0,0,SUCCESS,1,1786409895,1786561200,443.989749,SXR,0x6629Ce1Cf35Cc1329ebB4F63202F3f197b3F050B
0x0ab7816a5b3bdeaa0ba243255d84fb7f5cc3010de74a12da7f4d57039736f910,0x8268feC8dCb0D284343054BDf2b649286c9aA0a1,1,13.13154,1.065,Under/Over (5),Over 5.0,UEFA Super Cup,Paris Saint Germain vs Aston Villa,Paris Saint Germain,Aston Villa,0x05de8cf718f651bf384fc504b594eb03c576258ba7c4caaac4f5ff50201b6be3,L19066036,0,0,SUCCESS,1,1786390904,1786561200,202.023692,SXR,0x6629Ce1Cf35Cc1329ebB4F63202F3f197b3F050B
0x3aecbb07f8e0603691063857af897a5688fe1c580e893e34227756577b554840,0x8268feC8dCb0D284343054BDf2b649286c9aA0a1,1,11.30985,1.065,Under/Over (5),Over 5.0,UEFA Super Cup,Paris Saint Germain vs Aston Villa,Paris Saint Germain,Aston Villa,0x05de8cf718f651bf384fc504b594eb03c576258ba7c4caaac4f5ff50201b6be3,L19066036,0,0,SUCCESS,1,1786390902,1786561200,173.997692,SXR,0x6629Ce1Cf35Cc1329ebB4F63202F3f197b3F050B
0xc97d6568011afd75563e28f1a8282ebccaf6f6273338bd7d8803734afe501645,0x97EC1C9682F70091efB04e97b0B34698cF815EE1,1,12.49,1.5475,1X2,Paris Saint Germain,UEFA Super Cup,Paris Saint Germain vs Aston Villa,Paris Saint Germain,Aston Villa,0xd90089ceb0c9854c3d68a3f09fc4fa855b3a26537e60e3a02b69256aaacd29db,L19066036,0,0,SUCCESS,1,1786371203,1786561200,22.812785,SXR,0x6629Ce1Cf35Cc1329ebB4F63202F3f197b3F050B
0xaf9559a19ef2d1861cd2330ba21b5fd736cd393bd5191bca5483f2fc312d54a0,0x0C2DA7fC8702784d6f75c78Da25460783A6709a0,1,3,1.2163,1X2,Aston Villa,UEFA Super Cup,Paris Saint Germain vs Aston Villa,Paris Saint Germain,Aston Villa,0x7d79a11368f71901641550937f2120d0c09dccfc84328fabe81c1eb7847ce4b5,L19066036,0,0,SUCCESS,1,1786334647,1786561200,13.872832,SXR,0x6629Ce1Cf35Cc1329ebB4F63202F3f197b3F050B
0x849efb290909a4a2724fa2fa8a31f1df72258e9472be51c9ba51d2240af02322,0x740d5718a79A8559fEeE8B00922F8Cd773A81D84,,128,1.8,1X2,,UEFA Super Cup,Paris Saint Germain vs Aston Villa,Paris Saint Germain,Aston Villa,0x7d79a11368f71901641550937f2120d0c09dccfc84328fabe81c1eb7847ce4b5,L19066036,0,0,SUCCESS,1,1786316612,1786561200,160.0,SXR,0x6629Ce1Cf35Cc1329ebB4F63202F3f197b3F050B
0x2b0477ef51d712b04d8ef50487a04f3c3c81ca210cfe2c567ba0f14a62c50675,0x740d5718a79A8559fEeE8B00922F8Cd773A81D84,,256,1.8,1X2,,UEFA Super Cup,Paris Saint Germain vs Aston Villa,Paris Saint Germain,Aston Villa,0x7d79a11368f71901641550937f2120d0c09dccfc84328fabe81c1eb7847ce4b5,L19066036,0,0,SUCCESS,1,1786316590,1786561200,320.0,SXR,0x6629Ce1Cf35Cc1329ebB4F63202F3f197b3F050B
0xe304d63b730df7947810a5d651289683a05fbd1b8bc83a59cf6e118f7145ff29,0x740d5718a79A8559fEeE8B00922F8Cd773A81D84,,331.57222,1.7988,1X2,,UEFA Super Cup,Paris Saint Germain vs Aston Villa,Paris Saint Germain,Aston Villa,0x7d79a11368f71901641550937f2120d0c09dccfc84328fabe81c1eb7847ce4b5,L19066036,0,0,SUCCESS,1,1786316229,1786561200,415.11389,SXR,0x6629Ce1Cf35Cc1329ebB4F63202F3f197b3F050B
0xb37f867e7b09912283071b63d9f0d8dac6471b774c39329e6933acee2f2d4b67,0x740d5718a79A8559fEeE8B00922F8Cd773A81D84,,20.70997,1.7963,1X2,,UEFA Super Cup,Paris Saint Germain vs Aston Villa,Paris Saint Germain,Aston Villa,0x7d79a11368f71901641550937f2120d0c09dccfc84328fabe81c1eb7847ce4b5,L19066036,0,0,SUCCESS,1,1786316213,1786561200,26.009381,SXR,0x6629Ce1Cf35Cc1329ebB4F63202F3f197b3F050B
0x85dd5b21bc7c1918df3fb950031e49fc0d13fd6e40115f33583a8beab3642acf,0x8268feC8dCb0D284343054BDf2b649286c9aA0a1,1,74.68,1.3613,Under/Over (3),Over 3.0,UEFA Super Cup,Paris Saint Germain vs Aston Villa,Paris Saint Germain,Aston Villa,0x1680a9183d7746c5c4672e850418adf866cefd179c8c9fa8a47ddd9aae14f195,L19066036,0,0,SUCCESS,1,1786310047,1786561200,206.726644,SXR,0x6629Ce1Cf35Cc1329ebB4F63202F3f197b3F050B
0xf090a9e8174708f430ff88479074f453c3c72df4065b04abe9083b733a2de742,0xE531A1CE55b94E311cC1629a6D68cAcf4F74d044,1,65.17485,1.745,Under/Over (1.5),Over 1.5,UEFA Super Cup,Paris Saint Germain vs Aston Villa,Paris Saint Germain,Aston Villa,0xf1a8eb36f90ceb169cf77914181a6a20df69437e3abbd370109196ebd13c7edb,L19066036,0,0,SUCCESS,1,1786309443,1786561200,87.48302,SXR,0x6629Ce1Cf35Cc1329ebB4F63202F3f197b3F050B
0x98179b3dacaa2fd7ee4e1333c1e7254db907c541dd260df7fb7497696b21d6f3,0x8268feC8dCb0D284343054BDf2b649286c9aA0a1,1,39.22,1.1575,Under/Over (4),Over 4.0,UEFA Super Cup,Paris Saint Germain vs Aston Villa,Paris Saint Germain,Aston Villa,0xcad766c3bece5254ba9d1a2b8cfdb650e513e674480798bb8979b1e953d44175,L19066036,0,0,SUCCESS,1,1786294983,1786561200,249.015873,SXR,0x6629Ce1Cf35Cc1329ebB4F63202F3f197b3F050B
0xf97a74664dd0407e7e5528292e63812f04a796ef7088678563661be1ae37038a,0x8268feC8dCb0D284343054BDf2b649286c9aA0a1,,105.38217,1.2812,UEFA Super Cup,,UEFA Super Cup,Paris Saint Germain vs Aston Villa,Paris Saint Germain,Aston Villa,0xe606a9a450716acc469c52d4cd4cc88af08c2e17027af860e1d62789a6948773,L19066036,0,0,SUCCESS,1,1786294922,1786561200,374.69216,SXR,0x6629Ce1Cf35Cc1329ebB4F63202F3f197b3F050B
0x74d74e84545efa9c898ad15f279d372ae4dcbbf0b95dd8b1d0652f6f472bd4c2,0x8268feC8dCb0D284343054BDf2b649286c9aA0a1,1,72.13,1.2112,1X2,Aston Villa,UEFA Super Cup,Paris Saint Germain vs Aston Villa,Paris Saint Germain,Aston Villa,0x7d79a11368f71901641550937f2120d0c09dccfc84328fabe81c1eb7847ce4b5,L19066036,0,0,SUCCESS,1,1786294922,1786561200,341.443787,SXR,0x6629Ce1Cf35Cc1329ebB4F63202F3f197b3F050B
0x3694b34366b9210385b305bea639feafe31d2c1f0ae196fbd04597fed8e17499,0x2B0D772143059220738CEC4818Ff2a1a499c48fD,1,1,1.5463,Under/Over (2.5),Over 2.5,UEFA Super Cup,Paris Saint Germain vs Aston Villa,Paris Saint Germain,Aston Villa,0x40d2c11bb90148bb1491fd1a5f8f94c6aaefad0b17bf95ff4a50b41a9a0b9b2f,L19066036,0,0,SUCCESS,1,1786234530,1786561200,1.830664,SXR,0x6629Ce1Cf35Cc1329ebB4F63202F3f197b3F050B
