fillHash,bettor,side,stake,odds,marketLabel,betLabel,competition,gameLabel,teamOneName,teamTwoName,marketHash,sportXeventId,maker,settled,tradeStatus,valid,betTime,gameTime,netReturn,chainVersion,baseToken
0x008497061347302b85e0ce848dd5201bb6fd2384fd1ebfc8d9c244244267acaf,0xFD3a22179CA4104E97c670b834750Bd7Ff310b17,,10,1.335,1X2,,Sweden Allsvenskan,IK Sirius FK vs IFK Göteborg,IK Sirius FK,IFK Göteborg,0x745110857bffb4d74c634ebbb9176dd1fe8bf2831180e2c763b5388d2303ee57,L19533453,0,0,SUCCESS,1,1785064847,1785067200,29.850746,SXR,0x6629Ce1Cf35Cc1329ebB4F63202F3f197b3F050B
0x051177ac075ee41c897e7e2f50cdaceb96170b1d29dcfa714d4fbc6cb52b3e99,0xFD3a22179CA4104E97c670b834750Bd7Ff310b17,,15.58,1.335,1X2,,Sweden Allsvenskan,IK Sirius FK vs IFK Göteborg,IK Sirius FK,IFK Göteborg,0x745110857bffb4d74c634ebbb9176dd1fe8bf2831180e2c763b5388d2303ee57,L19533453,0,0,SUCCESS,1,1785064845,1785067200,46.507463,SXR,0x6629Ce1Cf35Cc1329ebB4F63202F3f197b3F050B
0xbcd28794ecdc4b3fed6c6607e4b55c05303be26bc4b1a2d739a7c62e3e0bc750,0x97EC1C9682F70091efB04e97b0B34698cF815EE1,,11.24,1.335,1X2,,Sweden Allsvenskan,IK Sirius FK vs IFK Göteborg,IK Sirius FK,IFK Göteborg,0x745110857bffb4d74c634ebbb9176dd1fe8bf2831180e2c763b5388d2303ee57,L19533453,0,0,SUCCESS,1,1785064813,1785067200,33.552239,SXR,0x6629Ce1Cf35Cc1329ebB4F63202F3f197b3F050B
0x9cb892533d3cba0a7ef64765112c4d46bf087e409b921ed139d3ed9a92492f3b,0x9E555D159D333EAE7346aE58D3d57dDE9680a9F7,1,14.73,1.4988,Under/Over (3.5),Over 3.5,Sweden Allsvenskan,IK Sirius FK vs IFK Göteborg,IK Sirius FK,IFK Göteborg,0xab850849444d24df59d5b27231621725385b830451c500f9488ac3256f7c4348,L19533453,0,0,SUCCESS,1,1785064806,1785067200,29.533835,SXR,0x6629Ce1Cf35Cc1329ebB4F63202F3f197b3F050B
0x5f12fb1d90d183976865f66729348a7cef1111ae17fdb0af9f8998d6ae02e8a0,0xFD3a22179CA4104E97c670b834750Bd7Ff310b17,,1.82997,1.8562,1X2,,Sweden Allsvenskan,IK Sirius FK vs IFK Göteborg,IK Sirius FK,IFK Göteborg,0xd298d014025af9bfcc1e28c1076983debf3b862eb28ebb83526092d170864369,L19533453,0,0,SUCCESS,1,1785064699,1785067200,2.137191,SXR,0x6629Ce1Cf35Cc1329ebB4F63202F3f197b3F050B
0xfebb081427e41a218d2835553bb61c8e02ae09faa0af3922b16d21d90ec2b17f,0x0DeAbC808957aBc9f4778C03b03CC1D2cBBC9D60,,4.99997,1.8562,1X2,,Sweden Allsvenskan,IK Sirius FK vs IFK Göteborg,IK Sirius FK,IFK Göteborg,0xd298d014025af9bfcc1e28c1076983debf3b862eb28ebb83526092d170864369,L19533453,0,0,SUCCESS,1,1785064672,1785067200,5.839381,SXR,0x6629Ce1Cf35Cc1329ebB4F63202F3f197b3F050B
0xc16b399a5ee9be18db7b85c1e7809e32266db0b9166f031cb796a0151e67932a,0x0DeAbC808957aBc9f4778C03b03CC1D2cBBC9D60,,4.99997,1.8562,1X2,,Sweden Allsvenskan,IK Sirius FK vs IFK Göteborg,IK Sirius FK,IFK Göteborg,0xd298d014025af9bfcc1e28c1076983debf3b862eb28ebb83526092d170864369,L19533453,0,0,SUCCESS,1,1785064670,1785067200,5.839381,SXR,0x6629Ce1Cf35Cc1329ebB4F63202F3f197b3F050B
0xa49a434c7b3c47af7cfad3534838c5f30c8e09d28aaa19572359b3f7019c367b,0xFD3a22179CA4104E97c670b834750Bd7Ff310b17,,3.52997,1.8725,1X2,,Sweden Allsvenskan,IF Brommapojkarna vs Hammarby IF,IF Brommapojkarna,Hammarby IF,0x066d9676d173030100e705b856809544deb2765f7c320374322d85dbc0104663,L19533459,0,0,SUCCESS,1,1785064661,1785067200,4.045811,SXR,0x6629Ce1Cf35Cc1329ebB4F63202F3f197b3F050B
0x8835c22663f3acd21f7d81b1b821a57e68d8016048c54d1b861441bc290c5439,0x8268feC8dCb0D284343054BDf2b649286c9aA0a1,,167.08038,1.8562,1X2,,Sweden Allsvenskan,IK Sirius FK vs IFK Göteborg,IK Sirius FK,IFK Göteborg,0xd298d014025af9bfcc1e28c1076983debf3b862eb28ebb83526092d170864369,L19533453,0,0,SUCCESS,1,1785064659,1785067200,195.130371,SXR,0x6629Ce1Cf35Cc1329ebB4F63202F3f197b3F050B
0x579520b14da145b0d66948bb2a064a5733719e40f2d32f68d696c2252281fd80,0x8268feC8dCb0D284343054BDf2b649286c9aA0a1,,927.37081,1.8562,1X2,,Sweden Allsvenskan,IK Sirius FK vs IFK Göteborg,IK Sirius FK,IFK Göteborg,0xd298d014025af9bfcc1e28c1076983debf3b862eb28ebb83526092d170864369,L19533453,0,0,SUCCESS,1,1785064632,1785067200,1083.0608,SXR,0x6629Ce1Cf35Cc1329ebB4F63202F3f197b3F050B
0xa3d56bababe139386b3deef885b2a7d593833beeb7d49aa614fdea4d21c7a35d,0x0DeAbC808957aBc9f4778C03b03CC1D2cBBC9D60,,5,1.4988,Under/Over (3),,Sweden Allsvenskan,IF Brommapojkarna vs Hammarby IF,IF Brommapojkarna,Hammarby IF,0x20c2411c85eb2845c440aba52b1ad5119fab7f3f4e8e15064f9735ef4d1765c3,L19533459,0,0,SUCCESS,1,1785064592,1785067200,10.025063,SXR,0x6629Ce1Cf35Cc1329ebB4F63202F3f197b3F050B
0x8f85ab71266515d240eaab2e8b6a37422b934f4030d989893e3a1826f28d20cb,0x52e769B148C8472a973EcFC9FFC0Cd8A6eE913ea,1,2,1.1325,1X2,IF Brommapojkarna,Sweden Allsvenskan,IF Brommapojkarna vs Hammarby IF,IF Brommapojkarna,Hammarby IF,0x066d9676d173030100e705b856809544deb2765f7c320374322d85dbc0104663,L19533459,0,0,SUCCESS,1,1785064579,1785067200,15.09434,SXR,0x6629Ce1Cf35Cc1329ebB4F63202F3f197b3F050B
0x390a91a0ac4a7a5be641b59e2b7a03d191f730c0e2c98abd932a5b3803df9ccc,0x0DeAbC808957aBc9f4778C03b03CC1D2cBBC9D60,,5,1.4988,Under/Over (3),,Sweden Allsvenskan,IF Brommapojkarna vs Hammarby IF,IF Brommapojkarna,Hammarby IF,0x20c2411c85eb2845c440aba52b1ad5119fab7f3f4e8e15064f9735ef4d1765c3,L19533459,0,0,SUCCESS,1,1785064565,1785067200,10.025063,SXR,0x6629Ce1Cf35Cc1329ebB4F63202F3f197b3F050B
0x767b83861b865b4cf7b846531e534e212d119b62000fba519aba593801c00830,0x0DeAbC808957aBc9f4778C03b03CC1D2cBBC9D60,,4.99997,1.8562,1X2,,Sweden Allsvenskan,IK Sirius FK vs IFK Göteborg,IK Sirius FK,IFK Göteborg,0xd298d014025af9bfcc1e28c1076983debf3b862eb28ebb83526092d170864369,L19533453,0,0,SUCCESS,1,1785064563,1785067200,5.839381,SXR,0x6629Ce1Cf35Cc1329ebB4F63202F3f197b3F050B
0x2d74974f469882cf5704fc75274f1ff77f9b5247d525241fc23b7b0077be5da8,0x0DeAbC808957aBc9f4778C03b03CC1D2cBBC9D60,,4.99999,1.8237,Under/Over (5),,Sweden Allsvenskan,IK Sirius FK vs IFK Göteborg,IK Sirius FK,IFK Göteborg,0xeb7d64f59b886c85c44d3b7f44c2096e85dc209f234ee6880ce04dd6fae31089,L19533453,0,0,SUCCESS,1,1785064560,1785067200,6.069791,SXR,0x6629Ce1Cf35Cc1329ebB4F63202F3f197b3F050B
0x9b3d5bc733595add1d4ec2f94eb37a5e23d0c4ef4079e44be7ca73163a159085,0x8268feC8dCb0D284343054BDf2b649286c9aA0a1,,13.9696,1.4975,Under/Over (3),,Sweden Allsvenskan,IF Brommapojkarna vs Hammarby IF,IF Brommapojkarna,Hammarby IF,0x20c2411c85eb2845c440aba52b1ad5119fab7f3f4e8e15064f9735ef4d1765c3,L19533459,0,0,SUCCESS,1,1785064555,1785067200,28.079598,SXR,0x6629Ce1Cf35Cc1329ebB4F63202F3f197b3F050B
0xba3297ded34c230ee5f48e05c39d7befc840d4a89f9257a7d8346f3e59ec5073,0x8268feC8dCb0D284343054BDf2b649286c9aA0a1,,120.61951,1.8562,1X2,,Sweden Allsvenskan,IK Sirius FK vs IFK Göteborg,IK Sirius FK,IFK Göteborg,0xd298d014025af9bfcc1e28c1076983debf3b862eb28ebb83526092d170864369,L19533453,0,0,SUCCESS,1,1785064545,1785067200,140.869501,SXR,0x6629Ce1Cf35Cc1329ebB4F63202F3f197b3F050B
0x0c86e2ee080479991c177b3ad4a5ed4595d1f32ccc688c1cb53f8b3e98e265b3,0x7E3a6e22cac4eECeceCc7D9086d7c0fE1195Ec16,,2,1.3175,1X2,,Sweden Allsvenskan,IF Brommapojkarna vs Hammarby IF,IF Brommapojkarna,Hammarby IF,0x8dcea649d3855e8fac7c5e01865c2474acd9095b7f385c4df03e769b7735f061,L19533459,0,0,SUCCESS,1,1785064539,1785067200,6.299213,SXR,0x6629Ce1Cf35Cc1329ebB4F63202F3f197b3F050B
0xb33897ba13113da1594dfe191d21e22cd9fa93e062617da5be68c242d51e4270,0x8268feC8dCb0D284343054BDf2b649286c9aA0a1,,49.22914,1.8175,Under/Over (5),,Sweden Allsvenskan,IK Sirius FK vs IFK Göteborg,IK Sirius FK,IFK Göteborg,0xeb7d64f59b886c85c44d3b7f44c2096e85dc209f234ee6880ce04dd6fae31089,L19533453,0,0,SUCCESS,1,1785064530,1785067200,60.219131,SXR,0x6629Ce1Cf35Cc1329ebB4F63202F3f197b3F050B
0x8602065734799a0817cd355a41d1b10e9fae067178ff2aa7864b7592ba8eda50,0xFD3a22179CA4104E97c670b834750Bd7Ff310b17,,49.22918,1.8175,Under/Over (5),,Sweden Allsvenskan,IK Sirius FK vs IFK Göteborg,IK Sirius FK,IFK Göteborg,0xeb7d64f59b886c85c44d3b7f44c2096e85dc209f234ee6880ce04dd6fae31089,L19533453,0,0,SUCCESS,1,1785064524,1785067200,60.21918,SXR,0x6629Ce1Cf35Cc1329ebB4F63202F3f197b3F050B
0xd649729ead7985c77a1d7e929a460b6201ae5a98681ae7800559deb8fc004f80,0xFD3a22179CA4104E97c670b834750Bd7Ff310b17,,42.13997,1.8725,1X2,,Sweden Allsvenskan,IF Brommapojkarna vs Hammarby IF,IF Brommapojkarna,Hammarby IF,0x066d9676d173030100e705b856809544deb2765f7c320374322d85dbc0104663,L19533459,0,0,SUCCESS,1,1785064520,1785067200,48.29796,SXR,0x6629Ce1Cf35Cc1329ebB4F63202F3f197b3F050B
0xa7a1f6901b6f1ec14557584e3a3c8185a1edfad5436943b44250f50104f2af8f,0xFD3a22179CA4104E97c670b834750Bd7Ff310b17,,43.03996,1.8712,1X2,,Sweden Allsvenskan,IF Brommapojkarna vs Hammarby IF,IF Brommapojkarna,Hammarby IF,0x066d9676d173030100e705b856809544deb2765f7c320374322d85dbc0104663,L19533459,0,0,SUCCESS,1,1785064446,1785067200,49.400241,SXR,0x6629Ce1Cf35Cc1329ebB4F63202F3f197b3F050B
0xa4398308dac1bdebeb500e763f92391c0a9b6a3ed4ae611de4c8b3648b19eedb,0xFD3a22179CA4104E97c670b834750Bd7Ff310b17,,159.12998,1.8712,1X2,,Sweden Allsvenskan,IF Brommapojkarna vs Hammarby IF,IF Brommapojkarna,Hammarby IF,0x066d9676d173030100e705b856809544deb2765f7c320374322d85dbc0104663,L19533459,0,0,SUCCESS,1,1785064438,1785067200,182.645601,SXR,0x6629Ce1Cf35Cc1329ebB4F63202F3f197b3F050B
0xbde437078cb36738746ef58e0f270f131fb83f3424bb40dac01217063527a6ac,0xFD3a22179CA4104E97c670b834750Bd7Ff310b17,1,49.73997,1.8262,Sweden Allsvenskan,IK Sirius FK,Sweden Allsvenskan,IK Sirius FK vs IFK Göteborg,IK Sirius FK,IFK Göteborg,0x72a2cc79b1d094f8bd2109680f747776ebb9fb5ecd03e53b41888b07cee54863,L19533453,0,0,SUCCESS,1,1785064398,1785067200,60.199661,SXR,0x6629Ce1Cf35Cc1329ebB4F63202F3f197b3F050B
0x42c4f4c771dd8cb177190192845af3b42eda164bf0f2b0cc5dec4b916574d9fd,0x8268feC8dCb0D284343054BDf2b649286c9aA0a1,,49.22914,1.8175,Under/Over (5),,Sweden Allsvenskan,IK Sirius FK vs IFK Göteborg,IK Sirius FK,IFK Göteborg,0xeb7d64f59b886c85c44d3b7f44c2096e85dc209f234ee6880ce04dd6fae31089,L19533453,0,0,SUCCESS,1,1785064391,1785067200,60.219131,SXR,0x6629Ce1Cf35Cc1329ebB4F63202F3f197b3F050B
0x8e5ec5151c9d36be249c859a4115bcb80e82ecd33d7413a35fba59cc9abd721f,0xFD3a22179CA4104E97c670b834750Bd7Ff310b17,,1.46,1.1725,Under/Over (1.5),,Sweden Allsvenskan,IF Brommapojkarna vs Hammarby IF,IF Brommapojkarna,Hammarby IF,0xdf3821fd4c30c2d28df59e9d2fd92bae1d1b8e75a1d0e56ecb3d38a6c23b5577,L19533459,0,0,SUCCESS,1,1785064384,1785067200,8.463768,SXR,0x6629Ce1Cf35Cc1329ebB4F63202F3f197b3F050B
0x2c18ea9266f3a59260b554a651164a5f6dd1e9e0691d3b090b61e32ab2ec9a8d,0xFD3a22179CA4104E97c670b834750Bd7Ff310b17,,45.15999,1.8712,1X2,,Sweden Allsvenskan,IF Brommapojkarna vs Hammarby IF,IF Brommapojkarna,Hammarby IF,0x066d9676d173030100e705b856809544deb2765f7c320374322d85dbc0104663,L19533459,0,0,SUCCESS,1,1785064384,1785067200,51.833561,SXR,0x6629Ce1Cf35Cc1329ebB4F63202F3f197b3F050B
0x555e980811c0a38ebd5397c5b696676f13ad6d86abf03277da57c8dfb9bcdb96,0x0DeAbC808957aBc9f4778C03b03CC1D2cBBC9D60,1,4.99997,1.8275,Sweden Allsvenskan,IK Sirius FK,Sweden Allsvenskan,IK Sirius FK vs IFK Göteborg,IK Sirius FK,IFK Göteborg,0x72a2cc79b1d094f8bd2109680f747776ebb9fb5ecd03e53b41888b07cee54863,L19533453,0,0,SUCCESS,1,1785064286,1785067200,6.04226,SXR,0x6629Ce1Cf35Cc1329ebB4F63202F3f197b3F050B
0xf5ebf03fffd60bd4d84d3775f4c85c000698fa7113d1eea742389aca504689c1,0xE4DD6165bFF7EE73D7932C3b478f7E22431e85E7,1,24.55,1.5675,Asian Handicap (-1),IK Sirius FK -1,Sweden Allsvenskan,IK Sirius FK vs IFK Göteborg,IK Sirius FK,IFK Göteborg,0xad21f8f85a52237f89579592e8a43c01525b274018ea217291f5cef7d06e0444,L19533453,0,0,SUCCESS,1,1785064262,1785067200,43.259912,SXR,0x6629Ce1Cf35Cc1329ebB4F63202F3f197b3F050B
0x316468363a3c7a527e542ec91a5b94591c83016111c6e9d1d8c329b5a86f6393,0x8268feC8dCb0D284343054BDf2b649286c9aA0a1,1,50.71997,1.825,Sweden Allsvenskan,IK Sirius FK,Sweden Allsvenskan,IK Sirius FK vs IFK Göteborg,IK Sirius FK,IFK Göteborg,0x72a2cc79b1d094f8bd2109680f747776ebb9fb5ecd03e53b41888b07cee54863,L19533453,0,0,SUCCESS,1,1785064260,1785067200,61.478752,SXR,0x6629Ce1Cf35Cc1329ebB4F63202F3f197b3F050B
0x17541784f17909969847c4a94838f0a79530f5aa240e2f0f43a462bc0f9cd5a4,0xE4DD6165bFF7EE73D7932C3b478f7E22431e85E7,1,19.15,1.4425,Asian Handicap (-1.5),IK Sirius FK -1.5,Sweden Allsvenskan,IK Sirius FK vs IFK Göteborg,IK Sirius FK,IFK Göteborg,0x405364d8e6864a42cbebe558bac61aac52da05caff8c8dfa08f4a2b525d120f6,L19533453,0,0,SUCCESS,1,1785064258,1785067200,43.276836,SXR,0x6629Ce1Cf35Cc1329ebB4F63202F3f197b3F050B
0x055578be3c946f90b9290e61018570a01359c3210fa5e6f8702c00ee91272e66,0xF544c218C0Ba0BAfD9Dd049E469097AE58B235c2,,18.25511,1.5525,Asian Handicap (-1.5),,Sweden Allsvenskan,IK Sirius FK vs IFK Göteborg,IK Sirius FK,IFK Göteborg,0x405364d8e6864a42cbebe558bac61aac52da05caff8c8dfa08f4a2b525d120f6,L19533453,0,0,SUCCESS,1,1785064256,1785067200,33.040923,SXR,0x6629Ce1Cf35Cc1329ebB4F63202F3f197b3F050B
0xa593d9fc21de7acd75e006510589ea033224eddb46f56b80d6891b81dd4344f0,0x8268feC8dCb0D284343054BDf2b649286c9aA0a1,1,28.65999,1.6687,Asian Handicap (-0.5),IK Sirius FK -0.5,Sweden Allsvenskan,IK Sirius FK vs IFK Göteborg,IK Sirius FK,IFK Göteborg,0x9fd532cc2e3d75536341460837a90053685859c98736075eb3f33f2f100fc221,L19533453,0,0,SUCCESS,1,1785064255,1785067200,42.85606,SXR,0x6629Ce1Cf35Cc1329ebB4F63202F3f197b3F050B
0xb5c54f30ce22c725e6a4f22993475ff6bc66ffee479a7f85750e2127c1e07fbd,0xFD3a22179CA4104E97c670b834750Bd7Ff310b17,1,27.15,1.5637,Asian Handicap (-1),IK Sirius FK -1,Sweden Allsvenskan,IK Sirius FK vs IFK Göteborg,IK Sirius FK,IFK Göteborg,0xad21f8f85a52237f89579592e8a43c01525b274018ea217291f5cef7d06e0444,L19533453,0,0,SUCCESS,1,1785064254,1785067200,48.159645,SXR,0x6629Ce1Cf35Cc1329ebB4F63202F3f197b3F050B
0x48ca784cad11e5235b61a59bdf1c012631fcca0aba76c4d1234d15161c29284a,0xE4DD6165bFF7EE73D7932C3b478f7E22431e85E7,1,12.05044,1.44,Asian Handicap (-1.5),IK Sirius FK -1.5,Sweden Allsvenskan,IK Sirius FK vs IFK Göteborg,IK Sirius FK,IFK Göteborg,0x405364d8e6864a42cbebe558bac61aac52da05caff8c8dfa08f4a2b525d120f6,L19533453,0,0,SUCCESS,1,1785064254,1785067200,27.387364,SXR,0x6629Ce1Cf35Cc1329ebB4F63202F3f197b3F050B
0xe8e00362222752565253be71363eb7fe753ace9037264c6885cb984ba7acf9f5,0xE4DD6165bFF7EE73D7932C3b478f7E22431e85E7,,49.22,1.8175,Under/Over (5),,Sweden Allsvenskan,IK Sirius FK vs IFK Göteborg,IK Sirius FK,IFK Göteborg,0xeb7d64f59b886c85c44d3b7f44c2096e85dc209f234ee6880ce04dd6fae31089,L19533453,0,0,SUCCESS,1,1785064253,1785067200,60.207951,SXR,0x6629Ce1Cf35Cc1329ebB4F63202F3f197b3F050B
0x783fb78ded1ba6bb8dd1f44353b0665633ebcbeb38bcd380662c81d840ad9778,0xE4DD6165bFF7EE73D7932C3b478f7E22431e85E7,1,18.12,1.3013,Asian Handicap (-2),IK Sirius FK -2,Sweden Allsvenskan,IK Sirius FK vs IFK Göteborg,IK Sirius FK,IFK Göteborg,0xf15f545607f8a65757d27009eab95a9e0c1eeeb7056290dfbf1d62b69b3cf633,L19533453,0,0,SUCCESS,1,1785064253,1785067200,60.149378,SXR,0x6629Ce1Cf35Cc1329ebB4F63202F3f197b3F050B
0x912141a6c3a30d7bf573c693374ee53dd99d4937893e89c1f086deb10336b5ce,0x97EC1C9682F70091efB04e97b0B34698cF815EE1,1,6.77999,1.5637,Asian Handicap (-1),IK Sirius FK -1,Sweden Allsvenskan,IK Sirius FK vs IFK Göteborg,IK Sirius FK,IFK Göteborg,0xad21f8f85a52237f89579592e8a43c01525b274018ea217291f5cef7d06e0444,L19533453,0,0,SUCCESS,1,1785064252,1785067200,12.02659,SXR,0x6629Ce1Cf35Cc1329ebB4F63202F3f197b3F050B
0x09d9b46f33c3d942ac5b5dd3fa602de212aa220f5ee69a9b9082decdf10b9c88,0xF544c218C0Ba0BAfD9Dd049E469097AE58B235c2,1,14.436,1.44,Asian Handicap (-1.5),IK Sirius FK -1.5,Sweden Allsvenskan,IK Sirius FK vs IFK Göteborg,IK Sirius FK,IFK Göteborg,0x405364d8e6864a42cbebe558bac61aac52da05caff8c8dfa08f4a2b525d120f6,L19533453,0,0,SUCCESS,1,1785064252,1785067200,32.809091,SXR,0x6629Ce1Cf35Cc1329ebB4F63202F3f197b3F050B
0x07e2a36c8c78eba3568057ca9181880f9bade5198699940bf1de3724cb4b2b3a,0xFD3a22179CA4104E97c670b834750Bd7Ff310b17,1,32.1,1.19,1X2,Tie,Sweden Allsvenskan,IK Sirius FK vs IFK Göteborg,IK Sirius FK,IFK Göteborg,0x9cf2559818f78e15814b3771fc0775c8b1f97b487ba6b313a689959a66e657ce,L19533453,0,0,SUCCESS,1,1785064250,1785067200,168.947368,SXR,0x6629Ce1Cf35Cc1329ebB4F63202F3f197b3F050B
0xf30f571cbb4407ed7abe62924f57efc3ed92173d04ec81ef73f6ba77dab162dd,0xFD3a22179CA4104E97c670b834750Bd7Ff310b17,1,49.02,1.1887,1X2,Tie,Sweden Allsvenskan,IK Sirius FK vs IFK Göteborg,IK Sirius FK,IFK Göteborg,0x9cf2559818f78e15814b3771fc0775c8b1f97b487ba6b313a689959a66e657ce,L19533453,0,0,SUCCESS,1,1785064249,1785067200,259.708609,SXR,0x6629Ce1Cf35Cc1329ebB4F63202F3f197b3F050B
0x28ddb02ea9c66a8fed97d8684e01d99382d5cd333c9f7975714b8a8b9c03c7bd,0xFD3a22179CA4104E97c670b834750Bd7Ff310b17,,14.61,1.3325,Asian Handicap (-0.5),,Sweden Allsvenskan,IK Sirius FK vs IFK Göteborg,IK Sirius FK,IFK Göteborg,0x9fd532cc2e3d75536341460837a90053685859c98736075eb3f33f2f100fc221,L19533453,0,0,SUCCESS,1,1785064210,1785067200,43.93985,SXR,0x6629Ce1Cf35Cc1329ebB4F63202F3f197b3F050B
0x3e59750395d72a0bfa0b2af2466ccfbae17da5148f2ead068167fc2e5011fe01,0xFD3a22179CA4104E97c670b834750Bd7Ff310b17,1,227.83999,1.6863,1X2,Hammarby IF,Sweden Allsvenskan,IF Brommapojkarna vs Hammarby IF,IF Brommapojkarna,Hammarby IF,0x8dcea649d3855e8fac7c5e01865c2474acd9095b7f385c4df03e769b7735f061,L19533459,0,0,SUCCESS,1,1785064156,1785067200,332.007271,SXR,0x6629Ce1Cf35Cc1329ebB4F63202F3f197b3F050B
0x372b4d2346607f4a59be0ba9a20d61a955217daa1d5085ab4cd5edb8a7971ff3,0xF544c218C0Ba0BAfD9Dd049E469097AE58B235c2,,13.58,1.5962,Asian Handicap (1),,Sweden Allsvenskan,IF Brommapojkarna vs Hammarby IF,IF Brommapojkarna,Hammarby IF,0xbba70eecd1a6671941321e204d37011bd011f0fdb0dfca03e119d1e3d254f64b,L19533459,0,0,SUCCESS,1,1785064142,1785067200,22.775681,SXR,0x6629Ce1Cf35Cc1329ebB4F63202F3f197b3F050B
0x356128df232e7feae66bf25b1d666b9f69f1ae7b1ceb8e9e3f9b76cacfc318c5,0x8268feC8dCb0D284343054BDf2b649286c9aA0a1,,50.90855,1.7375,Under/Over (4),,Sweden Allsvenskan,IF Brommapojkarna vs Hammarby IF,IF Brommapojkarna,Hammarby IF,0x0defd87cd7d229b358b22712cd0f835517c54cf1d9060e282fefebd4cfd35ea4,L19533459,0,0,SUCCESS,1,1785064138,1785067200,69.028542,SXR,0x6629Ce1Cf35Cc1329ebB4F63202F3f197b3F050B
0xdea2bf8ae4b20d2640fc5997009e5191d160233c3ab83ff3c9c6371117064bf3,0xFD3a22179CA4104E97c670b834750Bd7Ff310b17,,1,1.3738,Under/Over (2.5),,Sweden Allsvenskan,IF Brommapojkarna vs Hammarby IF,IF Brommapojkarna,Hammarby IF,0x42bfdd50fdb45616dd977ad84226b56c1a7b09f7406aabffd191cf2453b7a3d3,L19533459,0,0,SUCCESS,1,1785064125,1785067200,2.675585,SXR,0x6629Ce1Cf35Cc1329ebB4F63202F3f197b3F050B
0xd68e462c7d9c0674a325d529fdbd520fdaca4f7665c65315d1a68357a97c6286,0x8268feC8dCb0D284343054BDf2b649286c9aA0a1,,14.76768,1.31,Asian Handicap (2),,Sweden Allsvenskan,IF Brommapojkarna vs Hammarby IF,IF Brommapojkarna,Hammarby IF,0x88e81a53b68e2ec1e4bfd6a1aa3d5b2e1155a6360e00209a0bf83f6a5375a703,L19533459,0,0,SUCCESS,1,1785064125,1785067200,47.637677,SXR,0x6629Ce1Cf35Cc1329ebB4F63202F3f197b3F050B
0xf9700029b1396db57424aa53d838e976486617ae5c7055da434a2c53ae0560da,0x8268feC8dCb0D284343054BDf2b649286c9aA0a1,,25.68956,1.31,Asian Handicap (2),,Sweden Allsvenskan,IF Brommapojkarna vs Hammarby IF,IF Brommapojkarna,Hammarby IF,0x88e81a53b68e2ec1e4bfd6a1aa3d5b2e1155a6360e00209a0bf83f6a5375a703,L19533459,0,0,SUCCESS,1,1785064124,1785067200,82.869548,SXR,0x6629Ce1Cf35Cc1329ebB4F63202F3f197b3F050B
0x15884d1cb043051abec5eb7b44333893a467b3d3d62530a094bee116df541cfb,0x8268feC8dCb0D284343054BDf2b649286c9aA0a1,,24.97909,1.45,Asian Handicap (1.5),,Sweden Allsvenskan,IF Brommapojkarna vs Hammarby IF,IF Brommapojkarna,Hammarby IF,0xda18abb61105d91b287548a00f8721852deed081cef23e9a844b627ed4ebf423,L19533459,0,0,SUCCESS,1,1785064124,1785067200,55.509089,SXR,0x6629Ce1Cf35Cc1329ebB4F63202F3f197b3F050B
0x053ae30138feaef4dd66dc0ae5de8e7823149fc2ea97a4f8f1b6b4f9f525b895,0xFD3a22179CA4104E97c670b834750Bd7Ff310b17,,0.99999,1.5987,Under/Over (3.5),,Sweden Allsvenskan,IF Brommapojkarna vs Hammarby IF,IF Brommapojkarna,Hammarby IF,0x3735465e70e89910ba4ae29691435419b43fb2984cb4f246de6edf797f9730f8,L19533459,0,0,SUCCESS,1,1785064095,1785067200,1.670129,SXR,0x6629Ce1Cf35Cc1329ebB4F63202F3f197b3F050B
0xa6f46091046a9f34ded4d6eaa85918b83d6cd2f577715ae85d68013de13608d8,0x8268feC8dCb0D284343054BDf2b649286c9aA0a1,,26.52966,1.7262,Under/Over (4),,Sweden Allsvenskan,IF Brommapojkarna vs Hammarby IF,IF Brommapojkarna,Hammarby IF,0x0defd87cd7d229b358b22712cd0f835517c54cf1d9060e282fefebd4cfd35ea4,L19533459,0,0,SUCCESS,1,1785064073,1785067200,36.529652,SXR,0x6629Ce1Cf35Cc1329ebB4F63202F3f197b3F050B
0x84b4dbaf9665aca7ea97c167765b6c49651664d4e3abfd5abafea612ab1d181c,0x8268feC8dCb0D284343054BDf2b649286c9aA0a1,,13.12783,1.305,Asian Handicap (2),,Sweden Allsvenskan,IF Brommapojkarna vs Hammarby IF,IF Brommapojkarna,Hammarby IF,0x88e81a53b68e2ec1e4bfd6a1aa3d5b2e1155a6360e00209a0bf83f6a5375a703,L19533459,0,0,SUCCESS,1,1785064015,1785067200,43.042066,SXR,0x6629Ce1Cf35Cc1329ebB4F63202F3f197b3F050B
0x55b96240434122da57d5c11a081d1e2d2388969fc24c584bfab4685dd9b74094,0x7E3a6e22cac4eECeceCc7D9086d7c0fE1195Ec16,,1.99997,1.7512,1X2,,Sweden Allsvenskan,Malmo FF vs IF Elfsborg,Malmo FF,IF Elfsborg,0xf6ace248297ecf1f449dc086735952315f1b7ad2102c4323d727919db4493add,L19533460,0,0,SUCCESS,1,1785063964,1785076200,2.66219,SXR,0x6629Ce1Cf35Cc1329ebB4F63202F3f197b3F050B
0xb3d1650bd9076a69fd3bca281c397d91ece60c55876a302d4a652fe0422687b1,0x0DeAbC808957aBc9f4778C03b03CC1D2cBBC9D60,,5,1.5,1X2,,Sweden Allsvenskan,Malmo FF vs IF Elfsborg,Malmo FF,IF Elfsborg,0xea47a37d08caab957e2f9d3c2dd9efdd3b200487d369eb5a2967fdb2cb9c60bd,L19533460,0,0,SUCCESS,1,1785063941,1785076200,10.0,SXR,0x6629Ce1Cf35Cc1329ebB4F63202F3f197b3F050B
0xd375bb9ba453ba21cc085d3f387355f247933b80bfec204aa096ae07eb43a68f,0x0DeAbC808957aBc9f4778C03b03CC1D2cBBC9D60,,5,1.5,1X2,,Sweden Allsvenskan,Malmo FF vs IF Elfsborg,Malmo FF,IF Elfsborg,0xea47a37d08caab957e2f9d3c2dd9efdd3b200487d369eb5a2967fdb2cb9c60bd,L19533460,0,0,SUCCESS,1,1785063938,1785076200,10.0,SXR,0x6629Ce1Cf35Cc1329ebB4F63202F3f197b3F050B
0x57b64ed099c9f62c4a05db0162d8ae15830b6590cc4f6f5798571e27b9d9c186,0x8268feC8dCb0D284343054BDf2b649286c9aA0a1,1,447.89,1.5337,Under/Over (3),Over 3.0,Sweden Allsvenskan,IF Brommapojkarna vs Hammarby IF,IF Brommapojkarna,Hammarby IF,0x20c2411c85eb2845c440aba52b1ad5119fab7f3f4e8e15064f9735ef4d1765c3,L19533459,0,0,SUCCESS,1,1785063932,1785067200,839.138173,SXR,0x6629Ce1Cf35Cc1329ebB4F63202F3f197b3F050B
0x05bc9c6d0d8c05afe016e1e34cd4cbf71cc8a10a41568b6c476f5a924f340558,0x8268feC8dCb0D284343054BDf2b649286c9aA0a1,,34.4837,1.5,1X2,,Sweden Allsvenskan,Malmo FF vs IF Elfsborg,Malmo FF,IF Elfsborg,0xea47a37d08caab957e2f9d3c2dd9efdd3b200487d369eb5a2967fdb2cb9c60bd,L19533460,0,0,SUCCESS,1,1785063911,1785076200,68.9674,SXR,0x6629Ce1Cf35Cc1329ebB4F63202F3f197b3F050B
0xc9202fbfa5018ab0607b49532293c61d598e82d96210947f2152a03114e1e4a8,0x8268feC8dCb0D284343054BDf2b649286c9aA0a1,,19.54286,1.3275,Sweden Allsvenskan,,Sweden Allsvenskan,Malmo FF vs IF Elfsborg,Malmo FF,IF Elfsborg,0x22d0d81052b46eab6dc1014a5eb498dfa96dd4c54cb8d9d2b13c559992469f4d,L19533460,0,0,SUCCESS,1,1785063910,1785076200,59.672855,SXR,0x6629Ce1Cf35Cc1329ebB4F63202F3f197b3F050B
0xbd8aef690f196e7031db5ac982c3e91aab2c38dda2ca2247a24644961e1e9ac7,0x8268feC8dCb0D284343054BDf2b649286c9aA0a1,,31.23344,1.4988,1X2,,Sweden Allsvenskan,Malmo FF vs IF Elfsborg,Malmo FF,IF Elfsborg,0xea47a37d08caab957e2f9d3c2dd9efdd3b200487d369eb5a2967fdb2cb9c60bd,L19533460,0,0,SUCCESS,1,1785063910,1785076200,62.623439,SXR,0x6629Ce1Cf35Cc1329ebB4F63202F3f197b3F050B
0x56cdecab7f5f73826fced8aa6d4371c28425c9628c1466c2c29be33ca6016267,0x8268feC8dCb0D284343054BDf2b649286c9aA0a1,,31.58169,1.4988,Asian Handicap (-0.5),,Sweden Allsvenskan,Malmo FF vs IF Elfsborg,Malmo FF,IF Elfsborg,0xcb49321fcd0e62dd4c3808beb85becac87141c73dffd8f4354ecb4c67f595864,L19533460,0,0,SUCCESS,1,1785063910,1785076200,63.321684,SXR,0x6629Ce1Cf35Cc1329ebB4F63202F3f197b3F050B
0x343f80da04b4c2d54167cd23a525a82100ac447cf765c0b58327a7ec68c281d7,0xFD3a22179CA4104E97c670b834750Bd7Ff310b17,,1.93,1.2612,Under/Over (2),,Sweden Allsvenskan,Malmo FF vs IF Elfsborg,Malmo FF,IF Elfsborg,0x5a82e47c901c6cc1fe92981ec001b556d0162f3e62f79a72a7c6cba20e476f74,L19533460,0,0,SUCCESS,1,1785063867,1785076200,7.38756,SXR,0x6629Ce1Cf35Cc1329ebB4F63202F3f197b3F050B
0xcbb38daf812613939f19a69a418127c8937cbc32d447e73f930e03b640119581,0x97EC1C9682F70091efB04e97b0B34698cF815EE1,1,5,1.3513,Under/Over (3.5),Over 3.5,Sweden Allsvenskan,Malmo FF vs IF Elfsborg,Malmo FF,IF Elfsborg,0xd031ac7cbdfa16580428a68cf39a990505526c3c23b1364265c6d3d8c099514f,L19533460,0,0,SUCCESS,1,1785063863,1785076200,14.234875,SXR,0x6629Ce1Cf35Cc1329ebB4F63202F3f197b3F050B
0xf709dc15aaf7fb8f90fc4b7205028bb3ee8cdafdcb57f289e1a43c9eb5227591,0x7E3a6e22cac4eECeceCc7D9086d7c0fE1195Ec16,,2,1.3275,1X2,,Sweden Allsvenskan,IF Brommapojkarna vs Hammarby IF,IF Brommapojkarna,Hammarby IF,0x8dcea649d3855e8fac7c5e01865c2474acd9095b7f385c4df03e769b7735f061,L19533459,0,0,SUCCESS,1,1785063825,1785067200,6.10687,SXR,0x6629Ce1Cf35Cc1329ebB4F63202F3f197b3F050B
0x02137fa6a75bb4c2fc27f72b20ebc9073e7ec156b455877c4f72bf69552666cc,0x97EC1C9682F70091efB04e97b0B34698cF815EE1,,5.67,1.5825,Asian Handicap (1),,Sweden Allsvenskan,IF Brommapojkarna vs Hammarby IF,IF Brommapojkarna,Hammarby IF,0xbba70eecd1a6671941321e204d37011bd011f0fdb0dfca03e119d1e3d254f64b,L19533459,0,0,SUCCESS,1,1785063814,1785067200,9.733906,SXR,0x6629Ce1Cf35Cc1329ebB4F63202F3f197b3F050B
0x88d9d54da442db6a85515221d80d8c791a42c2e781257384723da47464a508f5,0x8268feC8dCb0D284343054BDf2b649286c9aA0a1,,49.94643,1.83,Sweden Allsvenskan,,Sweden Allsvenskan,IF Brommapojkarna vs Hammarby IF,IF Brommapojkarna,Hammarby IF,0x27709702c90e9cc92608414a4ce6fcc2dd2d8a8136220f6c4f524dacd6a8b291,L19533459,0,0,SUCCESS,1,1785063755,1785067200,60.176422,SXR,0x6629Ce1Cf35Cc1329ebB4F63202F3f197b3F050B
0x068c100eeaa683e21fa3e122a669e4dd5e0aa28b7a7d7ec4499f4cf5fd9a6084,0x8268feC8dCb0D284343054BDf2b649286c9aA0a1,,49.89434,1.8287,Sweden Allsvenskan,,Sweden Allsvenskan,IF Brommapojkarna vs Hammarby IF,IF Brommapojkarna,Hammarby IF,0x27709702c90e9cc92608414a4ce6fcc2dd2d8a8136220f6c4f524dacd6a8b291,L19533459,0,0,SUCCESS,1,1785063744,1785067200,60.204332,SXR,0x6629Ce1Cf35Cc1329ebB4F63202F3f197b3F050B
0xa47463a9e8f9d1a28ab3ae95c089f3171f4ae540022f6bb39d0b2d30d1756ec3,0xFD3a22179CA4104E97c670b834750Bd7Ff310b17,,11.09,1.4387,Asian Handicap (1.5),,Sweden Allsvenskan,IF Brommapojkarna vs Hammarby IF,IF Brommapojkarna,Hammarby IF,0xda18abb61105d91b287548a00f8721852deed081cef23e9a844b627ed4ebf423,L19533459,0,0,SUCCESS,1,1785063725,1785067200,25.276353,SXR,0x6629Ce1Cf35Cc1329ebB4F63202F3f197b3F050B
0x63b1ed17296e8185cad9ed47bf9c4fe680f2e031903dec20077cbf35fd162acf,0x8268feC8dCb0D284343054BDf2b649286c9aA0a1,,13.64143,1.8262,Sweden Allsvenskan,,Sweden Allsvenskan,IF Brommapojkarna vs Hammarby IF,IF Brommapojkarna,Hammarby IF,0x27709702c90e9cc92608414a4ce6fcc2dd2d8a8136220f6c4f524dacd6a8b291,L19533459,0,0,SUCCESS,1,1785063725,1785067200,16.510051,SXR,0x6629Ce1Cf35Cc1329ebB4F63202F3f197b3F050B
0xeb816daa0ba3c09d4d5079372b25243c13494aa66e75f505939ab19dce0190e1,0xE4DD6165bFF7EE73D7932C3b478f7E22431e85E7,,17.72997,1.8262,Sweden Allsvenskan,,Sweden Allsvenskan,IF Brommapojkarna vs Hammarby IF,IF Brommapojkarna,Hammarby IF,0x27709702c90e9cc92608414a4ce6fcc2dd2d8a8136220f6c4f524dacd6a8b291,L19533459,0,0,SUCCESS,1,1785063723,1785067200,21.45836,SXR,0x6629Ce1Cf35Cc1329ebB4F63202F3f197b3F050B
0x192c2643c44b74adc8882cca02c33e11a399b6dbaf311ab3d104fa844a5fb898,0xFD3a22179CA4104E97c670b834750Bd7Ff310b17,,12.32998,1.8262,Sweden Allsvenskan,,Sweden Allsvenskan,IF Brommapojkarna vs Hammarby IF,IF Brommapojkarna,Hammarby IF,0x27709702c90e9cc92608414a4ce6fcc2dd2d8a8136220f6c4f524dacd6a8b291,L19533459,0,0,SUCCESS,1,1785063708,1785067200,14.92282,SXR,0x6629Ce1Cf35Cc1329ebB4F63202F3f197b3F050B
0xfc78e589d7c886222324c4a70f5f5e3f94d91b60df9ab121edd738fe32d594ad,0xFD3a22179CA4104E97c670b834750Bd7Ff310b17,1,464.71999,1.7125,Asian Handicap (2),IF Brommapojkarna +2,Sweden Allsvenskan,IF Brommapojkarna vs Hammarby IF,IF Brommapojkarna,Hammarby IF,0x88e81a53b68e2ec1e4bfd6a1aa3d5b2e1155a6360e00209a0bf83f6a5375a703,L19533459,0,0,SUCCESS,1,1785063707,1785067200,652.238582,SXR,0x6629Ce1Cf35Cc1329ebB4F63202F3f197b3F050B
0xf90a266eecd92b4258d504068b74958ad36f48783507d356c08076c89507f745,0xFD3a22179CA4104E97c670b834750Bd7Ff310b17,,36.09997,1.8262,Sweden Allsvenskan,,Sweden Allsvenskan,IF Brommapojkarna vs Hammarby IF,IF Brommapojkarna,Hammarby IF,0x27709702c90e9cc92608414a4ce6fcc2dd2d8a8136220f6c4f524dacd6a8b291,L19533459,0,0,SUCCESS,1,1785063674,1785067200,43.69134,SXR,0x6629Ce1Cf35Cc1329ebB4F63202F3f197b3F050B
0xe8499bb5f156ac5a52651ea7f6ac7e4606bd209b5a758e34afed5b511c3b0b6c,0xFD3a22179CA4104E97c670b834750Bd7Ff310b17,1,19.14,1.5425,Under/Over (3),Over 3.0,Sweden Allsvenskan,IF Brommapojkarna vs Hammarby IF,IF Brommapojkarna,Hammarby IF,0x20c2411c85eb2845c440aba52b1ad5119fab7f3f4e8e15064f9735ef4d1765c3,L19533459,0,0,SUCCESS,1,1785063648,1785067200,35.281106,SXR,0x6629Ce1Cf35Cc1329ebB4F63202F3f197b3F050B
0xa7c550ba59ea2cce7ed4815d7270a7e997efee996175458ccdcaec61844535f9,0xFD3a22179CA4104E97c670b834750Bd7Ff310b17,,11.40594,1.8213,Sweden Allsvenskan,,Sweden Allsvenskan,IF Brommapojkarna vs Hammarby IF,IF Brommapojkarna,Hammarby IF,0x27709702c90e9cc92608414a4ce6fcc2dd2d8a8136220f6c4f524dacd6a8b291,L19533459,0,0,SUCCESS,1,1785063648,1785067200,13.888511,SXR,0x6629Ce1Cf35Cc1329ebB4F63202F3f197b3F050B
0xa6d04274b2b011f2469ed6131c40b0b3ef18efd6b970fbcb2eef6308cfbf6681,0xF544c218C0Ba0BAfD9Dd049E469097AE58B235c2,1,8.16117,1.1763,Sweden Allsvenskan,IF Brommapojkarna,Sweden Allsvenskan,IF Brommapojkarna vs Hammarby IF,IF Brommapojkarna,Hammarby IF,0x27709702c90e9cc92608414a4ce6fcc2dd2d8a8136220f6c4f524dacd6a8b291,L19533459,0,0,SUCCESS,1,1785063626,1785067200,46.304511,SXR,0x6629Ce1Cf35Cc1329ebB4F63202F3f197b3F050B
0x82cd745e69c9885556f023e23b3e3c1b1580a5be1482c81619a57d160a1b0d15,0xF544c218C0Ba0BAfD9Dd049E469097AE58B235c2,,38.02753,1.8213,Sweden Allsvenskan,,Sweden Allsvenskan,IF Brommapojkarna vs Hammarby IF,IF Brommapojkarna,Hammarby IF,0x27709702c90e9cc92608414a4ce6fcc2dd2d8a8136220f6c4f524dacd6a8b291,L19533459,0,0,SUCCESS,1,1785063626,1785067200,46.304451,SXR,0x6629Ce1Cf35Cc1329ebB4F63202F3f197b3F050B
0x91b5c55ed64453dd60640ca40772cf7e03cbdce40b7b6d29779150dd6190e34b,0x97EC1C9682F70091efB04e97b0B34698cF815EE1,,25.47002,1.55,Asian Handicap (1),,Sweden Allsvenskan,IF Brommapojkarna vs Hammarby IF,IF Brommapojkarna,Hammarby IF,0xbba70eecd1a6671941321e204d37011bd011f0fdb0dfca03e119d1e3d254f64b,L19533459,0,0,SUCCESS,1,1785063609,1785067200,46.309127,SXR,0x6629Ce1Cf35Cc1329ebB4F63202F3f197b3F050B
0x0752e494a8cb9f9e0d8ce999a94c5e917f0785a6156d7ac6a9a91e6032521478,0xF544c218C0Ba0BAfD9Dd049E469097AE58B235c2,,13.5294,1.575,Asian Handicap (1),,Sweden Allsvenskan,IF Brommapojkarna vs Hammarby IF,IF Brommapojkarna,Hammarby IF,0xbba70eecd1a6671941321e204d37011bd011f0fdb0dfca03e119d1e3d254f64b,L19533459,0,0,SUCCESS,1,1785063609,1785067200,23.529391,SXR,0x6629Ce1Cf35Cc1329ebB4F63202F3f197b3F050B
0x8d474803897eb25332caaca42a53a17a2aa9e1eecd42475387ba6a060adc9950,0xFD3a22179CA4104E97c670b834750Bd7Ff310b17,,16.16,1.27,Asian Handicap (2),,Sweden Allsvenskan,IF Brommapojkarna vs Hammarby IF,IF Brommapojkarna,Hammarby IF,0x88e81a53b68e2ec1e4bfd6a1aa3d5b2e1155a6360e00209a0bf83f6a5375a703,L19533459,0,0,SUCCESS,1,1785063608,1785067200,59.851852,SXR,0x6629Ce1Cf35Cc1329ebB4F63202F3f197b3F050B
0x60980295a72fc7b1f114ede324b920c291b4987488551c4001c5d39d5fa5023c,0x97EC1C9682F70091efB04e97b0B34698cF815EE1,,25.35,1.4213,Asian Handicap (1.5),,Sweden Allsvenskan,IF Brommapojkarna vs Hammarby IF,IF Brommapojkarna,Hammarby IF,0xda18abb61105d91b287548a00f8721852deed081cef23e9a844b627ed4ebf423,L19533459,0,0,SUCCESS,1,1785063607,1785067200,60.178042,SXR,0x6629Ce1Cf35Cc1329ebB4F63202F3f197b3F050B
0x00a75e4c0cab60422ab727fa8bd0d8ce2a74a00850c5029a55519b2f9cfb3788,0xFD3a22179CA4104E97c670b834750Bd7Ff310b17,,7.63999,1.55,Asian Handicap (1),,Sweden Allsvenskan,IF Brommapojkarna vs Hammarby IF,IF Brommapojkarna,Hammarby IF,0xbba70eecd1a6671941321e204d37011bd011f0fdb0dfca03e119d1e3d254f64b,L19533459,0,0,SUCCESS,1,1785063606,1785067200,13.890891,SXR,0x6629Ce1Cf35Cc1329ebB4F63202F3f197b3F050B
0x6386316642675b9a1d727cf1b31b31ba1f2863848b6c28137698ae115d820877,0xF544c218C0Ba0BAfD9Dd049E469097AE58B235c2,1,20.43327,1.4412,Asian Handicap (1),IF Brommapojkarna +1,Sweden Allsvenskan,IF Brommapojkarna vs Hammarby IF,IF Brommapojkarna,Hammarby IF,0xbba70eecd1a6671941321e204d37011bd011f0fdb0dfca03e119d1e3d254f64b,L19533459,0,0,SUCCESS,1,1785063605,1785067200,46.307694,SXR,0x6629Ce1Cf35Cc1329ebB4F63202F3f197b3F050B
0x7b0841c878d85bee3a15970e0a06dd38a3e60cf5791b35f385be6f4dfdc12d97,0xa141274f45d09C2533035cd3c6ab42F3470dF7A8,1,200,1.5413,Under/Over (3),Over 3.0,Sweden Allsvenskan,IF Brommapojkarna vs Hammarby IF,IF Brommapojkarna,Hammarby IF,0x20c2411c85eb2845c440aba52b1ad5119fab7f3f4e8e15064f9735ef4d1765c3,L19533459,0,0,SUCCESS,1,1785063500,1785067200,369.515012,SXR,0x6629Ce1Cf35Cc1329ebB4F63202F3f197b3F050B
0xeb69834d34913ccfe97e6f370ed729e0a760a6cc7278c95716231ac7ff8a50bd,0xFD3a22179CA4104E97c670b834750Bd7Ff310b17,,179.23995,1.8588,1X2,,Sweden Allsvenskan,IK Sirius FK vs IFK Göteborg,IK Sirius FK,IFK Göteborg,0xd298d014025af9bfcc1e28c1076983debf3b862eb28ebb83526092d170864369,L19533453,0,0,SUCCESS,1,1785063279,1785067200,208.721921,SXR,0x6629Ce1Cf35Cc1329ebB4F63202F3f197b3F050B
0xa386d56b9d595b877c5f11ab31d5e5469d88419824eab097eeebfdc104af2a9e,0xFD3a22179CA4104E97c670b834750Bd7Ff310b17,,29.14996,1.8588,1X2,,Sweden Allsvenskan,IK Sirius FK vs IFK Göteborg,IK Sirius FK,IFK Göteborg,0xd298d014025af9bfcc1e28c1076983debf3b862eb28ebb83526092d170864369,L19533453,0,0,SUCCESS,1,1785063263,1785067200,33.94464,SXR,0x6629Ce1Cf35Cc1329ebB4F63202F3f197b3F050B
0x546508f1341a0fd80eedd7a18cd577ebcb6a41c2f471698f07da7aa94f4c2058,0xFD3a22179CA4104E97c670b834750Bd7Ff310b17,,3.68996,1.8962,1X2,,Sweden Allsvenskan,GAIS vs Halmstads BK,GAIS,Halmstads BK,0xa74d5bca3a9b0ebea7c17a18aa6a8f7951338ac12f5db7db680ffe782e22f09f,L19533456,0,0,SUCCESS,1,1785062458,1785076200,4.11711,SXR,0x6629Ce1Cf35Cc1329ebB4F63202F3f197b3F050B
0x4aa4634b27cffdab077dabb5c1b4eed5699b644518907c0bd4d1a9c45122b77b,0xFD3a22179CA4104E97c670b834750Bd7Ff310b17,,25.90721,1.5537,Asian Handicap (-1.5),,Sweden Allsvenskan,IK Sirius FK vs IFK Göteborg,IK Sirius FK,IFK Göteborg,0x405364d8e6864a42cbebe558bac61aac52da05caff8c8dfa08f4a2b525d120f6,L19533453,0,0,SUCCESS,1,1785061548,1785067200,46.785029,SXR,0x6629Ce1Cf35Cc1329ebB4F63202F3f197b3F050B
0xf2c6391337214ada2c372eaa87579270d7e9772189a059a1beaad82495a875eb,0xFD3a22179CA4104E97c670b834750Bd7Ff310b17,1,3.28,1.19,1X2,Tie,Sweden Allsvenskan,IK Sirius FK vs IFK Göteborg,IK Sirius FK,IFK Göteborg,0x9cf2559818f78e15814b3771fc0775c8b1f97b487ba6b313a689959a66e657ce,L19533453,0,0,SUCCESS,1,1785061513,1785067200,17.263158,SXR,0x6629Ce1Cf35Cc1329ebB4F63202F3f197b3F050B
0xd5a782411714a2453b36eb7562b054d9cbfee5fbc34c998246bed4c729710b78,0xFD3a22179CA4104E97c670b834750Bd7Ff310b17,,2.47,1.3325,1X2,,Sweden Allsvenskan,IK Sirius FK vs IFK Göteborg,IK Sirius FK,IFK Göteborg,0x745110857bffb4d74c634ebbb9176dd1fe8bf2831180e2c763b5388d2303ee57,L19533453,0,0,SUCCESS,1,1785061513,1785067200,7.428571,SXR,0x6629Ce1Cf35Cc1329ebB4F63202F3f197b3F050B
0xe1443ca29d70bd9d377f7f600da642fe6ca0ad68ac1d240bd0eab7249e7bd3f8,0xFD3a22179CA4104E97c670b834750Bd7Ff310b17,1,1,1.1875,1X2,Tie,Sweden Allsvenskan,IK Sirius FK vs IFK Göteborg,IK Sirius FK,IFK Göteborg,0x9cf2559818f78e15814b3771fc0775c8b1f97b487ba6b313a689959a66e657ce,L19533453,0,0,SUCCESS,1,1785061246,1785067200,5.333333,SXR,0x6629Ce1Cf35Cc1329ebB4F63202F3f197b3F050B
0x5c61289b65cfcf5e57f842a3af9b2cf11fc521859f531a483608a65c50ce2830,0xFD3a22179CA4104E97c670b834750Bd7Ff310b17,1,1.57,1.1875,1X2,Tie,Sweden Allsvenskan,IK Sirius FK vs IFK Göteborg,IK Sirius FK,IFK Göteborg,0x9cf2559818f78e15814b3771fc0775c8b1f97b487ba6b313a689959a66e657ce,L19533453,0,0,SUCCESS,1,1785061246,1785067200,8.373333,SXR,0x6629Ce1Cf35Cc1329ebB4F63202F3f197b3F050B
0x7582c15fb8abba20ddcb167145bec6123479754a5e024ff3fdf4b96cf14212f8,0xFD3a22179CA4104E97c670b834750Bd7Ff310b17,,166.51996,1.86,1X2,,Sweden Allsvenskan,IK Sirius FK vs IFK Göteborg,IK Sirius FK,IFK Göteborg,0xd298d014025af9bfcc1e28c1076983debf3b862eb28ebb83526092d170864369,L19533453,0,0,SUCCESS,1,1785061239,1785067200,193.62786,SXR,0x6629Ce1Cf35Cc1329ebB4F63202F3f197b3F050B
0x8972aa7fef1d507ef152a040fef1bd23e4b42dc0163d851ecbaa3dbd0465b524,0xFD3a22179CA4104E97c670b834750Bd7Ff310b17,1,1,1.1875,1X2,Tie,Sweden Allsvenskan,IK Sirius FK vs IFK Göteborg,IK Sirius FK,IFK Göteborg,0x9cf2559818f78e15814b3771fc0775c8b1f97b487ba6b313a689959a66e657ce,L19533453,0,0,SUCCESS,1,1785061120,1785067200,5.333333,SXR,0x6629Ce1Cf35Cc1329ebB4F63202F3f197b3F050B
0x77381db30647425f098028d742a278a3a4748af0e8805a874737d3283ee097fd,0xFD3a22179CA4104E97c670b834750Bd7Ff310b17,1,1,1.1875,1X2,Tie,Sweden Allsvenskan,IK Sirius FK vs IFK Göteborg,IK Sirius FK,IFK Göteborg,0x9cf2559818f78e15814b3771fc0775c8b1f97b487ba6b313a689959a66e657ce,L19533453,0,0,SUCCESS,1,1785061090,1785067200,5.333333,SXR,0x6629Ce1Cf35Cc1329ebB4F63202F3f197b3F050B
0x96a7e00b73595e9c22bab39dbec3ee5761f1a260a5a61d3c15294ba7f2f4408a,0xFD3a22179CA4104E97c670b834750Bd7Ff310b17,1,1.01,1.1875,1X2,Tie,Sweden Allsvenskan,IK Sirius FK vs IFK Göteborg,IK Sirius FK,IFK Göteborg,0x9cf2559818f78e15814b3771fc0775c8b1f97b487ba6b313a689959a66e657ce,L19533453,0,0,SUCCESS,1,1785060829,1785067200,5.386667,SXR,0x6629Ce1Cf35Cc1329ebB4F63202F3f197b3F050B
0x8fcb550ee9d17490c89f77849245020336d2405a2bd6ae129c0f7a1447fbcc00,0xFD3a22179CA4104E97c670b834750Bd7Ff310b17,1,10.15,1.1875,1X2,Tie,Sweden Allsvenskan,IK Sirius FK vs IFK Göteborg,IK Sirius FK,IFK Göteborg,0x9cf2559818f78e15814b3771fc0775c8b1f97b487ba6b313a689959a66e657ce,L19533453,0,0,SUCCESS,1,1785060661,1785067200,54.133333,SXR,0x6629Ce1Cf35Cc1329ebB4F63202F3f197b3F050B
0xd671b647137801a59cd1deb21de782d6d82ffe500ef39ee8a89ff95321b08db9,0xFD3a22179CA4104E97c670b834750Bd7Ff310b17,1,4.62,1.6,Under/Over (2.5),Over 2.5,Sweden Allsvenskan,GAIS vs Halmstads BK,GAIS,Halmstads BK,0xbf33d134050a304e968d78f2c0abb251e52bdfb4e3ea1c1c2d401619286b4625,L19533456,0,0,SUCCESS,1,1785060561,1785076200,7.7,SXR,0x6629Ce1Cf35Cc1329ebB4F63202F3f197b3F050B
0xf5ecf3e4b4884c57ea1d8d9a28af5b256ad5e0a7ed7d71aa6282460a23c7759b,0xFD3a22179CA4104E97c670b834750Bd7Ff310b17,1,0.6744,1.1875,1X2,Tie,Sweden Allsvenskan,IK Sirius FK vs IFK Göteborg,IK Sirius FK,IFK Göteborg,0x9cf2559818f78e15814b3771fc0775c8b1f97b487ba6b313a689959a66e657ce,L19533453,0,0,SUCCESS,1,1785060551,1785067200,3.5968,SXR,0x6629Ce1Cf35Cc1329ebB4F63202F3f197b3F050B
0xcb38dc4c72649b60492e572af9ebde2fd2bb28f8ff6ca46778fca71f80a7f2d4,0xFD3a22179CA4104E97c670b834750Bd7Ff310b17,1,1,1.1863,1X2,Tie,Sweden Allsvenskan,IK Sirius FK vs IFK Göteborg,IK Sirius FK,IFK Göteborg,0x9cf2559818f78e15814b3771fc0775c8b1f97b487ba6b313a689959a66e657ce,L19533453,0,0,SUCCESS,1,1785060551,1785067200,5.369128,SXR,0x6629Ce1Cf35Cc1329ebB4F63202F3f197b3F050B
0x252b1aa63e4939888155556d56de3d06e20fc9b3dc7eb1867f708df2eb9e5822,0xFD3a22179CA4104E97c670b834750Bd7Ff310b17,1,209.51999,1.7063,Under/Over (2.5),Over 2.5,Sweden Allsvenskan,IK Sirius FK vs IFK Göteborg,IK Sirius FK,IFK Göteborg,0xe591fa15b010e0c74a1f726fa943675560b21aa5bd785101a545b0dd2e2b33da,L19533453,0,0,SUCCESS,1,1785060529,1785067200,296.665473,SXR,0x6629Ce1Cf35Cc1329ebB4F63202F3f197b3F050B
0xfb36a3b75864bf32147c41e8b229ce22d8d94a68c47b3b5919830516bab68f77,0xFD3a22179CA4104E97c670b834750Bd7Ff310b17,1,10,1.1863,1X2,Tie,Sweden Allsvenskan,IK Sirius FK vs IFK Göteborg,IK Sirius FK,IFK Göteborg,0x9cf2559818f78e15814b3771fc0775c8b1f97b487ba6b313a689959a66e657ce,L19533453,0,0,SUCCESS,1,1785060393,1785067200,53.691275,SXR,0x6629Ce1Cf35Cc1329ebB4F63202F3f197b3F050B
0x0b323528bd2c403f6b9356ab370ef4fde24562456abcf82ae04397420d0f7729,0x403558C308Dbb56F024A307d85CAF3F3f061F8C3,1,8,1.1938,1X2,Tie,Sweden Allsvenskan,IF Brommapojkarna vs Hammarby IF,IF Brommapojkarna,Hammarby IF,0x390c5d25c54b4ec450280f37e278e0607647cb7dd1f9d3c7648b79de93c09053,L19533459,0,0,SUCCESS,1,1785060289,1785067200,41.290323,SXR,0x6629Ce1Cf35Cc1329ebB4F63202F3f197b3F050B
0xedee2deaaaaab68965097b6c8f85946217acd83d2805e224a8f6b228e88954b2,0x403558C308Dbb56F024A307d85CAF3F3f061F8C3,1,8,1.1863,1X2,Tie,Sweden Allsvenskan,IK Sirius FK vs IFK Göteborg,IK Sirius FK,IFK Göteborg,0x9cf2559818f78e15814b3771fc0775c8b1f97b487ba6b313a689959a66e657ce,L19533453,0,0,SUCCESS,1,1785060285,1785067200,42.95302,SXR,0x6629Ce1Cf35Cc1329ebB4F63202F3f197b3F050B
0x2451f4a1b5250cff65c114d40b396ed3e05b6b0a479a3dd617f29f40d49e42af,0x97EC1C9682F70091efB04e97b0B34698cF815EE1,1,25.97,1.245,1X2,IF Elfsborg,Sweden Allsvenskan,Malmo FF vs IF Elfsborg,Malmo FF,IF Elfsborg,0x822bd8b4411990d5440c247dbde8babd80059e90b3f3fb31c1f43aa003d35fef,L19533460,0,0,SUCCESS,1,1785060275,1785076200,106.0,SXR,0x6629Ce1Cf35Cc1329ebB4F63202F3f197b3F050B
0x1e35de189cc98a0ed8cd61b6dc7eaf3c7098781c417839eba50e17d58baf14d4,0x403558C308Dbb56F024A307d85CAF3F3f061F8C3,1,10,1.1938,1X2,Tie,Sweden Allsvenskan,IF Brommapojkarna vs Hammarby IF,IF Brommapojkarna,Hammarby IF,0x390c5d25c54b4ec450280f37e278e0607647cb7dd1f9d3c7648b79de93c09053,L19533459,0,0,SUCCESS,1,1785060272,1785067200,51.612903,SXR,0x6629Ce1Cf35Cc1329ebB4F63202F3f197b3F050B
0x9f4ee973dd60aeb5fb2de55420f41b6241db23cf14a943c682dc136e78311ee1,0xFD3a22179CA4104E97c670b834750Bd7Ff310b17,,6.94,1.33,1X2,,Sweden Allsvenskan,IK Sirius FK vs IFK Göteborg,IK Sirius FK,IFK Göteborg,0x745110857bffb4d74c634ebbb9176dd1fe8bf2831180e2c763b5388d2303ee57,L19533453,0,0,SUCCESS,1,1785060245,1785067200,21.030303,SXR,0x6629Ce1Cf35Cc1329ebB4F63202F3f197b3F050B
0x8feb999d07fa23e24cebf6f906da5ac88cd718d78b7a40e710d00cfef656b72e,0xFD3a22179CA4104E97c670b834750Bd7Ff310b17,,69.4,1.33,1X2,,Sweden Allsvenskan,IK Sirius FK vs IFK Göteborg,IK Sirius FK,IFK Göteborg,0x745110857bffb4d74c634ebbb9176dd1fe8bf2831180e2c763b5388d2303ee57,L19533453,0,0,SUCCESS,1,1785060242,1785067200,210.30303,SXR,0x6629Ce1Cf35Cc1329ebB4F63202F3f197b3F050B
0xf304697bb314533f75d8e12d00d9521c10e45ec51f96ce89beb0a65a426ba7de,0x0DeAbC808957aBc9f4778C03b03CC1D2cBBC9D60,,5,1.33,1X2,,Sweden Allsvenskan,IK Sirius FK vs IFK Göteborg,IK Sirius FK,IFK Göteborg,0x745110857bffb4d74c634ebbb9176dd1fe8bf2831180e2c763b5388d2303ee57,L19533453,0,0,SUCCESS,1,1785060187,1785067200,15.151515,SXR,0x6629Ce1Cf35Cc1329ebB4F63202F3f197b3F050B
0x3b7a1e3ee04b3328f3814b523a106f72712a9586767c67b319937a21d535e19c,0xFD3a22179CA4104E97c670b834750Bd7Ff310b17,,58.63996,1.86,1X2,,Sweden Allsvenskan,IK Sirius FK vs IFK Göteborg,IK Sirius FK,IFK Göteborg,0xd298d014025af9bfcc1e28c1076983debf3b862eb28ebb83526092d170864369,L19533453,0,0,SUCCESS,1,1785060176,1785067200,68.186,SXR,0x6629Ce1Cf35Cc1329ebB4F63202F3f197b3F050B
0x46facfe27b0d55af60c01fd4a2795281b7ddf9ba2968fc22951d512cada6fd27,0x8268feC8dCb0D284343054BDf2b649286c9aA0a1,,80.93373,1.33,1X2,,Sweden Allsvenskan,IK Sirius FK vs IFK Göteborg,IK Sirius FK,IFK Göteborg,0x745110857bffb4d74c634ebbb9176dd1fe8bf2831180e2c763b5388d2303ee57,L19533453,0,0,SUCCESS,1,1785060174,1785067200,245.253727,SXR,0x6629Ce1Cf35Cc1329ebB4F63202F3f197b3F050B
0x09d434d9dc1a264eb1153e2c658b26346649d5b685fec0c8aee4ca209eba1fd1,0xFD3a22179CA4104E97c670b834750Bd7Ff310b17,,24.97,1.33,1X2,,Sweden Allsvenskan,IK Sirius FK vs IFK Göteborg,IK Sirius FK,IFK Göteborg,0x745110857bffb4d74c634ebbb9176dd1fe8bf2831180e2c763b5388d2303ee57,L19533453,0,0,SUCCESS,1,1785060174,1785067200,75.666667,SXR,0x6629Ce1Cf35Cc1329ebB4F63202F3f197b3F050B
0xe438a79e73df9eadf9cebf954c963d4235eae9d431cf1dffdd85d758c094d97a,0xFD3a22179CA4104E97c670b834750Bd7Ff310b17,,123.21994,1.86,1X2,,Sweden Allsvenskan,IK Sirius FK vs IFK Göteborg,IK Sirius FK,IFK Göteborg,0xd298d014025af9bfcc1e28c1076983debf3b862eb28ebb83526092d170864369,L19533453,0,0,SUCCESS,1,1785060164,1785067200,143.279,SXR,0x6629Ce1Cf35Cc1329ebB4F63202F3f197b3F050B
0x1728ec83b255365c037a6d672568c75d2b42137d86ac63b01be2b806e169689f,0xFD3a22179CA4104E97c670b834750Bd7Ff310b17,,35.08998,1.8962,1X2,,Sweden Allsvenskan,GAIS vs Halmstads BK,GAIS,Halmstads BK,0xa74d5bca3a9b0ebea7c17a18aa6a8f7951338ac12f5db7db680ffe782e22f09f,L19533456,0,0,SUCCESS,1,1785060012,1785076200,39.152,SXR,0x6629Ce1Cf35Cc1329ebB4F63202F3f197b3F050B
0x81cc5ccc0bb8caacbe896c7e51ec17020f5074b09fe3b48920054c03a1b3971f,0xFD3a22179CA4104E97c670b834750Bd7Ff310b17,,47.54998,1.7525,1X2,,Sweden Allsvenskan,Malmo FF vs IF Elfsborg,Malmo FF,IF Elfsborg,0xf6ace248297ecf1f449dc086735952315f1b7ad2102c4323d727919db4493add,L19533460,0,0,SUCCESS,1,1785059968,1785076200,63.189342,SXR,0x6629Ce1Cf35Cc1329ebB4F63202F3f197b3F050B
0x6a70c5e9789d644ca4125938570ffcacf086d401c17d56ec445bb9a8da0b8dc9,0xFD3a22179CA4104E97c670b834750Bd7Ff310b17,,88.15999,1.7525,1X2,,Sweden Allsvenskan,Malmo FF vs IF Elfsborg,Malmo FF,IF Elfsborg,0xf6ace248297ecf1f449dc086735952315f1b7ad2102c4323d727919db4493add,L19533460,0,0,SUCCESS,1,1785059938,1785076200,117.156133,SXR,0x6629Ce1Cf35Cc1329ebB4F63202F3f197b3F050B
0x9a49b3cd4ae357260e207179aeacb092cddbcd1af4c3dd52b5e53d285ad213dc,0xFD3a22179CA4104E97c670b834750Bd7Ff310b17,,74.92,1.8638,1X2,,Sweden Allsvenskan,IF Brommapojkarna vs Hammarby IF,IF Brommapojkarna,Hammarby IF,0x066d9676d173030100e705b856809544deb2765f7c320374322d85dbc0104663,L19533459,0,0,SUCCESS,1,1785058401,1785067200,86.738061,SXR,0x6629Ce1Cf35Cc1329ebB4F63202F3f197b3F050B
0x1a5a5156d2488f4c70d278a2e39e8921d2206d44fc5a17e6ed26f8e8fbf937bc,0xFD3a22179CA4104E97c670b834750Bd7Ff310b17,,106.63637,1.8625,1X2,,Sweden Allsvenskan,IF Brommapojkarna vs Hammarby IF,IF Brommapojkarna,Hammarby IF,0x066d9676d173030100e705b856809544deb2765f7c320374322d85dbc0104663,L19533459,0,0,SUCCESS,1,1785058400,1785067200,123.636371,SXR,0x6629Ce1Cf35Cc1329ebB4F63202F3f197b3F050B
0xa87bcf898b1577697c1b2f3ac0a909cbb3db3470691f62495c16a5b1e82e68e0,0x97EC1C9682F70091efB04e97b0B34698cF815EE1,1,22.49,1.1487,1X2,IFK Göteborg,Sweden Allsvenskan,IK Sirius FK vs IFK Göteborg,IK Sirius FK,IFK Göteborg,0xd298d014025af9bfcc1e28c1076983debf3b862eb28ebb83526092d170864369,L19533453,0,0,SUCCESS,1,1785058342,1785067200,151.193277,SXR,0x6629Ce1Cf35Cc1329ebB4F63202F3f197b3F050B
0xf37157fb2d9d8e2e219a05f36cca4f3fab9acf3447404dbaf8cc94172c7b82fa,0x97EC1C9682F70091efB04e97b0B34698cF815EE1,1,22.98,1.1487,1X2,IFK Göteborg,Sweden Allsvenskan,IK Sirius FK vs IFK Göteborg,IK Sirius FK,IFK Göteborg,0xd298d014025af9bfcc1e28c1076983debf3b862eb28ebb83526092d170864369,L19533453,0,0,SUCCESS,1,1785058139,1785067200,154.487395,SXR,0x6629Ce1Cf35Cc1329ebB4F63202F3f197b3F050B
0x62c104007ab6023e796c0560b53563718f59540f9ee6f9e86f76c82fa744ada2,0x358078dD5Ee4d532029b3cD743Bba2B6EFF8c6CA,1,65.94,1.4937,Under/Over (3.5),Over 3.5,Sweden Allsvenskan,IK Sirius FK vs IFK Göteborg,IK Sirius FK,IFK Göteborg,0xab850849444d24df59d5b27231621725385b830451c500f9488ac3256f7c4348,L19533453,0,0,SUCCESS,1,1785057757,1785067200,133.549367,SXR,0x6629Ce1Cf35Cc1329ebB4F63202F3f197b3F050B
0x71c766e5c63b0241a4dfb7c6ec6a99a4374bb7879f7b4f063b0d5d236abe204e,0x358078dD5Ee4d532029b3cD743Bba2B6EFF8c6CA,1,128.4,1.4937,Under/Over (3.5),Over 3.5,Sweden Allsvenskan,IK Sirius FK vs IFK Göteborg,IK Sirius FK,IFK Göteborg,0xab850849444d24df59d5b27231621725385b830451c500f9488ac3256f7c4348,L19533453,0,0,SUCCESS,1,1785057718,1785067200,260.050633,SXR,0x6629Ce1Cf35Cc1329ebB4F63202F3f197b3F050B
0x22422c6e60dec154a2921b2b46037f5c3b77d4dcca7027b425de73b555d01500,0x2Bd56fa0D7b1Add3639Ee23f32A2947576924f15,1,19.93999,1.4925,Under/Over (3.5),Over 3.5,Sweden Allsvenskan,IK Sirius FK vs IFK Göteborg,IK Sirius FK,IFK Göteborg,0xab850849444d24df59d5b27231621725385b830451c500f9488ac3256f7c4348,L19533453,0,0,SUCCESS,1,1785057469,1785067200,40.487289,SXR,0x6629Ce1Cf35Cc1329ebB4F63202F3f197b3F050B
0x6dfb328cc4a2d8d2b05ba4a21db96e8403efdb10bdc6bfebd9f0aa80e1c24bb1,0x2Bd56fa0D7b1Add3639Ee23f32A2947576924f15,1,193.21,1.4912,Under/Over (3.5),Over 3.5,Sweden Allsvenskan,IK Sirius FK vs IFK Göteborg,IK Sirius FK,IFK Göteborg,0xab850849444d24df59d5b27231621725385b830451c500f9488ac3256f7c4348,L19533453,0,0,SUCCESS,1,1785057344,1785067200,393.302799,SXR,0x6629Ce1Cf35Cc1329ebB4F63202F3f197b3F050B
0x1bf3ae15ff39a74e2ae828a2d01ead3a8749db2af9616297b274322aeffd2ae8,0x97EC1C9682F70091efB04e97b0B34698cF815EE1,1,199.89999,1.5762,Under/Over (2.5),Over 2.5,Sweden Allsvenskan,Malmo FF vs IF Elfsborg,Malmo FF,IF Elfsborg,0x1695e078336eaaca5a035b735076be891cc138ed2d5fe552b7ab0a93108aa611,L19533460,0,0,SUCCESS,1,1785056982,1785076200,346.89803,SXR,0x6629Ce1Cf35Cc1329ebB4F63202F3f197b3F050B
0xa7ce501f303216257020bfae3b929edea8ff4f782d38928215ec06880c77b9bf,0x358078dD5Ee4d532029b3cD743Bba2B6EFF8c6CA,1,68.89,1.5088,Asian Handicap (-1),IK Sirius FK -1,Sweden Allsvenskan,IK Sirius FK vs IFK Göteborg,IK Sirius FK,IFK Göteborg,0xad21f8f85a52237f89579592e8a43c01525b274018ea217291f5cef7d06e0444,L19533453,0,0,SUCCESS,1,1785056857,1785067200,135.410319,SXR,0x6629Ce1Cf35Cc1329ebB4F63202F3f197b3F050B
0x9bca163c88759c0fa21e7a5211557968b21b4098994271d4520463a194fa1685,0x358078dD5Ee4d532029b3cD743Bba2B6EFF8c6CA,1,68.89,1.5088,Asian Handicap (-1.5),IK Sirius FK -1.5,Sweden Allsvenskan,IK Sirius FK vs IFK Göteborg,IK Sirius FK,IFK Göteborg,0x405364d8e6864a42cbebe558bac61aac52da05caff8c8dfa08f4a2b525d120f6,L19533453,0,0,SUCCESS,1,1785056857,1785067200,135.410319,SXR,0x6629Ce1Cf35Cc1329ebB4F63202F3f197b3F050B
0x1c9014fa251ec2f77f19ee4439cd80f403d07e202b3920414b30b1ec5f280643,0xFD3a22179CA4104E97c670b834750Bd7Ff310b17,,8.31,1.33,1X2,,Sweden Allsvenskan,IK Sirius FK vs IFK Göteborg,IK Sirius FK,IFK Göteborg,0x745110857bffb4d74c634ebbb9176dd1fe8bf2831180e2c763b5388d2303ee57,L19533453,0,0,SUCCESS,1,1785056723,1785067200,25.181818,SXR,0x6629Ce1Cf35Cc1329ebB4F63202F3f197b3F050B
0x0ffc6f38f33c674199f0c73b7d7050b95b8fec4451dc5ea8ea7f5dae80962adc,0xFD3a22179CA4104E97c670b834750Bd7Ff310b17,1,60.96369,1.1462,1X2,IFK Göteborg,Sweden Allsvenskan,IK Sirius FK vs IFK Göteborg,IK Sirius FK,IFK Göteborg,0xd298d014025af9bfcc1e28c1076983debf3b862eb28ebb83526092d170864369,L19533453,0,0,SUCCESS,1,1785056723,1785067200,416.845744,SXR,0x6629Ce1Cf35Cc1329ebB4F63202F3f197b3F050B
0xc40b24c4a579fc777e37f1b164d848002743fd4096eadfe073f0e7481826ba93,0xFD3a22179CA4104E97c670b834750Bd7Ff310b17,1,0.00479,1.1462,1X2,IFK Göteborg,Sweden Allsvenskan,IK Sirius FK vs IFK Göteborg,IK Sirius FK,IFK Göteborg,0xd298d014025af9bfcc1e28c1076983debf3b862eb28ebb83526092d170864369,L19533453,0,0,SUCCESS,1,1785056722,1785067200,0.032752,SXR,0x6629Ce1Cf35Cc1329ebB4F63202F3f197b3F050B
0xba5fc0770f93c42cea59e242e34b0650db11dc1eedb9d524807cad871ca0225d,0xFD3a22179CA4104E97c670b834750Bd7Ff310b17,,2.58995,1.8575,1X2,,Sweden Allsvenskan,IK Sirius FK vs IFK Göteborg,IK Sirius FK,IFK Göteborg,0xd298d014025af9bfcc1e28c1076983debf3b862eb28ebb83526092d170864369,L19533453,0,0,SUCCESS,1,1785055969,1785067200,3.02035,SXR,0x6629Ce1Cf35Cc1329ebB4F63202F3f197b3F050B
0xbd79b3ff9516eb1039ca40e7ef166fc724cf54bc3aab1ca6c11c0bdd42a498ca,0xFD3a22179CA4104E97c670b834750Bd7Ff310b17,,16.5,1.5362,Asian Handicap (-1.5),,Sweden Allsvenskan,GAIS vs Halmstads BK,GAIS,Halmstads BK,0x526c6a59157cc78601126fb468ddd7231379add3c1caf93a34532c571738bb07,L19533456,0,0,SUCCESS,1,1785055924,1785076200,30.769231,SXR,0x6629Ce1Cf35Cc1329ebB4F63202F3f197b3F050B
0xa44d7c81b51f7948cbfc06ae15dcf98d1288a05555a240f6d5046252b1242743,0x8268feC8dCb0D284343054BDf2b649286c9aA0a1,,74.96356,1.6787,Asian Handicap (-2),,Sweden Allsvenskan,IK Sirius FK vs IFK Göteborg,IK Sirius FK,IFK Göteborg,0xf15f545607f8a65757d27009eab95a9e0c1eeeb7056290dfbf1d62b69b3cf633,L19533453,0,0,SUCCESS,1,1785055875,1785067200,110.443551,SXR,0x6629Ce1Cf35Cc1329ebB4F63202F3f197b3F050B
0xf6731dcf6d102945e69fea9984d5c9693aee5a3c8e78e5233b3eac517ba3d5b8,0x8268feC8dCb0D284343054BDf2b649286c9aA0a1,,28.04698,1.4275,Asian Handicap (-1),,Sweden Allsvenskan,IK Sirius FK vs IFK Göteborg,IK Sirius FK,IFK Göteborg,0xad21f8f85a52237f89579592e8a43c01525b274018ea217291f5cef7d06e0444,L19533453,0,0,SUCCESS,1,1785055874,1785067200,65.606971,SXR,0x6629Ce1Cf35Cc1329ebB4F63202F3f197b3F050B
0xffb58b8486fd6366e7fffca2b86fff85744cd34e464f8a7315b22e1f4196277f,0x8268feC8dCb0D284343054BDf2b649286c9aA0a1,,34.42246,1.5537,Asian Handicap (-1.5),,Sweden Allsvenskan,IK Sirius FK vs IFK Göteborg,IK Sirius FK,IFK Göteborg,0x405364d8e6864a42cbebe558bac61aac52da05caff8c8dfa08f4a2b525d120f6,L19533453,0,0,SUCCESS,1,1785055873,1785067200,62.162456,SXR,0x6629Ce1Cf35Cc1329ebB4F63202F3f197b3F050B
0xdc393eda7e7e2a19bf567d6804383f450b8596165eb7a6feb37fb7f4ee3351e9,0x8268feC8dCb0D284343054BDf2b649286c9aA0a1,,18.45411,1.4263,Asian Handicap (-1),,Sweden Allsvenskan,IK Sirius FK vs IFK Göteborg,IK Sirius FK,IFK Göteborg,0xad21f8f85a52237f89579592e8a43c01525b274018ea217291f5cef7d06e0444,L19533453,0,0,SUCCESS,1,1785055873,1785067200,43.2941,SXR,0x6629Ce1Cf35Cc1329ebB4F63202F3f197b3F050B
0x769e0c972e6ec854cf4525a464f2343ad229da04f4e0abc0f35f6f0612635335,0x8268feC8dCb0D284343054BDf2b649286c9aA0a1,,31.89974,1.3337,1X2,,Sweden Allsvenskan,IK Sirius FK vs IFK Göteborg,IK Sirius FK,IFK Göteborg,0x745110857bffb4d74c634ebbb9176dd1fe8bf2831180e2c763b5388d2303ee57,L19533453,0,0,SUCCESS,1,1785055873,1785067200,95.579745,SXR,0x6629Ce1Cf35Cc1329ebB4F63202F3f197b3F050B
0x26c903e37c3eb5693049cb0863b1156320686c7a67ec7dc74e9c69dcacc175ba,0x8268feC8dCb0D284343054BDf2b649286c9aA0a1,,31.72169,1.6775,Asian Handicap (-2),,Sweden Allsvenskan,IK Sirius FK vs IFK Göteborg,IK Sirius FK,IFK Göteborg,0xf15f545607f8a65757d27009eab95a9e0c1eeeb7056290dfbf1d62b69b3cf633,L19533453,0,0,SUCCESS,1,1785055873,1785067200,46.821683,SXR,0x6629Ce1Cf35Cc1329ebB4F63202F3f197b3F050B
0xe34f999de872a63eb6dd72fc5ecb618377cf95656343a64e1831c58f3116b02b,0xFD3a22179CA4104E97c670b834750Bd7Ff310b17,1,18.06,1.3325,Asian Handicap (-2),GAIS -2,Sweden Allsvenskan,GAIS vs Halmstads BK,GAIS,Halmstads BK,0xf0d20f6f82169ed490dbadb5576eaf0c382bf0b7fe8e54acc12b58935b3221ed,L19533456,0,0,SUCCESS,1,1785055611,1785076200,54.315789,SXR,0x6629Ce1Cf35Cc1329ebB4F63202F3f197b3F050B
0x1e8808c7e03fc3ba0653792c2c2d2e363314dffff30396330b91cc12f61f2f40,0x7E3a6e22cac4eECeceCc7D9086d7c0fE1195Ec16,,2,1.3337,1X2,,Sweden Allsvenskan,IK Sirius FK vs IFK Göteborg,IK Sirius FK,IFK Göteborg,0x745110857bffb4d74c634ebbb9176dd1fe8bf2831180e2c763b5388d2303ee57,L19533453,0,0,SUCCESS,1,1785054875,1785067200,5.992509,SXR,0x6629Ce1Cf35Cc1329ebB4F63202F3f197b3F050B
0x3bee3b28be37ce03757acf3fbf22082ee24dcc7c66a7403515ff694390ef589d,0x7E3a6e22cac4eECeceCc7D9086d7c0fE1195Ec16,1,1.99999,1.6713,1X2,Hammarby IF,Sweden Allsvenskan,IF Brommapojkarna vs Hammarby IF,IF Brommapojkarna,Hammarby IF,0x8dcea649d3855e8fac7c5e01865c2474acd9095b7f385c4df03e769b7735f061,L19533459,0,0,SUCCESS,1,1785053264,1785067200,2.979501,SXR,0x6629Ce1Cf35Cc1329ebB4F63202F3f197b3F050B
0x76c557a25672b493973b099d69be5a1e8bcc81e707482c95232355859e78d112,0xFD3a22179CA4104E97c670b834750Bd7Ff310b17,1,12.21788,1.3337,Under/Over (4),Over 4.0,Sweden Allsvenskan,IK Sirius FK vs IFK Göteborg,IK Sirius FK,IFK Göteborg,0x350892dbc0fe468a460a880e529b878864f97209d0bd235d5345cc4c73fde875,L19533453,0,0,SUCCESS,1,1785053238,1785067200,36.60788,SXR,0x6629Ce1Cf35Cc1329ebB4F63202F3f197b3F050B
0x0a5dfb3fa4deb5cce637db58bfa0e2f390b2f5fe9496759848f7d97822fd4f49,0x8268feC8dCb0D284343054BDf2b649286c9aA0a1,1,26.56,1.595,Under/Over (3),Over 3.0,Sweden Allsvenskan,IK Sirius FK vs IFK Göteborg,IK Sirius FK,IFK Göteborg,0xb8ac74a07ff39e9d5c40bfb48e468dd32dc69986891629045300fd78114501db,L19533453,0,0,SUCCESS,1,1785053238,1785067200,44.638655,SXR,0x6629Ce1Cf35Cc1329ebB4F63202F3f197b3F050B
0xfceceb635aa56f514f497dd3ce85da95b0a201361deb0cef761f27c653e83d4a,0xFD3a22179CA4104E97c670b834750Bd7Ff310b17,,8.99996,1.8613,1X2,,Sweden Allsvenskan,IK Sirius FK vs IFK Göteborg,IK Sirius FK,IFK Göteborg,0xd298d014025af9bfcc1e28c1076983debf3b862eb28ebb83526092d170864369,L19533453,0,0,SUCCESS,1,1785052985,1785067200,10.449881,SXR,0x6629Ce1Cf35Cc1329ebB4F63202F3f197b3F050B
0x20be50e9220f81a1f0272e89816801354a0bf64fac83bf1a7cb6143f2faa1651,0x8268feC8dCb0D284343054BDf2b649286c9aA0a1,,24.19532,1.4125,Under/Over (3),,Sweden Allsvenskan,IK Sirius FK vs IFK Göteborg,IK Sirius FK,IFK Göteborg,0xb8ac74a07ff39e9d5c40bfb48e468dd32dc69986891629045300fd78114501db,L19533453,0,0,SUCCESS,1,1785052930,1785067200,58.655321,SXR,0x6629Ce1Cf35Cc1329ebB4F63202F3f197b3F050B
0x2e2da6931c9f4197183114dd44515353c70b5f76f79a257a60476b737ffd9e30,0xFD3a22179CA4104E97c670b834750Bd7Ff310b17,1,24.68999,1.5725,Asian Handicap (-1),IK Sirius FK -1,Sweden Allsvenskan,IK Sirius FK vs IFK Göteborg,IK Sirius FK,IFK Göteborg,0xad21f8f85a52237f89579592e8a43c01525b274018ea217291f5cef7d06e0444,L19533453,0,0,SUCCESS,1,1785052119,1785067200,43.12662,SXR,0x6629Ce1Cf35Cc1329ebB4F63202F3f197b3F050B
0x3162d6ce1d8ea10a2acfe6f501077c969062d0d311627f5cf44eea3015fcdb94,0xFD3a22179CA4104E97c670b834750Bd7Ff310b17,1,42.01,1.4187,Under/Over (3.5),Over 3.5,Sweden Allsvenskan,IF Brommapojkarna vs Hammarby IF,IF Brommapojkarna,Hammarby IF,0x3735465e70e89910ba4ae29691435419b43fb2984cb4f246de6edf797f9730f8,L19533459,0,0,SUCCESS,1,1785051403,1785067200,100.322388,SXR,0x6629Ce1Cf35Cc1329ebB4F63202F3f197b3F050B
0xc5b3b3fc752b97d1c583b909f7d080b11082cd919f33549767c7df09e31a595f,0xFD3a22179CA4104E97c670b834750Bd7Ff310b17,1,16.22,1.3137,Asian Handicap (-2),IK Sirius FK -2,Sweden Allsvenskan,IK Sirius FK vs IFK Göteborg,IK Sirius FK,IFK Göteborg,0xf15f545607f8a65757d27009eab95a9e0c1eeeb7056290dfbf1d62b69b3cf633,L19533453,0,0,SUCCESS,1,1785051070,1785067200,51.697211,SXR,0x6629Ce1Cf35Cc1329ebB4F63202F3f197b3F050B
0xbc6409e08158c4193e036be72693b27342e3ff3eecf11ee9a30dc6e57e5e9e7c,0xFD3a22179CA4104E97c670b834750Bd7Ff310b17,1,10.87,1.335,Under/Over (4),Over 4.0,Sweden Allsvenskan,IK Sirius FK vs IFK Göteborg,IK Sirius FK,IFK Göteborg,0x350892dbc0fe468a460a880e529b878864f97209d0bd235d5345cc4c73fde875,L19533453,0,0,SUCCESS,1,1785051070,1785067200,32.447761,SXR,0x6629Ce1Cf35Cc1329ebB4F63202F3f197b3F050B
0x9df82e2f36a8efd5ac1086553228cc2620bc84aa7ff2281b12cf011a86d819e0,0xFD3a22179CA4104E97c670b834750Bd7Ff310b17,1,8,1.1938,1X2,Tie,Sweden Allsvenskan,IK Sirius FK vs IFK Göteborg,IK Sirius FK,IFK Göteborg,0x9cf2559818f78e15814b3771fc0775c8b1f97b487ba6b313a689959a66e657ce,L19533453,0,0,SUCCESS,1,1785051070,1785067200,41.290323,SXR,0x6629Ce1Cf35Cc1329ebB4F63202F3f197b3F050B
0x6de167f02ea9aebd6b1f1348b9336f791194a8e721fd0850197d5f3e8b84c3b5,0xFD3a22179CA4104E97c670b834750Bd7Ff310b17,1,6.85,1.2688,Under/Over (4.5),Over 4.5,Sweden Allsvenskan,IK Sirius FK vs IFK Göteborg,IK Sirius FK,IFK Göteborg,0x7f16d1d28a683b307bd4a7f18a8e3449d49e9cf124ea056364d8c2fa9d8e429e,L19533453,0,0,SUCCESS,1,1785051069,1785067200,25.488372,SXR,0x6629Ce1Cf35Cc1329ebB4F63202F3f197b3F050B
0x16a425cd10a3781e0c5199dc2617b3951103821c9df6ce99c75224cdd05c3ab6,0xFD3a22179CA4104E97c670b834750Bd7Ff310b17,,1.17,1.8575,1X2,,Sweden Allsvenskan,IK Sirius FK vs IFK Göteborg,IK Sirius FK,IFK Göteborg,0xd298d014025af9bfcc1e28c1076983debf3b862eb28ebb83526092d170864369,L19533453,0,0,SUCCESS,1,1785051034,1785067200,1.364431,SXR,0x6629Ce1Cf35Cc1329ebB4F63202F3f197b3F050B
0x7c35b221b7edf275a234e69f51846fadcbf786eae62920de759dde0f234f9913,0xFD3a22179CA4104E97c670b834750Bd7Ff310b17,1,40.6,1.4187,Under/Over (3.5),Over 3.5,Sweden Allsvenskan,IF Brommapojkarna vs Hammarby IF,IF Brommapojkarna,Hammarby IF,0x3735465e70e89910ba4ae29691435419b43fb2984cb4f246de6edf797f9730f8,L19533459,0,0,SUCCESS,1,1785050547,1785067200,96.955224,SXR,0x6629Ce1Cf35Cc1329ebB4F63202F3f197b3F050B
0x5c99e7c7e538650a4c6955f1df7339de054b1b6280b44b921de4fdb807893271,0xFD3a22179CA4104E97c670b834750Bd7Ff310b17,1,10,1.575,Asian Handicap (1.5),IF Brommapojkarna +1.5,Sweden Allsvenskan,IF Brommapojkarna vs Hammarby IF,IF Brommapojkarna,Hammarby IF,0xda18abb61105d91b287548a00f8721852deed081cef23e9a844b627ed4ebf423,L19533459,0,0,SUCCESS,1,1785050547,1785067200,17.391304,SXR,0x6629Ce1Cf35Cc1329ebB4F63202F3f197b3F050B
0x7b90cfb083e55cab75095ab8846a1eda0dc707f45df3aa6d566f3e02a8fdf271,0x7E3a6e22cac4eECeceCc7D9086d7c0fE1195Ec16,,2,1.5,1X2,,Sweden Allsvenskan,Malmo FF vs IF Elfsborg,Malmo FF,IF Elfsborg,0xea47a37d08caab957e2f9d3c2dd9efdd3b200487d369eb5a2967fdb2cb9c60bd,L19533460,0,0,SUCCESS,1,1785050520,1785076200,4.0,SXR,0x6629Ce1Cf35Cc1329ebB4F63202F3f197b3F050B
0xebc08d0b39852d7a5984c806007d99880712d8aa9643887220b8aea8becc1dcd,0x0DeAbC808957aBc9f4778C03b03CC1D2cBBC9D60,1,5,1.4187,Under/Over (3.5),Over 3.5,Sweden Allsvenskan,IF Brommapojkarna vs Hammarby IF,IF Brommapojkarna,Hammarby IF,0x3735465e70e89910ba4ae29691435419b43fb2984cb4f246de6edf797f9730f8,L19533459,0,0,SUCCESS,1,1785050479,1785067200,11.940299,SXR,0x6629Ce1Cf35Cc1329ebB4F63202F3f197b3F050B
0x330d191c188154624d98164489c45d2afc474169d4e6d0801ebd852a3b2f17ac,0x0DeAbC808957aBc9f4778C03b03CC1D2cBBC9D60,,5,1.5012,1X2,,Sweden Allsvenskan,Malmo FF vs IF Elfsborg,Malmo FF,IF Elfsborg,0xea47a37d08caab957e2f9d3c2dd9efdd3b200487d369eb5a2967fdb2cb9c60bd,L19533460,0,0,SUCCESS,1,1785050442,1785076200,9.975062,SXR,0x6629Ce1Cf35Cc1329ebB4F63202F3f197b3F050B
0xbd6cdebc1c8fc97411b474b75eb2bef0c39618b52fba2d9a32c73a1185d7427e,0xFD3a22179CA4104E97c670b834750Bd7Ff310b17,,3.2,1.58,Under/Over (3.5),,Sweden Allsvenskan,IF Brommapojkarna vs Hammarby IF,IF Brommapojkarna,Hammarby IF,0x3735465e70e89910ba4ae29691435419b43fb2984cb4f246de6edf797f9730f8,L19533459,0,0,SUCCESS,1,1785050439,1785067200,5.517241,SXR,0x6629Ce1Cf35Cc1329ebB4F63202F3f197b3F050B
0x98499b8cc1887d2d53ad0af57a4175a384d2515eb607948a09ef8076caf4533a,0x8268feC8dCb0D284343054BDf2b649286c9aA0a1,,107.57,1.5,1X2,,Sweden Allsvenskan,Malmo FF vs IF Elfsborg,Malmo FF,IF Elfsborg,0xea47a37d08caab957e2f9d3c2dd9efdd3b200487d369eb5a2967fdb2cb9c60bd,L19533460,0,0,SUCCESS,1,1785050410,1785076200,215.14,SXR,0x6629Ce1Cf35Cc1329ebB4F63202F3f197b3F050B
0xc6aa861b3e9ba93f749f0b14b5ee670ad69a275f9b2125cb6b9b4e7e70659ad0,0xFD3a22179CA4104E97c670b834750Bd7Ff310b17,,17.57999,1.8613,1X2,,Sweden Allsvenskan,IF Brommapojkarna vs Hammarby IF,IF Brommapojkarna,Hammarby IF,0x066d9676d173030100e705b856809544deb2765f7c320374322d85dbc0104663,L19533459,0,0,SUCCESS,1,1785050190,1785067200,20.41218,SXR,0x6629Ce1Cf35Cc1329ebB4F63202F3f197b3F050B
0x49cccd0ec7d2df5934c0149bddfe239e4a8d51d73ac3db71e7a8467a93c8bab7,0xFD3a22179CA4104E97c670b834750Bd7Ff310b17,1,13.69978,1.4463,Under/Over (3),Over 3.0,Sweden Allsvenskan,Malmo FF vs IF Elfsborg,Malmo FF,IF Elfsborg,0xbead9f5940b6776cbd5eebc1e4634394eb746ebadb67433f820f88fe010ede71,L19533460,0,0,SUCCESS,1,1785050044,1785076200,30.699787,SXR,0x6629Ce1Cf35Cc1329ebB4F63202F3f197b3F050B
0xdf49a59c0b7d8f52bd22b8a71b1ef38003630e529abd83d58625df3df339fab3,0xFD3a22179CA4104E97c670b834750Bd7Ff310b17,,43.71997,1.8613,1X2,,Sweden Allsvenskan,IF Brommapojkarna vs Hammarby IF,IF Brommapojkarna,Hammarby IF,0x066d9676d173030100e705b856809544deb2765f7c320374322d85dbc0104663,L19533459,0,0,SUCCESS,1,1785049081,1785067200,50.76339,SXR,0x6629Ce1Cf35Cc1329ebB4F63202F3f197b3F050B
0x20d002a85cfaf875ac9f85b9fc03e6f664085c45f0d624911a4d4516e28eb96c,0x740d5718a79A8559fEeE8B00922F8Cd773A81D84,,13.15,1.4387,Asian Handicap (1.5),,Sweden Allsvenskan,IF Brommapojkarna vs Hammarby IF,IF Brommapojkarna,Hammarby IF,0xda18abb61105d91b287548a00f8721852deed081cef23e9a844b627ed4ebf423,L19533459,0,0,SUCCESS,1,1785048359,1785067200,29.97151,SXR,0x6629Ce1Cf35Cc1329ebB4F63202F3f197b3F050B
0x523f572d01634721b585c8b56ecec9c1b1f1143899d23d2b702dee67c8bc6598,0xFD3a22179CA4104E97c670b834750Bd7Ff310b17,,1.13995,1.8962,1X2,,Sweden Allsvenskan,GAIS vs Halmstads BK,GAIS,Halmstads BK,0xa74d5bca3a9b0ebea7c17a18aa6a8f7951338ac12f5db7db680ffe782e22f09f,L19533456,0,0,SUCCESS,1,1785048164,1785076200,1.271911,SXR,0x6629Ce1Cf35Cc1329ebB4F63202F3f197b3F050B
0x5d0f85b2dfaec5f89bb4b9fdfc387de98b40a630f3706ea2bb03155e40586adf,0xFD3a22179CA4104E97c670b834750Bd7Ff310b17,,2.67,1.645,Under/Over (3.5),,Sweden Allsvenskan,GAIS vs Halmstads BK,GAIS,Halmstads BK,0x982c9b149984ae48592947a339ad9882b5bece8c8653bc225609c36218eb0694,L19533456,0,0,SUCCESS,1,1785047709,1785076200,4.139535,SXR,0x6629Ce1Cf35Cc1329ebB4F63202F3f197b3F050B
0xfe4d13b600b03c705b597a6ac7b2e4a79c594854380f2c67c93688d78dd46b90,0x97EC1C9682F70091efB04e97b0B34698cF815EE1,1,15.26,1.1487,1X2,IFK Göteborg,Sweden Allsvenskan,IK Sirius FK vs IFK Göteborg,IK Sirius FK,IFK Göteborg,0xd298d014025af9bfcc1e28c1076983debf3b862eb28ebb83526092d170864369,L19533453,0,0,SUCCESS,1,1785047222,1785067200,102.588235,SXR,0x6629Ce1Cf35Cc1329ebB4F63202F3f197b3F050B
0x629b941d21db1949a05416543acbf24d30fec02e3dc12f47d998e36274d11c9e,0x0DeAbC808957aBc9f4778C03b03CC1D2cBBC9D60,,5,1.8,Under/Over (4),,Sweden Allsvenskan,Malmo FF vs IF Elfsborg,Malmo FF,IF Elfsborg,0x72c411d895f87e16a53f1fda20d05c8c22ed01934af4d0676ad195cc0422f255,L19533460,0,0,SUCCESS,1,1785047111,1785076200,6.25,SXR,0x6629Ce1Cf35Cc1329ebB4F63202F3f197b3F050B
0xb52d3dc1d292b1f08c6285e431084aebb9d4a3475d220c3f02e30d7962e82657,0x0DeAbC808957aBc9f4778C03b03CC1D2cBBC9D60,,5,1.8,Under/Over (4),,Sweden Allsvenskan,Malmo FF vs IF Elfsborg,Malmo FF,IF Elfsborg,0x72c411d895f87e16a53f1fda20d05c8c22ed01934af4d0676ad195cc0422f255,L19533460,0,0,SUCCESS,1,1785047109,1785076200,6.25,SXR,0x6629Ce1Cf35Cc1329ebB4F63202F3f197b3F050B
0xd6401a6685ed569c4587316102fac701af6833adeae9d7d6c7b19dfaba4ac91c,0x8268feC8dCb0D284343054BDf2b649286c9aA0a1,,136.31621,1.795,Under/Over (4),,Sweden Allsvenskan,Malmo FF vs IF Elfsborg,Malmo FF,IF Elfsborg,0x72c411d895f87e16a53f1fda20d05c8c22ed01934af4d0676ad195cc0422f255,L19533460,0,0,SUCCESS,1,1785047089,1785076200,171.466931,SXR,0x6629Ce1Cf35Cc1329ebB4F63202F3f197b3F050B
0xa0e118935f9abd094442dec3ffadf48def3e8788e1354e86fa4d9cdbd7ba4f8b,0x8268feC8dCb0D284343054BDf2b649286c9aA0a1,,80.23679,1.795,Under/Over (4),,Sweden Allsvenskan,Malmo FF vs IF Elfsborg,Malmo FF,IF Elfsborg,0x72c411d895f87e16a53f1fda20d05c8c22ed01934af4d0676ad195cc0422f255,L19533460,0,0,SUCCESS,1,1785047087,1785076200,100.92678,SXR,0x6629Ce1Cf35Cc1329ebB4F63202F3f197b3F050B
0x451ffdc069e8d2ae00ceb00efc9280c7bd2c989f18ddde8053d00e6aa8dde9fe,0x0DeAbC808957aBc9f4778C03b03CC1D2cBBC9D60,,4.99997,1.795,Under/Over (4),,Sweden Allsvenskan,Malmo FF vs IF Elfsborg,Malmo FF,IF Elfsborg,0x72c411d895f87e16a53f1fda20d05c8c22ed01934af4d0676ad195cc0422f255,L19533460,0,0,SUCCESS,1,1785047067,1785076200,6.28927,SXR,0x6629Ce1Cf35Cc1329ebB4F63202F3f197b3F050B
0x5bc8cc2eb377006f7417559bf63037b9919a8b80766bf2388c83eae3cf9513d5,0x8268feC8dCb0D284343054BDf2b649286c9aA0a1,,55.45606,1.795,Under/Over (4),,Sweden Allsvenskan,Malmo FF vs IF Elfsborg,Malmo FF,IF Elfsborg,0x72c411d895f87e16a53f1fda20d05c8c22ed01934af4d0676ad195cc0422f255,L19533460,0,0,SUCCESS,1,1785047033,1785076200,69.75605,SXR,0x6629Ce1Cf35Cc1329ebB4F63202F3f197b3F050B
0x9fb6a425d772b6c89bb478f3616df3a2844774ed82d1884f424faf2a194a3c12,0xFD3a22179CA4104E97c670b834750Bd7Ff310b17,1,6.03,1.24,1X2,IF Elfsborg,Sweden Allsvenskan,Malmo FF vs IF Elfsborg,Malmo FF,IF Elfsborg,0x822bd8b4411990d5440c247dbde8babd80059e90b3f3fb31c1f43aa003d35fef,L19533460,0,0,SUCCESS,1,1785046396,1785076200,25.125,SXR,0x6629Ce1Cf35Cc1329ebB4F63202F3f197b3F050B
0x98efbd2a2c2dece5737c62e77777e3b017b0de2cc35b75b73c3a0dbc1248d5a3,0x68E1818FF20BBe84F9be9E0A4A395FB11079Bd35,1,30.68859,1.2388,1X2,IF Elfsborg,Sweden Allsvenskan,Malmo FF vs IF Elfsborg,Malmo FF,IF Elfsborg,0x822bd8b4411990d5440c247dbde8babd80059e90b3f3fb31c1f43aa003d35fef,L19533460,0,0,SUCCESS,1,1785046245,1785076200,128.538597,SXR,0x6629Ce1Cf35Cc1329ebB4F63202F3f197b3F050B
0xfb686ddb8c00818a02f412a2d5f75ac74a51ba7b5a4dcfbcd932be61fb537646,0x8268feC8dCb0D284343054BDf2b649286c9aA0a1,,38.33439,1.4912,1X2,,Sweden Allsvenskan,Malmo FF vs IF Elfsborg,Malmo FF,IF Elfsborg,0xea47a37d08caab957e2f9d3c2dd9efdd3b200487d369eb5a2967fdb2cb9c60bd,L19533460,0,0,SUCCESS,1,1785046244,1785076200,78.034382,SXR,0x6629Ce1Cf35Cc1329ebB4F63202F3f197b3F050B
0xcc35eca2880be5b3cf3ad4e187f75cba362cb8663cd65e7ffa39853a02f8df92,0x68E1818FF20BBe84F9be9E0A4A395FB11079Bd35,,4.95355,1.4912,1X2,,Sweden Allsvenskan,Malmo FF vs IF Elfsborg,Malmo FF,IF Elfsborg,0xea47a37d08caab957e2f9d3c2dd9efdd3b200487d369eb5a2967fdb2cb9c60bd,L19533460,0,0,SUCCESS,1,1785046244,1785076200,10.083562,SXR,0x6629Ce1Cf35Cc1329ebB4F63202F3f197b3F050B
0x4ac98a873864a17324d16e24ba1b19de9be6f32b60567ac0b9f940f82d576b49,0x8268feC8dCb0D284343054BDf2b649286c9aA0a1,,14.60787,1.645,Asian Handicap (-1),,Sweden Allsvenskan,Malmo FF vs IF Elfsborg,Malmo FF,IF Elfsborg,0xdca4e8e6c601b7004d3359d53889447adc4f177173e4a037911adfdabb789e04,L19533460,0,0,SUCCESS,1,1785046244,1785076200,22.64786,SXR,0x6629Ce1Cf35Cc1329ebB4F63202F3f197b3F050B
0x1e6f73719c0138cf558594bb3318c1b595a887c61c3211dd8114057ffa638e09,0xFD3a22179CA4104E97c670b834750Bd7Ff310b17,,12.82576,1.3162,Sweden Allsvenskan,,Sweden Allsvenskan,Malmo FF vs IF Elfsborg,Malmo FF,IF Elfsborg,0x22d0d81052b46eab6dc1014a5eb498dfa96dd4c54cb8d9d2b13c559992469f4d,L19533460,0,0,SUCCESS,1,1785046244,1785076200,40.555763,SXR,0x6629Ce1Cf35Cc1329ebB4F63202F3f197b3F050B
0x17a2de4d713f1fc097196c668a921fdf8a93fe74eca6a21180c00395cb2dc6e6,0x68E1818FF20BBe84F9be9E0A4A395FB11079Bd35,1,57,1.2388,1X2,IF Elfsborg,Sweden Allsvenskan,Malmo FF vs IF Elfsborg,Malmo FF,IF Elfsborg,0x822bd8b4411990d5440c247dbde8babd80059e90b3f3fb31c1f43aa003d35fef,L19533460,0,0,SUCCESS,1,1785046244,1785076200,238.743455,SXR,0x6629Ce1Cf35Cc1329ebB4F63202F3f197b3F050B
0x1cbb3b85f8c4cebf238a4e99e6756c862afa91bd6b8bd2d093397b3550d1056e,0xcF597434D48cDA55032b9d4931a0FFAeeEe7fb0D,1,27.70526,1.7175,1X2,GAIS,Sweden Allsvenskan,GAIS vs Halmstads BK,GAIS,Halmstads BK,0xc4cadbbea34e8e05bed09ffe79da4bc63d5621853663abc7d26aefd29ec873c6,L19533456,0,0,SUCCESS,1,1785046192,1785076200,38.613603,SXR,0x6629Ce1Cf35Cc1329ebB4F63202F3f197b3F050B
0x646bf4f11daea452e8385692724c53cf59e4530d46ba36d9f537462f6d88172b,0xcF597434D48cDA55032b9d4931a0FFAeeEe7fb0D,1,1,1.5188,1X2,Malmo FF,Sweden Allsvenskan,Malmo FF vs IF Elfsborg,Malmo FF,IF Elfsborg,0xea47a37d08caab957e2f9d3c2dd9efdd3b200487d369eb5a2967fdb2cb9c60bd,L19533460,0,0,SUCCESS,1,1785046184,1785076200,1.927711,SXR,0x6629Ce1Cf35Cc1329ebB4F63202F3f197b3F050B
0x0489a6eb8d7b0437b9a5976d9c7f0b1ccdf7ea7b22dda5d893e3dec665262346,0xFD3a22179CA4104E97c670b834750Bd7Ff310b17,,50.11999,1.855,1X2,,Sweden Allsvenskan,IK Sirius FK vs IFK Göteborg,IK Sirius FK,IFK Göteborg,0xd298d014025af9bfcc1e28c1076983debf3b862eb28ebb83526092d170864369,L19533453,0,0,SUCCESS,1,1785045734,1785067200,58.619871,SXR,0x6629Ce1Cf35Cc1329ebB4F63202F3f197b3F050B
0xedba18f4d4eb4d2da410c2b0cde0e4ba9d197504d0379d83a349b7c91fbd7989,0xFD3a22179CA4104E97c670b834750Bd7Ff310b17,,26.84998,1.8562,1X2,,Sweden Allsvenskan,IK Sirius FK vs IFK Göteborg,IK Sirius FK,IFK Göteborg,0xd298d014025af9bfcc1e28c1076983debf3b862eb28ebb83526092d170864369,L19533453,0,0,SUCCESS,1,1785045601,1785067200,31.357641,SXR,0x6629Ce1Cf35Cc1329ebB4F63202F3f197b3F050B
0x27ce01166d54f5cbf974b732f4e61b5cf572d11f7aaadd22f75da381e41f7565,0xFD3a22179CA4104E97c670b834750Bd7Ff310b17,,1,1.2,Under/Over (2),,Sweden Allsvenskan,IF Brommapojkarna vs Hammarby IF,IF Brommapojkarna,Hammarby IF,0x279dbc42626e5e06c0783ff6a87052b50c902ab8e6c78b2de7179a4aa3d5f9e1,L19533459,0,0,SUCCESS,1,1785045087,1785067200,5.0,SXR,0x6629Ce1Cf35Cc1329ebB4F63202F3f197b3F050B
0x402032aaa4628a91c1f29fc96d078bd4d25e2b5cbe87363fe3a0c3ec307804ab,0xFD3a22179CA4104E97c670b834750Bd7Ff310b17,,22.97998,1.77,1X2,,Sweden Allsvenskan,Malmo FF vs IF Elfsborg,Malmo FF,IF Elfsborg,0x822bd8b4411990d5440c247dbde8babd80059e90b3f3fb31c1f43aa003d35fef,L19533460,0,0,SUCCESS,1,1785044945,1785076200,29.84413,SXR,0x6629Ce1Cf35Cc1329ebB4F63202F3f197b3F050B
0x743c39ba4990214ef2db21831ead06ffb49ac46e652eecc90cd0b6c0a2ba3d69,0x8268feC8dCb0D284343054BDf2b649286c9aA0a1,1,39.57998,1.73,Under/Over (2),Over 2.0,Sweden Allsvenskan,Malmo FF vs IF Elfsborg,Malmo FF,IF Elfsborg,0x5a82e47c901c6cc1fe92981ec001b556d0162f3e62f79a72a7c6cba20e476f74,L19533460,0,0,SUCCESS,1,1785044606,1785076200,54.219151,SXR,0x6629Ce1Cf35Cc1329ebB4F63202F3f197b3F050B
0x6cf513d50949c66441ebc98c16f6f565a65159b3d2ec4f60df768314b155338d,0x8268feC8dCb0D284343054BDf2b649286c9aA0a1,1,30.85,1.56,Under/Over (2.5),Over 2.5,Sweden Allsvenskan,Malmo FF vs IF Elfsborg,Malmo FF,IF Elfsborg,0x1695e078336eaaca5a035b735076be891cc138ed2d5fe552b7ab0a93108aa611,L19533460,0,0,SUCCESS,1,1785044605,1785076200,55.089286,SXR,0x6629Ce1Cf35Cc1329ebB4F63202F3f197b3F050B
0x66365485362e95efd9e9591d8a5f3a6f4e0c6269250159ce133ae0df9f4b450d,0x8268feC8dCb0D284343054BDf2b649286c9aA0a1,1,28.01998,1.7288,Under/Over (2),Over 2.0,Sweden Allsvenskan,Malmo FF vs IF Elfsborg,Malmo FF,IF Elfsborg,0x5a82e47c901c6cc1fe92981ec001b556d0162f3e62f79a72a7c6cba20e476f74,L19533460,0,0,SUCCESS,1,1785044605,1785076200,38.449372,SXR,0x6629Ce1Cf35Cc1329ebB4F63202F3f197b3F050B
0xd2d68a80bd7faf434e542b3422796bd9c5c6fb72b3e650b8ed60eff0142dd85c,0xFD3a22179CA4104E97c670b834750Bd7Ff310b17,,9.41995,1.8562,1X2,,Sweden Allsvenskan,IK Sirius FK vs IFK Göteborg,IK Sirius FK,IFK Göteborg,0xd298d014025af9bfcc1e28c1076983debf3b862eb28ebb83526092d170864369,L19533453,0,0,SUCCESS,1,1785044354,1785067200,11.001401,SXR,0x6629Ce1Cf35Cc1329ebB4F63202F3f197b3F050B
0xf593d31b2c6c46394399376ce2aa82e84bfe779064622906d88258a5b0782282,0x0C2DA7fC8702784d6f75c78Da25460783A6709a0,,3,1.3438,1X2,,Sweden Allsvenskan,IK Sirius FK vs IFK Göteborg,IK Sirius FK,IFK Göteborg,0x745110857bffb4d74c634ebbb9176dd1fe8bf2831180e2c763b5388d2303ee57,L19533453,0,0,SUCCESS,1,1785044215,1785067200,8.727273,SXR,0x6629Ce1Cf35Cc1329ebB4F63202F3f197b3F050B
0xea3bdfe1b2d1e1b3d93853d3033e817c75f279e2a13eb5eb7477df16b2582250,0xFD3a22179CA4104E97c670b834750Bd7Ff310b17,,93.44859,1.86,1X2,,Sweden Allsvenskan,IF Brommapojkarna vs Hammarby IF,IF Brommapojkarna,Hammarby IF,0x066d9676d173030100e705b856809544deb2765f7c320374322d85dbc0104663,L19533459,0,0,SUCCESS,1,1785044157,1785067200,108.661151,SXR,0x6629Ce1Cf35Cc1329ebB4F63202F3f197b3F050B
0x33ad1dc8c03e82ca5caaa277e01d971b43746f5b94853976f3813e799295fb91,0xFD3a22179CA4104E97c670b834750Bd7Ff310b17,,10.97999,1.86,1X2,,Sweden Allsvenskan,IF Brommapojkarna vs Hammarby IF,IF Brommapojkarna,Hammarby IF,0x066d9676d173030100e705b856809544deb2765f7c320374322d85dbc0104663,L19533459,0,0,SUCCESS,1,1785044157,1785067200,12.76743,SXR,0x6629Ce1Cf35Cc1329ebB4F63202F3f197b3F050B
0x40681f946300070a027d9c94a5dcda5034f8f3b4d242faa1e4a6e88c0265e248,0xFD3a22179CA4104E97c670b834750Bd7Ff310b17,1,37.47999,1.73,Under/Over (2),Over 2.0,Sweden Allsvenskan,Malmo FF vs IF Elfsborg,Malmo FF,IF Elfsborg,0x5a82e47c901c6cc1fe92981ec001b556d0162f3e62f79a72a7c6cba20e476f74,L19533460,0,0,SUCCESS,1,1785043589,1785076200,51.342452,SXR,0x6629Ce1Cf35Cc1329ebB4F63202F3f197b3F050B
0x327d0c59475fa1f438d3e313082d1efa273b3dfa7160878b11879f4afa155eb8,0xFD3a22179CA4104E97c670b834750Bd7Ff310b17,1,4.58,1.17,Under/Over (4.5),Over 4.5,Sweden Allsvenskan,Malmo FF vs IF Elfsborg,Malmo FF,IF Elfsborg,0xfe39aba0fa79051a03ebfee4c44cfeed0bfa2c6a36db09571f89b7f02226fa04,L19533460,0,0,SUCCESS,1,1785043589,1785076200,26.941176,SXR,0x6629Ce1Cf35Cc1329ebB4F63202F3f197b3F050B
0x11b3dc6d3f3a8079e7a5d1c95c96ba9cf2b28c1befd24c000bb1a3778d8d901e,0xFD3a22179CA4104E97c670b834750Bd7Ff310b17,1,17.62,1.795,Under/Over (1.5),Over 1.5,Sweden Allsvenskan,Malmo FF vs IF Elfsborg,Malmo FF,IF Elfsborg,0xc1f3c92a95bea881a7d24804e5a751c9ed20427e8fa26c610216a1c4f110d8b2,L19533460,0,0,SUCCESS,1,1785043589,1785076200,22.163522,SXR,0x6629Ce1Cf35Cc1329ebB4F63202F3f197b3F050B
0xa7b25832babee53a5d84542f42b6c9cb0547375b654e79958b12831f6986da48,0xFD3a22179CA4104E97c670b834750Bd7Ff310b17,,26.68998,1.77,1X2,,Sweden Allsvenskan,Malmo FF vs IF Elfsborg,Malmo FF,IF Elfsborg,0x822bd8b4411990d5440c247dbde8babd80059e90b3f3fb31c1f43aa003d35fef,L19533460,0,0,SUCCESS,1,1785042092,1785076200,34.662312,SXR,0x6629Ce1Cf35Cc1329ebB4F63202F3f197b3F050B
0x76d6c055f89b35f37356dce73156f0508dc830a5717ba4821aca0c1e0a0fa1a3,0x0DeAbC808957aBc9f4778C03b03CC1D2cBBC9D60,,4.99998,1.77,1X2,,Sweden Allsvenskan,Malmo FF vs IF Elfsborg,Malmo FF,IF Elfsborg,0x822bd8b4411990d5440c247dbde8babd80059e90b3f3fb31c1f43aa003d35fef,L19533460,0,0,SUCCESS,1,1785042060,1785076200,6.493481,SXR,0x6629Ce1Cf35Cc1329ebB4F63202F3f197b3F050B
0x837bb8b4ee9d39beb61eb819cb739af91183cb530c92484e40c17f6871c54fdd,0x8268feC8dCb0D284343054BDf2b649286c9aA0a1,,33.62858,1.6438,Asian Handicap (-1),,Sweden Allsvenskan,Malmo FF vs IF Elfsborg,Malmo FF,IF Elfsborg,0xdca4e8e6c601b7004d3359d53889447adc4f177173e4a037911adfdabb789e04,L19533460,0,0,SUCCESS,1,1785042041,1785076200,52.238571,SXR,0x6629Ce1Cf35Cc1329ebB4F63202F3f197b3F050B
0x6b86609c427a5d09ec848cf60b221caee6f3555c42636b3722923059e9792890,0x8268feC8dCb0D284343054BDf2b649286c9aA0a1,,13.52519,1.77,1X2,,Sweden Allsvenskan,Malmo FF vs IF Elfsborg,Malmo FF,IF Elfsborg,0x822bd8b4411990d5440c247dbde8babd80059e90b3f3fb31c1f43aa003d35fef,L19533460,0,0,SUCCESS,1,1785042040,1785076200,17.565182,SXR,0x6629Ce1Cf35Cc1329ebB4F63202F3f197b3F050B
0xb5a48541cb0b111bd6ca5f3ac6e2c8734704d203291a2b8b81e68e38f5646906,0x8268feC8dCb0D284343054BDf2b649286c9aA0a1,,23.81098,1.6738,Under/Over (3.5),,Sweden Allsvenskan,Malmo FF vs IF Elfsborg,Malmo FF,IF Elfsborg,0xd031ac7cbdfa16580428a68cf39a990505526c3c23b1364265c6d3d8c099514f,L19533460,0,0,SUCCESS,1,1785042030,1785076200,35.340972,SXR,0x6629Ce1Cf35Cc1329ebB4F63202F3f197b3F050B
0xfd94e588f91db2790f01c2e003d66042d6d49221c87039113b58b5f2115cca3e,0x8268feC8dCb0D284343054BDf2b649286c9aA0a1,1,23.9,1.2037,Under/Over (4),Over 4.0,Sweden Allsvenskan,Malmo FF vs IF Elfsborg,Malmo FF,IF Elfsborg,0x72c411d895f87e16a53f1fda20d05c8c22ed01934af4d0676ad195cc0422f255,L19533460,0,0,SUCCESS,1,1785041804,1785076200,117.300613,SXR,0x6629Ce1Cf35Cc1329ebB4F63202F3f197b3F050B
0x3e8024de18599a78e1f7d3449508121a8084eac10edeee4f3fe0e3d53eca6818,0xFD3a22179CA4104E97c670b834750Bd7Ff310b17,1,82.96435,1.6663,1X2,Hammarby IF,Sweden Allsvenskan,IF Brommapojkarna vs Hammarby IF,IF Brommapojkarna,Hammarby IF,0x8dcea649d3855e8fac7c5e01865c2474acd9095b7f385c4df03e769b7735f061,L19533459,0,0,SUCCESS,1,1785041603,1785067200,124.524353,SXR,0x6629Ce1Cf35Cc1329ebB4F63202F3f197b3F050B
0x78e736e64c529cd05860262f736a0a2d8b19ac9deaee65a0ebc278a2a8aed12d,0x8268feC8dCb0D284343054BDf2b649286c9aA0a1,,21.59585,1.6375,Asian Handicap (-1),,Sweden Allsvenskan,Malmo FF vs IF Elfsborg,Malmo FF,IF Elfsborg,0xdca4e8e6c601b7004d3359d53889447adc4f177173e4a037911adfdabb789e04,L19533460,0,0,SUCCESS,1,1785041520,1785076200,33.875843,SXR,0x6629Ce1Cf35Cc1329ebB4F63202F3f197b3F050B
0x0699e59510bdf73eaac25d80b1fab156303a9c820c80d3ec473c868a784f64ef,0x0DeAbC808957aBc9f4778C03b03CC1D2cBBC9D60,,4.99998,1.77,1X2,,Sweden Allsvenskan,Malmo FF vs IF Elfsborg,Malmo FF,IF Elfsborg,0x822bd8b4411990d5440c247dbde8babd80059e90b3f3fb31c1f43aa003d35fef,L19533460,0,0,SUCCESS,1,1785041492,1785076200,6.493481,SXR,0x6629Ce1Cf35Cc1329ebB4F63202F3f197b3F050B
0x176148f601ba1ff08c11d7ae0e0c00732b55f68c79eb082ee985e5f6cad0804d,0x8268feC8dCb0D284343054BDf2b649286c9aA0a1,,29.28727,1.7688,1X2,,Sweden Allsvenskan,Malmo FF vs IF Elfsborg,Malmo FF,IF Elfsborg,0x822bd8b4411990d5440c247dbde8babd80059e90b3f3fb31c1f43aa003d35fef,L19533460,0,0,SUCCESS,1,1785041458,1785076200,38.097262,SXR,0x6629Ce1Cf35Cc1329ebB4F63202F3f197b3F050B
0x23561cbb85c59b12719086fb88c2726374f0cd7f669e5487f22b9890fca5fcf8,0xFD3a22179CA4104E97c670b834750Bd7Ff310b17,1,14.86,1.4475,Asian Handicap (1),IF Brommapojkarna +1,Sweden Allsvenskan,IF Brommapojkarna vs Hammarby IF,IF Brommapojkarna,Hammarby IF,0xbba70eecd1a6671941321e204d37011bd011f0fdb0dfca03e119d1e3d254f64b,L19533459,0,0,SUCCESS,1,1785041436,1785067200,33.206704,SXR,0x6629Ce1Cf35Cc1329ebB4F63202F3f197b3F050B
0xc4ea00ba51e93098d91e1847c01ed4e9082f02a9780f87831fc7b7ae51e58777,0xFD3a22179CA4104E97c670b834750Bd7Ff310b17,,6.71997,1.8562,1X2,,Sweden Allsvenskan,IK Sirius FK vs IFK Göteborg,IK Sirius FK,IFK Göteborg,0xd298d014025af9bfcc1e28c1076983debf3b862eb28ebb83526092d170864369,L19533453,0,0,SUCCESS,1,1785041187,1785067200,7.84814,SXR,0x6629Ce1Cf35Cc1329ebB4F63202F3f197b3F050B
0xce21be3ac9953139601f241c5691fe6b20a6df803c33484f9e33212f77acbbc1,0xFD3a22179CA4104E97c670b834750Bd7Ff310b17,,9.52996,1.8562,1X2,,Sweden Allsvenskan,IK Sirius FK vs IFK Göteborg,IK Sirius FK,IFK Göteborg,0xd298d014025af9bfcc1e28c1076983debf3b862eb28ebb83526092d170864369,L19533453,0,0,SUCCESS,1,1785040933,1785067200,11.12988,SXR,0x6629Ce1Cf35Cc1329ebB4F63202F3f197b3F050B
0x3a8f5195464e015e57b1a8a38e6244d5bb1154221c73243e73144d00828aa7ee,0x97EC1C9682F70091efB04e97b0B34698cF815EE1,1,16.1,1.44,Asian Handicap (-1.5),IK Sirius FK -1.5,Sweden Allsvenskan,IK Sirius FK vs IFK Göteborg,IK Sirius FK,IFK Göteborg,0x405364d8e6864a42cbebe558bac61aac52da05caff8c8dfa08f4a2b525d120f6,L19533453,0,0,SUCCESS,1,1785040749,1785067200,36.590909,SXR,0x6629Ce1Cf35Cc1329ebB4F63202F3f197b3F050B
0x765e0282dfc76de3ef33e6ac622388b6f33a00be0f82dbe3dcf319a6bc4ed0e8,0x8268feC8dCb0D284343054BDf2b649286c9aA0a1,,19.13142,1.5625,Under/Over (3),,Sweden Allsvenskan,Malmo FF vs IF Elfsborg,Malmo FF,IF Elfsborg,0xbead9f5940b6776cbd5eebc1e4634394eb746ebadb67433f820f88fe010ede71,L19533460,0,0,SUCCESS,1,1785039338,1785076200,34.011413,SXR,0x6629Ce1Cf35Cc1329ebB4F63202F3f197b3F050B
0x8fe98f7b96cc9e66d4d2d33aaa5739e97a4a969887b920eaec2b5b2cc2abdfe1,0xFD3a22179CA4104E97c670b834750Bd7Ff310b17,,21.82,1.6338,Asian Handicap (-1),,Sweden Allsvenskan,Malmo FF vs IF Elfsborg,Malmo FF,IF Elfsborg,0xdca4e8e6c601b7004d3359d53889447adc4f177173e4a037911adfdabb789e04,L19533460,0,0,SUCCESS,1,1785035820,1785076200,34.42998,SXR,0x6629Ce1Cf35Cc1329ebB4F63202F3f197b3F050B
0x8f8966c6c9438ec9bcf334f32ebeb09a90b543ba34b430e57abe3992bb38d2d1,0xFD3a22179CA4104E97c670b834750Bd7Ff310b17,,41.51659,1.6338,Asian Handicap (-1),,Sweden Allsvenskan,Malmo FF vs IF Elfsborg,Malmo FF,IF Elfsborg,0xdca4e8e6c601b7004d3359d53889447adc4f177173e4a037911adfdabb789e04,L19533460,0,0,SUCCESS,1,1785035820,1785076200,65.509412,SXR,0x6629Ce1Cf35Cc1329ebB4F63202F3f197b3F050B
0x7efc05cc1fdb12571aa4473e4833f8309901ed70b391a16c23117b977471ae09,0xFD3a22179CA4104E97c670b834750Bd7Ff310b17,1,6.69,1.31,Asian Handicap (-2),IK Sirius FK -2,Sweden Allsvenskan,IK Sirius FK vs IFK Göteborg,IK Sirius FK,IFK Göteborg,0xf15f545607f8a65757d27009eab95a9e0c1eeeb7056290dfbf1d62b69b3cf633,L19533453,0,0,SUCCESS,1,1785035721,1785067200,21.580645,SXR,0x6629Ce1Cf35Cc1329ebB4F63202F3f197b3F050B
0x9d62a24330eb5ec5d37b022dfc78d477b739ad34a04e702ecffdf8507a1bd368,0xFD3a22179CA4104E97c670b834750Bd7Ff310b17,1,14.15912,1.4463,Asian Handicap (1),IF Brommapojkarna +1,Sweden Allsvenskan,IF Brommapojkarna vs Hammarby IF,IF Brommapojkarna,Hammarby IF,0xbba70eecd1a6671941321e204d37011bd011f0fdb0dfca03e119d1e3d254f64b,L19533459,0,0,SUCCESS,1,1785035591,1785067200,31.72912,SXR,0x6629Ce1Cf35Cc1329ebB4F63202F3f197b3F050B
0x423269b8e99beb08a46dacf3b23d58f8e2afcd28d00645ffb966df29d5bc58ba,0xFD3a22179CA4104E97c670b834750Bd7Ff310b17,1,8.2,1.5775,Asian Handicap (1.5),IF Brommapojkarna +1.5,Sweden Allsvenskan,IF Brommapojkarna vs Hammarby IF,IF Brommapojkarna,Hammarby IF,0xda18abb61105d91b287548a00f8721852deed081cef23e9a844b627ed4ebf423,L19533459,0,0,SUCCESS,1,1785035591,1785067200,14.199134,SXR,0x6629Ce1Cf35Cc1329ebB4F63202F3f197b3F050B
0x1014779cb6214a76e8205b4235e631a96575ea06e8c2dfc5fd4c4077d98dc25e,0xFD3a22179CA4104E97c670b834750Bd7Ff310b17,,1,1.57,Asian Handicap (-1.5),,Sweden Allsvenskan,IK Sirius FK vs IFK Göteborg,IK Sirius FK,IFK Göteborg,0x405364d8e6864a42cbebe558bac61aac52da05caff8c8dfa08f4a2b525d120f6,L19533453,0,0,SUCCESS,1,1785034701,1785067200,1.754386,SXR,0x6629Ce1Cf35Cc1329ebB4F63202F3f197b3F050B
0x300fda9725811c15c47e553fe4c39154fcf8b0a326ca6803cd383df8a8d3f086,0xFD3a22179CA4104E97c670b834750Bd7Ff310b17,,0.00214,1.4412,Asian Handicap (-1),,Sweden Allsvenskan,IK Sirius FK vs IFK Göteborg,IK Sirius FK,IFK Göteborg,0xad21f8f85a52237f89579592e8a43c01525b274018ea217291f5cef7d06e0444,L19533453,0,0,SUCCESS,1,1785034621,1785067200,0.00485,SXR,0x6629Ce1Cf35Cc1329ebB4F63202F3f197b3F050B
0x59791cf4b0c1f78250e1c79f0189196639ca93f13fe76e10990a72e4ea072c6d,0xFD3a22179CA4104E97c670b834750Bd7Ff310b17,,0.00111,1.4387,Asian Handicap (-1),,Sweden Allsvenskan,IK Sirius FK vs IFK Göteborg,IK Sirius FK,IFK Göteborg,0xad21f8f85a52237f89579592e8a43c01525b274018ea217291f5cef7d06e0444,L19533453,0,0,SUCCESS,1,1785034523,1785067200,0.00253,SXR,0x6629Ce1Cf35Cc1329ebB4F63202F3f197b3F050B
0x3f4e0a409061f746f6c9d454c78ba5b2126e7236a3f1881101693a899de253b3,0xFD3a22179CA4104E97c670b834750Bd7Ff310b17,,0.00389,1.5663,Asian Handicap (-1.5),,Sweden Allsvenskan,IK Sirius FK vs IFK Göteborg,IK Sirius FK,IFK Göteborg,0x405364d8e6864a42cbebe558bac61aac52da05caff8c8dfa08f4a2b525d120f6,L19533453,0,0,SUCCESS,1,1785034523,1785067200,0.00687,SXR,0x6629Ce1Cf35Cc1329ebB4F63202F3f197b3F050B
0x64aa9321aaf748aa6348b933db9507b14b43aa4e06e3684b6ad75a92cc8349c0,0x97EC1C9682F70091efB04e97b0B34698cF815EE1,,16.77,1.5362,Under/Over (3),,Sweden Allsvenskan,GAIS vs Halmstads BK,GAIS,Halmstads BK,0x7cb6786193299763e470f4cbbe475e6cfab85bccf76d3a30d8ec820278cb77f1,L19533456,0,0,SUCCESS,1,1785033576,1785076200,31.272727,SXR,0x6629Ce1Cf35Cc1329ebB4F63202F3f197b3F050B
0x5bcea9d03a91ae6cb2656e35f8aada4d5c69cb1335cf1d7ee076871709720aef,0xFD3a22179CA4104E97c670b834750Bd7Ff310b17,,29.61533,1.3362,1X2,,Sweden Allsvenskan,IK Sirius FK vs IFK Göteborg,IK Sirius FK,IFK Göteborg,0x745110857bffb4d74c634ebbb9176dd1fe8bf2831180e2c763b5388d2303ee57,L19533453,0,0,SUCCESS,1,1785033556,1785067200,88.075331,SXR,0x6629Ce1Cf35Cc1329ebB4F63202F3f197b3F050B
0xd9743dadda2709267c38656b73ac3c6a6d858617e87763581d68d35ebf590b24,0xFD3a22179CA4104E97c670b834750Bd7Ff310b17,1,6.26998,1.7138,1X2,GAIS,Sweden Allsvenskan,GAIS vs Halmstads BK,GAIS,Halmstads BK,0xc4cadbbea34e8e05bed09ffe79da4bc63d5621853663abc7d26aefd29ec873c6,L19533456,0,0,SUCCESS,1,1785030775,1785076200,8.78456,SXR,0x6629Ce1Cf35Cc1329ebB4F63202F3f197b3F050B
0xfbcc6ea92fa0894784070047ff2775ea37fe8a6b6c9765edc09c4ad0b93098b9,0xFD3a22179CA4104E97c670b834750Bd7Ff310b17,1,5.31,1.31,Asian Handicap (-2),IK Sirius FK -2,Sweden Allsvenskan,IK Sirius FK vs IFK Göteborg,IK Sirius FK,IFK Göteborg,0xf15f545607f8a65757d27009eab95a9e0c1eeeb7056290dfbf1d62b69b3cf633,L19533453,0,0,SUCCESS,1,1785030492,1785067200,17.129032,SXR,0x6629Ce1Cf35Cc1329ebB4F63202F3f197b3F050B
0x906697cbb3c6643a6b1d514bd1f0662d9ec68aff618a43863bd98fc44ae10a4b,0xFD3a22179CA4104E97c670b834750Bd7Ff310b17,,9.99999,1.8962,1X2,,Sweden Allsvenskan,GAIS vs Halmstads BK,GAIS,Halmstads BK,0xa74d5bca3a9b0ebea7c17a18aa6a8f7951338ac12f5db7db680ffe782e22f09f,L19533456,0,0,SUCCESS,1,1785030467,1785076200,11.15759,SXR,0x6629Ce1Cf35Cc1329ebB4F63202F3f197b3F050B
0x1d17eeeba14b5ad0990aaac593a7f09593cecacbb7d92fe9cd198d55cb800729,0xFD3a22179CA4104E97c670b834750Bd7Ff310b17,1,23.54999,1.7138,1X2,GAIS,Sweden Allsvenskan,GAIS vs Halmstads BK,GAIS,Halmstads BK,0xc4cadbbea34e8e05bed09ffe79da4bc63d5621853663abc7d26aefd29ec873c6,L19533456,0,0,SUCCESS,1,1785030186,1785076200,32.994732,SXR,0x6629Ce1Cf35Cc1329ebB4F63202F3f197b3F050B
0x947f93a800c7231af31b8ae48d3f9b0d3a5e17b9b2e7eb74d11aeed4f4393b25,0xFD3a22179CA4104E97c670b834750Bd7Ff310b17,,2.00998,1.7525,1X2,,Sweden Allsvenskan,Malmo FF vs IF Elfsborg,Malmo FF,IF Elfsborg,0xf6ace248297ecf1f449dc086735952315f1b7ad2102c4323d727919db4493add,L19533460,0,0,SUCCESS,1,1785029761,1785076200,2.67107,SXR,0x6629Ce1Cf35Cc1329ebB4F63202F3f197b3F050B
0xad051b855714278e92c137a1aebfe7ce639cb5a93b94d46c0976e5cc9cf26de6,0xFD3a22179CA4104E97c670b834750Bd7Ff310b17,,1.34,1.7525,1X2,,Sweden Allsvenskan,Malmo FF vs IF Elfsborg,Malmo FF,IF Elfsborg,0xf6ace248297ecf1f449dc086735952315f1b7ad2102c4323d727919db4493add,L19533460,0,0,SUCCESS,1,1785029600,1785076200,1.780731,SXR,0x6629Ce1Cf35Cc1329ebB4F63202F3f197b3F050B
0x4e9e5274b9aacb92bedd9df8931c3e835626ac2d46196b3bda3156c3650a05e8,0xFD3a22179CA4104E97c670b834750Bd7Ff310b17,1,8.85,1.305,Asian Handicap (-2),IK Sirius FK -2,Sweden Allsvenskan,IK Sirius FK vs IFK Göteborg,IK Sirius FK,IFK Göteborg,0xf15f545607f8a65757d27009eab95a9e0c1eeeb7056290dfbf1d62b69b3cf633,L19533453,0,0,SUCCESS,1,1785029066,1785067200,29.016393,SXR,0x6629Ce1Cf35Cc1329ebB4F63202F3f197b3F050B
0xe9d850b03cbd19478c534fb76d959f0ba2ba7389042f38ba3328bb00d6d59952,0x8268feC8dCb0D284343054BDf2b649286c9aA0a1,,19.62105,1.6963,Asian Handicap (-2),,Sweden Allsvenskan,IK Sirius FK vs IFK Göteborg,IK Sirius FK,IFK Göteborg,0xf15f545607f8a65757d27009eab95a9e0c1eeeb7056290dfbf1d62b69b3cf633,L19533453,0,0,SUCCESS,1,1785028520,1785067200,28.181041,SXR,0x6629Ce1Cf35Cc1329ebB4F63202F3f197b3F050B
0xc7722f942a0cc6e62f54af1fb8de73f3015f7315c86208df43d97aa1bb8292c5,0xFD3a22179CA4104E97c670b834750Bd7Ff310b17,1,35.49999,1.7113,1X2,GAIS,Sweden Allsvenskan,GAIS vs Halmstads BK,GAIS,Halmstads BK,0xc4cadbbea34e8e05bed09ffe79da4bc63d5621853663abc7d26aefd29ec873c6,L19533456,0,0,SUCCESS,1,1785027842,1785076200,49.912112,SXR,0x6629Ce1Cf35Cc1329ebB4F63202F3f197b3F050B
0x7738bff29fa71e4a2a1de52185985dc558263c93c35587638c5fb81d1dec588c,0xFD3a22179CA4104E97c670b834750Bd7Ff310b17,1,1.12,1.7113,1X2,GAIS,Sweden Allsvenskan,GAIS vs Halmstads BK,GAIS,Halmstads BK,0xc4cadbbea34e8e05bed09ffe79da4bc63d5621853663abc7d26aefd29ec873c6,L19533456,0,0,SUCCESS,1,1785027841,1785076200,1.574692,SXR,0x6629Ce1Cf35Cc1329ebB4F63202F3f197b3F050B
0x9d5b49d7fc2705cb9691158adfca4634f13db38bfcda138db9b81d15faea21f6,0xFD3a22179CA4104E97c670b834750Bd7Ff310b17,,86.3978,1.6313,Asian Handicap (-1),,Sweden Allsvenskan,Malmo FF vs IF Elfsborg,Malmo FF,IF Elfsborg,0xdca4e8e6c601b7004d3359d53889447adc4f177173e4a037911adfdabb789e04,L19533460,0,0,SUCCESS,1,1785025796,1785076200,136.867802,SXR,0x6629Ce1Cf35Cc1329ebB4F63202F3f197b3F050B
0xb85c601fbb36fa96fb0e8041063bd827f419c39ec2b050fa693fb955e7c23fd2,0xFD3a22179CA4104E97c670b834750Bd7Ff310b17,,2.77,1.2063,Under/Over (1.5),,Sweden Allsvenskan,Malmo FF vs IF Elfsborg,Malmo FF,IF Elfsborg,0xc1f3c92a95bea881a7d24804e5a751c9ed20427e8fa26c610216a1c4f110d8b2,L19533460,0,0,SUCCESS,1,1785024987,1785076200,13.430303,SXR,0x6629Ce1Cf35Cc1329ebB4F63202F3f197b3F050B
0x98d3e160e57044d8246bf31e396b6e18d832adc418a9ea3721668d3e6352e7c0,0xFD3a22179CA4104E97c670b834750Bd7Ff310b17,,3.28,1.2637,Under/Over (2),,Sweden Allsvenskan,Malmo FF vs IF Elfsborg,Malmo FF,IF Elfsborg,0x5a82e47c901c6cc1fe92981ec001b556d0162f3e62f79a72a7c6cba20e476f74,L19533460,0,0,SUCCESS,1,1785024987,1785076200,12.436019,SXR,0x6629Ce1Cf35Cc1329ebB4F63202F3f197b3F050B
0xb82266564466fb297756501b15a65d6d6d30bce104d4337f9d0d6b0bcbfad8cc,0xFD3a22179CA4104E97c670b834750Bd7Ff310b17,,10,1.4363,Asian Handicap (1.5),,Sweden Allsvenskan,IF Brommapojkarna vs Hammarby IF,IF Brommapojkarna,Hammarby IF,0xda18abb61105d91b287548a00f8721852deed081cef23e9a844b627ed4ebf423,L19533459,0,0,SUCCESS,1,1785020740,1785067200,22.922636,SXR,0x6629Ce1Cf35Cc1329ebB4F63202F3f197b3F050B
0xef6e8c781b5d7afa7ac10a2d220b3254d761d3510acd85dac180038b4d1570ec,0x97EC1C9682F70091efB04e97b0B34698cF815EE1,,55.03,1.4163,Under/Over (2.5),,Sweden Allsvenskan,GAIS vs Halmstads BK,GAIS,Halmstads BK,0xbf33d134050a304e968d78f2c0abb251e52bdfb4e3ea1c1c2d401619286b4625,L19533456,0,0,SUCCESS,1,1785020589,1785076200,132.204204,SXR,0x6629Ce1Cf35Cc1329ebB4F63202F3f197b3F050B
0xaf89d98058f1b068c002432ed74cc039d759afe6474b9df3f330fb42f02c5e82,0xFD3a22179CA4104E97c670b834750Bd7Ff310b17,1,10,1.46,Under/Over (3.5),Over 3.5,Sweden Allsvenskan,IK Sirius FK vs IFK Göteborg,IK Sirius FK,IFK Göteborg,0xab850849444d24df59d5b27231621725385b830451c500f9488ac3256f7c4348,L19533453,0,0,SUCCESS,1,1785014815,1785067200,21.73913,SXR,0x6629Ce1Cf35Cc1329ebB4F63202F3f197b3F050B
0x8da3a14b7537c4fe6b2f658419438e9638600428f3e21f94a6e304b0c568be68,0xFD3a22179CA4104E97c670b834750Bd7Ff310b17,,5.15999,1.5688,Asian Handicap (-1.5),,Sweden Allsvenskan,IK Sirius FK vs IFK Göteborg,IK Sirius FK,IFK Göteborg,0x405364d8e6864a42cbebe558bac61aac52da05caff8c8dfa08f4a2b525d120f6,L19533453,0,0,SUCCESS,1,1785011280,1785067200,9.07251,SXR,0x6629Ce1Cf35Cc1329ebB4F63202F3f197b3F050B
0x52ae850aa4c6aae0cfdc8cd6412b93667eb8313d1d64054e27e0a5f179455c0f,0x8268feC8dCb0D284343054BDf2b649286c9aA0a1,,19.37726,1.6562,Under/Over (3.5),,Sweden Allsvenskan,Malmo FF vs IF Elfsborg,Malmo FF,IF Elfsborg,0xd031ac7cbdfa16580428a68cf39a990505526c3c23b1364265c6d3d8c099514f,L19533460,0,0,SUCCESS,1,1785011066,1785076200,29.527253,SXR,0x6629Ce1Cf35Cc1329ebB4F63202F3f197b3F050B
0x2f6b5e669d345d0f27b09a53c5bbe16c05fa52adcff3dfaffc4e6435d3ec972b,0x8268feC8dCb0D284343054BDf2b649286c9aA0a1,,18.65243,1.5587,Under/Over (3),,Sweden Allsvenskan,Malmo FF vs IF Elfsborg,Malmo FF,IF Elfsborg,0xbead9f5940b6776cbd5eebc1e4634394eb746ebadb67433f820f88fe010ede71,L19533460,0,0,SUCCESS,1,1785011066,1785076200,33.382425,SXR,0x6629Ce1Cf35Cc1329ebB4F63202F3f197b3F050B
0x43ee839ee17c2678cd2180ac1ada5942b69960e4d8596dc4ebbda617dd169e6b,0x97EC1C9682F70091efB04e97b0B34698cF815EE1,1,5.62,1.4688,Asian Handicap (-1.5),GAIS -1.5,Sweden Allsvenskan,GAIS vs Halmstads BK,GAIS,Halmstads BK,0x526c6a59157cc78601126fb468ddd7231379add3c1caf93a34532c571738bb07,L19533456,0,0,SUCCESS,1,1785007752,1785076200,11.989333,SXR,0x6629Ce1Cf35Cc1329ebB4F63202F3f197b3F050B
0x1815aaa37c85e0904f7f8ea6fc26b9629c426f9398115ebc5570c4bece462912,0xFD3a22179CA4104E97c670b834750Bd7Ff310b17,,96.17,1.8188,1X2,,Sweden Allsvenskan,GAIS vs Halmstads BK,GAIS,Halmstads BK,0xda69c2834003de321af3a8d3124ed91be1b62ae57f4dca682d1fe3bc687e7afc,L19533456,0,0,SUCCESS,1,1785005641,1785076200,117.459542,SXR,0x6629Ce1Cf35Cc1329ebB4F63202F3f197b3F050B
0x89685f97c5caaba3ad1c0e568f8eebf2035546652c9877288e1675b2a0b037cb,0xFD3a22179CA4104E97c670b834750Bd7Ff310b17,1,1,1.1175,1X2,Halmstads BK,Sweden Allsvenskan,GAIS vs Halmstads BK,GAIS,Halmstads BK,0xa74d5bca3a9b0ebea7c17a18aa6a8f7951338ac12f5db7db680ffe782e22f09f,L19533456,0,0,SUCCESS,1,1785005640,1785076200,8.510638,SXR,0x6629Ce1Cf35Cc1329ebB4F63202F3f197b3F050B
0xfb8de933dc2f5f430b5152f69b5dd9fc7bcd58e1996564b93b4e3a6068f294a9,0x8268feC8dCb0D284343054BDf2b649286c9aA0a1,,7.31601,1.4225,Under/Over (3),,Sweden Allsvenskan,IK Sirius FK vs IFK Göteborg,IK Sirius FK,IFK Göteborg,0xb8ac74a07ff39e9d5c40bfb48e468dd32dc69986891629045300fd78114501db,L19533453,0,0,SUCCESS,1,1785003940,1785067200,17.316,SXR,0x6629Ce1Cf35Cc1329ebB4F63202F3f197b3F050B
0xeb282259076ef986159fe5899ea3d125637be7fc78e7b768b9d1bc092771dc48,0x8268feC8dCb0D284343054BDf2b649286c9aA0a1,,31.41792,1.6787,Under/Over (4),,Sweden Allsvenskan,IK Sirius FK vs IFK Göteborg,IK Sirius FK,IFK Göteborg,0x350892dbc0fe468a460a880e529b878864f97209d0bd235d5345cc4c73fde875,L19533453,0,0,SUCCESS,1,1785003940,1785067200,46.287912,SXR,0x6629Ce1Cf35Cc1329ebB4F63202F3f197b3F050B
0x96449972c2ab590b70778b6a56022abbd028bdc4daa11e94469c1699c3bf607e,0x8268feC8dCb0D284343054BDf2b649286c9aA0a1,1,13.49,1.325,Under/Over (4),Over 4.0,Sweden Allsvenskan,IK Sirius FK vs IFK Göteborg,IK Sirius FK,IFK Göteborg,0x350892dbc0fe468a460a880e529b878864f97209d0bd235d5345cc4c73fde875,L19533453,0,0,SUCCESS,1,1785003709,1785067200,41.507692,SXR,0x6629Ce1Cf35Cc1329ebB4F63202F3f197b3F050B
0x3ef7450be3e5a18992e4edc035a30c5792c004e7e36452599a3495b3acbebd95,0x8268feC8dCb0D284343054BDf2b649286c9aA0a1,1,24.97,1.5837,Under/Over (3),Over 3.0,Sweden Allsvenskan,IK Sirius FK vs IFK Göteborg,IK Sirius FK,IFK Göteborg,0xb8ac74a07ff39e9d5c40bfb48e468dd32dc69986891629045300fd78114501db,L19533453,0,0,SUCCESS,1,1785003709,1785067200,42.775161,SXR,0x6629Ce1Cf35Cc1329ebB4F63202F3f197b3F050B
0x1784961a105d72fde96cfb5fafdc1894b8e7fdb11da1225c7113334634c1509b,0x97EC1C9682F70091efB04e97b0B34698cF815EE1,1,11.67,1.4412,Asian Handicap (1),IF Brommapojkarna +1,Sweden Allsvenskan,IF Brommapojkarna vs Hammarby IF,IF Brommapojkarna,Hammarby IF,0xbba70eecd1a6671941321e204d37011bd011f0fdb0dfca03e119d1e3d254f64b,L19533459,0,0,SUCCESS,1,1785003472,1785067200,26.447592,SXR,0x6629Ce1Cf35Cc1329ebB4F63202F3f197b3F050B
0x6d3f0c0c65117286f538efde2e7f9af29de4ae0c960410f2c843ad8322c657b7,0x97EC1C9682F70091efB04e97b0B34698cF815EE1,1,9.41626,1.4387,Asian Handicap (1),IF Brommapojkarna +1,Sweden Allsvenskan,IF Brommapojkarna vs Hammarby IF,IF Brommapojkarna,Hammarby IF,0xbba70eecd1a6671941321e204d37011bd011f0fdb0dfca03e119d1e3d254f64b,L19533459,0,0,SUCCESS,1,1785003293,1785067200,21.461561,SXR,0x6629Ce1Cf35Cc1329ebB4F63202F3f197b3F050B
0x24b6ffb377a7da8365b19053c5226810580aabdf5463a7dbfa5764907b5d4966,0xFD3a22179CA4104E97c670b834750Bd7Ff310b17,1,2.13,1.4387,Asian Handicap (1),IF Brommapojkarna +1,Sweden Allsvenskan,IF Brommapojkarna vs Hammarby IF,IF Brommapojkarna,Hammarby IF,0xbba70eecd1a6671941321e204d37011bd011f0fdb0dfca03e119d1e3d254f64b,L19533459,0,0,SUCCESS,1,1785003292,1785067200,4.854701,SXR,0x6629Ce1Cf35Cc1329ebB4F63202F3f197b3F050B
0xbcae7d5e3160183ef22e14f719add90756512d7fc5698002b82e3148d811078f,0x8268feC8dCb0D284343054BDf2b649286c9aA0a1,1,2.21573,1.5625,Asian Handicap (-1),IK Sirius FK -1,Sweden Allsvenskan,IK Sirius FK vs IFK Göteborg,IK Sirius FK,IFK Göteborg,0xad21f8f85a52237f89579592e8a43c01525b274018ea217291f5cef7d06e0444,L19533453,0,0,SUCCESS,1,1785002992,1785067200,3.939076,SXR,0x6629Ce1Cf35Cc1329ebB4F63202F3f197b3F050B
0xfbc2faf0f562c64694406d17724aa4f2685a34341a472e7f900fe4852d4ad5ec,0x8268feC8dCb0D284343054BDf2b649286c9aA0a1,1,14.73,1.5625,Asian Handicap (-1),IK Sirius FK -1,Sweden Allsvenskan,IK Sirius FK vs IFK Göteborg,IK Sirius FK,IFK Göteborg,0xad21f8f85a52237f89579592e8a43c01525b274018ea217291f5cef7d06e0444,L19533453,0,0,SUCCESS,1,1785002990,1785067200,26.186667,SXR,0x6629Ce1Cf35Cc1329ebB4F63202F3f197b3F050B
0x053a9fa1226f993bc6bf3e224650c4aaf651696fee9fd41ec66a7a62265223d9,0x8268feC8dCb0D284343054BDf2b649286c9aA0a1,,5.261,1.6787,Under/Over (4),,Sweden Allsvenskan,IK Sirius FK vs IFK Göteborg,IK Sirius FK,IFK Göteborg,0x350892dbc0fe468a460a880e529b878864f97209d0bd235d5345cc4c73fde875,L19533453,0,0,SUCCESS,1,1785001532,1785067200,7.751013,SXR,0x6629Ce1Cf35Cc1329ebB4F63202F3f197b3F050B
0x2d1ba5fdd5957ead316bbcfeefc1f895d9a0581e2d90c235524a8c6bb7c56682,0x8268feC8dCb0D284343054BDf2b649286c9aA0a1,,40.56652,1.6787,Under/Over (4),,Sweden Allsvenskan,IK Sirius FK vs IFK Göteborg,IK Sirius FK,IFK Göteborg,0x350892dbc0fe468a460a880e529b878864f97209d0bd235d5345cc4c73fde875,L19533453,0,0,SUCCESS,1,1785001531,1785067200,59.766512,SXR,0x6629Ce1Cf35Cc1329ebB4F63202F3f197b3F050B
0xb5ec23aef522ae281e7a1cfe5137bb64e85e255999afe02284139c07ac0510e0,0x8268feC8dCb0D284343054BDf2b649286c9aA0a1,,48.8437,1.7412,Under/Over (4.5),,Sweden Allsvenskan,IK Sirius FK vs IFK Göteborg,IK Sirius FK,IFK Göteborg,0x7f16d1d28a683b307bd4a7f18a8e3449d49e9cf124ea056364d8c2fa9d8e429e,L19533453,0,0,SUCCESS,1,1785001530,1785067200,65.893693,SXR,0x6629Ce1Cf35Cc1329ebB4F63202F3f197b3F050B
0x67170a89c71c6cce2f037425979c9f963e7af2f75530ac6e1a21343e13821f29,0x8268feC8dCb0D284343054BDf2b649286c9aA0a1,,27.76428,1.4225,Under/Over (3),,Sweden Allsvenskan,IK Sirius FK vs IFK Göteborg,IK Sirius FK,IFK Göteborg,0xb8ac74a07ff39e9d5c40bfb48e468dd32dc69986891629045300fd78114501db,L19533453,0,0,SUCCESS,1,1785001530,1785067200,65.714272,SXR,0x6629Ce1Cf35Cc1329ebB4F63202F3f197b3F050B
0xa91fe66b7388c7892f93a72e5aaf82ef36b68da93182c67e8ec03f8b76267e43,0x8268feC8dCb0D284343054BDf2b649286c9aA0a1,1,20.47,1.5863,Under/Over (3),Over 3.0,Sweden Allsvenskan,IK Sirius FK vs IFK Göteborg,IK Sirius FK,IFK Göteborg,0xb8ac74a07ff39e9d5c40bfb48e468dd32dc69986891629045300fd78114501db,L19533453,0,0,SUCCESS,1,1784999027,1785067200,34.916844,SXR,0x6629Ce1Cf35Cc1329ebB4F63202F3f197b3F050B
0xa72fb9c65ed992600792b144348d2a8168591e42b210601a2c4a00f0494db670,0x8268feC8dCb0D284343054BDf2b649286c9aA0a1,1,25.43999,1.6775,Under/Over (2.5),Over 2.5,Sweden Allsvenskan,IK Sirius FK vs IFK Göteborg,IK Sirius FK,IFK Göteborg,0xe591fa15b010e0c74a1f726fa943675560b21aa5bd785101a545b0dd2e2b33da,L19533453,0,0,SUCCESS,1,1784999026,1785067200,37.549801,SXR,0x6629Ce1Cf35Cc1329ebB4F63202F3f197b3F050B
0xc2cd9f85da598ac9479dab10555ddb9563aaee62e07c5ad9624c625950afacee,0x8268feC8dCb0D284343054BDf2b649286c9aA0a1,1,26.66999,1.6763,Under/Over (2.5),Over 2.5,Sweden Allsvenskan,IK Sirius FK vs IFK Göteborg,IK Sirius FK,IFK Göteborg,0xe591fa15b010e0c74a1f726fa943675560b21aa5bd785101a545b0dd2e2b33da,L19533453,0,0,SUCCESS,1,1784999025,1785067200,39.438063,SXR,0x6629Ce1Cf35Cc1329ebB4F63202F3f197b3F050B
0x26435ffee9e6ff77640c41246ee0694187bb5fbd2871513ec01ad9fd987a9409,0x8268feC8dCb0D284343054BDf2b649286c9aA0a1,1,28.18999,1.5863,Under/Over (3),Over 3.0,Sweden Allsvenskan,IK Sirius FK vs IFK Göteborg,IK Sirius FK,IFK Göteborg,0xb8ac74a07ff39e9d5c40bfb48e468dd32dc69986891629045300fd78114501db,L19533453,0,0,SUCCESS,1,1784999025,1785067200,48.085271,SXR,0x6629Ce1Cf35Cc1329ebB4F63202F3f197b3F050B
0x8e11459869dc5bf4ccf6a109891dd2009445398fed97f1887a3fa4493c497e81,0xFD3a22179CA4104E97c670b834750Bd7Ff310b17,,17.34,1.7775,1X2,,Sweden Allsvenskan,Malmo FF vs IF Elfsborg,Malmo FF,IF Elfsborg,0x822bd8b4411990d5440c247dbde8babd80059e90b3f3fb31c1f43aa003d35fef,L19533460,0,0,SUCCESS,1,1784998344,1785076200,22.302251,SXR,0x6629Ce1Cf35Cc1329ebB4F63202F3f197b3F050B
0xdda2d6bfcc3b034f02fae21e2f8559e2ce3df977265137b82454078bf777274c,0xFD3a22179CA4104E97c670b834750Bd7Ff310b17,1,35.94999,1.67,1X2,Hammarby IF,Sweden Allsvenskan,IF Brommapojkarna vs Hammarby IF,IF Brommapojkarna,Hammarby IF,0x8dcea649d3855e8fac7c5e01865c2474acd9095b7f385c4df03e769b7735f061,L19533459,0,0,SUCCESS,1,1784996715,1785067200,53.656701,SXR,0x6629Ce1Cf35Cc1329ebB4F63202F3f197b3F050B
0xe69c4c064c661decc62e6dbef52b54b556171caeb3959da928a08eea6699a08b,0xFD3a22179CA4104E97c670b834750Bd7Ff310b17,,14.76,1.445,Asian Handicap (-1),,Sweden Allsvenskan,IK Sirius FK vs IFK Göteborg,IK Sirius FK,IFK Göteborg,0xad21f8f85a52237f89579592e8a43c01525b274018ea217291f5cef7d06e0444,L19533453,0,0,SUCCESS,1,1784995406,1785067200,33.168539,SXR,0x6629Ce1Cf35Cc1329ebB4F63202F3f197b3F050B
0xa1a9278177611965cd148ad1367fe85d041e0a088ab011457990ee2e088950b6,0xFD3a22179CA4104E97c670b834750Bd7Ff310b17,,15.78797,1.4225,Under/Over (3),,Sweden Allsvenskan,IK Sirius FK vs IFK Göteborg,IK Sirius FK,IFK Göteborg,0xb8ac74a07ff39e9d5c40bfb48e468dd32dc69986891629045300fd78114501db,L19533453,0,0,SUCCESS,1,1784995406,1785067200,37.367976,SXR,0x6629Ce1Cf35Cc1329ebB4F63202F3f197b3F050B
0x31c9777ae235a9f415c684f5a5bc6a6f21afaa8fa87f0de7395e758703aba12d,0xFD3a22179CA4104E97c670b834750Bd7Ff310b17,,7.35861,1.1725,Under/Over (2),,Sweden Allsvenskan,IK Sirius FK vs IFK Göteborg,IK Sirius FK,IFK Göteborg,0x5027c24fc62417ffe15d5b8ca55a1cd7eee2c9ff3d75b2fb357213c4a80ce3ec,L19533453,0,0,SUCCESS,1,1784995406,1785067200,42.658609,SXR,0x6629Ce1Cf35Cc1329ebB4F63202F3f197b3F050B
0xb09d13b0544b7bbc8a5172bb82c1ef639f53cd95c6f6b6583a13e207186da8f1,0x9eBc8De5022E13938694Fb51D50bba56cD2d1263,1,99.99999,1.6725,1X2,Hammarby IF,Sweden Allsvenskan,IF Brommapojkarna vs Hammarby IF,IF Brommapojkarna,Hammarby IF,0x8dcea649d3855e8fac7c5e01865c2474acd9095b7f385c4df03e769b7735f061,L19533459,0,0,SUCCESS,1,1784995285,1785067200,148.69887,SXR,0x6629Ce1Cf35Cc1329ebB4F63202F3f197b3F050B
0x60b39b3800ce5586aa1d9a1339f7543ab6a85b1bf75fcd0464bba2bdcfe17875,0x8268feC8dCb0D284343054BDf2b649286c9aA0a1,,19.79309,1.5562,Under/Over (3),,Sweden Allsvenskan,Malmo FF vs IF Elfsborg,Malmo FF,IF Elfsborg,0xbead9f5940b6776cbd5eebc1e4634394eb746ebadb67433f820f88fe010ede71,L19533460,0,0,SUCCESS,1,1784995067,1785076200,35.583083,SXR,0x6629Ce1Cf35Cc1329ebB4F63202F3f197b3F050B
0x320c141b11e71c84379612078aa6913d09afd65c178b280a42d3a9ee727b0558,0x0DeAbC808957aBc9f4778C03b03CC1D2cBBC9D60,,4.99999,1.6387,Asian Handicap (-1),,Sweden Allsvenskan,Malmo FF vs IF Elfsborg,Malmo FF,IF Elfsborg,0xdca4e8e6c601b7004d3359d53889447adc4f177173e4a037911adfdabb789e04,L19533460,0,0,SUCCESS,1,1784994940,1785076200,7.827773,SXR,0x6629Ce1Cf35Cc1329ebB4F63202F3f197b3F050B
0xb5981a558aeae9be395eccea3777fccc032cd6fea3540c55e0d979cf8a12eb86,0x8268feC8dCb0D284343054BDf2b649286c9aA0a1,,22.96437,1.635,Asian Handicap (-1),,Sweden Allsvenskan,Malmo FF vs IF Elfsborg,Malmo FF,IF Elfsborg,0xdca4e8e6c601b7004d3359d53889447adc4f177173e4a037911adfdabb789e04,L19533460,0,0,SUCCESS,1,1784994903,1785076200,36.164362,SXR,0x6629Ce1Cf35Cc1329ebB4F63202F3f197b3F050B
0xb71f24783fba700c326f2c184279c0f4d086a6f44c3c229670ff8e9a916f027f,0x97EC1C9682F70091efB04e97b0B34698cF815EE1,1,13.34,1.3337,Asian Handicap (0.5),IF Brommapojkarna +0.5,Sweden Allsvenskan,IF Brommapojkarna vs Hammarby IF,IF Brommapojkarna,Hammarby IF,0x8906a514c3ee378f306711882a327cb369dc47997b24fb5dd959b3668a067e5e,L19533459,0,0,SUCCESS,1,1784993576,1785067200,39.970037,SXR,0x6629Ce1Cf35Cc1329ebB4F63202F3f197b3F050B
0x633091176442071c3ddac41109c445dce2aaa9c164114ca64b7c52274eaaa810,0xFD3a22179CA4104E97c670b834750Bd7Ff310b17,1,8.39,1.4563,Under/Over (3.5),Over 3.5,Sweden Allsvenskan,IK Sirius FK vs IFK Göteborg,IK Sirius FK,IFK Göteborg,0xab850849444d24df59d5b27231621725385b830451c500f9488ac3256f7c4348,L19533453,0,0,SUCCESS,1,1784991805,1785067200,18.389041,SXR,0x6629Ce1Cf35Cc1329ebB4F63202F3f197b3F050B
0x10e5820b22fe03e179860efb87d2044417346ff68ff6eff9f7857d080e831987,0x97EC1C9682F70091efB04e97b0B34698cF815EE1,,9.01,1.3337,1X2,,Sweden Allsvenskan,IF Brommapojkarna vs Hammarby IF,IF Brommapojkarna,Hammarby IF,0x8dcea649d3855e8fac7c5e01865c2474acd9095b7f385c4df03e769b7735f061,L19533459,0,0,SUCCESS,1,1784991587,1785067200,26.996255,SXR,0x6629Ce1Cf35Cc1329ebB4F63202F3f197b3F050B
0xc3290925cda26ae8408761758188d466d02670303a4c4dd14c7092d11ec76bc5,0xFD3a22179CA4104E97c670b834750Bd7Ff310b17,,43.02998,1.8075,1X2,,Sweden Allsvenskan,IK Sirius FK vs IFK Göteborg,IK Sirius FK,IFK Göteborg,0x9cf2559818f78e15814b3771fc0775c8b1f97b487ba6b313a689959a66e657ce,L19533453,0,0,SUCCESS,1,1784990240,1785067200,53.287901,SXR,0x6629Ce1Cf35Cc1329ebB4F63202F3f197b3F050B
0x582f4dec2820e02e272c3086d52de013863bbfeada7676e54d66df0a9a08bce0,0xFD3a22179CA4104E97c670b834750Bd7Ff310b17,,77.14999,1.8062,1X2,,Sweden Allsvenskan,IK Sirius FK vs IFK Göteborg,IK Sirius FK,IFK Göteborg,0x9cf2559818f78e15814b3771fc0775c8b1f97b487ba6b313a689959a66e657ce,L19533453,0,0,SUCCESS,1,1784990240,1785067200,95.68991,SXR,0x6629Ce1Cf35Cc1329ebB4F63202F3f197b3F050B
0x4058d754c1000820cb6cf6b6950ce07eb1b3c9e8d02a218f814cd731ee1fd3c2,0xFD3a22179CA4104E97c670b834750Bd7Ff310b17,,13.43999,1.54,Asian Handicap (-1.5),,Sweden Allsvenskan,GAIS vs Halmstads BK,GAIS,Halmstads BK,0x526c6a59157cc78601126fb468ddd7231379add3c1caf93a34532c571738bb07,L19533456,0,0,SUCCESS,1,1784990071,1785076200,24.88887,SXR,0x6629Ce1Cf35Cc1329ebB4F63202F3f197b3F050B
0x7c106e29126964802e7cfdb3a14ba56c7c8958e3c93a8800f512044d1d27f074,0x8268feC8dCb0D284343054BDf2b649286c9aA0a1,,14.67913,1.425,Under/Over (3),,Sweden Allsvenskan,IK Sirius FK vs IFK Göteborg,IK Sirius FK,IFK Göteborg,0xb8ac74a07ff39e9d5c40bfb48e468dd32dc69986891629045300fd78114501db,L19533453,0,0,SUCCESS,1,1784989312,1785067200,34.539129,SXR,0x6629Ce1Cf35Cc1329ebB4F63202F3f197b3F050B
0x35f9d20899018d471ccd114d9bc56aaa9fcc8e72b80975191298959ffdf2be43,0x8268feC8dCb0D284343054BDf2b649286c9aA0a1,,14.16128,1.5525,Under/Over (3.5),,Sweden Allsvenskan,IK Sirius FK vs IFK Göteborg,IK Sirius FK,IFK Göteborg,0xab850849444d24df59d5b27231621725385b830451c500f9488ac3256f7c4348,L19533453,0,0,SUCCESS,1,1784989311,1785067200,25.631276,SXR,0x6629Ce1Cf35Cc1329ebB4F63202F3f197b3F050B
0xf9ad2aabbb76fb33453c1c9ad911ae76a8a73a40629058e769c9fe881c168ae7,0xe2C68b7ef85645e47F9b94382c3Db59b046945a2,1,3.0,1.1738,,,Sweden Allsvenskan,Degerfors IF vs Djurgardens IF,Degerfors IF,Djurgardens IF,0x3e1233ab56cb8b857ca0f665dacd396a7b47ba2716126e7572c135e11d0da125,L19526598,1,0,SUCCESS,1,1784987296,1784984400,19.110388,SXR,
0x47e52fba9fa1223949cd62f81c4cbd1d1278c446ef4468945abdfcf0d9980ea5,0xe2C68b7ef85645e47F9b94382c3Db59b046945a2,1,3.0,1.1738,,,Sweden Allsvenskan,Degerfors IF vs Djurgardens IF,Degerfors IF,Djurgardens IF,0x3e1233ab56cb8b857ca0f665dacd396a7b47ba2716126e7572c135e11d0da125,L19526598,1,0,SUCCESS,1,1784987283,1784984400,18.759424,SXR,
0xaa3c75168bb4fcd757460d1bd765167f2cc9947f6e8e698c60b49bede61f1ff6,0xe2C68b7ef85645e47F9b94382c3Db59b046945a2,1,3.0,1.1738,,,Sweden Allsvenskan,Degerfors IF vs Djurgardens IF,Degerfors IF,Djurgardens IF,0x3e1233ab56cb8b857ca0f665dacd396a7b47ba2716126e7572c135e11d0da125,L19526598,1,0,SUCCESS,1,1784987264,1784984400,19.110388,SXR,
0x9832b397b46fa02f2117443405a197d99e2dbb076ec6188245222a661f4426dd,0xB1854fc8aD8ce649EA80D007Fc67d318a239a5DA,2,1.0,1.3813,,,Sweden Allsvenskan,Degerfors IF vs Djurgardens IF,Degerfors IF,Djurgardens IF,0xec2434ae4ad9fc40a3e13829eecd66ba3e8033851006587b58d4569687698f02,L19526598,1,0,SUCCESS,1,1784987087,1784984400,5.053456,SXR,
0x8857fb9ef3b6e8bcefca4da23ec2d3d565187b3263b6abccdcd4496604720542,0x68E1818FF20BBe84F9be9E0A4A395FB11079Bd35,1,0.0,1.175,,,Sweden Allsvenskan,Degerfors IF vs Djurgardens IF,Degerfors IF,Djurgardens IF,0x4f199ef35e722ce87fbca29f646b2d18d0fb695aa837ceedefd73356c342f578,L19526598,1,0,SUCCESS,1,1784986692,1784984400,1.478743,SXR,
0x363396330a31d9dcf54c0e0bb7af7de7fc247678f3471e34b49f215dee642764,0x68E1818FF20BBe84F9be9E0A4A395FB11079Bd35,1,164.0,1.5175,,,Sweden Allsvenskan,Degerfors IF vs Djurgardens IF,Degerfors IF,Djurgardens IF,0x00ed1868dd8128767c16257245c1faf28cba09aa57c3939cafd62db549c790e7,L19526598,1,0,SUCCESS,1,1784986613,1784984400,318.086937,SXR,
0x0de9d2d0a9323b8f7d49f39eb3d5125309d540bd922ea3845684ddce2a270e96,0x9E844C0c1B06456051E307CC2d6F747387398Dda,1,49.0,1.5188,,,Sweden Allsvenskan,Degerfors IF vs Djurgardens IF,Degerfors IF,Djurgardens IF,0x00ed1868dd8128767c16257245c1faf28cba09aa57c3939cafd62db549c790e7,L19526598,1,0,SUCCESS,1,1784986490,1784984400,96.385523,SXR,
0x6200b58b6639e2108f58c3eda30cb86d3254959b9d6e9fcb9684ea0bd388880f,0x68E1818FF20BBe84F9be9E0A4A395FB11079Bd35,2,40.0,1.7025,,,Sweden Allsvenskan,Degerfors IF vs Djurgardens IF,Degerfors IF,Djurgardens IF,0x3e1233ab56cb8b857ca0f665dacd396a7b47ba2716126e7572c135e11d0da125,L19526598,1,0,SUCCESS,1,1784986422,1784984400,57.27731,SXR,
0x93f8dbef87fa98e59433250d7bdba06868f577413dba697e107e5e4cb497dd89,0x68E1818FF20BBe84F9be9E0A4A395FB11079Bd35,1,108.0,1.52,,,Sweden Allsvenskan,Degerfors IF vs Djurgardens IF,Degerfors IF,Djurgardens IF,0x00ed1868dd8128767c16257245c1faf28cba09aa57c3939cafd62db549c790e7,L19526598,1,0,SUCCESS,1,1784986421,1784984400,208.333327,SXR,
0x09cfd1093a4104dadc01a487dabdf1083697954e0bebff5b0d66fb41e250b41d,0x68E1818FF20BBe84F9be9E0A4A395FB11079Bd35,1,16.0,1.1763,,,Sweden Allsvenskan,Degerfors IF vs Djurgardens IF,Degerfors IF,Djurgardens IF,0x4f199ef35e722ce87fbca29f646b2d18d0fb695aa837ceedefd73356c342f578,L19526598,1,0,SUCCESS,1,1784986418,1784984400,94.276142,SXR,
0xc88b25c96dc62396107fe462d451ccaa69445ed9854116e793a3981897e766e9,0x68E1818FF20BBe84F9be9E0A4A395FB11079Bd35,2,174.0,1.8137,,,Sweden Allsvenskan,Degerfors IF vs Djurgardens IF,Degerfors IF,Djurgardens IF,0x4f199ef35e722ce87fbca29f646b2d18d0fb695aa837ceedefd73356c342f578,L19526598,1,0,SUCCESS,1,1784986366,1784984400,214.807988,SXR,
0xa66bed946270d49c95792eacbcfab51b51ee57accecb43160fb6a7d6f51249c7,0x68E1818FF20BBe84F9be9E0A4A395FB11079Bd35,2,2.0,1.7063,,,Sweden Allsvenskan,Degerfors IF vs Djurgardens IF,Degerfors IF,Djurgardens IF,0x3e1233ab56cb8b857ca0f665dacd396a7b47ba2716126e7572c135e11d0da125,L19526598,1,0,SUCCESS,1,1784986306,1784984400,3.404248,SXR,
0x439c55564eda9a8a60e5906da0df2e846398473aee0a07cbf3bec199dbd47658,0x68E1818FF20BBe84F9be9E0A4A395FB11079Bd35,2,2.0,1.7063,,,Sweden Allsvenskan,Degerfors IF vs Djurgardens IF,Degerfors IF,Djurgardens IF,0x3e1233ab56cb8b857ca0f665dacd396a7b47ba2716126e7572c135e11d0da125,L19526598,1,0,SUCCESS,1,1784986293,1784984400,3.404248,SXR,
0xd0797736ac5d14a790067ca1bee22ef947e6150624f7c656d65ade71781f04c2,0x68E1818FF20BBe84F9be9E0A4A395FB11079Bd35,2,2.0,1.7063,,,Sweden Allsvenskan,Degerfors IF vs Djurgardens IF,Degerfors IF,Djurgardens IF,0x3e1233ab56cb8b857ca0f665dacd396a7b47ba2716126e7572c135e11d0da125,L19526598,1,0,SUCCESS,1,1784986281,1784984400,3.404248,SXR,
0x264ff8ef14079bde52b9db7bb95f2be143886a7fce09c5e863913d09fc4ef70e,0x8268feC8dCb0D284343054BDf2b649286c9aA0a1,1,42.0,1.285,,,Sweden Allsvenskan,Degerfors IF vs Djurgardens IF,Degerfors IF,Djurgardens IF,0x3e1233ab56cb8b857ca0f665dacd396a7b47ba2716126e7572c135e11d0da125,L19526598,1,0,SUCCESS,1,1784986271,1784984400,150.769228,SXR,
0xefd9dcc1f87bec31c8b9040b9737feb9cec7767f1d5cc776a6c370e570aa42d7,0xE4DD6165bFF7EE73D7932C3b478f7E22431e85E7,2,61.0,1.6225,,,Sweden Allsvenskan,Kalmar FF vs Mjallby AIF,Kalmar FF,Mjallby AIF,0x76cd3325f67b8036d2838bd64a451f1aed2bb1ac723f96ffe45216c58748970f,L19527591,1,0,SUCCESS,1,1784986216,1784993400,99.337735,SXR,
0x30b674f08f68164718a5ef410356912c5aff94703c78b44c00c7de7e671c7b4e,0x68E1818FF20BBe84F9be9E0A4A395FB11079Bd35,2,10.0,1.7212,,,Sweden Allsvenskan,Kalmar FF vs Mjallby AIF,Kalmar FF,Mjallby AIF,0x9168cbfe8d32a82f765766fa31763a5aa45d3976952b66f0cf9c1471a010860e,L19527591,1,0,SUCCESS,1,1784986206,1784993400,14.349768,SXR,
0xce0a910560edc5a34dccf504bfd8612197b34f6be97af1b7c69ac3029982642e,0x68E1818FF20BBe84F9be9E0A4A395FB11079Bd35,1,0.0,1.185,,,Sweden Allsvenskan,Degerfors IF vs Djurgardens IF,Degerfors IF,Djurgardens IF,0x4f199ef35e722ce87fbca29f646b2d18d0fb695aa837ceedefd73356c342f578,L19526598,1,0,SUCCESS,1,1784986200,1784984400,1.226973,SXR,
0xc554848cc6970b71c497eb516580fd4b2a4a45d690e1c48bdaad63109b07880f,0x8268feC8dCb0D284343054BDf2b649286c9aA0a1,2,87.0,1.4663,,,Sweden Allsvenskan,Degerfors IF vs Djurgardens IF,Degerfors IF,Djurgardens IF,0x00ed1868dd8128767c16257245c1faf28cba09aa57c3939cafd62db549c790e7,L19526598,1,0,SUCCESS,1,1784986182,1784984400,187.353609,SXR,
0xd83a27c28de594538460887099494d16c448f6256ddfd1de860fbd82a21cc765,0x9E844C0c1B06456051E307CC2d6F747387398Dda,1,0.0,1.1612,,,Sweden Allsvenskan,Degerfors IF vs Djurgardens IF,Degerfors IF,Djurgardens IF,0xac0dc830236759d98fce5de4e4c1a06fae7b0d4d337ee5d53094bfbd66074a37,L19526598,1,0,SUCCESS,1,1784986170,1784984400,1.192248,SXR,
0xde40645a05f7ab91121ede90f750ab25ad8873aa3b7fb2a24166811d730636e1,0x8268feC8dCb0D284343054BDf2b649286c9aA0a1,1,8.0,1.7738,,,Sweden Allsvenskan,Kalmar FF vs Mjallby AIF,Kalmar FF,Mjallby AIF,0x0921722a8130c54201b7e4669187f10714fbf068e839ad947e4710e732038d5e,L19527591,1,0,SUCCESS,1,1784986149,1784993400,10.34254,SXR,
0x6f0fe662b61bd161688a7407f6c9e376088f5657e288aacd5ad5f79b8331dabe,0xC88F614A48f8A705d7465b03aAF62ddaca0c3754,2,30.0,1.6238,,,Sweden Allsvenskan,Kalmar FF vs Mjallby AIF,Kalmar FF,Mjallby AIF,0xa9a407122cac43c8f13bceca72fa71f0c6b550ea63b0d283094df0d5abac6bb0,L19527591,1,0,SUCCESS,1,1784986148,1784993400,49.009956,SXR,
0xa2ed14f97e69855b10b4c753a633253a5e30876549bac4aa7625c9276d919f74,0xe2C68b7ef85645e47F9b94382c3Db59b046945a2,1,804.0,1.5288,,,Sweden Allsvenskan,Degerfors IF vs Djurgardens IF,Degerfors IF,Djurgardens IF,0xed41b270d17b4382a6933cb7ed6d9677872b4a3999d3d42d11a4fe57003aa20e,L19526598,1,0,SUCCESS,1,1784986066,1784984400,1521.985797,SXR,
0x3484ebbc3f32f38e508b8253abb4faa8ab8160895c33fb4e9581c1db312429c4,0x68E1818FF20BBe84F9be9E0A4A395FB11079Bd35,1,8.0,1.1812,,,Sweden Allsvenskan,Degerfors IF vs Djurgardens IF,Degerfors IF,Djurgardens IF,0x4f199ef35e722ce87fbca29f646b2d18d0fb695aa837ceedefd73356c342f578,L19526598,1,0,SUCCESS,1,1784986033,1784984400,46.644248,SXR,
0xd83e42243b848ea54f483ff581339534765e5b934d879fe841654b2a7de92e3d,0x68E1818FF20BBe84F9be9E0A4A395FB11079Bd35,1,2.0,1.3687,,,Sweden Allsvenskan,Kalmar FF vs Mjallby AIF,Kalmar FF,Mjallby AIF,0x76cd3325f67b8036d2838bd64a451f1aed2bb1ac723f96ffe45216c58748970f,L19527591,1,0,SUCCESS,1,1784986005,1784993400,7.920786,SXR,
0xe0eb98b266f96e328f4b6a74ce91664823a23646ae1ef45d9d31765d610291b6,0x68E1818FF20BBe84F9be9E0A4A395FB11079Bd35,1,2.0,1.3687,,,Sweden Allsvenskan,Kalmar FF vs Mjallby AIF,Kalmar FF,Mjallby AIF,0x76cd3325f67b8036d2838bd64a451f1aed2bb1ac723f96ffe45216c58748970f,L19527591,1,0,SUCCESS,1,1784986002,1784993400,7.920786,SXR,
0xd187d05477fa9c785dbf4b6d5144bbc922207a0cde1c73de8b555a227aac9323,0x68E1818FF20BBe84F9be9E0A4A395FB11079Bd35,1,2.0,1.3687,,,Sweden Allsvenskan,Kalmar FF vs Mjallby AIF,Kalmar FF,Mjallby AIF,0x76cd3325f67b8036d2838bd64a451f1aed2bb1ac723f96ffe45216c58748970f,L19527591,1,0,SUCCESS,1,1784986000,1784993400,7.920786,SXR,
0x28d9422fd0294b872da7046d8aab0412cea78d334389327607f46143f7932244,0x68E1818FF20BBe84F9be9E0A4A395FB11079Bd35,1,79.0,1.37,,,Sweden Allsvenskan,Kalmar FF vs Mjallby AIF,Kalmar FF,Mjallby AIF,0x76cd3325f67b8036d2838bd64a451f1aed2bb1ac723f96ffe45216c58748970f,L19527591,1,0,SUCCESS,1,1784985972,1784993400,216.216189,SXR,
0x3b1e4af86d47b3a6a32dbf0c2de3c053fc42fbadbe4b7cb7f5d85aa80c70d708,0x68E1818FF20BBe84F9be9E0A4A395FB11079Bd35,1,79.0,1.37,,,Sweden Allsvenskan,Kalmar FF vs Mjallby AIF,Kalmar FF,Mjallby AIF,0x76cd3325f67b8036d2838bd64a451f1aed2bb1ac723f96ffe45216c58748970f,L19527591,1,0,SUCCESS,1,1784985963,1784993400,215.665162,SXR,
0x34089ebdd7a67b73400632541ac834625c4a3092724888d6c233b9574832ad1b,0xe2C68b7ef85645e47F9b94382c3Db59b046945a2,1,44.0,1.3687,,,Sweden Allsvenskan,Kalmar FF vs Mjallby AIF,Kalmar FF,Mjallby AIF,0xa9a407122cac43c8f13bceca72fa71f0c6b550ea63b0d283094df0d5abac6bb0,L19527591,1,0,SUCCESS,1,1784985963,1784993400,120.352515,SXR,
0x80300005c8e86703e90f2086611bf5066aa9f9cee67ab7739daeb1904d3e4ccd,0xE4DD6165bFF7EE73D7932C3b478f7E22431e85E7,1,26.0,1.51,,,Sweden Allsvenskan,Kalmar FF vs Mjallby AIF,Kalmar FF,Mjallby AIF,0x70b2ff8a38518ac9e20a43e5a9a2cffcc80b069bee066280853e3ded91facd2e,L19527591,1,0,SUCCESS,1,1784985962,1784993400,52.09802,SXR,
0x39b1f0e5744af3195afd9be77a8b186a83e0722a62e3225113341f27b8d0f702,0x68E1818FF20BBe84F9be9E0A4A395FB11079Bd35,1,80.0,1.3713,,,Sweden Allsvenskan,Kalmar FF vs Mjallby AIF,Kalmar FF,Mjallby AIF,0x76cd3325f67b8036d2838bd64a451f1aed2bb1ac723f96ffe45216c58748970f,L19527591,1,0,SUCCESS,1,1784985962,1784993400,216.093899,SXR,
0x0434cc15ef20b311b3bf6fcc6902db901037ddb6fe72c56119b6f6b42f3d46c1,0x68E1818FF20BBe84F9be9E0A4A395FB11079Bd35,2,38.0,1.7225,,,Sweden Allsvenskan,Kalmar FF vs Mjallby AIF,Kalmar FF,Mjallby AIF,0x9168cbfe8d32a82f765766fa31763a5aa45d3976952b66f0cf9c1471a010860e,L19527591,1,0,SUCCESS,1,1784985922,1784993400,53.909896,SXR,
0x45edf34ed0eca435f937e7a97ee339f6743d5006cb5a7dac784332668f27c266,0xFD3a22179CA4104E97c670b834750Bd7Ff310b17,1,2.17,1.2025,1X2,Tie,Sweden Allsvenskan,IK Sirius FK vs IFK Göteborg,IK Sirius FK,IFK Göteborg,0x9cf2559818f78e15814b3771fc0775c8b1f97b487ba6b313a689959a66e657ce,L19533453,0,0,SUCCESS,1,1784985799,1785067200,10.716049,SXR,0x6629Ce1Cf35Cc1329ebB4F63202F3f197b3F050B
0xe8cd97a3b193bd491d14e2e49a2a0331a3f6b89e50fe28e1facadfa9785f5d55,0x68E1818FF20BBe84F9be9E0A4A395FB11079Bd35,2,30.0,1.8213,,,Sweden Allsvenskan,Degerfors IF vs Djurgardens IF,Degerfors IF,Djurgardens IF,0x4f199ef35e722ce87fbca29f646b2d18d0fb695aa837ceedefd73356c342f578,L19526598,1,0,SUCCESS,1,1784985734,1784984400,36.811178,SXR,
0x5b0f7cb59587c77c3d55d4ba235a28dfb8163108fc87735ad81833a5b809073d,0x68E1818FF20BBe84F9be9E0A4A395FB11079Bd35,2,118.0,1.7437,,,Sweden Allsvenskan,Degerfors IF vs Djurgardens IF,Degerfors IF,Djurgardens IF,0x3e1233ab56cb8b857ca0f665dacd396a7b47ba2716126e7572c135e11d0da125,L19526598,1,0,SUCCESS,1,1784985627,1784984400,159.843899,SXR,
0x8cdeb2d3da0907c8eafd7c364818364e9caeb5eefcff80628074a423bcd49570,0x68E1818FF20BBe84F9be9E0A4A395FB11079Bd35,2,119.0,1.745,,,Sweden Allsvenskan,Degerfors IF vs Djurgardens IF,Degerfors IF,Djurgardens IF,0x3e1233ab56cb8b857ca0f665dacd396a7b47ba2716126e7572c135e11d0da125,L19526598,1,0,SUCCESS,1,1784985623,1784984400,160.697987,SXR,
0x5b97379dffd7a421e02ea028d30109315e640849971904cf3044ab7df6e5c7ea,0x68E1818FF20BBe84F9be9E0A4A395FB11079Bd35,2,46.0,1.7462,,,Sweden Allsvenskan,Degerfors IF vs Djurgardens IF,Degerfors IF,Djurgardens IF,0x3e1233ab56cb8b857ca0f665dacd396a7b47ba2716126e7572c135e11d0da125,L19526598,1,0,SUCCESS,1,1784985608,1784984400,62.896549,SXR,
0x45088e962610888f127a7f3e94c4939440dbef1f4e9fce9a17339db6f45ceb29,0x68E1818FF20BBe84F9be9E0A4A395FB11079Bd35,2,70.0,1.7462,,,Sweden Allsvenskan,Degerfors IF vs Djurgardens IF,Degerfors IF,Djurgardens IF,0x3e1233ab56cb8b857ca0f665dacd396a7b47ba2716126e7572c135e11d0da125,L19526598,1,0,SUCCESS,1,1784985606,1784984400,94.660087,SXR,
0x023a4c8e388e36704103a58451337aeec958994be8ca47eaf1185f45feb5a9fc,0x8268feC8dCb0D284343054BDf2b649286c9aA0a1,2,6.0,1.8213,,,Sweden Allsvenskan,Degerfors IF vs Djurgardens IF,Degerfors IF,Djurgardens IF,0x4f199ef35e722ce87fbca29f646b2d18d0fb695aa837ceedefd73356c342f578,L19526598,1,0,SUCCESS,1,1784985559,1784984400,7.720268,SXR,
0x315be3ce55d4c1a4730061452f03f51cc185e76b2e906e141302db113d24a4be,0x8268feC8dCb0D284343054BDf2b649286c9aA0a1,2,10.0,1.8188,,,Sweden Allsvenskan,Degerfors IF vs Djurgardens IF,Degerfors IF,Djurgardens IF,0x4f199ef35e722ce87fbca29f646b2d18d0fb695aa837ceedefd73356c342f578,L19526598,1,0,SUCCESS,1,1784985450,1784984400,12.744818,SXR,
0xb5655d1f82412f9e309d7c6806b3ab493969ed007585345b6f9648fa0d8e17dc,0x9E844C0c1B06456051E307CC2d6F747387398Dda,1,49.0,1.175,,,Sweden Allsvenskan,Degerfors IF vs Djurgardens IF,Degerfors IF,Djurgardens IF,0x4f199ef35e722ce87fbca29f646b2d18d0fb695aa837ceedefd73356c342f578,L19526598,1,0,SUCCESS,1,1784985286,1784984400,285.714229,SXR,
0x67760a3fb404bbc16e0bc98a8fcd649ae3b298b0183d32c0134ddf92fb74cab3,0x68E1818FF20BBe84F9be9E0A4A395FB11079Bd35,2,50.0,1.7512,,,Sweden Allsvenskan,Degerfors IF vs Djurgardens IF,Degerfors IF,Djurgardens IF,0x3e1233ab56cb8b857ca0f665dacd396a7b47ba2716126e7572c135e11d0da125,L19526598,1,0,SUCCESS,1,1784985278,1784984400,67.61809,SXR,
0x40f73b357a27808f87cf9a1f153203a8e7630eda5a55612cf845949c84addd81,0x68E1818FF20BBe84F9be9E0A4A395FB11079Bd35,1,33.0,1.1725,,,Sweden Allsvenskan,Degerfors IF vs Djurgardens IF,Degerfors IF,Djurgardens IF,0x4f199ef35e722ce87fbca29f646b2d18d0fb695aa837ceedefd73356c342f578,L19526598,1,0,SUCCESS,1,1784985269,1784984400,191.304348,SXR,
0xb24c6ad8df7b48d0c8c5bc1f7d063ea5dd387afd4eba1db3906a266bf273b2a3,0x68E1818FF20BBe84F9be9E0A4A395FB11079Bd35,2,20.0,1.7538,,,Sweden Allsvenskan,Degerfors IF vs Djurgardens IF,Degerfors IF,Djurgardens IF,0x3e1233ab56cb8b857ca0f665dacd396a7b47ba2716126e7572c135e11d0da125,L19526598,1,0,SUCCESS,1,1784985226,1784984400,26.558872,SXR,
0x938c79fba9befcefa72b1a9796777ad86ea3e6fc827d2b455f29bae31f66f18d,0x68E1818FF20BBe84F9be9E0A4A395FB11079Bd35,2,51.0,1.7538,,,Sweden Allsvenskan,Degerfors IF vs Djurgardens IF,Degerfors IF,Djurgardens IF,0x3e1233ab56cb8b857ca0f665dacd396a7b47ba2716126e7572c135e11d0da125,L19526598,1,0,SUCCESS,1,1784985224,1784984400,67.898468,SXR,
0x2e0288bc34d8302c6d409612fb9ebd85d20634923e6081b8741dd29ab3ab8b8d,0x68E1818FF20BBe84F9be9E0A4A395FB11079Bd35,2,28.0,1.755,,,Sweden Allsvenskan,Degerfors IF vs Djurgardens IF,Degerfors IF,Djurgardens IF,0x3e1233ab56cb8b857ca0f665dacd396a7b47ba2716126e7572c135e11d0da125,L19526598,1,0,SUCCESS,1,1784985214,1784984400,37.312079,SXR,
0x71f9cbeb484029f56c615b6343420a41094ebb2ead97c180affd03f45150aee8,0x68E1818FF20BBe84F9be9E0A4A395FB11079Bd35,2,79.0,1.755,,,Sweden Allsvenskan,Degerfors IF vs Djurgardens IF,Degerfors IF,Djurgardens IF,0x3e1233ab56cb8b857ca0f665dacd396a7b47ba2716126e7572c135e11d0da125,L19526598,1,0,SUCCESS,1,1784985212,1784984400,105.469377,SXR,
0x5d0a26d3659f21cf92c090b0f74f5c7328f3edcbedf2efd8c5bd6e6391eee8a3,0x68E1818FF20BBe84F9be9E0A4A395FB11079Bd35,2,113.0,1.7538,,,Sweden Allsvenskan,Degerfors IF vs Djurgardens IF,Degerfors IF,Djurgardens IF,0x3e1233ab56cb8b857ca0f665dacd396a7b47ba2716126e7572c135e11d0da125,L19526598,1,0,SUCCESS,1,1784985195,1784984400,150.172577,SXR,
0x537980d1840d4e9ab274f1c9dda3691cd7b44f3cb074e8c81045ac4c5388a5fd,0x68E1818FF20BBe84F9be9E0A4A395FB11079Bd35,2,32.0,1.7525,,,Sweden Allsvenskan,Degerfors IF vs Djurgardens IF,Degerfors IF,Djurgardens IF,0x3e1233ab56cb8b857ca0f665dacd396a7b47ba2716126e7572c135e11d0da125,L19526598,1,0,SUCCESS,1,1784985182,1784984400,43.130578,SXR,
0xe156fcb8c409cdcf99b386749cebec7d65a1a63176d5a5691d10a66c08dec73b,0x68E1818FF20BBe84F9be9E0A4A395FB11079Bd35,2,86.0,1.7525,,,Sweden Allsvenskan,Degerfors IF vs Djurgardens IF,Degerfors IF,Djurgardens IF,0x3e1233ab56cb8b857ca0f665dacd396a7b47ba2716126e7572c135e11d0da125,L19526598,1,0,SUCCESS,1,1784985171,1784984400,114.424239,SXR,
0x099d2bd6bb20d4a755e2c8c53a5460c42f2df98a286ade5ca4d718d21c0bd17f,0x9E844C0c1B06456051E307CC2d6F747387398Dda,1,15.0,1.1775,,,Sweden Allsvenskan,Degerfors IF vs Djurgardens IF,Degerfors IF,Djurgardens IF,0x4f199ef35e722ce87fbca29f646b2d18d0fb695aa837ceedefd73356c342f578,L19526598,1,0,SUCCESS,1,1784985171,1784984400,88.04862,SXR,
0xef7cf429473143f9d0b3b4a47563c401283f2e6b0e3a5b12b10507440d8a0722,0x68E1818FF20BBe84F9be9E0A4A395FB11079Bd35,2,115.0,1.7525,,,Sweden Allsvenskan,Degerfors IF vs Djurgardens IF,Degerfors IF,Djurgardens IF,0x3e1233ab56cb8b857ca0f665dacd396a7b47ba2716126e7572c135e11d0da125,L19526598,1,0,SUCCESS,1,1784985155,1784984400,153.494937,SXR,
0x310d58c2f3a156eabacafd02de92e9505081d3e31cebba16ec0dbc4bdf03f070,0x68E1818FF20BBe84F9be9E0A4A395FB11079Bd35,2,114.0,1.7512,,,Sweden Allsvenskan,Degerfors IF vs Djurgardens IF,Degerfors IF,Djurgardens IF,0x3e1233ab56cb8b857ca0f665dacd396a7b47ba2716126e7572c135e11d0da125,L19526598,1,0,SUCCESS,1,1784985118,1784984400,152.758735,SXR,
0xc36071370ecaca22cdb9e7f8967c8a3ed9c4105700e5e5037581bbe52d82629a,0x68E1818FF20BBe84F9be9E0A4A395FB11079Bd35,2,118.0,1.7525,,,Sweden Allsvenskan,Degerfors IF vs Djurgardens IF,Degerfors IF,Djurgardens IF,0x3e1233ab56cb8b857ca0f665dacd396a7b47ba2716126e7572c135e11d0da125,L19526598,1,0,SUCCESS,1,1784985117,1784984400,157.535349,SXR,
0x6a1ff705359fae4a020171b576ff67c0b63d933c579f492274cebe392cd9e88c,0x68E1818FF20BBe84F9be9E0A4A395FB11079Bd35,1,28.0,1.18,,,Sweden Allsvenskan,Degerfors IF vs Djurgardens IF,Degerfors IF,Djurgardens IF,0x4f199ef35e722ce87fbca29f646b2d18d0fb695aa837ceedefd73356c342f578,L19526598,1,0,SUCCESS,1,1784985112,1784984400,155.555556,SXR,
0x3de6754370d534ead1d84d37cc5c29b80d4a32eae4fbb6795e3865649cf1d781,0x8268feC8dCb0D284343054BDf2b649286c9aA0a1,1,16.0,1.505,,,Sweden Allsvenskan,Degerfors IF vs Djurgardens IF,Degerfors IF,Djurgardens IF,0x0a92989f06d3f95852ab569618fdaa5dc7f8614c5196e5fbde2c3a3c94c19935,L19526598,1,0,SUCCESS,1,1784985092,1784984400,32.0,SXR,
0x4df9176a1e4870daff6e5e5610cd7393310cd45b3ce77fdf6c284936b51b5093,0x68E1818FF20BBe84F9be9E0A4A395FB11079Bd35,2,118.0,1.7525,,,Sweden Allsvenskan,Degerfors IF vs Djurgardens IF,Degerfors IF,Djurgardens IF,0x3e1233ab56cb8b857ca0f665dacd396a7b47ba2716126e7572c135e11d0da125,L19526598,1,0,SUCCESS,1,1784985077,1784984400,157.535349,SXR,
0xdd209cdddca4562f328446ade2d42c64cdd0441f89dec26c36c75042b650315e,0x68E1818FF20BBe84F9be9E0A4A395FB11079Bd35,2,113.0,1.7538,,,Sweden Allsvenskan,Degerfors IF vs Djurgardens IF,Degerfors IF,Djurgardens IF,0x3e1233ab56cb8b857ca0f665dacd396a7b47ba2716126e7572c135e11d0da125,L19526598,1,0,SUCCESS,1,1784985038,1784984400,150.172577,SXR,
0xb61c86e2c0b549683fab801dcc957249916b1c6d481079dfcb5ed1d1eab94870,0x8173FA90CeD5086aef3705Ad4EB94B72F7a05df8,1,16.0,1.52,,,Sweden Allsvenskan,Degerfors IF vs Djurgardens IF,Degerfors IF,Djurgardens IF,0x0a92989f06d3f95852ab569618fdaa5dc7f8614c5196e5fbde2c3a3c94c19935,L19526598,1,0,SUCCESS,1,1784985035,1784984400,32.653827,SXR,
0x8af1793a2c25c2a735a4bd4f6b42c9a8a5e72d06bbc66967752fb3e2e2282b30,0x9E844C0c1B06456051E307CC2d6F747387398Dda,2,49.0,1.7563,,,Sweden Allsvenskan,Degerfors IF vs Djurgardens IF,Degerfors IF,Djurgardens IF,0x3e1233ab56cb8b857ca0f665dacd396a7b47ba2716126e7572c135e11d0da125,L19526598,1,0,SUCCESS,1,1784985027,1784984400,66.092298,SXR,
0x123d3e644374e84f3f5e347f3d1d17d689576cb54e39db1e2baa0722aca400b4,0x8173FA90CeD5086aef3705Ad4EB94B72F7a05df8,1,35.0,1.52,,,Sweden Allsvenskan,Degerfors IF vs Djurgardens IF,Degerfors IF,Djurgardens IF,0x0a92989f06d3f95852ab569618fdaa5dc7f8614c5196e5fbde2c3a3c94c19935,L19526598,1,0,SUCCESS,1,1784985021,1784984400,67.346135,SXR,
0xcbcaafeb4606e58ed04486780f60314681a8dea47f1d3d32d86d4a86aa80de7d,0xe2C68b7ef85645e47F9b94382c3Db59b046945a2,1,4.0,1.6713,,,Sweden Allsvenskan,Degerfors IF vs Djurgardens IF,Degerfors IF,Djurgardens IF,0xec2434ae4ad9fc40a3e13829eecd66ba3e8033851006587b58d4569687698f02,L19526598,1,0,SUCCESS,1,1784984990,1784984400,6.965765,SXR,
0x542fadf3b5080e338b8c8235af7d43b7011a529f672f47fcd37b90aa41f967db,0x68E1818FF20BBe84F9be9E0A4A395FB11079Bd35,2,110.0,1.7538,,,Sweden Allsvenskan,Degerfors IF vs Djurgardens IF,Degerfors IF,Djurgardens IF,0x3e1233ab56cb8b857ca0f665dacd396a7b47ba2716126e7572c135e11d0da125,L19526598,1,0,SUCCESS,1,1784984929,1784984400,146.111668,SXR,
0x9a5a24ba9e22d29934f3e101e707afb401525ae7ca5b3c4803aa689720106d45,0x8173FA90CeD5086aef3705Ad4EB94B72F7a05df8,1,52.0,1.53,,,Sweden Allsvenskan,Degerfors IF vs Djurgardens IF,Degerfors IF,Djurgardens IF,0x0a92989f06d3f95852ab569618fdaa5dc7f8614c5196e5fbde2c3a3c94c19935,L19526598,1,0,SUCCESS,1,1784984901,1784984400,99.999981,SXR,
0x1e3dca6c435909e502f4eddebda3a30831dad052e0f796556a00a8d311669cd5,0x8268feC8dCb0D284343054BDf2b649286c9aA0a1,1,9.0,1.2363,,,Sweden Allsvenskan,Degerfors IF vs Djurgardens IF,Degerfors IF,Djurgardens IF,0x3e1233ab56cb8b857ca0f665dacd396a7b47ba2716126e7572c135e11d0da125,L19526598,1,0,SUCCESS,1,1784984835,1784984400,40.720127,SXR,
0x804d86ae6468d0d33f43986d0a36329d135dc77aa775b1999cbc32b7e6bdf4ba,0xB1854fc8aD8ce649EA80D007Fc67d318a239a5DA,1,66.0,1.775,,,Sweden Allsvenskan,Degerfors IF vs Djurgardens IF,Degerfors IF,Djurgardens IF,0x98c343f84bd21eca8bb9930f5ceb4326f8b60f169468256fc8e472b8de55b8a3,L19526598,1,0,SUCCESS,1,1784984693,1784984400,85.935483,SXR,
0x39cc71c5988b63f621e4b450042746c2f9d5c74bee528d1ea870758c9c792070,0x8173FA90CeD5086aef3705Ad4EB94B72F7a05df8,1,46.0,1.54,,,Sweden Allsvenskan,Degerfors IF vs Djurgardens IF,Degerfors IF,Djurgardens IF,0x0a92989f06d3f95852ab569618fdaa5dc7f8614c5196e5fbde2c3a3c94c19935,L19526598,1,0,SUCCESS,1,1784984685,1784984400,87.0185,SXR,
0x3b9a8478d2ee4f0db60d36bae7ca2114a9e0ae96b00e5ff8142119ac0a7e1072,0x8173FA90CeD5086aef3705Ad4EB94B72F7a05df8,1,12.0,1.56,,,Sweden Allsvenskan,Degerfors IF vs Djurgardens IF,Degerfors IF,Djurgardens IF,0x00ed1868dd8128767c16257245c1faf28cba09aa57c3939cafd62db549c790e7,L19526598,1,0,SUCCESS,1,1784984670,1784984400,22.727268,SXR,
0xf081e1667c27d4bf3497f1a73cb1315f168d93037f9e9bb2d688ef2918380549,0x8173FA90CeD5086aef3705Ad4EB94B72F7a05df8,1,5.0,1.56,,,Sweden Allsvenskan,Degerfors IF vs Djurgardens IF,Degerfors IF,Djurgardens IF,0x00ed1868dd8128767c16257245c1faf28cba09aa57c3939cafd62db549c790e7,L19526598,1,0,SUCCESS,1,1784984664,1784984400,10.0,SXR,
0x098d2e306fe1daf79fa580878c9e5ceb131a67f3ab9a2770e5d2f7cf585bd4b9,0xB1854fc8aD8ce649EA80D007Fc67d318a239a5DA,1,66.0,1.54,,,Sweden Allsvenskan,Degerfors IF vs Djurgardens IF,Degerfors IF,Djurgardens IF,0x0a92989f06d3f95852ab569618fdaa5dc7f8614c5196e5fbde2c3a3c94c19935,L19526598,1,0,SUCCESS,1,1784984650,1784984400,123.333331,SXR,
0x3a083e647b8a301601e5e8f03809978345e71c7747134306d562ba15ddd05ce5,0x68E1818FF20BBe84F9be9E0A4A395FB11079Bd35,1,2.0,1.3713,,,Sweden Allsvenskan,Kalmar FF vs Mjallby AIF,Kalmar FF,Mjallby AIF,0x76cd3325f67b8036d2838bd64a451f1aed2bb1ac723f96ffe45216c58748970f,L19527591,1,0,SUCCESS,1,1784984548,1784993400,7.475125,SXR,
0x8927e994c5e853979f3195ea9711961e13a58fd80efa080885aafcf8eff3ef7d,0x68E1818FF20BBe84F9be9E0A4A395FB11079Bd35,2,38.0,1.7225,,,Sweden Allsvenskan,Kalmar FF vs Mjallby AIF,Kalmar FF,Mjallby AIF,0x9168cbfe8d32a82f765766fa31763a5aa45d3976952b66f0cf9c1471a010860e,L19527591,1,0,SUCCESS,1,1784984547,1784993400,53.909896,SXR,
0x6ed5f67db268fb966153ffd551f5e722cd7168fa9093272521c2646589703a42,0xFD3a22179CA4104E97c670b834750Bd7Ff310b17,1,1,1.2025,1X2,Tie,Sweden Allsvenskan,IK Sirius FK vs IFK Göteborg,IK Sirius FK,IFK Göteborg,0x9cf2559818f78e15814b3771fc0775c8b1f97b487ba6b313a689959a66e657ce,L19533453,0,0,SUCCESS,1,1784984442,1785067200,4.938272,SXR,0x6629Ce1Cf35Cc1329ebB4F63202F3f197b3F050B
0x4f9acd5443217822293874787ce03f3e59a75854babc3ab8ec112513588c7772,0x8268feC8dCb0D284343054BDf2b649286c9aA0a1,2,8.0,1.4475,,,Sweden Allsvenskan,Degerfors IF vs Djurgardens IF,Degerfors IF,Djurgardens IF,0x0a92989f06d3f95852ab569618fdaa5dc7f8614c5196e5fbde2c3a3c94c19935,L19526598,1,0,SUCCESS,1,1784984386,1784984400,18.099531,SXR,
0x195acdc63e48eff55db53824bc1e15d4d9a7fb033f1bea2531c088ffd03194bc,0x68E1818FF20BBe84F9be9E0A4A395FB11079Bd35,1,89.0,1.3713,,,Sweden Allsvenskan,Kalmar FF vs Mjallby AIF,Kalmar FF,Mjallby AIF,0x76cd3325f67b8036d2838bd64a451f1aed2bb1ac723f96ffe45216c58748970f,L19527591,1,0,SUCCESS,1,1784984310,1784993400,239.73064,SXR,
0x12577415afc5963ca24cbd8ffcb4a824edbde46201eb6f484d86c4fdb0b3f68a,0xE4DD6165bFF7EE73D7932C3b478f7E22431e85E7,2,26.0,1.4287,,,Sweden Allsvenskan,Degerfors IF vs Djurgardens IF,Degerfors IF,Djurgardens IF,0x00ed1868dd8128767c16257245c1faf28cba09aa57c3939cafd62db549c790e7,L19526598,1,0,SUCCESS,1,1784984277,1784984400,60.971545,SXR,
0xc67e1a19f28f79556add217c1e351ce39cbcfb2344e1839872b76a6275f008ce,0xB1854fc8aD8ce649EA80D007Fc67d318a239a5DA,1,441.0,1.575,,,Sweden Allsvenskan,Degerfors IF vs Djurgardens IF,Degerfors IF,Djurgardens IF,0x2445f7593d9c675ff2765c340ea97d0c6ab1f0e8615055439a562bcfd478a0e6,L19526598,1,0,SUCCESS,1,1784984267,1784984400,768.573913,SXR,
0xaddc9e311ee5c86decd3118f3f9af6c82e0699a2813089fea002f695abdd986a,0xE4DD6165bFF7EE73D7932C3b478f7E22431e85E7,2,4.0,1.4325,,,Sweden Allsvenskan,Degerfors IF vs Djurgardens IF,Degerfors IF,Djurgardens IF,0x00ed1868dd8128767c16257245c1faf28cba09aa57c3939cafd62db549c790e7,L19526598,1,0,SUCCESS,1,1784984131,1784984400,10.378844,SXR,
0x791fea7d417478734032fb3b88baa5038915e95e18566c5b113eebb0e9fa2a8b,0x68E1818FF20BBe84F9be9E0A4A395FB11079Bd35,2,3.0,1.755,,,Sweden Allsvenskan,Degerfors IF vs Djurgardens IF,Degerfors IF,Djurgardens IF,0x3e1233ab56cb8b857ca0f665dacd396a7b47ba2716126e7572c135e11d0da125,L19526598,1,0,SUCCESS,1,1784983991,1784984400,4.081629,SXR,
0x794df4ef6b45136b23d7af3ac4162e64f54c34e44e7c30cf5ac1df268c2a8709,0x68E1818FF20BBe84F9be9E0A4A395FB11079Bd35,2,57.0,1.755,,,Sweden Allsvenskan,Degerfors IF vs Djurgardens IF,Degerfors IF,Djurgardens IF,0x3e1233ab56cb8b857ca0f665dacd396a7b47ba2716126e7572c135e11d0da125,L19526598,1,0,SUCCESS,1,1784983876,1784984400,76.816318,SXR,
0xf1110df9c8a4bb877c6cd2692542fc48803abeca18ff7c20633dc18b1e7c401d,0xE4DD6165bFF7EE73D7932C3b478f7E22431e85E7,1,9.0,1.2412,,,Sweden Allsvenskan,Degerfors IF vs Djurgardens IF,Degerfors IF,Djurgardens IF,0x3e1233ab56cb8b857ca0f665dacd396a7b47ba2716126e7572c135e11d0da125,L19526598,1,0,SUCCESS,1,1784983800,1784984400,40.856663,SXR,
0xc67ce9267c0412a536defc7261ad0b90e2fa0c83d4083636d94f55e74e8c46a0,0x68E1818FF20BBe84F9be9E0A4A395FB11079Bd35,2,10.0,1.7225,,,Sweden Allsvenskan,Kalmar FF vs Mjallby AIF,Kalmar FF,Mjallby AIF,0x9168cbfe8d32a82f765766fa31763a5aa45d3976952b66f0cf9c1471a010860e,L19527591,1,0,SUCCESS,1,1784983794,1784993400,15.099087,SXR,
0xfc8f65ff2528d832f27d2ea8ab5e032d6563ba8b816f93fc5e850b9309eb4703,0x740d5718a79A8559fEeE8B00922F8Cd773A81D84,2,1.0,1.455,,,Sweden Allsvenskan,Degerfors IF vs Djurgardens IF,Degerfors IF,Djurgardens IF,0x0a92989f06d3f95852ab569618fdaa5dc7f8614c5196e5fbde2c3a3c94c19935,L19526598,1,0,SUCCESS,1,1784983534,1784984400,2.972462,SXR,
0x3564b07cb0e3d2b9566bf4e22f3b80177bf2a106ab06720079176505ae23256d,0x740d5718a79A8559fEeE8B00922F8Cd773A81D84,2,2.0,1.455,,,Sweden Allsvenskan,Degerfors IF vs Djurgardens IF,Degerfors IF,Djurgardens IF,0x0a92989f06d3f95852ab569618fdaa5dc7f8614c5196e5fbde2c3a3c94c19935,L19526598,1,0,SUCCESS,1,1784983531,1784984400,5.944945,SXR,
0xb22bd6c3e096f309381d8705acc3a13c36a746e939b6d75e0b13a3c819d2f73c,0x8268feC8dCb0D284343054BDf2b649286c9aA0a1,2,5.0,1.455,,,Sweden Allsvenskan,Degerfors IF vs Djurgardens IF,Degerfors IF,Djurgardens IF,0x0a92989f06d3f95852ab569618fdaa5dc7f8614c5196e5fbde2c3a3c94c19935,L19526598,1,0,SUCCESS,1,1784983528,1784984400,11.908242,SXR,
0x16966217e80808a4e5f9fa8877e098dc4bd7909cf24c95c158cbede67ab14a1e,0x8268feC8dCb0D284343054BDf2b649286c9aA0a1,2,32.0,1.455,,,Sweden Allsvenskan,Degerfors IF vs Djurgardens IF,Degerfors IF,Djurgardens IF,0x0a92989f06d3f95852ab569618fdaa5dc7f8614c5196e5fbde2c3a3c94c19935,L19526598,1,0,SUCCESS,1,1784983526,1784984400,70.458703,SXR,
0xcffd3bd8f376567474f08f0140966d430e0e00c77072f79fadc4c9d816c64398,0x68E1818FF20BBe84F9be9E0A4A395FB11079Bd35,2,4.0,1.7225,,,Sweden Allsvenskan,Kalmar FF vs Mjallby AIF,Kalmar FF,Mjallby AIF,0x9168cbfe8d32a82f765766fa31763a5aa45d3976952b66f0cf9c1471a010860e,L19527591,1,0,SUCCESS,1,1784983504,1784993400,6.63063,SXR,
0xd86a90f7618ac5d1e868eec41d7c870ed291653df5cd2ff3808bda302780e8b2,0xE4DD6165bFF7EE73D7932C3b478f7E22431e85E7,2,43.0,1.8475,,,Sweden Allsvenskan,Degerfors IF vs Djurgardens IF,Degerfors IF,Djurgardens IF,0xfbe0cb4b36430938ea19e666bc0346e0da91d249d3cf406c22a41b918175653f,L19526598,1,0,SUCCESS,1,1784983483,1784984400,51.339233,SXR,
0x66f31f73c42c4e4532da54f512dd1bee050f901ba21883398d3827ef23d67e73,0x47D0CE9b8d653c8884DB7E2a7F88d4849E0CD980,2,4.0,1.4875,,,Sweden Allsvenskan,Kalmar FF vs Mjallby AIF,Kalmar FF,Mjallby AIF,0x2c5e1130d8edb999d9a0a89519daaa41ed4f503554f78662cfb28b85ab465113,L19527591,1,0,SUCCESS,1,1784983403,1784993400,8.917067,SXR,
0x97c6fdf587b06873662af790a0dea7230e74b2a7f2f26a11777a37c9cb6b3b8c,0x47D0CE9b8d653c8884DB7E2a7F88d4849E0CD980,2,45.0,1.4875,,,Sweden Allsvenskan,Kalmar FF vs Mjallby AIF,Kalmar FF,Mjallby AIF,0x2c5e1130d8edb999d9a0a89519daaa41ed4f503554f78662cfb28b85ab465113,L19527591,1,0,SUCCESS,1,1784983391,1784993400,93.482913,SXR,
0x5b46d1c9cc7bfece20410f5afd9b95c7460ea17169994994d439a238fed508f5,0x8268feC8dCb0D284343054BDf2b649286c9aA0a1,2,0.0,1.4563,,,Sweden Allsvenskan,Degerfors IF vs Djurgardens IF,Degerfors IF,Djurgardens IF,0x0a92989f06d3f95852ab569618fdaa5dc7f8614c5196e5fbde2c3a3c94c19935,L19526598,1,0,SUCCESS,1,1784983371,1784984400,1.839079,SXR,
0x92753b359c8f6643ef48cba51079c418bfc5f8c8617394a5a8de1247acab00bc,0x8268feC8dCb0D284343054BDf2b649286c9aA0a1,2,102.0,1.4575,,,Sweden Allsvenskan,Degerfors IF vs Djurgardens IF,Degerfors IF,Djurgardens IF,0x0a92989f06d3f95852ab569618fdaa5dc7f8614c5196e5fbde2c3a3c94c19935,L19526598,1,0,SUCCESS,1,1784983311,1784984400,223.041464,SXR,
0xd6aff7012ae8072f555c76cfe7255dd6d8c34381f319383345d6ea08fadf5dc4,0x8173FA90CeD5086aef3705Ad4EB94B72F7a05df8,2,81.0,1.81,,,Sweden Allsvenskan,Degerfors IF vs Djurgardens IF,Degerfors IF,Djurgardens IF,0x4f199ef35e722ce87fbca29f646b2d18d0fb695aa837ceedefd73356c342f578,L19526598,1,0,SUCCESS,1,1784983308,1784984400,100.0,SXR,
0x8fc2f140843a4b25eb9767ad9a611c21bc75ca08a060d5d2ec61213acacbab8c,0x8268feC8dCb0D284343054BDf2b649286c9aA0a1,1,8.0,1.24,,,Sweden Allsvenskan,Degerfors IF vs Djurgardens IF,Degerfors IF,Djurgardens IF,0x3e1233ab56cb8b857ca0f665dacd396a7b47ba2716126e7572c135e11d0da125,L19526598,1,0,SUCCESS,1,1784982939,1784984400,33.894708,SXR,
0xb1b69788669c32205463655650c34bbbfbcfcc6db35008dc654984dc909aff45,0xe2C68b7ef85645e47F9b94382c3Db59b046945a2,2,115.0,1.7525,,,Sweden Allsvenskan,Degerfors IF vs Djurgardens IF,Degerfors IF,Djurgardens IF,0x3e1233ab56cb8b857ca0f665dacd396a7b47ba2716126e7572c135e11d0da125,L19526598,1,0,SUCCESS,1,1784982912,1784984400,153.700106,SXR,
0x7e8a0b673f23c21fc38e6110d3a244d5c4f6afc3fb849699f5266b81e52ad86f,0x68E1818FF20BBe84F9be9E0A4A395FB11079Bd35,2,46.0,1.755,,,Sweden Allsvenskan,Degerfors IF vs Djurgardens IF,Degerfors IF,Djurgardens IF,0x3e1233ab56cb8b857ca0f665dacd396a7b47ba2716126e7572c135e11d0da125,L19526598,1,0,SUCCESS,1,1784982911,1784984400,61.717815,SXR,
0xc24b1ee6aad4ffc68e39c1ae634dd65a5fa06f550d1d7a3e81cc8bcd273ab10a,0x68E1818FF20BBe84F9be9E0A4A395FB11079Bd35,2,15.0,1.755,,,Sweden Allsvenskan,Degerfors IF vs Djurgardens IF,Degerfors IF,Djurgardens IF,0x3e1233ab56cb8b857ca0f665dacd396a7b47ba2716126e7572c135e11d0da125,L19526598,1,0,SUCCESS,1,1784982894,1784984400,20.857139,SXR,
0x042677f728a3616d731c5beb27dfbf429df5c52cb14b8cb6a0980b12b4d1feaa,0x68E1818FF20BBe84F9be9E0A4A395FB11079Bd35,2,3.0,1.755,,,Sweden Allsvenskan,Degerfors IF vs Djurgardens IF,Degerfors IF,Djurgardens IF,0x3e1233ab56cb8b857ca0f665dacd396a7b47ba2716126e7572c135e11d0da125,L19526598,1,0,SUCCESS,1,1784982894,1784984400,4.081629,SXR,
0x5b82e7b1a133ff47bc2a219a855a7d97ee20ffc66a3e5c9bab58cecb72b4ccf2,0x68E1818FF20BBe84F9be9E0A4A395FB11079Bd35,2,103.0,1.755,,,Sweden Allsvenskan,Degerfors IF vs Djurgardens IF,Degerfors IF,Djurgardens IF,0x3e1233ab56cb8b857ca0f665dacd396a7b47ba2716126e7572c135e11d0da125,L19526598,1,0,SUCCESS,1,1784982640,1784984400,137.714278,SXR,
0x7a9caf524e776d791a0f1404879a8e5c187126beb4dfd6f7a76f3b72337d77a7,0xe2C68b7ef85645e47F9b94382c3Db59b046945a2,2,56.0,1.8225,,,Sweden Allsvenskan,Degerfors IF vs Djurgardens IF,Degerfors IF,Djurgardens IF,0x6accc6ec47726eb74d62620921c1b78af102914983c1d605c303bee655836b29,L19526598,1,0,SUCCESS,1,1784982637,1784984400,68.28169,SXR,
0x3c963572320e55091d085086af133d70e2226097ef651e8a0989d16eb0ac7c72,0xe2C68b7ef85645e47F9b94382c3Db59b046945a2,2,609.0,1.8225,,,Sweden Allsvenskan,Degerfors IF vs Djurgardens IF,Degerfors IF,Djurgardens IF,0x6accc6ec47726eb74d62620921c1b78af102914983c1d605c303bee655836b29,L19526598,1,0,SUCCESS,1,1784982637,1784984400,741.40828,SXR,
0x008be256bc4e5b7123a922ba1c144a34dcf7fcfd661dd1fbfc37aca03a54e41f,0xE4DD6165bFF7EE73D7932C3b478f7E22431e85E7,1,22.0,1.2388,,,Sweden Allsvenskan,Degerfors IF vs Djurgardens IF,Degerfors IF,Djurgardens IF,0x3e1233ab56cb8b857ca0f665dacd396a7b47ba2716126e7572c135e11d0da125,L19526598,1,0,SUCCESS,1,1784982514,1784984400,93.445026,SXR,
0x2285602d6cb0a40e33513ecce4bcedf32de800cf12fb75f7e30c2038a6c9736b,0xE4DD6165bFF7EE73D7932C3b478f7E22431e85E7,1,26.0,1.7,,,Sweden Allsvenskan,Degerfors IF vs Djurgardens IF,Degerfors IF,Djurgardens IF,0xed41b270d17b4382a6933cb7ed6d9677872b4a3999d3d42d11a4fe57003aa20e,L19526598,1,0,SUCCESS,1,1784982399,1784984400,37.928571,SXR,
0xbe0123a3c61ef9826b43c74db54f0e0dd8440e951105d06a0720f70cb91378c0,0xE4DD6165bFF7EE73D7932C3b478f7E22431e85E7,1,25.0,1.3962,,,Sweden Allsvenskan,Degerfors IF vs Djurgardens IF,Degerfors IF,Djurgardens IF,0x24eed3f46ebaa3ac492e131cb6e48e4d653fd80bc519eebdd67a420c2221d2c2,L19526598,1,0,SUCCESS,1,1784982396,1784984400,63.519647,SXR,
0x3590a01d41663a97282470b2e71cba8e784cbf554ac7ab37cfd6d82684262045,0xE4DD6165bFF7EE73D7932C3b478f7E22431e85E7,1,20.0,1.305,,,Sweden Allsvenskan,Degerfors IF vs Djurgardens IF,Degerfors IF,Djurgardens IF,0xac0dc830236759d98fce5de4e4c1a06fae7b0d4d337ee5d53094bfbd66074a37,L19526598,1,0,SUCCESS,1,1784982396,1784984400,68.589902,SXR,
0x63f7b0460bfbc14ac29571b303050521552c9581a852b81f28f876e0d5a8396a,0xE4DD6165bFF7EE73D7932C3b478f7E22431e85E7,1,0.0,1.1863,,,Sweden Allsvenskan,Degerfors IF vs Djurgardens IF,Degerfors IF,Djurgardens IF,0x4f199ef35e722ce87fbca29f646b2d18d0fb695aa837ceedefd73356c342f578,L19526598,1,0,SUCCESS,1,1784982337,1784984400,5.124403,SXR,
0xc843b579dbfdb1ddeb4e88ea7a8bd2a026eb8bb45e0b5fb4936126e7f04fe4c1,0xE4DD6165bFF7EE73D7932C3b478f7E22431e85E7,1,0.0,1.1863,,,Sweden Allsvenskan,Degerfors IF vs Djurgardens IF,Degerfors IF,Djurgardens IF,0x4f199ef35e722ce87fbca29f646b2d18d0fb695aa837ceedefd73356c342f578,L19526598,1,0,SUCCESS,1,1784982336,1784984400,2.666631,SXR,
0x668e3bd9a4e31965c1debe80b42e59757decd552b27d009876383094836b4721,0xE4DD6165bFF7EE73D7932C3b478f7E22431e85E7,2,22.0,1.47,,,Sweden Allsvenskan,Degerfors IF vs Djurgardens IF,Degerfors IF,Djurgardens IF,0x0a92989f06d3f95852ab569618fdaa5dc7f8614c5196e5fbde2c3a3c94c19935,L19526598,1,0,SUCCESS,1,1784982097,1784984400,48.415085,SXR,
0x7a0a9c7ee7eb16413ed902a787e53a15b0bc3577b6c9bf99143cd216e9b37b4f,0xE4DD6165bFF7EE73D7932C3b478f7E22431e85E7,2,37.0,1.6062,,,Sweden Allsvenskan,Degerfors IF vs Djurgardens IF,Degerfors IF,Djurgardens IF,0x24eed3f46ebaa3ac492e131cb6e48e4d653fd80bc519eebdd67a420c2221d2c2,L19526598,1,0,SUCCESS,1,1784982096,1784984400,61.638087,SXR,
0x45dddb160c94d3a0b44ef671468fca9651f1c46db9bcd38d9849b868f1dd4417,0xe2C68b7ef85645e47F9b94382c3Db59b046945a2,2,587.0,1.9363,,,Sweden Allsvenskan,Degerfors IF vs Djurgardens IF,Degerfors IF,Djurgardens IF,0x04f304aac146c8a89a887217de45191b873983e87cc42107fc06aafc0bb1eb9b,L19526598,1,0,SUCCESS,1,1784982090,1784984400,627.60784,SXR,
0x5429699fd6fe13ed4790fa1f5fc622ab8b385dd668f9fa749bdf0d2d56c7e457,0x516bfc7CE57c0E1734388ECed5Bb9454aA6aeFae,1,9.0,1.3,,,Sweden Allsvenskan,Degerfors IF vs Djurgardens IF,Degerfors IF,Djurgardens IF,0xac0dc830236759d98fce5de4e4c1a06fae7b0d4d337ee5d53094bfbd66074a37,L19526598,1,0,SUCCESS,1,1784982069,1784984400,33.328567,SXR,
0xdcdcb14d5e4ffe6411eeb6e776495b10417ed53c86793f84668b2c46dfc2b39c,0xE4DD6165bFF7EE73D7932C3b478f7E22431e85E7,1,18.0,1.3025,,,Sweden Allsvenskan,Degerfors IF vs Djurgardens IF,Degerfors IF,Djurgardens IF,0xac0dc830236759d98fce5de4e4c1a06fae7b0d4d337ee5d53094bfbd66074a37,L19526598,1,0,SUCCESS,1,1784982066,1784984400,62.314017,SXR,
0x688403e2532aedbf813a1a5b3f7cf5d10405890083df697773ac757a4388f500,0x516bfc7CE57c0E1734388ECed5Bb9454aA6aeFae,1,9.0,1.15,,,Sweden Allsvenskan,Degerfors IF vs Djurgardens IF,Degerfors IF,Djurgardens IF,0xfbe0cb4b36430938ea19e666bc0346e0da91d249d3cf406c22a41b918175653f,L19526598,1,0,SUCCESS,1,1784982066,1784984400,66.6666,SXR,
0x4dbb78f00cae7d89b89436ac6b37d64870c29d9f5e7bbfd2f032dfc005fb4ce0,0x516bfc7CE57c0E1734388ECed5Bb9454aA6aeFae,1,10.0,1.7,,,Sweden Allsvenskan,Degerfors IF vs Djurgardens IF,Degerfors IF,Djurgardens IF,0xed41b270d17b4382a6933cb7ed6d9677872b4a3999d3d42d11a4fe57003aa20e,L19526598,1,0,SUCCESS,1,1784982066,1784984400,14.285714,SXR,
0x22a78db3be965409ac911825eb0c2aa56b1b824fe550ff8773c8e9e75b50a5af,0xE4DD6165bFF7EE73D7932C3b478f7E22431e85E7,1,40.0,1.7712,,,Sweden Allsvenskan,Degerfors IF vs Djurgardens IF,Degerfors IF,Djurgardens IF,0x98c343f84bd21eca8bb9930f5ceb4326f8b60f169468256fc8e472b8de55b8a3,L19526598,1,0,SUCCESS,1,1784982066,1784984400,53.114749,SXR,
0x01f324b02af38e0b789194c3d8a1f80518968e3f6c6ffe701de3bbb235ce5afa,0xE4DD6165bFF7EE73D7932C3b478f7E22431e85E7,1,26.0,1.39,,,Sweden Allsvenskan,Degerfors IF vs Djurgardens IF,Degerfors IF,Djurgardens IF,0x24eed3f46ebaa3ac492e131cb6e48e4d653fd80bc519eebdd67a420c2221d2c2,L19526598,1,0,SUCCESS,1,1784982066,1784984400,67.282026,SXR,
0x576562acb35247d66e40d359a11c4653da167bc7af76ed2a047ad65787d834f2,0x4a09916b1325Eed50eE8973B13742a205B0B7c7E,1,6.0,1.5725,,,Sweden Allsvenskan,Degerfors IF vs Djurgardens IF,Degerfors IF,Djurgardens IF,0x2445f7593d9c675ff2765c340ea97d0c6ab1f0e8615055439a562bcfd478a0e6,L19526598,1,0,SUCCESS,1,1784981839,1784984400,11.695895,SXR,
0xa142b584c7d84ff4f274ec1af1858c216f41b0c4dc3e162a320b1a46779d21a9,0x4a09916b1325Eed50eE8973B13742a205B0B7c7E,1,6.0,1.5725,,,Sweden Allsvenskan,Degerfors IF vs Djurgardens IF,Degerfors IF,Djurgardens IF,0x2445f7593d9c675ff2765c340ea97d0c6ab1f0e8615055439a562bcfd478a0e6,L19526598,1,0,SUCCESS,1,1784981836,1784984400,11.695895,SXR,
0xe0bc584527fb962ead1a52998f567147e4c124039cc2685dbe842e86b47162b8,0x4a09916b1325Eed50eE8973B13742a205B0B7c7E,1,40.0,1.68,,,Sweden Allsvenskan,Degerfors IF vs Djurgardens IF,Degerfors IF,Djurgardens IF,0xec2434ae4ad9fc40a3e13829eecd66ba3e8033851006587b58d4569687698f02,L19526598,1,0,SUCCESS,1,1784981824,1784984400,60.191162,SXR,
0x33deacb164cff4ea67c3854addb133ba3f5b0c8a466154c46752b7a1aa0bdd8b,0x4a09916b1325Eed50eE8973B13742a205B0B7c7E,1,34.0,1.5725,,,Sweden Allsvenskan,Degerfors IF vs Djurgardens IF,Degerfors IF,Djurgardens IF,0x2445f7593d9c675ff2765c340ea97d0c6ab1f0e8615055439a562bcfd478a0e6,L19526598,1,0,SUCCESS,1,1784981821,1784984400,60.192122,SXR,
0x0adf28d597ad34a783aef8b0bc15626d68f054602ead60fcf22965b63120618b,0x4a09916b1325Eed50eE8973B13742a205B0B7c7E,1,40.0,1.6787,,,Sweden Allsvenskan,Degerfors IF vs Djurgardens IF,Degerfors IF,Djurgardens IF,0xec2434ae4ad9fc40a3e13829eecd66ba3e8033851006587b58d4569687698f02,L19526598,1,0,SUCCESS,1,1784981813,1784984400,60.19888,SXR,
0x99464c00c605ed331fa40e32bee41bb5fcfc7c0ac8ed87c893a90d1fe292355f,0xE4DD6165bFF7EE73D7932C3b478f7E22431e85E7,1,4.0,1.2375,,,Sweden Allsvenskan,Degerfors IF vs Djurgardens IF,Degerfors IF,Djurgardens IF,0x7d328bed9b3dfc41501d0246e192dc38f2eada98f56126bfa6ef13225bcb589b,L19526598,1,0,SUCCESS,1,1784981808,1784984400,17.704884,SXR,
0x4402cfaeb25a09546d7a54e975953d11da9ce253b18b952040e66f75bd9b57e2,0xE4DD6165bFF7EE73D7932C3b478f7E22431e85E7,1,15.0,1.2388,,,Sweden Allsvenskan,Degerfors IF vs Djurgardens IF,Degerfors IF,Djurgardens IF,0x1c6f4a5d084aa93d880fae494e3e91022f09dc70246b1e1323d1b562920ecf38,L19526598,1,0,SUCCESS,1,1784981808,1784984400,62.909654,SXR,
0x0d66ca1e733f78ab82dab17eaddc1ca6533fddbd0015822bea17b0df8730a2b4,0x4a09916b1325Eed50eE8973B13742a205B0B7c7E,1,34.0,1.5725,,,Sweden Allsvenskan,Degerfors IF vs Djurgardens IF,Degerfors IF,Djurgardens IF,0x2445f7593d9c675ff2765c340ea97d0c6ab1f0e8615055439a562bcfd478a0e6,L19526598,1,0,SUCCESS,1,1784981800,1784984400,60.192122,SXR,
0x63a5151a74fcc1f3f4b7ee52f76f99c978598615fb8c2bbc033c34deb4fcca06,0x516bfc7CE57c0E1734388ECed5Bb9454aA6aeFae,1,10.0,1.4,,,Sweden Allsvenskan,Degerfors IF vs Djurgardens IF,Degerfors IF,Djurgardens IF,0x24eed3f46ebaa3ac492e131cb6e48e4d653fd80bc519eebdd67a420c2221d2c2,L19526598,1,0,SUCCESS,1,1784981796,1784984400,25.0,SXR,
0xc204a7b67270b03dc8afeab6b732b9972e29917487536ea871db32c6b2e085fe,0x7F8CDAF3B3b5de55db9ce39a5742af9b0D2fD8b3,1,9.0,1.5475,,,Sweden Allsvenskan,Degerfors IF vs Djurgardens IF,Degerfors IF,Djurgardens IF,0x0a92989f06d3f95852ab569618fdaa5dc7f8614c5196e5fbde2c3a3c94c19935,L19526598,1,0,SUCCESS,1,1784981778,1784984400,18.254137,SXR,
0x78ca79161d9c1e78b91f679a09c2435753461f86208458ff1f9f10259483f01a,0xE4DD6165bFF7EE73D7932C3b478f7E22431e85E7,2,4.0,1.4475,,,Sweden Allsvenskan,Degerfors IF vs Djurgardens IF,Degerfors IF,Djurgardens IF,0x0a92989f06d3f95852ab569618fdaa5dc7f8614c5196e5fbde2c3a3c94c19935,L19526598,1,0,SUCCESS,1,1784981766,1784984400,9.049765,SXR,
0xcddf9ad6041a1625b49c00a691f9f9aa427b51519879ce6de11bbff52f5e9c52,0xC88F614A48f8A705d7465b03aAF62ddaca0c3754,1,19.0,1.4138,,,Sweden Allsvenskan,Degerfors IF vs Djurgardens IF,Degerfors IF,Djurgardens IF,0x24eed3f46ebaa3ac492e131cb6e48e4d653fd80bc519eebdd67a420c2221d2c2,L19526598,1,0,SUCCESS,1,1784981755,1784984400,47.975807,SXR,
0x0118983a44ff5c745413d0a74136d2447a4de7d52e49662d5b65c6d2ec0e7706,0x4a09916b1325Eed50eE8973B13742a205B0B7c7E,1,41.0,1.71,,,Sweden Allsvenskan,Degerfors IF vs Djurgardens IF,Degerfors IF,Djurgardens IF,0xed41b270d17b4382a6933cb7ed6d9677872b4a3999d3d42d11a4fe57003aa20e,L19526598,1,0,SUCCESS,1,1784981753,1784984400,59.103437,SXR,
0xfcf939ee88c15b2003ed0ed4bbbfdf8430cb5b8a8a34ac1d4f36915ecd2133f1,0xe2C68b7ef85645e47F9b94382c3Db59b046945a2,1,114.0,1.17,,,Sweden Allsvenskan,Degerfors IF vs Djurgardens IF,Degerfors IF,Djurgardens IF,0xfbe0cb4b36430938ea19e666bc0346e0da91d249d3cf406c22a41b918175653f,L19526598,1,0,SUCCESS,1,1784981750,1784984400,674.941118,SXR,
0xa46add0ce148c98f01d9e43a5157485f47b79723c9f6428fdb724a5fbab9a2e7,0xC88F614A48f8A705d7465b03aAF62ddaca0c3754,1,15.0,1.3262,,,Sweden Allsvenskan,Degerfors IF vs Djurgardens IF,Degerfors IF,Djurgardens IF,0xac0dc830236759d98fce5de4e4c1a06fae7b0d4d337ee5d53094bfbd66074a37,L19526598,1,0,SUCCESS,1,1784981750,1784984400,48.490391,SXR,
0x8fecd86eef9809ba5efd963291b8f9a26fe5acc409900334b9459f47e73ce351,0xE4DD6165bFF7EE73D7932C3b478f7E22431e85E7,1,19.0,1.3287,,,Sweden Allsvenskan,Degerfors IF vs Djurgardens IF,Degerfors IF,Djurgardens IF,0xac0dc830236759d98fce5de4e4c1a06fae7b0d4d337ee5d53094bfbd66074a37,L19526598,1,0,SUCCESS,1,1784981750,1784984400,60.197688,SXR,
0x723105c20ac84fadadef7128a65ac18bfaba72662b39918c76acaecbb6b2a393,0xe2C68b7ef85645e47F9b94382c3Db59b046945a2,1,140.0,1.205,,,Sweden Allsvenskan,Degerfors IF vs Djurgardens IF,Degerfors IF,Djurgardens IF,0x6accc6ec47726eb74d62620921c1b78af102914983c1d605c303bee655836b29,L19526598,1,0,SUCCESS,1,1784981750,1784984400,687.414585,SXR,
0x514e769d322ef0e765c4ffe0a7f1b88cccb58e471bb7bb3fdbbcac75e6c583b8,0x4a09916b1325Eed50eE8973B13742a205B0B7c7E,1,44.0,1.7325,,,Sweden Allsvenskan,Degerfors IF vs Djurgardens IF,Degerfors IF,Djurgardens IF,0xed41b270d17b4382a6933cb7ed6d9677872b4a3999d3d42d11a4fe57003aa20e,L19526598,1,0,SUCCESS,1,1784981750,1784984400,60.191113,SXR,
0x2d3038bbcd79a9c50061521cd443f5fa9bf118b5ec33c8b7ab65fda170d49e07,0xB1854fc8aD8ce649EA80D007Fc67d318a239a5DA,1,418.0,1.7913,,,Sweden Allsvenskan,Degerfors IF vs Djurgardens IF,Degerfors IF,Djurgardens IF,0x98c343f84bd21eca8bb9930f5ceb4326f8b60f169468256fc8e472b8de55b8a3,L19526598,1,0,SUCCESS,1,1784981750,1784984400,528.796209,SXR,
0x2cd3eae7c97cb43a60f4e04d77bb41c9b2c10dea7de9d9aa50918eb42f0efcf0,0xe2C68b7ef85645e47F9b94382c3Db59b046945a2,1,174.0,1.3362,,,Sweden Allsvenskan,Degerfors IF vs Djurgardens IF,Degerfors IF,Djurgardens IF,0xac0dc830236759d98fce5de4e4c1a06fae7b0d4d337ee5d53094bfbd66074a37,L19526598,1,0,SUCCESS,1,1784981750,1784984400,520.02971,SXR,
0xf28426bf57576f555b8a8587f90b21e5915b5a1deb7b320af2c961324e2e0a94,0x8268feC8dCb0D284343054BDf2b649286c9aA0a1,1,30.0,1.5613,,,Sweden Allsvenskan,Degerfors IF vs Djurgardens IF,Degerfors IF,Djurgardens IF,0x0a92989f06d3f95852ab569618fdaa5dc7f8614c5196e5fbde2c3a3c94c19935,L19526598,1,0,SUCCESS,1,1784981747,1784984400,53.903127,SXR,
0xcdffcd8be6bcce8d993c8730f8a56d6aa30bad40d56e13267501891d0602609b,0x4a09916b1325Eed50eE8973B13742a205B0B7c7E,1,33.0,1.56,,,Sweden Allsvenskan,Degerfors IF vs Djurgardens IF,Degerfors IF,Djurgardens IF,0x0a92989f06d3f95852ab569618fdaa5dc7f8614c5196e5fbde2c3a3c94c19935,L19526598,1,0,SUCCESS,1,1784981747,1784984400,60.196411,SXR,
0xbbb481664cf9f4d73c87a4652af82b95ff87182492638de79de513f91674d83e,0xE4DD6165bFF7EE73D7932C3b478f7E22431e85E7,1,19.0,1.7338,,,Sweden Allsvenskan,Degerfors IF vs Djurgardens IF,Degerfors IF,Djurgardens IF,0xed41b270d17b4382a6933cb7ed6d9677872b4a3999d3d42d11a4fe57003aa20e,L19526598,1,0,SUCCESS,1,1784981636,1784984400,26.741779,SXR,
0x742c24017a54105a4128c01fa5032fc3682e4447a6cc2f8c9a5f74a9320de3bd,0xE4DD6165bFF7EE73D7932C3b478f7E22431e85E7,2,26.0,1.7913,,,Sweden Allsvenskan,Degerfors IF vs Djurgardens IF,Degerfors IF,Djurgardens IF,0x6accc6ec47726eb74d62620921c1b78af102914983c1d605c303bee655836b29,L19526598,1,0,SUCCESS,1,1784981496,1784984400,33.2891,SXR,
0xc03818429f5b94880f289dee7f69c2ecaf576093cb8cc0e3f8ca307d938807bc,0xE4DD6165bFF7EE73D7932C3b478f7E22431e85E7,2,6.0,1.6575,,,Sweden Allsvenskan,Degerfors IF vs Djurgardens IF,Degerfors IF,Djurgardens IF,0xac0dc830236759d98fce5de4e4c1a06fae7b0d4d337ee5d53094bfbd66074a37,L19526598,1,0,SUCCESS,1,1784981463,1784984400,9.167878,SXR,
0xc80e61231ad15769a23273d8d78247bee7fe450f70978c5c5e798e19788a7639,0xE4DD6165bFF7EE73D7932C3b478f7E22431e85E7,2,19.0,1.5575,,,Sweden Allsvenskan,Degerfors IF vs Djurgardens IF,Degerfors IF,Djurgardens IF,0x24eed3f46ebaa3ac492e131cb6e48e4d653fd80bc519eebdd67a420c2221d2c2,L19526598,1,0,SUCCESS,1,1784981429,1784984400,34.457399,SXR,
0x6a7e02ec43747c2c4d9ff447f7506a8c06a1b95082225c9ab85cac7e57b9c64a,0x8268feC8dCb0D284343054BDf2b649286c9aA0a1,1,35.0,1.2275,,,Sweden Allsvenskan,Degerfors IF vs Djurgardens IF,Degerfors IF,Djurgardens IF,0x3e1233ab56cb8b857ca0f665dacd396a7b47ba2716126e7572c135e11d0da125,L19526598,1,0,SUCCESS,1,1784981414,1784984400,154.161802,SXR,
0xe3c83c0e19393964d1a10ac1d36b60e23c2dba8e6d3b09e931db4533727921fc,0x68E1818FF20BBe84F9be9E0A4A395FB11079Bd35,1,11.0,1.3538,,,Sweden Allsvenskan,Kalmar FF vs Mjallby AIF,Kalmar FF,Mjallby AIF,0x9e688aef148794c4862fd0cbe00a954770780af298be8e77099358c78d3119c9,L19527591,1,0,SUCCESS,1,1784981325,1784993400,33.160537,SXR,
0x0130fb0c68a2f3e90e4282691278080268f962cacdf1fecea7065f4e049a4b69,0xFD3a22179CA4104E97c670b834750Bd7Ff310b17,1,16.36,1.1487,1X2,IFK Göteborg,Sweden Allsvenskan,IK Sirius FK vs IFK Göteborg,IK Sirius FK,IFK Göteborg,0xd298d014025af9bfcc1e28c1076983debf3b862eb28ebb83526092d170864369,L19533453,0,0,SUCCESS,1,1784981177,1785067200,109.983193,SXR,0x6629Ce1Cf35Cc1329ebB4F63202F3f197b3F050B
0x6d396320b17c8ffbef572ca7c9df71936bc09b3326656be4a5b66ee4311bc759,0x8268feC8dCb0D284343054BDf2b649286c9aA0a1,1,297.0,1.4312,,,Sweden Allsvenskan,Degerfors IF vs Djurgardens IF,Degerfors IF,Djurgardens IF,0x24eed3f46ebaa3ac492e131cb6e48e4d653fd80bc519eebdd67a420c2221d2c2,L19526598,1,0,SUCCESS,1,1784981132,1784984400,689.283501,SXR,
0x3320c704cf2933a45a3e126d2ea99ab71c9a951f83ca27403ba527d4a54ae624,0x68E1818FF20BBe84F9be9E0A4A395FB11079Bd35,1,11.0,1.3538,,,Sweden Allsvenskan,Kalmar FF vs Mjallby AIF,Kalmar FF,Mjallby AIF,0x9e688aef148794c4862fd0cbe00a954770780af298be8e77099358c78d3119c9,L19527591,1,0,SUCCESS,1,1784981112,1784993400,31.767887,SXR,
0x37d77d0b360f8667589a25fb86a838876a0a7904f7714119a95e3a884b1bde25,0xE4DD6165bFF7EE73D7932C3b478f7E22431e85E7,1,3.0,1.2275,,,Sweden Allsvenskan,Degerfors IF vs Djurgardens IF,Degerfors IF,Djurgardens IF,0x3e1233ab56cb8b857ca0f665dacd396a7b47ba2716126e7572c135e11d0da125,L19526598,1,0,SUCCESS,1,1784981081,1784984400,15.637538,SXR,
0x338756988afdff64fe06a2e0a81605d3ec18784ce7c2a32068ed090b880f05f9,0xE4DD6165bFF7EE73D7932C3b478f7E22431e85E7,1,0.0,1.4125,,,Sweden Allsvenskan,Degerfors IF vs Djurgardens IF,Degerfors IF,Djurgardens IF,0x10ae18f93f5224ff7a51b8a1207183acdb85db124c4b40f5595fb659b074f7fd,L19526598,1,0,SUCCESS,1,1784981081,1784984400,1.702109,SXR,
0x996db0d76658c2ff8331da96e4f5cf90e30db04765456228ba3e5e1f5874022e,0x68E1818FF20BBe84F9be9E0A4A395FB11079Bd35,1,14.0,1.3538,,,Sweden Allsvenskan,Kalmar FF vs Mjallby AIF,Kalmar FF,Mjallby AIF,0x9e688aef148794c4862fd0cbe00a954770780af298be8e77099358c78d3119c9,L19527591,1,0,SUCCESS,1,1784980985,1784993400,40.541569,SXR,
0xa53bfaf81a5d2c6fdda0b09d79957fef799520832d04e3062a1ee46cfb23fb11,0x68E1818FF20BBe84F9be9E0A4A395FB11079Bd35,1,22.0,1.3538,,,Sweden Allsvenskan,Kalmar FF vs Mjallby AIF,Kalmar FF,Mjallby AIF,0x9e688aef148794c4862fd0cbe00a954770780af298be8e77099358c78d3119c9,L19527591,1,0,SUCCESS,1,1784980955,1784993400,62.746601,SXR,
0xd183a9e97ce3eb18f035cad1d3a90253110d17c5a79aa9eb4444b5ab3e38bf67,0xE4DD6165bFF7EE73D7932C3b478f7E22431e85E7,2,4.0,1.4587,,,Sweden Allsvenskan,Kalmar FF vs Mjallby AIF,Kalmar FF,Mjallby AIF,0x81272a2fd724c496e9d22d261afddfb3f1e8f5b89cf289ee8174c7d47796a5b1,L19527591,1,0,SUCCESS,1,1784980617,1784993400,9.237864,SXR,
0x26d9bf4809731ae7ad83d3b1f4249d1f0a7d4aa07d285eb0cb5128064dabd790,0x8268feC8dCb0D284343054BDf2b649286c9aA0a1,1,4.0,1.5813,,,Sweden Allsvenskan,Degerfors IF vs Djurgardens IF,Degerfors IF,Djurgardens IF,0x00ed1868dd8128767c16257245c1faf28cba09aa57c3939cafd62db549c790e7,L19526598,1,0,SUCCESS,1,1784980525,1784984400,7.164163,SXR,
0xf14de50e06be5b1e9f5bbb1dcd8c2aee9cfa8bc257681c93be90dc589ce04a28,0x8268feC8dCb0D284343054BDf2b649286c9aA0a1,1,25.0,1.65,,,Sweden Allsvenskan,Degerfors IF vs Djurgardens IF,Degerfors IF,Djurgardens IF,0xec2434ae4ad9fc40a3e13829eecd66ba3e8033851006587b58d4569687698f02,L19526598,1,0,SUCCESS,1,1784979843,1784984400,38.514277,SXR,
0x4bc8342b14de5f58320f505d3ca7b0cec1b0e3eb02ffca8da9c2dc5de0e41185,0x97EC1C9682F70091efB04e97b0B34698cF815EE1,,33.18,1.2937,1X2,,Sweden Allsvenskan,GAIS vs Halmstads BK,GAIS,Halmstads BK,0xc4cadbbea34e8e05bed09ffe79da4bc63d5621853663abc7d26aefd29ec873c6,L19533456,0,0,SUCCESS,1,1784979694,1785076200,112.953191,SXR,0x6629Ce1Cf35Cc1329ebB4F63202F3f197b3F050B
0xb3dd2814a8d68d5d2f1b92ae942d038e97341f3a238c0cded84925bf0d193370,0x68E1818FF20BBe84F9be9E0A4A395FB11079Bd35,2,12.0,1.815,,,Sweden Allsvenskan,Degerfors IF vs Djurgardens IF,Degerfors IF,Djurgardens IF,0x4f199ef35e722ce87fbca29f646b2d18d0fb695aa837ceedefd73356c342f578,L19526598,1,0,SUCCESS,1,1784978406,1784984400,15.243239,SXR,
0xb26757c7569ce5fcc38be8c280566653103e023b0ff09b20b690d27caded5e91,0xE4DD6165bFF7EE73D7932C3b478f7E22431e85E7,2,34.0,1.4062,,,Sweden Allsvenskan,Degerfors IF vs Djurgardens IF,Degerfors IF,Djurgardens IF,0x00ed1868dd8128767c16257245c1faf28cba09aa57c3939cafd62db549c790e7,L19526598,1,0,SUCCESS,1,1784978171,1784984400,85.675766,SXR,
0xf30f4223dfcd6be9075856d6c53a6f420e8db110ed0c0f458e65ecc69ba1b566,0xB1854fc8aD8ce649EA80D007Fc67d318a239a5DA,2,26.0,1.7688,,,Sweden Allsvenskan,Degerfors IF vs Djurgardens IF,Degerfors IF,Djurgardens IF,0x3e1233ab56cb8b857ca0f665dacd396a7b47ba2716126e7572c135e11d0da125,L19526598,1,0,SUCCESS,1,1784977599,1784984400,34.594589,SXR,
0x7a6e17a713b935bb04b47a46b6c9a2f5cb1a9cb8cfb9205af1b48c826a7c2a4c,0xE4DD6165bFF7EE73D7932C3b478f7E22431e85E7,2,14.0,1.5575,,,Sweden Allsvenskan,Degerfors IF vs Djurgardens IF,Degerfors IF,Djurgardens IF,0x24eed3f46ebaa3ac492e131cb6e48e4d653fd80bc519eebdd67a420c2221d2c2,L19526598,1,0,SUCCESS,1,1784977588,1784984400,25.401112,SXR,
0xf28cf5e31849c21323cf8b2dbfe12ee8befd8da9686ff5734a12c7423ffb74fe,0x8173FA90CeD5086aef3705Ad4EB94B72F7a05df8,2,40.0,1.41,,,Sweden Allsvenskan,Degerfors IF vs Djurgardens IF,Degerfors IF,Djurgardens IF,0x00ed1868dd8128767c16257245c1faf28cba09aa57c3939cafd62db549c790e7,L19526598,1,0,SUCCESS,1,1784977046,1784984400,99.994976,SXR,
0x0f5ebd24bd31ad9e9e44e1dd85dbb0e0701b035a0a02d3fbb8ac371ce7bb90f0,0xE4DD6165bFF7EE73D7932C3b478f7E22431e85E7,2,48.0,1.4112,,,Sweden Allsvenskan,Degerfors IF vs Djurgardens IF,Degerfors IF,Djurgardens IF,0x00ed1868dd8128767c16257245c1faf28cba09aa57c3939cafd62db549c790e7,L19526598,1,0,SUCCESS,1,1784977045,1784984400,117.617021,SXR,
0xabf268e8d4be2b2d7cba716129194005d74a8b4cc577d970427c9619ea49ed94,0xE4DD6165bFF7EE73D7932C3b478f7E22431e85E7,2,19.0,1.34,,,Sweden Allsvenskan,Degerfors IF vs Djurgardens IF,Degerfors IF,Djurgardens IF,0xec2434ae4ad9fc40a3e13829eecd66ba3e8033851006587b58d4569687698f02,L19526598,1,0,SUCCESS,1,1784976710,1784984400,55.939382,SXR,
0x51b1ac119e058a120c5a36480d203f46fd91fa2b22c240941e127b4261f1129c,0xE4DD6165bFF7EE73D7932C3b478f7E22431e85E7,2,19.0,1.4512,,,Sweden Allsvenskan,Degerfors IF vs Djurgardens IF,Degerfors IF,Djurgardens IF,0x2445f7593d9c675ff2765c340ea97d0c6ab1f0e8615055439a562bcfd478a0e6,L19526598,1,0,SUCCESS,1,1784976710,1784984400,43.589961,SXR,
0x6ad70b251cb3fcce328807e0ebeeb032cc7f9da9072e493e4ace74cd71d6f48a,0x68E1818FF20BBe84F9be9E0A4A395FB11079Bd35,1,211.0,1.5875,,,Sweden Allsvenskan,Degerfors IF vs Djurgardens IF,Degerfors IF,Djurgardens IF,0x00ed1868dd8128767c16257245c1faf28cba09aa57c3939cafd62db549c790e7,L19526598,1,0,SUCCESS,1,1784976709,1784984400,360.851047,SXR,
0xe36c6b9c9c01cb1f4df43424af1f756367c47e88320a18c27e455b94458a821f,0xee1ab015EDA6cAfd429804B0f31BABdaa77A9814,1,34.0,1.2375,,,Sweden Allsvenskan,Degerfors IF vs Djurgardens IF,Degerfors IF,Djurgardens IF,0x1c6f4a5d084aa93d880fae494e3e91022f09dc70246b1e1323d1b562920ecf38,L19526598,1,0,SUCCESS,1,1784975883,1784984400,147.304884,SXR,
0x4133158874604578ddb9bc2d5414de230a07d0071cff8cf69a83b20fbe9cd554,0xee1ab015EDA6cAfd429804B0f31BABdaa77A9814,1,17.0,1.2375,,,Sweden Allsvenskan,Degerfors IF vs Djurgardens IF,Degerfors IF,Djurgardens IF,0x1c6f4a5d084aa93d880fae494e3e91022f09dc70246b1e1323d1b562920ecf38,L19526598,1,0,SUCCESS,1,1784975754,1784984400,74.315874,SXR,
0x740b1747aa87f90a9e73dfa3da0bc855149e3cd08c052e20e989d077aebf823e,0xee1ab015EDA6cAfd429804B0f31BABdaa77A9814,1,11.0,1.2375,,,Sweden Allsvenskan,Degerfors IF vs Djurgardens IF,Degerfors IF,Djurgardens IF,0x1c6f4a5d084aa93d880fae494e3e91022f09dc70246b1e1323d1b562920ecf38,L19526598,1,0,SUCCESS,1,1784975753,1784984400,48.884168,SXR,
0x1e90672d812fd292502d4949ad35b30605a8388d2a91fb15300c56fe13ca9b39,0xee1ab015EDA6cAfd429804B0f31BABdaa77A9814,1,70.0,1.2375,,,Sweden Allsvenskan,Degerfors IF vs Djurgardens IF,Degerfors IF,Djurgardens IF,0x1c6f4a5d084aa93d880fae494e3e91022f09dc70246b1e1323d1b562920ecf38,L19526598,1,0,SUCCESS,1,1784975751,1784984400,297.852589,SXR,
0xfa3a2e425974cb3755df7d5a8026a2a54b3b46568a2b34ad043a8bd88ea96945,0xE4DD6165bFF7EE73D7932C3b478f7E22431e85E7,2,15.0,1.4575,,,Sweden Allsvenskan,Degerfors IF vs Djurgardens IF,Degerfors IF,Djurgardens IF,0x2445f7593d9c675ff2765c340ea97d0c6ab1f0e8615055439a562bcfd478a0e6,L19526598,1,0,SUCCESS,1,1784975522,1784984400,34.433158,SXR,
0xb5ad200367965ca417391d60d473046e7d1eabd77299ecd3b2fbcb73fb1df2da,0xE4DD6165bFF7EE73D7932C3b478f7E22431e85E7,1,35.0,1.5925,,,Sweden Allsvenskan,Degerfors IF vs Djurgardens IF,Degerfors IF,Djurgardens IF,0x00ed1868dd8128767c16257245c1faf28cba09aa57c3939cafd62db549c790e7,L19526598,1,0,SUCCESS,1,1784975522,1784984400,59.544304,SXR,
0x017da477818d5ac60be1854dee2b5061404bda85f7bf22f53e24eea29dc0b0e8,0x68E1818FF20BBe84F9be9E0A4A395FB11079Bd35,1,2.0,1.1738,,,Sweden Allsvenskan,Degerfors IF vs Djurgardens IF,Degerfors IF,Djurgardens IF,0x4f199ef35e722ce87fbca29f646b2d18d0fb695aa837ceedefd73356c342f578,L19526598,1,0,SUCCESS,1,1784975221,1784984400,12.102849,SXR,
0x8a4aa4cf79617272181b59218b173298df4b1f337756693e455f260f68859ba6,0x97EC1C9682F70091efB04e97b0B34698cF815EE1,1,20.09999,1.6663,Under/Over (2.5),Over 2.5,Sweden Allsvenskan,IK Sirius FK vs IFK Göteborg,IK Sirius FK,IFK Göteborg,0xe591fa15b010e0c74a1f726fa943675560b21aa5bd785101a545b0dd2e2b33da,L19533453,0,0,SUCCESS,1,1784973512,1785067200,30.168841,SXR,0x6629Ce1Cf35Cc1329ebB4F63202F3f197b3F050B
0xad282e247fdda2865ff43d0a97858b482cecc3d4dbfcf46c0f0c301e8705c250,0xE4DD6165bFF7EE73D7932C3b478f7E22431e85E7,2,23.0,1.405,,,Sweden Allsvenskan,Degerfors IF vs Djurgardens IF,Degerfors IF,Djurgardens IF,0x00ed1868dd8128767c16257245c1faf28cba09aa57c3939cafd62db549c790e7,L19526598,1,0,SUCCESS,1,1784973269,1784984400,59.226889,SXR,
0x82d8aefa0e2edc6d1de50703316406d996beb08f2379f2c569c302c3b437e66e,0xE4DD6165bFF7EE73D7932C3b478f7E22431e85E7,2,35.0,1.7625,,,Sweden Allsvenskan,Degerfors IF vs Djurgardens IF,Degerfors IF,Djurgardens IF,0x1c6f4a5d084aa93d880fae494e3e91022f09dc70246b1e1323d1b562920ecf38,L19526598,1,0,SUCCESS,1,1784972814,1784984400,46.819672,SXR,
0xee5221106bf0dfcf39860107f229bdae0531a8f1ba935d18c9287a0ceadbd2fa,0x68E1818FF20BBe84F9be9E0A4A395FB11079Bd35,2,30.0,1.6325,,,Sweden Allsvenskan,Kalmar FF vs Mjallby AIF,Kalmar FF,Mjallby AIF,0x76cd3325f67b8036d2838bd64a451f1aed2bb1ac723f96ffe45216c58748970f,L19527591,1,0,SUCCESS,1,1784972568,1784993400,48.380949,SXR,
0x74d041112b8d2c676ac554d2067462f6c2e375852fab8d4027c7eea4380b0c04,0xE4DD6165bFF7EE73D7932C3b478f7E22431e85E7,2,12.0,1.4912,,,Sweden Allsvenskan,Kalmar FF vs Mjallby AIF,Kalmar FF,Mjallby AIF,0x2c5e1130d8edb999d9a0a89519daaa41ed4f503554f78662cfb28b85ab465113,L19527591,1,0,SUCCESS,1,1784972483,1784993400,25.92627,SXR,
0x93020c93d5dc6c681c0ea15997b0bef0eaaf11e2ce88b8d424f52879ea500b9f,0xE4DD6165bFF7EE73D7932C3b478f7E22431e85E7,1,45.0,1.6562,,,Sweden Allsvenskan,Degerfors IF vs Djurgardens IF,Degerfors IF,Djurgardens IF,0xec2434ae4ad9fc40a3e13829eecd66ba3e8033851006587b58d4569687698f02,L19526598,1,0,SUCCESS,1,1784971629,1784984400,69.714286,SXR,
0x04bbe9da243da5c3d2d83abdff4afc5eef6ed079eaeec05b8022f6fe8c25fa1a,0xE4DD6165bFF7EE73D7932C3b478f7E22431e85E7,1,25.0,1.545,,,Sweden Allsvenskan,Degerfors IF vs Djurgardens IF,Degerfors IF,Djurgardens IF,0x2445f7593d9c675ff2765c340ea97d0c6ab1f0e8615055439a562bcfd478a0e6,L19526598,1,0,SUCCESS,1,1784971629,1784984400,47.494495,SXR,
0x162f0ad8b936881a0ce29a953b55e02cd3c58d61faf56ea1b9c705196473e14a,0x8268feC8dCb0D284343054BDf2b649286c9aA0a1,2,219.0,1.4112,,,Sweden Allsvenskan,Degerfors IF vs Djurgardens IF,Degerfors IF,Djurgardens IF,0x00ed1868dd8128767c16257245c1faf28cba09aa57c3939cafd62db549c790e7,L19526598,1,0,SUCCESS,1,1784971444,1784984400,532.823757,SXR,
0x77bd09a01f66950de8b3d76ed669e1982418689e3be40fcbdc92592e4c266ddb,0x0dE776fe723F8121F0cEAF1C9B03f774320c3ef5,1,1.0,1.1825,,,Sweden Allsvenskan,Degerfors IF vs Djurgardens IF,Degerfors IF,Djurgardens IF,0x4f199ef35e722ce87fbca29f646b2d18d0fb695aa837ceedefd73356c342f578,L19526598,1,0,SUCCESS,1,1784971414,1784984400,6.116164,SXR,
0x05dd3fe943cf80a784e979671b672676e36c4f4fc7a87f620e81d58a2f26c982,0x0dE776fe723F8121F0cEAF1C9B03f774320c3ef5,2,59.0,1.415,,,Sweden Allsvenskan,Degerfors IF vs Djurgardens IF,Degerfors IF,Djurgardens IF,0x00ed1868dd8128767c16257245c1faf28cba09aa57c3939cafd62db549c790e7,L19526598,1,0,SUCCESS,1,1784971400,1784984400,144.25641,SXR,
0x005127a5c4a0b4d082da73d453d9ff07a0df5dd6155549cfb84958b479fcae98,0x0dE776fe723F8121F0cEAF1C9B03f774320c3ef5,1,32.0,1.1863,,,Sweden Allsvenskan,Degerfors IF vs Djurgardens IF,Degerfors IF,Djurgardens IF,0x4f199ef35e722ce87fbca29f646b2d18d0fb695aa837ceedefd73356c342f578,L19526598,1,0,SUCCESS,1,1784971400,1784984400,173.099812,SXR,
0xd21b3ea807fd1f44c103719b69a9d4e7e80e7358c0d4be9f903cba9012281399,0x0dE776fe723F8121F0cEAF1C9B03f774320c3ef5,1,299.0,1.475,,,Sweden Allsvenskan,Degerfors IF vs Djurgardens IF,Degerfors IF,Djurgardens IF,0x2445f7593d9c675ff2765c340ea97d0c6ab1f0e8615055439a562bcfd478a0e6,L19526598,1,0,SUCCESS,1,1784971177,1784984400,630.847611,SXR,
0x5b58e6cbbe7f3c3e4df05cb8d769f1a70989a8cab976073d5db4cd27c1f6bdde,0x0dE776fe723F8121F0cEAF1C9B03f774320c3ef5,1,299.0,1.475,,,Sweden Allsvenskan,Degerfors IF vs Djurgardens IF,Degerfors IF,Djurgardens IF,0x10ae18f93f5224ff7a51b8a1207183acdb85db124c4b40f5595fb659b074f7fd,L19526598,1,0,SUCCESS,1,1784971176,1784984400,630.847611,SXR,
0x13e08cb1ae7a167e819887d13c33ea799ada029fecf7552d4645e767e413a390,0x8173FA90CeD5086aef3705Ad4EB94B72F7a05df8,2,21.0,1.42,,,Sweden Allsvenskan,Degerfors IF vs Djurgardens IF,Degerfors IF,Djurgardens IF,0x00ed1868dd8128767c16257245c1faf28cba09aa57c3939cafd62db549c790e7,L19526598,1,0,SUCCESS,1,1784971122,1784984400,50.0,SXR,
0xcb5147b2d4a71d84d06dd65ea501196e1b0000ee4430b045a9c161b64d674558,0x68E1818FF20BBe84F9be9E0A4A395FB11079Bd35,1,1.0,1.365,,,Sweden Allsvenskan,Kalmar FF vs Mjallby AIF,Kalmar FF,Mjallby AIF,0x9e688aef148794c4862fd0cbe00a954770780af298be8e77099358c78d3119c9,L19527591,1,0,SUCCESS,1,1784970992,1784993400,5.11811,SXR,
0x802b93d4f311bd80a8a79bcc5e2fb590854f1d1463da7c5826e8c07c769a7b6e,0x0dE776fe723F8121F0cEAF1C9B03f774320c3ef5,1,4.0,1.4925,,,Sweden Allsvenskan,Kalmar FF vs Mjallby AIF,Kalmar FF,Mjallby AIF,0x70b2ff8a38518ac9e20a43e5a9a2cffcc80b069bee066280853e3ded91facd2e,L19527591,1,0,SUCCESS,1,1784970992,1784993400,9.852203,SXR,
0x103f8a79103e522463ceb5fbe73ec6ac91bd95b416c4af0664cf1fbcde9c7c14,0x0dE776fe723F8121F0cEAF1C9B03f774320c3ef5,1,139.0,1.4925,,,Sweden Allsvenskan,Kalmar FF vs Mjallby AIF,Kalmar FF,Mjallby AIF,0x70b2ff8a38518ac9e20a43e5a9a2cffcc80b069bee066280853e3ded91facd2e,L19527591,1,0,SUCCESS,1,1784970974,1784993400,283.248711,SXR,
0x8a340665da08d278d10b537955386d3a2f0c5d70b223ca0a5f03fa8eb817e1cb,0x8173FA90CeD5086aef3705Ad4EB94B72F7a05df8,2,21.0,1.42,,,Sweden Allsvenskan,Degerfors IF vs Djurgardens IF,Degerfors IF,Djurgardens IF,0x00ed1868dd8128767c16257245c1faf28cba09aa57c3939cafd62db549c790e7,L19526598,1,0,SUCCESS,1,1784970947,1784984400,50.0,SXR,
0x6af1a5369c4917f087fea2ad617cd70f6dccbb912e96913fb8a337242776419b,0x0dE776fe723F8121F0cEAF1C9B03f774320c3ef5,1,88.0,1.355,,,Sweden Allsvenskan,Kalmar FF vs Mjallby AIF,Kalmar FF,Mjallby AIF,0x76cd3325f67b8036d2838bd64a451f1aed2bb1ac723f96ffe45216c58748970f,L19527591,1,0,SUCCESS,1,1784970820,1784993400,248.062,SXR,
0x70359f8f8933d344ff22421c35d47553b785607c91f87845cd792c1984e8b36e,0x68E1818FF20BBe84F9be9E0A4A395FB11079Bd35,2,56.0,1.7212,,,Sweden Allsvenskan,Kalmar FF vs Mjallby AIF,Kalmar FF,Mjallby AIF,0x9168cbfe8d32a82f765766fa31763a5aa45d3976952b66f0cf9c1471a010860e,L19527591,1,0,SUCCESS,1,1784970494,1784993400,78.816139,SXR,
0x2d625ca2faae40947592d023a7f21bac984042318e8eaf12e3105cecf7067dbf,0x68E1818FF20BBe84F9be9E0A4A395FB11079Bd35,2,57.0,1.7225,,,Sweden Allsvenskan,Kalmar FF vs Mjallby AIF,Kalmar FF,Mjallby AIF,0x9168cbfe8d32a82f765766fa31763a5aa45d3976952b66f0cf9c1471a010860e,L19527591,1,0,SUCCESS,1,1784970493,1784993400,79.169536,SXR,
0x977ac5869fce5d1e99cb655eb26397c8020dbe62975dc10ce62fd0e1fdb2727a,0x0dE776fe723F8121F0cEAF1C9B03f774320c3ef5,1,27.0,1.1863,,,Sweden Allsvenskan,Degerfors IF vs Djurgardens IF,Degerfors IF,Djurgardens IF,0x4f199ef35e722ce87fbca29f646b2d18d0fb695aa837ceedefd73356c342f578,L19526598,1,0,SUCCESS,1,1784970368,1784984400,148.030711,SXR,
0x72836bb2056ba1e8866ea67950ab27dfdb8ef04b79bd8eb71c3b5e2577bf4acf,0x8173FA90CeD5086aef3705Ad4EB94B72F7a05df8,2,1.0,1.42,,,Sweden Allsvenskan,Degerfors IF vs Djurgardens IF,Degerfors IF,Djurgardens IF,0x00ed1868dd8128767c16257245c1faf28cba09aa57c3939cafd62db549c790e7,L19526598,1,0,SUCCESS,1,1784970368,1784984400,2.482738,SXR,
0xbd78a89ecbe0cac076393286e97c5d06c7f131a632979f4fbede0fedaab62894,0xE4DD6165bFF7EE73D7932C3b478f7E22431e85E7,1,38.0,1.7913,,,Sweden Allsvenskan,Degerfors IF vs Djurgardens IF,Degerfors IF,Djurgardens IF,0x98c343f84bd21eca8bb9930f5ceb4326f8b60f169468256fc8e472b8de55b8a3,L19526598,1,0,SUCCESS,1,1784970347,1784984400,48.718559,SXR,
0xcb06a153cb99295d004cd6004eb86974ae11d3da47c62a348470155caef69aea,0x8268feC8dCb0D284343054BDf2b649286c9aA0a1,2,6.0,1.2,,,Sweden Allsvenskan,Degerfors IF vs Djurgardens IF,Degerfors IF,Djurgardens IF,0x98c343f84bd21eca8bb9930f5ceb4326f8b60f169468256fc8e472b8de55b8a3,L19526598,1,0,SUCCESS,1,1784970294,1784984400,30.85,SXR,
0x855e6987588d528979bf37bed7be5619425647fec34fa910d8a2d7d8d44014c1,0x68E1818FF20BBe84F9be9E0A4A395FB11079Bd35,2,62.0,1.7225,,,Sweden Allsvenskan,Kalmar FF vs Mjallby AIF,Kalmar FF,Mjallby AIF,0x9168cbfe8d32a82f765766fa31763a5aa45d3976952b66f0cf9c1471a010860e,L19527591,1,0,SUCCESS,1,1784969946,1784993400,86.162159,SXR,
0x44fcbab97943d983ec3f24e02866505881f72403e4d281387c16cdc6f53c5d39,0xE4DD6165bFF7EE73D7932C3b478f7E22431e85E7,2,33.0,1.6113,,,Sweden Allsvenskan,Kalmar FF vs Mjallby AIF,Kalmar FF,Mjallby AIF,0xef5380f245decd85f06df0061903bbc0fa1728eab7cef24ef405bed856254c26,L19527591,1,0,SUCCESS,1,1784969632,1784993400,55.356908,SXR,
0x39e319a0e50d78733c820fe2f0fb5d5a71744d6f336e2dd073475ddd963d8168,0xE4DD6165bFF7EE73D7932C3b478f7E22431e85E7,2,79.0,1.825,,,Sweden Allsvenskan,Kalmar FF vs Mjallby AIF,Kalmar FF,Mjallby AIF,0xada8fc9f87728f47bb7187dddc2dc672eaef175a2e5f4eb156340d20a4053874,L19527591,1,0,SUCCESS,1,1784969632,1784993400,96.630303,SXR,
0xff9690d5e34d1e12b4de8bd3ebdce54d6b231f04e4977b22d29b91c108d8b564,0xE4DD6165bFF7EE73D7932C3b478f7E22431e85E7,2,34.0,1.6975,,,Sweden Allsvenskan,Kalmar FF vs Mjallby AIF,Kalmar FF,Mjallby AIF,0xe06d19a8e63700dbbedc08fd7a67597c44948408bdd8b08258dd7e5ca017baf6,L19527591,1,0,SUCCESS,1,1784969631,1784993400,49.289247,SXR,
0xc65fb7eaf9fb1064cd608cc90fed94dc1730424be07abc8f9bbbf4dcfad9e29f,0xE4DD6165bFF7EE73D7932C3b478f7E22431e85E7,2,18.0,1.475,,,Sweden Allsvenskan,Kalmar FF vs Mjallby AIF,Kalmar FF,Mjallby AIF,0x81272a2fd724c496e9d22d261afddfb3f1e8f5b89cf289ee8174c7d47796a5b1,L19527591,1,0,SUCCESS,1,1784969630,1784993400,39.923789,SXR,
0x9e60c21cc6ee6c3eb3f2ef9f0f56ef7b7f7d89fa6bb88be5281a96f9cce85ee0,0xE4DD6165bFF7EE73D7932C3b478f7E22431e85E7,2,15.0,1.305,,,Sweden Allsvenskan,Kalmar FF vs Mjallby AIF,Kalmar FF,Mjallby AIF,0x9324a808b973712c2bc55274d8a39bcd3135d986332a42f91b308203d66d67fb,L19527591,1,0,SUCCESS,1,1784969630,1784993400,51.856098,SXR,
0x2e22b50d68ba79ad5d6e5dc0f67d77a64e21fab8d33503d90cf91255f52f74b8,0xE4DD6165bFF7EE73D7932C3b478f7E22431e85E7,2,20.0,1.5737,,,Sweden Allsvenskan,Degerfors IF vs Djurgardens IF,Degerfors IF,Djurgardens IF,0x10ae18f93f5224ff7a51b8a1207183acdb85db124c4b40f5595fb659b074f7fd,L19526598,1,0,SUCCESS,1,1784969427,1784984400,36.175948,SXR,
0x17d0abbf3e1ed6d0074418208ba7d5ffb8ed0a86bdfe8c8c12dabe4072a9604e,0x68E1818FF20BBe84F9be9E0A4A395FB11079Bd35,1,94.0,1.5737,,,Sweden Allsvenskan,Degerfors IF vs Djurgardens IF,Degerfors IF,Djurgardens IF,0x00ed1868dd8128767c16257245c1faf28cba09aa57c3939cafd62db549c790e7,L19526598,1,0,SUCCESS,1,1784969427,1784984400,165.228741,SXR,
0x9dc341186254264e5ee7cf7c19a9f354a6e082a49c2a018d3535a4afdf6e5a25,0xE4DD6165bFF7EE73D7932C3b478f7E22431e85E7,1,14.0,1.4937,,,Sweden Allsvenskan,Kalmar FF vs Mjallby AIF,Kalmar FF,Mjallby AIF,0x70b2ff8a38518ac9e20a43e5a9a2cffcc80b069bee066280853e3ded91facd2e,L19527591,1,0,SUCCESS,1,1784968806,1784993400,29.511109,SXR,
0x9e51aceb277d98d914acba84b916d7316859b7c3dda3bacf0850712f0474194f,0x0dE776fe723F8121F0cEAF1C9B03f774320c3ef5,2,8.0,1.635,,,Sweden Allsvenskan,Kalmar FF vs Mjallby AIF,Kalmar FF,Mjallby AIF,0x9e688aef148794c4862fd0cbe00a954770780af298be8e77099358c78d3119c9,L19527591,1,0,SUCCESS,1,1784968237,1784993400,13.69863,SXR,
0x1f20fef33ef8d74442d4382465ff48c8cf628cbdfda31bbf889c51c78113c13d,0x0dE776fe723F8121F0cEAF1C9B03f774320c3ef5,2,171.0,1.635,,,Sweden Allsvenskan,Kalmar FF vs Mjallby AIF,Kalmar FF,Mjallby AIF,0x9e688aef148794c4862fd0cbe00a954770780af298be8e77099358c78d3119c9,L19527591,1,0,SUCCESS,1,1784968230,1784993400,269.808205,SXR,
0x8980b19d07cbf45065acd223dc9e2f67ed2b675e163792154fb57014b4a84552,0x68E1818FF20BBe84F9be9E0A4A395FB11079Bd35,2,48.0,1.6375,,,Sweden Allsvenskan,Kalmar FF vs Mjallby AIF,Kalmar FF,Mjallby AIF,0x76cd3325f67b8036d2838bd64a451f1aed2bb1ac723f96ffe45216c58748970f,L19527591,1,0,SUCCESS,1,1784968220,1784993400,75.806886,SXR,
0x3a108b6de246c663648f3298615b5e156330fe13d12b9259b01ee63225ec68c7,0x68E1818FF20BBe84F9be9E0A4A395FB11079Bd35,1,26.0,1.3625,,,Sweden Allsvenskan,Kalmar FF vs Mjallby AIF,Kalmar FF,Mjallby AIF,0x9e688aef148794c4862fd0cbe00a954770780af298be8e77099358c78d3119c9,L19527591,1,0,SUCCESS,1,1784967785,1784993400,72.501959,SXR,
0xb196ca61b14701c8d8d7f4b4f87350e2f24a4bdf3332e6e8d7ee3970897b41e3,0x68E1818FF20BBe84F9be9E0A4A395FB11079Bd35,1,2.0,1.3625,,,Sweden Allsvenskan,Kalmar FF vs Mjallby AIF,Kalmar FF,Mjallby AIF,0x9e688aef148794c4862fd0cbe00a954770780af298be8e77099358c78d3119c9,L19527591,1,0,SUCCESS,1,1784967480,1784993400,7.843117,SXR,
0xf359311884f7a14b936796129ed97741193ae5894f299f2f8ff54b7ee5a21d0d,0x68E1818FF20BBe84F9be9E0A4A395FB11079Bd35,1,2.0,1.3625,,,Sweden Allsvenskan,Kalmar FF vs Mjallby AIF,Kalmar FF,Mjallby AIF,0x9e688aef148794c4862fd0cbe00a954770780af298be8e77099358c78d3119c9,L19527591,1,0,SUCCESS,1,1784967478,1784993400,7.843117,SXR,
0x3b8fbf72eb0d1955c4af430a1d59d0880df53489dfd56acb910e799bc939cda8,0x68E1818FF20BBe84F9be9E0A4A395FB11079Bd35,1,2.0,1.3625,,,Sweden Allsvenskan,Kalmar FF vs Mjallby AIF,Kalmar FF,Mjallby AIF,0x9e688aef148794c4862fd0cbe00a954770780af298be8e77099358c78d3119c9,L19527591,1,0,SUCCESS,1,1784967477,1784993400,7.843117,SXR,
0x17aedfe568ab0a5d14278126841539199ebe453bdafe711906d8d624812a8ebe,0x68E1818FF20BBe84F9be9E0A4A395FB11079Bd35,2,8.0,1.6375,,,Sweden Allsvenskan,Kalmar FF vs Mjallby AIF,Kalmar FF,Mjallby AIF,0x76cd3325f67b8036d2838bd64a451f1aed2bb1ac723f96ffe45216c58748970f,L19527591,1,0,SUCCESS,1,1784967475,1784993400,13.793098,SXR,
0x24bea0f41b343cfc49771d1faef1e903c9973d93291bd7e2d025788641a9d5a8,0x68E1818FF20BBe84F9be9E0A4A395FB11079Bd35,1,35.0,1.3638,,,Sweden Allsvenskan,Kalmar FF vs Mjallby AIF,Kalmar FF,Mjallby AIF,0x9e688aef148794c4862fd0cbe00a954770780af298be8e77099358c78d3119c9,L19527591,1,0,SUCCESS,1,1784967447,1784993400,96.219959,SXR,
0xe16dceb7a576fee54b10eecdda50fca3b3043e32153d4052c1d5c630f38998ac,0x0dE776fe723F8121F0cEAF1C9B03f774320c3ef5,2,97.0,1.635,,,Sweden Allsvenskan,Kalmar FF vs Mjallby AIF,Kalmar FF,Mjallby AIF,0x9e688aef148794c4862fd0cbe00a954770780af298be8e77099358c78d3119c9,L19527591,1,0,SUCCESS,1,1784967446,1784993400,153.424646,SXR,
0x418a50c9cc6251b2d794ac227d9dbfb8709a4f435bd4810ce4eca9c08356c874,0x68E1818FF20BBe84F9be9E0A4A395FB11079Bd35,1,20.0,1.3638,,,Sweden Allsvenskan,Kalmar FF vs Mjallby AIF,Kalmar FF,Mjallby AIF,0x9e688aef148794c4862fd0cbe00a954770780af298be8e77099358c78d3119c9,L19527591,1,0,SUCCESS,1,1784967446,1784993400,57.731931,SXR,
0xfeef761884b1d6e144cbe21ea7c90adf70e63c5d1e94cf8e90ec2fee40be78e0,0x68E1818FF20BBe84F9be9E0A4A395FB11079Bd35,2,58.0,1.6387,,,Sweden Allsvenskan,Kalmar FF vs Mjallby AIF,Kalmar FF,Mjallby AIF,0x76cd3325f67b8036d2838bd64a451f1aed2bb1ac723f96ffe45216c58748970f,L19527591,1,0,SUCCESS,1,1784967445,1784993400,91.764697,SXR,
0x679ef53929310caaccdbe811cab538b8e5c0cc8bb3f7f50b4accac5fa49c36d3,0x68E1818FF20BBe84F9be9E0A4A395FB11079Bd35,1,55.0,1.365,,,Sweden Allsvenskan,Kalmar FF vs Mjallby AIF,Kalmar FF,Mjallby AIF,0x9e688aef148794c4862fd0cbe00a954770780af298be8e77099358c78d3119c9,L19527591,1,0,SUCCESS,1,1784967445,1784993400,153.42463,SXR,
0x6e6e85af1b4ed7e4e26706feec9aff3c4ad1f4e6446dacd68dc4c92cbb076643,0xe2C68b7ef85645e47F9b94382c3Db59b046945a2,1,26.0,1.36,,,Sweden Allsvenskan,Kalmar FF vs Mjallby AIF,Kalmar FF,Mjallby AIF,0xa9a407122cac43c8f13bceca72fa71f0c6b550ea63b0d283094df0d5abac6bb0,L19527591,1,0,SUCCESS,1,1784967258,1784993400,74.0,SXR,
0x6d635fba2cbbd47cf81b0d52cb53f49805f6fbfd550fc4e5ae4aa891a190b4cc,0x68E1818FF20BBe84F9be9E0A4A395FB11079Bd35,1,53.0,1.3638,,,Sweden Allsvenskan,Kalmar FF vs Mjallby AIF,Kalmar FF,Mjallby AIF,0x76cd3325f67b8036d2838bd64a451f1aed2bb1ac723f96ffe45216c58748970f,L19527591,1,0,SUCCESS,1,1784967258,1784993400,148.453581,SXR,
0x285aaadd7c7bd3ef69bf179af9bebe74a1f063f225e47139c89160a3161f96a3,0x68E1818FF20BBe84F9be9E0A4A395FB11079Bd35,2,33.0,1.72,,,Sweden Allsvenskan,Kalmar FF vs Mjallby AIF,Kalmar FF,Mjallby AIF,0x9168cbfe8d32a82f765766fa31763a5aa45d3976952b66f0cf9c1471a010860e,L19527591,1,0,SUCCESS,1,1784967258,1784993400,46.392847,SXR,
0x0e561b1a1f8e1e2cd51cdf3f2264e5c8418c9abc6e84ed0703dc351995754293,0xe2C68b7ef85645e47F9b94382c3Db59b046945a2,1,59.0,1.5012,,,Sweden Allsvenskan,Kalmar FF vs Mjallby AIF,Kalmar FF,Mjallby AIF,0x2c5e1130d8edb999d9a0a89519daaa41ed4f503554f78662cfb28b85ab465113,L19527591,1,0,SUCCESS,1,1784967257,1784993400,118.024918,SXR,
0x13a77cdad96c4263f7e4b1d93b40f4e1be6bf7082b9ba12c85ea53c97a1fb3ab,0x8268feC8dCb0D284343054BDf2b649286c9aA0a1,2,128.0,1.6288,,,Sweden Allsvenskan,Kalmar FF vs Mjallby AIF,Kalmar FF,Mjallby AIF,0x76cd3325f67b8036d2838bd64a451f1aed2bb1ac723f96ffe45216c58748970f,L19527591,1,0,SUCCESS,1,1784967115,1784993400,204.74074,SXR,
0x8ea412c468b3c09e6dbe7c563547d88af4cbeb3cd6a42829d73c7dfe97eaf404,0xE4DD6165bFF7EE73D7932C3b478f7E22431e85E7,1,32.0,1.7625,,,Sweden Allsvenskan,Kalmar FF vs Mjallby AIF,Kalmar FF,Mjallby AIF,0x0921722a8130c54201b7e4669187f10714fbf068e839ad947e4710e732038d5e,L19527591,1,0,SUCCESS,1,1784967037,1784993400,42.147357,SXR,
0xba08c6be10fd99dd726b3a15c41df20cd28171bcddc987b880c25a2a109bbc70,0x8268feC8dCb0D284343054BDf2b649286c9aA0a1,2,115.0,1.6275,,,Sweden Allsvenskan,Kalmar FF vs Mjallby AIF,Kalmar FF,Mjallby AIF,0x76cd3325f67b8036d2838bd64a451f1aed2bb1ac723f96ffe45216c58748970f,L19527591,1,0,SUCCESS,1,1784966991,1784993400,184.671139,SXR,
0x0ba7e0d37c741936fa1b3dcb2a652040854328d0aeed921cf4106f59bb4f72e7,0xE4DD6165bFF7EE73D7932C3b478f7E22431e85E7,2,72.0,1.6275,,,Sweden Allsvenskan,Kalmar FF vs Mjallby AIF,Kalmar FF,Mjallby AIF,0x76cd3325f67b8036d2838bd64a451f1aed2bb1ac723f96ffe45216c58748970f,L19527591,1,0,SUCCESS,1,1784966917,1784993400,115.298805,SXR,
0x05d5115120cd3e982f8e4adabe39f1702d15bbce981eade7ebfd4f407c1bdbfd,0x8268feC8dCb0D284343054BDf2b649286c9aA0a1,2,115.0,1.6275,,,Sweden Allsvenskan,Kalmar FF vs Mjallby AIF,Kalmar FF,Mjallby AIF,0x76cd3325f67b8036d2838bd64a451f1aed2bb1ac723f96ffe45216c58748970f,L19527591,1,0,SUCCESS,1,1784966863,1784993400,184.617434,SXR,
0x04a97087201f6a26e3a9c9f0384cfd7a28f34b4e9816162ffdcf58de97926950,0xE4DD6165bFF7EE73D7932C3b478f7E22431e85E7,2,71.0,1.63,,,Sweden Allsvenskan,Kalmar FF vs Mjallby AIF,Kalmar FF,Mjallby AIF,0x76cd3325f67b8036d2838bd64a451f1aed2bb1ac723f96ffe45216c58748970f,L19527591,1,0,SUCCESS,1,1784966753,1784993400,113.84127,SXR,
0x09c57c0243546dbd491d40eb8623079f9131217002a73b885eca69827469a5bf,0x8173FA90CeD5086aef3705Ad4EB94B72F7a05df8,2,21.0,1.42,,,Sweden Allsvenskan,Degerfors IF vs Djurgardens IF,Degerfors IF,Djurgardens IF,0x00ed1868dd8128767c16257245c1faf28cba09aa57c3939cafd62db549c790e7,L19526598,1,0,SUCCESS,1,1784966597,1784984400,50.0,SXR,
0x718f2e57b33482e32107945958eb93bcf7060d26dca7be1d087544d58480a902,0x68E1818FF20BBe84F9be9E0A4A395FB11079Bd35,1,2.0,1.3638,,,Sweden Allsvenskan,Kalmar FF vs Mjallby AIF,Kalmar FF,Mjallby AIF,0x76cd3325f67b8036d2838bd64a451f1aed2bb1ac723f96ffe45216c58748970f,L19527591,1,0,SUCCESS,1,1784966024,1784993400,7.858529,SXR,
0x4925071a134701a9c9fb46966070837fb403d3c3e635f00233a99c36efc476e5,0x68E1818FF20BBe84F9be9E0A4A395FB11079Bd35,1,2.0,1.3638,,,Sweden Allsvenskan,Kalmar FF vs Mjallby AIF,Kalmar FF,Mjallby AIF,0x76cd3325f67b8036d2838bd64a451f1aed2bb1ac723f96ffe45216c58748970f,L19527591,1,0,SUCCESS,1,1784966023,1784993400,7.858529,SXR,
0xf78ffda93cf86e8eb37b6fff391bbf76c6e4c7ea4e64e04b5b85674733849616,0x68E1818FF20BBe84F9be9E0A4A395FB11079Bd35,2,35.0,1.6425,,,Sweden Allsvenskan,Kalmar FF vs Mjallby AIF,Kalmar FF,Mjallby AIF,0x9e688aef148794c4862fd0cbe00a954770780af298be8e77099358c78d3119c9,L19527591,1,0,SUCCESS,1,1784966016,1784993400,55.356638,SXR,
0x5e9ba7847f7585ca45d34d249447ea25b420e38dec1dfc00a8806a8557c64adf,0x68E1818FF20BBe84F9be9E0A4A395FB11079Bd35,1,37.0,1.3662,,,Sweden Allsvenskan,Kalmar FF vs Mjallby AIF,Kalmar FF,Mjallby AIF,0x76cd3325f67b8036d2838bd64a451f1aed2bb1ac723f96ffe45216c58748970f,L19527591,1,0,SUCCESS,1,1784966016,1784993400,103.754239,SXR,
0x0909b9fcc18032be720b8bc7f6fafa96f4f02dd5e02270d68773fdfaf9258d9d,0x68E1818FF20BBe84F9be9E0A4A395FB11079Bd35,1,38.0,1.3675,,,Sweden Allsvenskan,Kalmar FF vs Mjallby AIF,Kalmar FF,Mjallby AIF,0x76cd3325f67b8036d2838bd64a451f1aed2bb1ac723f96ffe45216c58748970f,L19527591,1,0,SUCCESS,1,1784966016,1784993400,106.122422,SXR,
0x9abcf108587c04444610466115fd7cbf2d47dbc867179bb43d6c7fc3e3f2703f,0xB1854fc8aD8ce649EA80D007Fc67d318a239a5DA,1,36.0,1.56,,,Sweden Allsvenskan,Degerfors IF vs Djurgardens IF,Degerfors IF,Djurgardens IF,0x2445f7593d9c675ff2765c340ea97d0c6ab1f0e8615055439a562bcfd478a0e6,L19526598,1,0,SUCCESS,1,1784965779,1784984400,64.642839,SXR,
0x31ec5d4792f0adc02845e961621867777511ae3c6b345ded50149bc1a4d2e180,0x8268feC8dCb0D284343054BDf2b649286c9aA0a1,1,70.0,1.67,,,Sweden Allsvenskan,Degerfors IF vs Djurgardens IF,Degerfors IF,Djurgardens IF,0xec2434ae4ad9fc40a3e13829eecd66ba3e8033851006587b58d4569687698f02,L19526598,1,0,SUCCESS,1,1784964622,1784984400,105.818179,SXR,
0x56c02be2ecfe13f9acc37deb6829c3681acdfb86c6bd71b602ac2e948fc8986c,0x8268feC8dCb0D284343054BDf2b649286c9aA0a1,1,71.0,1.6725,,,Sweden Allsvenskan,Degerfors IF vs Djurgardens IF,Degerfors IF,Djurgardens IF,0xec2434ae4ad9fc40a3e13829eecd66ba3e8033851006587b58d4569687698f02,L19526598,1,0,SUCCESS,1,1784964591,1784984400,106.137398,SXR,
0x39b9f12dc99669ce822646aa50a2f8d95fde71463d1ae5ba86f4567e82c75087,0xE4DD6165bFF7EE73D7932C3b478f7E22431e85E7,1,26.0,1.6738,,,Sweden Allsvenskan,Degerfors IF vs Djurgardens IF,Degerfors IF,Djurgardens IF,0xec2434ae4ad9fc40a3e13829eecd66ba3e8033851006587b58d4569687698f02,L19526598,1,0,SUCCESS,1,1784964590,1784984400,39.662827,SXR,
0xb4d499f84b03b62833047383c586e1de4c1c2e645ee60ba9c63fc538310e6af1,0x5Ce73C1dEA8BC7e7Bdc1Df19662Cb3219329f606,1,31.0,1.3762,,,Sweden Allsvenskan,Kalmar FF vs Mjallby AIF,Kalmar FF,Mjallby AIF,0xa9a407122cac43c8f13bceca72fa71f0c6b550ea63b0d283094df0d5abac6bb0,L19527591,1,0,SUCCESS,1,1784964315,1784993400,82.981953,SXR,
0x396ad00adfc07ccf0f0606086d1651bb6c5628c74d0cf07685623ece0d76b7a6,0xE4DD6165bFF7EE73D7932C3b478f7E22431e85E7,1,0.0,1.21,,,Sweden Allsvenskan,Kalmar FF vs Mjallby AIF,Kalmar FF,Mjallby AIF,0x1d74928b1e638655a96d684f5e20859fded689050e0a3a5e55e6ef2855d0cb5c,L19527591,1,0,SUCCESS,1,1784964314,1784993400,4.202524,SXR,
0x727697f1d5cfd922d3ffc6450f94e637485640f78cc14bc832e443aca9b55b63,0x5Ce73C1dEA8BC7e7Bdc1Df19662Cb3219329f606,1,68.0,1.3762,,,Sweden Allsvenskan,Kalmar FF vs Mjallby AIF,Kalmar FF,Mjallby AIF,0xa9a407122cac43c8f13bceca72fa71f0c6b550ea63b0d283094df0d5abac6bb0,L19527591,1,0,SUCCESS,1,1784964311,1784993400,182.797581,SXR,
0x6318166fb86e1a39b3631c23bc30362f25ae2abc6ea80df67c93c645057794b9,0x68E1818FF20BBe84F9be9E0A4A395FB11079Bd35,2,23.0,1.6187,,,Sweden Allsvenskan,Kalmar FF vs Mjallby AIF,Kalmar FF,Mjallby AIF,0x76cd3325f67b8036d2838bd64a451f1aed2bb1ac723f96ffe45216c58748970f,L19527591,1,0,SUCCESS,1,1784964014,1784993400,38.347539,SXR,
0x388ddd81bf1ac7d4fa0743a4c33f1858450a3d8bcd0bb0495f0e65e7aae9ef57,0x8268feC8dCb0D284343054BDf2b649286c9aA0a1,1,118.0,1.6725,,,Sweden Allsvenskan,Degerfors IF vs Djurgardens IF,Degerfors IF,Djurgardens IF,0xec2434ae4ad9fc40a3e13829eecd66ba3e8033851006587b58d4569687698f02,L19526598,1,0,SUCCESS,1,1784963530,1784984400,176.519078,SXR,
0x2378ad4248464e6624b5929c1247fc6ef35252479ea06b59b685b6f184b4a087,0x68E1818FF20BBe84F9be9E0A4A395FB11079Bd35,1,18.0,1.3438,,,Sweden Allsvenskan,Kalmar FF vs Mjallby AIF,Kalmar FF,Mjallby AIF,0x9e688aef148794c4862fd0cbe00a954770780af298be8e77099358c78d3119c9,L19527591,1,0,SUCCESS,1,1784963341,1784993400,54.262836,SXR,
0xcff41b8f35e7758893ea055d31dda3ac3fc7c45e1a8b3b040a0b8613a3a7b484,0x68E1818FF20BBe84F9be9E0A4A395FB11079Bd35,1,1.0,1.3438,,,Sweden Allsvenskan,Kalmar FF vs Mjallby AIF,Kalmar FF,Mjallby AIF,0x9e688aef148794c4862fd0cbe00a954770780af298be8e77099358c78d3119c9,L19527591,1,0,SUCCESS,1,1784963163,1784993400,2.940945,SXR,
0x3710e7b03e032dcb402fc218febc60cad3ba8688c4c5dab5ba6a052958247df1,0xE4DD6165bFF7EE73D7932C3b478f7E22431e85E7,1,26.0,1.5212,,,Sweden Allsvenskan,Kalmar FF vs Mjallby AIF,Kalmar FF,Mjallby AIF,0x70b2ff8a38518ac9e20a43e5a9a2cffcc80b069bee066280853e3ded91facd2e,L19527591,1,0,SUCCESS,1,1784963042,1784993400,50.340528,SXR,
0x5c460ebb812572ec749fb35c37dc22ef2470e2f32662c0b1a077cd2a056db917,0x8268feC8dCb0D284343054BDf2b649286c9aA0a1,1,65.0,1.675,,,Sweden Allsvenskan,Degerfors IF vs Djurgardens IF,Degerfors IF,Djurgardens IF,0xec2434ae4ad9fc40a3e13829eecd66ba3e8033851006587b58d4569687698f02,L19526598,1,0,SUCCESS,1,1784962272,1784984400,96.676919,SXR,
0xb59a982f073f4f1a6d6207667030fa8afd20dd8590a1f384fdacb8d4c61f1e69,0x68E1818FF20BBe84F9be9E0A4A395FB11079Bd35,1,2.0,1.3438,,,Sweden Allsvenskan,Kalmar FF vs Mjallby AIF,Kalmar FF,Mjallby AIF,0x9e688aef148794c4862fd0cbe00a954770780af298be8e77099358c78d3119c9,L19527591,1,0,SUCCESS,1,1784962015,1784993400,7.619025,SXR,
0x3bb385b10b81cad7d4acc51e2219421a9fe951c6559ddfea643c3b3db7cc491b,0x68E1818FF20BBe84F9be9E0A4A395FB11079Bd35,1,2.0,1.3438,,,Sweden Allsvenskan,Kalmar FF vs Mjallby AIF,Kalmar FF,Mjallby AIF,0x9e688aef148794c4862fd0cbe00a954770780af298be8e77099358c78d3119c9,L19527591,1,0,SUCCESS,1,1784962013,1784993400,7.619025,SXR,
0x82a3b7eda9514bc840319abd9698be9dc4e2e87ba9811327bcc516322c278883,0xE4DD6165bFF7EE73D7932C3b478f7E22431e85E7,1,10.0,1.26,,,Sweden Allsvenskan,Degerfors IF vs Djurgardens IF,Degerfors IF,Djurgardens IF,0x1c6f4a5d084aa93d880fae494e3e91022f09dc70246b1e1323d1b562920ecf38,L19526598,1,0,SUCCESS,1,1784962001,1784984400,40.807692,SXR,
0x3a53517efe3e248e9ef0e790a333fe3d388876412e36248e4121ffdcbc863d9e,0xE4DD6165bFF7EE73D7932C3b478f7E22431e85E7,1,10.0,1.26,,,Sweden Allsvenskan,Degerfors IF vs Djurgardens IF,Degerfors IF,Djurgardens IF,0x7d328bed9b3dfc41501d0246e192dc38f2eada98f56126bfa6ef13225bcb589b,L19526598,1,0,SUCCESS,1,1784962001,1784984400,40.807692,SXR,
0x2b94afd2f7828be3e02d6bdea3aed4879b573244a88e52bd4c010c2a3e9e15be,0x0dE776fe723F8121F0cEAF1C9B03f774320c3ef5,2,18.0,1.4363,,,Sweden Allsvenskan,Degerfors IF vs Djurgardens IF,Degerfors IF,Djurgardens IF,0x00ed1868dd8128767c16257245c1faf28cba09aa57c3939cafd62db549c790e7,L19526598,1,0,SUCCESS,1,1784962000,1784984400,43.068722,SXR,
0x8f7b827cb9d4fe92fe55bc2c26ea0bd213aa7978312720ddf3845acb9e68d548,0x68E1818FF20BBe84F9be9E0A4A395FB11079Bd35,1,20.0,1.3438,,,Sweden Allsvenskan,Kalmar FF vs Mjallby AIF,Kalmar FF,Mjallby AIF,0x9e688aef148794c4862fd0cbe00a954770780af298be8e77099358c78d3119c9,L19527591,1,0,SUCCESS,1,1784961999,1784993400,58.792756,SXR,
0x17a5adc5fad94f1279720ed13cc7a2897c8e8c2e9cc7b5386e472fb4eaac7bf9,0x68E1818FF20BBe84F9be9E0A4A395FB11079Bd35,1,9.0,1.3438,,,Sweden Allsvenskan,Kalmar FF vs Mjallby AIF,Kalmar FF,Mjallby AIF,0x9e688aef148794c4862fd0cbe00a954770780af298be8e77099358c78d3119c9,L19527591,1,0,SUCCESS,1,1784961998,1784993400,28.479971,SXR,
0xde6716a1af08a59da6dc451d65f3bfa78a2165644cbd17aeec8ead31ec3d82a2,0xE4DD6165bFF7EE73D7932C3b478f7E22431e85E7,1,35.0,1.6787,,,Sweden Allsvenskan,Degerfors IF vs Djurgardens IF,Degerfors IF,Djurgardens IF,0xec2434ae4ad9fc40a3e13829eecd66ba3e8033851006587b58d4569687698f02,L19526598,1,0,SUCCESS,1,1784961935,1784984400,52.07782,SXR,
0x0b34a93190ccda0ad58de775563938eda61fdd6f77b595190d11a658f195e39a,0xB1854fc8aD8ce649EA80D007Fc67d318a239a5DA,1,20.0,1.6812,,,Sweden Allsvenskan,Degerfors IF vs Djurgardens IF,Degerfors IF,Djurgardens IF,0xec2434ae4ad9fc40a3e13829eecd66ba3e8033851006587b58d4569687698f02,L19526598,1,0,SUCCESS,1,1784961934,1784984400,29.42745,SXR,
0x7e84debbb6dac7715643a21353b8a813b3284aa9d6b259535d86b2bf158cc34d,0x68E1818FF20BBe84F9be9E0A4A395FB11079Bd35,2,78.0,1.7963,,,Sweden Allsvenskan,Degerfors IF vs Djurgardens IF,Degerfors IF,Djurgardens IF,0x4f199ef35e722ce87fbca29f646b2d18d0fb695aa837ceedefd73356c342f578,L19526598,1,0,SUCCESS,1,1784961367,1784984400,98.159498,SXR,
0x1bf2c649b75d775665d02d4451ac580bb6ee66688d3098083afa8f585b885020,0x8268feC8dCb0D284343054BDf2b649286c9aA0a1,2,90.0,1.4363,,,Sweden Allsvenskan,Degerfors IF vs Djurgardens IF,Degerfors IF,Djurgardens IF,0x00ed1868dd8128767c16257245c1faf28cba09aa57c3939cafd62db549c790e7,L19526598,1,0,SUCCESS,1,1784961138,1784984400,207.538797,SXR,
0xb81b3262df779ec5c180194cb5981a8922a897332a1bc8d2500d38e3ab796068,0xE4DD6165bFF7EE73D7932C3b478f7E22431e85E7,2,7.0,1.4038,,,Sweden Allsvenskan,Degerfors IF vs Djurgardens IF,Degerfors IF,Djurgardens IF,0x2445f7593d9c675ff2765c340ea97d0c6ab1f0e8615055439a562bcfd478a0e6,L19526598,1,0,SUCCESS,1,1784960386,1784984400,18.129957,SXR,
0x7178137fa8db8c894cb9114315a344a7b63b3aa389072e22bb2dcfd977cb51b5,0x68E1818FF20BBe84F9be9E0A4A395FB11079Bd35,1,34.0,1.5488,,,Sweden Allsvenskan,Degerfors IF vs Djurgardens IF,Degerfors IF,Djurgardens IF,0x00ed1868dd8128767c16257245c1faf28cba09aa57c3939cafd62db549c790e7,L19526598,1,0,SUCCESS,1,1784959886,1784984400,63.778387,SXR,
0x41d1e29c5bd52c408fd885e2460b7278fe0d7a16493e9682f684c3b0633fac34,0x0dE776fe723F8121F0cEAF1C9B03f774320c3ef5,1,2.0,1.385,,,Sweden Allsvenskan,Kalmar FF vs Mjallby AIF,Kalmar FF,Mjallby AIF,0x76cd3325f67b8036d2838bd64a451f1aed2bb1ac723f96ffe45216c58748970f,L19527591,1,0,SUCCESS,1,1784959673,1784993400,7.349584,SXR,
0x721a5abbb8c283a793e0156bc58ec91f0ef45d704d921c630c3a3aefacbad6a6,0x8268feC8dCb0D284343054BDf2b649286c9aA0a1,1,57.0,1.5288,,,Sweden Allsvenskan,Kalmar FF vs Mjallby AIF,Kalmar FF,Mjallby AIF,0x70b2ff8a38518ac9e20a43e5a9a2cffcc80b069bee066280853e3ded91facd2e,L19527591,1,0,SUCCESS,1,1784959615,1784993400,108.822695,SXR,
0xa04dfb2afc0b01b97de15e428c16018c19d38988639e8aaad98759db1d016b96,0x68E1818FF20BBe84F9be9E0A4A395FB11079Bd35,1,8.0,1.335,,,Sweden Allsvenskan,Kalmar FF vs Mjallby AIF,Kalmar FF,Mjallby AIF,0x9e688aef148794c4862fd0cbe00a954770780af298be8e77099358c78d3119c9,L19527591,1,0,SUCCESS,1,1784959593,1784993400,24.875134,SXR,
0x5582bdeb881f7b7a62f0424365072f82e940e834abec43497b3909bf38aec755,0x68E1818FF20BBe84F9be9E0A4A395FB11079Bd35,1,13.0,1.335,,,Sweden Allsvenskan,Kalmar FF vs Mjallby AIF,Kalmar FF,Mjallby AIF,0x9e688aef148794c4862fd0cbe00a954770780af298be8e77099358c78d3119c9,L19527591,1,0,SUCCESS,1,1784959593,1784993400,39.007493,SXR,
0xd8a3018e5a649ae1bee693a346b4aa64778eaf89ee212730ef976d9612eb578f,0x68E1818FF20BBe84F9be9E0A4A395FB11079Bd35,1,4.0,1.335,,,Sweden Allsvenskan,Kalmar FF vs Mjallby AIF,Kalmar FF,Mjallby AIF,0x9e688aef148794c4862fd0cbe00a954770780af298be8e77099358c78d3119c9,L19527591,1,0,SUCCESS,1,1784959590,1784993400,13.729313,SXR,
0xcf31fb566068dff7a0f2f75edc9dae336dc93006af7ac5cf14a0f08a80255856,0x0dE776fe723F8121F0cEAF1C9B03f774320c3ef5,1,40.0,1.3887,,,Sweden Allsvenskan,Kalmar FF vs Mjallby AIF,Kalmar FF,Mjallby AIF,0x76cd3325f67b8036d2838bd64a451f1aed2bb1ac723f96ffe45216c58748970f,L19527591,1,0,SUCCESS,1,1784959586,1784993400,105.308785,SXR,
0x5dcae619484d53b88fc78ad8d10478b1abaa08674212c0cc77d1eec664d91719,0xE4DD6165bFF7EE73D7932C3b478f7E22431e85E7,1,8.0,1.39,,,Sweden Allsvenskan,Kalmar FF vs Mjallby AIF,Kalmar FF,Mjallby AIF,0x76cd3325f67b8036d2838bd64a451f1aed2bb1ac723f96ffe45216c58748970f,L19527591,1,0,SUCCESS,1,1784959586,1784993400,22.923051,SXR,
0x1d735061e2ef39a3641d1292cee6c3462c93f9c0d273295ecb3e9bd837a05380,0xE4DD6165bFF7EE73D7932C3b478f7E22431e85E7,2,51.0,1.665,,,Sweden Allsvenskan,Kalmar FF vs Mjallby AIF,Kalmar FF,Mjallby AIF,0x9e688aef148794c4862fd0cbe00a954770780af298be8e77099358c78d3119c9,L19527591,1,0,SUCCESS,1,1784959586,1784993400,77.61194,SXR,
0xa440b254662b8111e28d98a058955d54a034ff92e9c93914bc48aa2a83f46c5e,0xE4DD6165bFF7EE73D7932C3b478f7E22431e85E7,1,20.0,1.5413,,,Sweden Allsvenskan,Kalmar FF vs Mjallby AIF,Kalmar FF,Mjallby AIF,0x70b2ff8a38518ac9e20a43e5a9a2cffcc80b069bee066280853e3ded91facd2e,L19527591,1,0,SUCCESS,1,1784959585,1784993400,37.154716,SXR,
0xd5f9eebf9cbdc566a33af0860f5b350f1e14ef7f1207ee0e672a05f4cb3f5728,0x0dE776fe723F8121F0cEAF1C9B03f774320c3ef5,1,14.0,1.3925,,,Sweden Allsvenskan,Kalmar FF vs Mjallby AIF,Kalmar FF,Mjallby AIF,0x76cd3325f67b8036d2838bd64a451f1aed2bb1ac723f96ffe45216c58748970f,L19527591,1,0,SUCCESS,1,1784959490,1784993400,37.019083,SXR,
0x8b9f7e5c3001f733373acddc3420e4f4561494b935e7139d7cfdfb15115f6cff,0xE4DD6165bFF7EE73D7932C3b478f7E22431e85E7,1,18.0,1.5488,,,Sweden Allsvenskan,Kalmar FF vs Mjallby AIF,Kalmar FF,Mjallby AIF,0x70b2ff8a38518ac9e20a43e5a9a2cffcc80b069bee066280853e3ded91facd2e,L19527591,1,0,SUCCESS,1,1784959404,1784993400,33.457841,SXR,
0x3cbd98f9b7978d655e9a36c15c7f13aa9532248e4136b848c33ccd9d779362fa,0xE4DD6165bFF7EE73D7932C3b478f7E22431e85E7,2,22.0,1.665,,,Sweden Allsvenskan,Degerfors IF vs Djurgardens IF,Degerfors IF,Djurgardens IF,0xac0dc830236759d98fce5de4e4c1a06fae7b0d4d337ee5d53094bfbd66074a37,L19526598,1,0,SUCCESS,1,1784958826,1784984400,33.93985,SXR,
0x95ecc32debcfa5ee760804088b9f15aee0c75f283189a8f0b397fec4b08370ef,0x68E1818FF20BBe84F9be9E0A4A395FB11079Bd35,2,61.0,1.7925,,,Sweden Allsvenskan,Degerfors IF vs Djurgardens IF,Degerfors IF,Djurgardens IF,0x4f199ef35e722ce87fbca29f646b2d18d0fb695aa837ceedefd73356c342f578,L19526598,1,0,SUCCESS,1,1784958825,1784984400,77.92771,SXR,
0x08a0bc5b3f33fb4bf2390c61edb380b3104d7391b5fd75c6a47c4d8aa6fe8f73,0xE4DD6165bFF7EE73D7932C3b478f7E22431e85E7,2,13.0,1.7563,,,Sweden Allsvenskan,Degerfors IF vs Djurgardens IF,Degerfors IF,Djurgardens IF,0x3e1233ab56cb8b857ca0f665dacd396a7b47ba2716126e7572c135e11d0da125,L19526598,1,0,SUCCESS,1,1784958825,1784984400,18.33846,SXR,
0x076a4fb37918f6e4caa8f5fe8c9f57c7e83d844d3c966207b0925e39ccc7acd8,0x68E1818FF20BBe84F9be9E0A4A395FB11079Bd35,1,1.0,1.5488,,,Sweden Allsvenskan,Degerfors IF vs Djurgardens IF,Degerfors IF,Djurgardens IF,0x00ed1868dd8128767c16257245c1faf28cba09aa57c3939cafd62db549c790e7,L19526598,1,0,SUCCESS,1,1784958825,1784984400,2.216055,SXR,
0x5d4416684b87cd15cb612399911d835a859d408bb80a3c3671452cbf1ff75512,0x8268feC8dCb0D284343054BDf2b649286c9aA0a1,2,5.0,1.725,,,Sweden Allsvenskan,Degerfors IF vs Djurgardens IF,Degerfors IF,Djurgardens IF,0x1c6f4a5d084aa93d880fae494e3e91022f09dc70246b1e1323d1b562920ecf38,L19526598,1,0,SUCCESS,1,1784958793,1784984400,7.963628,SXR,
0x8dd48f5ad94b4a2a73c7b16b8402073d04f3d5ef1820e385350205ea49c57e05,0xe2C68b7ef85645e47F9b94382c3Db59b046945a2,2,11.0,1.7937,,,Sweden Allsvenskan,Degerfors IF vs Djurgardens IF,Degerfors IF,Djurgardens IF,0x4f199ef35e722ce87fbca29f646b2d18d0fb695aa837ceedefd73356c342f578,L19526598,1,0,SUCCESS,1,1784958792,1784984400,14.01212,SXR,
0x62b511c7f996fc27da1b4ddacd390c3fbc130c0ac449fc46015ea11aacf45330,0xe2C68b7ef85645e47F9b94382c3Db59b046945a2,2,109.0,1.7937,,,Sweden Allsvenskan,Degerfors IF vs Djurgardens IF,Degerfors IF,Djurgardens IF,0x4f199ef35e722ce87fbca29f646b2d18d0fb695aa837ceedefd73356c342f578,L19526598,1,0,SUCCESS,1,1784958339,1784984400,138.181808,SXR,
0x511885e66e8267e8bf08935a721f28f33268c0810ef35f0b9c31a73cabe8b4ec,0xAB03DDB118c18F7EfC711f056a7A4B5D25e040aA,1,3,1.66,1X2,IK Sirius FK,Sweden Allsvenskan,IK Sirius FK vs IFK Göteborg,IK Sirius FK,IFK Göteborg,0x745110857bffb4d74c634ebbb9176dd1fe8bf2831180e2c763b5388d2303ee57,L19533453,0,0,SUCCESS,1,1784957945,1785067200,4.545455,SXR,0x6629Ce1Cf35Cc1329ebB4F63202F3f197b3F050B
0x2654ec59a98051f1f1ff00243fa4c3b2e12168faff85ee309d781988c8dd5ec3,0xAB03DDB118c18F7EfC711f056a7A4B5D25e040aA,1,2,1.6825,1X2,Hammarby IF,Sweden Allsvenskan,IF Brommapojkarna vs Hammarby IF,IF Brommapojkarna,Hammarby IF,0x8dcea649d3855e8fac7c5e01865c2474acd9095b7f385c4df03e769b7735f061,L19533459,0,0,SUCCESS,1,1784957910,1785067200,2.930403,SXR,0x6629Ce1Cf35Cc1329ebB4F63202F3f197b3F050B
0x738fae0d2fc3ab24b99b984ee10b9d6f76c4816770c383ddec23a004f171940e,0xAB03DDB118c18F7EfC711f056a7A4B5D25e040aA,1,1.25,1.7212,1X2,GAIS,Sweden Allsvenskan,GAIS vs Halmstads BK,GAIS,Halmstads BK,0xc4cadbbea34e8e05bed09ffe79da4bc63d5621853663abc7d26aefd29ec873c6,L19533456,0,0,SUCCESS,1,1784957885,1785076200,1.733102,SXR,0x6629Ce1Cf35Cc1329ebB4F63202F3f197b3F050B
0x242628a3c6b2706bd7198f4a61846c6901f829bfca33ee84a4289a0e1bcf4fa8,0xAB03DDB118c18F7EfC711f056a7A4B5D25e040aA,1,1.2,1.6825,1X2,Hammarby IF,Sweden Allsvenskan,IF Brommapojkarna vs Hammarby IF,IF Brommapojkarna,Hammarby IF,0x8dcea649d3855e8fac7c5e01865c2474acd9095b7f385c4df03e769b7735f061,L19533459,0,0,SUCCESS,1,1784957673,1785067200,1.758242,SXR,0x6629Ce1Cf35Cc1329ebB4F63202F3f197b3F050B
0xcf9067ea9fcbd03e165f13f22aaf9149622e12e89bbe4f103b6d0c831b478f47,0xAB03DDB118c18F7EfC711f056a7A4B5D25e040aA,1,1.99999,1.7212,1X2,GAIS,Sweden Allsvenskan,GAIS vs Halmstads BK,GAIS,Halmstads BK,0xc4cadbbea34e8e05bed09ffe79da4bc63d5621853663abc7d26aefd29ec873c6,L19533456,0,0,SUCCESS,1,1784957631,1785076200,2.77295,SXR,0x6629Ce1Cf35Cc1329ebB4F63202F3f197b3F050B
0xfe070e941d44c70ef45e51eeda77ab5e6f5c0dbffd6a7636d74e75ef2c895f55,0x68E1818FF20BBe84F9be9E0A4A395FB11079Bd35,1,3.0,1.3987,,,Sweden Allsvenskan,Kalmar FF vs Mjallby AIF,Kalmar FF,Mjallby AIF,0x76cd3325f67b8036d2838bd64a451f1aed2bb1ac723f96ffe45216c58748970f,L19527591,1,0,SUCCESS,1,1784957087,1784993400,8.315987,SXR,
0xb6e3b51a36d1062c53a72745a318dc397d62fe3074429b58f73b980fa94b8f6c,0xE4DD6165bFF7EE73D7932C3b478f7E22431e85E7,1,9.0,1.4,,,Sweden Allsvenskan,Kalmar FF vs Mjallby AIF,Kalmar FF,Mjallby AIF,0x76cd3325f67b8036d2838bd64a451f1aed2bb1ac723f96ffe45216c58748970f,L19527591,1,0,SUCCESS,1,1784957055,1784993400,23.624975,SXR,
0x294b6c7961b055b754ee26c1b9b8c21f0c7e4458a11deb94d6b02f26ee5e29f0,0xE4DD6165bFF7EE73D7932C3b478f7E22431e85E7,1,18.0,1.5537,,,Sweden Allsvenskan,Kalmar FF vs Mjallby AIF,Kalmar FF,Mjallby AIF,0x70b2ff8a38518ac9e20a43e5a9a2cffcc80b069bee066280853e3ded91facd2e,L19527591,1,0,SUCCESS,1,1784957055,1784993400,32.686212,SXR,
0xc733d816467de067a5f31f77c4b2f5bf90e49db55e7d8ba5e81e724f76506854,0x68E1818FF20BBe84F9be9E0A4A395FB11079Bd35,1,37.0,1.4062,,,Sweden Allsvenskan,Kalmar FF vs Mjallby AIF,Kalmar FF,Mjallby AIF,0x76cd3325f67b8036d2838bd64a451f1aed2bb1ac723f96ffe45216c58748970f,L19527591,1,0,SUCCESS,1,1784956275,1784993400,93.406302,SXR,
0x67c2cf7393a434ec34bf38444b164da9a5d07eb128345994a100da7e675822dd,0x68E1818FF20BBe84F9be9E0A4A395FB11079Bd35,1,3.0,1.4062,,,Sweden Allsvenskan,Kalmar FF vs Mjallby AIF,Kalmar FF,Mjallby AIF,0x76cd3325f67b8036d2838bd64a451f1aed2bb1ac723f96ffe45216c58748970f,L19527591,1,0,SUCCESS,1,1784955775,1784993400,8.421046,SXR,
0x892cd4b12e593347f48346db33052d7d1badb83a52926a98d7f52256cbd1ad59,0x68E1818FF20BBe84F9be9E0A4A395FB11079Bd35,1,3.0,1.4062,,,Sweden Allsvenskan,Kalmar FF vs Mjallby AIF,Kalmar FF,Mjallby AIF,0x76cd3325f67b8036d2838bd64a451f1aed2bb1ac723f96ffe45216c58748970f,L19527591,1,0,SUCCESS,1,1784955756,1784993400,8.421046,SXR,
0xd003c684c865f0c86c2ddf8e052a37e36f3bb4710ff8b259cb20050674f0e530,0x68E1818FF20BBe84F9be9E0A4A395FB11079Bd35,1,11.0,1.4075,,,Sweden Allsvenskan,Kalmar FF vs Mjallby AIF,Kalmar FF,Mjallby AIF,0x76cd3325f67b8036d2838bd64a451f1aed2bb1ac723f96ffe45216c58748970f,L19527591,1,0,SUCCESS,1,1784955741,1784993400,29.12881,SXR,
0xcd17a2d23a83b420672676789d0b4824e0df8165047695962bb3b84d7525cf1b,0x68E1818FF20BBe84F9be9E0A4A395FB11079Bd35,1,1.0,1.4075,,,Sweden Allsvenskan,Kalmar FF vs Mjallby AIF,Kalmar FF,Mjallby AIF,0x76cd3325f67b8036d2838bd64a451f1aed2bb1ac723f96ffe45216c58748970f,L19527591,1,0,SUCCESS,1,1784955704,1784993400,3.240491,SXR,
0xaa2665d409ec932109dbf9249dbbb61a34dc7e695a822ea5093cb195a32a89de,0x68E1818FF20BBe84F9be9E0A4A395FB11079Bd35,1,3.0,1.4075,,,Sweden Allsvenskan,Kalmar FF vs Mjallby AIF,Kalmar FF,Mjallby AIF,0x76cd3325f67b8036d2838bd64a451f1aed2bb1ac723f96ffe45216c58748970f,L19527591,1,0,SUCCESS,1,1784955620,1784993400,8.438798,SXR,
0xf4d53c05025ca433b1434c7fb318859c6e36398bae7054acb1ce2daaee8b9eb6,0x68E1818FF20BBe84F9be9E0A4A395FB11079Bd35,1,3.0,1.4075,,,Sweden Allsvenskan,Kalmar FF vs Mjallby AIF,Kalmar FF,Mjallby AIF,0x76cd3325f67b8036d2838bd64a451f1aed2bb1ac723f96ffe45216c58748970f,L19527591,1,0,SUCCESS,1,1784955618,1784993400,8.438798,SXR,
0x042f37b9d27e4fdebbd94fb6dca3d21c290601f3516a2fcf8caed097fab5279b,0x68E1818FF20BBe84F9be9E0A4A395FB11079Bd35,1,17.0,1.4075,,,Sweden Allsvenskan,Kalmar FF vs Mjallby AIF,Kalmar FF,Mjallby AIF,0x76cd3325f67b8036d2838bd64a451f1aed2bb1ac723f96ffe45216c58748970f,L19527591,1,0,SUCCESS,1,1784955605,1784993400,44.073595,SXR,
0xa472a4eec6ae8cbf57a7005e122e444a9961b030d5eac3dcb15248ed4cd9e481,0x68E1818FF20BBe84F9be9E0A4A395FB11079Bd35,1,9.0,1.4075,,,Sweden Allsvenskan,Kalmar FF vs Mjallby AIF,Kalmar FF,Mjallby AIF,0x76cd3325f67b8036d2838bd64a451f1aed2bb1ac723f96ffe45216c58748970f,L19527591,1,0,SUCCESS,1,1784955603,1784993400,24.466233,SXR,
0x180dbddf9950f69f5f6c3f29a99d3500d30fd17168f15c6cc50550f5c7a41946,0x68E1818FF20BBe84F9be9E0A4A395FB11079Bd35,2,2.0,1.6812,,,Sweden Allsvenskan,Kalmar FF vs Mjallby AIF,Kalmar FF,Mjallby AIF,0x9e688aef148794c4862fd0cbe00a954770780af298be8e77099358c78d3119c9,L19527591,1,0,SUCCESS,1,1784955542,1784993400,3.607839,SXR,
0xb8cbd97725f10d9f19d73c351189ffe22bbcabbe7febc4157d85b0bdc65a3fd5,0x68E1818FF20BBe84F9be9E0A4A395FB11079Bd35,1,44.0,1.4062,,,Sweden Allsvenskan,Kalmar FF vs Mjallby AIF,Kalmar FF,Mjallby AIF,0x76cd3325f67b8036d2838bd64a451f1aed2bb1ac723f96ffe45216c58748970f,L19527591,1,0,SUCCESS,1,1784955541,1784993400,108.307692,SXR,
0x5c14f0a54ce63878cc6f6dd00b96dda731841cad1c142c8bb2e4ca09dd61a99f,0x68E1818FF20BBe84F9be9E0A4A395FB11079Bd35,1,16.0,1.2025,,,Sweden Allsvenskan,Degerfors IF vs Djurgardens IF,Degerfors IF,Djurgardens IF,0x4f199ef35e722ce87fbca29f646b2d18d0fb695aa837ceedefd73356c342f578,L19526598,1,0,SUCCESS,1,1784955252,1784984400,83.947506,SXR,
0xcba3ed53fa322777c720c2b928a747c3953259b895eabc72e9183c52638352da,0x68E1818FF20BBe84F9be9E0A4A395FB11079Bd35,1,13.0,1.2037,,,Sweden Allsvenskan,Degerfors IF vs Djurgardens IF,Degerfors IF,Djurgardens IF,0x4f199ef35e722ce87fbca29f646b2d18d0fb695aa837ceedefd73356c342f578,L19526598,1,0,SUCCESS,1,1784955251,1784984400,65.855558,SXR,
0x959dcaffc491701d36b4bcef1a557a0c027cd05677ee67a7e740f1dd45286c5d,0xAB03DDB118c18F7EfC711f056a7A4B5D25e040aA,1,3.99999,1.6787,1X2,Hammarby IF,Sweden Allsvenskan,IF Brommapojkarna vs Hammarby IF,IF Brommapojkarna,Hammarby IF,0x8dcea649d3855e8fac7c5e01865c2474acd9095b7f385c4df03e769b7735f061,L19533459,0,0,SUCCESS,1,1784953470,1785067200,5.893171,SXR,0x6629Ce1Cf35Cc1329ebB4F63202F3f197b3F050B
0xd0126cdff119e2e98590caeb1325f3881a077c8ea2b8c88912d3a96acc1cdb2d,0x8268feC8dCb0D284343054BDf2b649286c9aA0a1,2,1.0,1.4412,,,Sweden Allsvenskan,Degerfors IF vs Djurgardens IF,Degerfors IF,Djurgardens IF,0x00ed1868dd8128767c16257245c1faf28cba09aa57c3939cafd62db549c790e7,L19526598,1,0,SUCCESS,1,1784953199,1784984400,3.579399,SXR,
0x3fe6cdd3a9f315282505a7ff7707b2118b2daecb4379817bdae22ea51ff9e723,0x68E1818FF20BBe84F9be9E0A4A395FB11079Bd35,2,33.0,1.7538,,,Sweden Allsvenskan,Degerfors IF vs Djurgardens IF,Degerfors IF,Djurgardens IF,0x3e1233ab56cb8b857ca0f665dacd396a7b47ba2716126e7572c135e11d0da125,L19526598,1,0,SUCCESS,1,1784952948,1784984400,44.629439,SXR,
0x5ca4fa22c4523e7c9c8c5178a309d8111d64881cd5f0bc2ab79ce2eede532e9a,0x68E1818FF20BBe84F9be9E0A4A395FB11079Bd35,1,7.0,1.2037,,,Sweden Allsvenskan,Degerfors IF vs Djurgardens IF,Degerfors IF,Djurgardens IF,0x4f199ef35e722ce87fbca29f646b2d18d0fb695aa837ceedefd73356c342f578,L19526598,1,0,SUCCESS,1,1784952947,1784984400,37.211926,SXR,
0x0f58f0b475e9c51f8128ca4389faec946155981366f48c8fcef6ba29c95934c7,0x7F8CDAF3B3b5de55db9ce39a5742af9b0D2fD8b3,1,9.0,1.76,,,Sweden Allsvenskan,Kalmar FF vs Mjallby AIF,Kalmar FF,Mjallby AIF,0x0921722a8130c54201b7e4669187f10714fbf068e839ad947e4710e732038d5e,L19527591,1,0,SUCCESS,1,1784952802,1784993400,13.041658,SXR,
0x3741b01f3dd4d506120d9d7f9ff2f676bed11134d1227c607f035cf522324919,0xE4DD6165bFF7EE73D7932C3b478f7E22431e85E7,1,10.0,1.24,,,Sweden Allsvenskan,Kalmar FF vs Mjallby AIF,Kalmar FF,Mjallby AIF,0x1d74928b1e638655a96d684f5e20859fded689050e0a3a5e55e6ef2855d0cb5c,L19527591,1,0,SUCCESS,1,1784952726,1784993400,44.197333,SXR,
0xe647371cb574f8d779e189447fc69e3d12ed39c27ef07369466daa66969f694f,0xE4DD6165bFF7EE73D7932C3b478f7E22431e85E7,1,16.0,1.3887,,,Sweden Allsvenskan,Kalmar FF vs Mjallby AIF,Kalmar FF,Mjallby AIF,0xef5380f245decd85f06df0061903bbc0fa1728eab7cef24ef405bed856254c26,L19527591,1,0,SUCCESS,1,1784952724,1784993400,42.418006,SXR,
0x9750f555ba4e7debb1176786ecbba4b7a0c741e5177fd1dcfc9a758079378e6f,0xE4DD6165bFF7EE73D7932C3b478f7E22431e85E7,1,15.0,1.5225,,,Sweden Allsvenskan,Kalmar FF vs Mjallby AIF,Kalmar FF,Mjallby AIF,0x81272a2fd724c496e9d22d261afddfb3f1e8f5b89cf289ee8174c7d47796a5b1,L19527591,1,0,SUCCESS,1,1784952723,1784993400,29.088995,SXR,
0xeb42184e5ae69950189c64f7f496d4f331f5e9e7c970f861319b9292f590fe2c,0xE4DD6165bFF7EE73D7932C3b478f7E22431e85E7,1,36.0,1.4038,,,Sweden Allsvenskan,Kalmar FF vs Mjallby AIF,Kalmar FF,Mjallby AIF,0x76cd3325f67b8036d2838bd64a451f1aed2bb1ac723f96ffe45216c58748970f,L19527591,1,0,SUCCESS,1,1784952437,1784993400,89.585139,SXR,
0x4c46848ee8a20bcc6b4043527121afe6564f72cc7f814f849472ef294071c7b7,0x68E1818FF20BBe84F9be9E0A4A395FB11079Bd35,1,0.0,1.2037,,,Sweden Allsvenskan,Degerfors IF vs Djurgardens IF,Degerfors IF,Djurgardens IF,0x4f199ef35e722ce87fbca29f646b2d18d0fb695aa837ceedefd73356c342f578,L19526598,1,0,SUCCESS,1,1784952367,1784984400,4.741595,SXR,
0x6b2e7e1fd2c42e42344d8631bdf4a667dd4f047f959ffa2c09bda719a8ef6988,0xE4DD6165bFF7EE73D7932C3b478f7E22431e85E7,1,16.0,1.5575,,,Sweden Allsvenskan,Degerfors IF vs Djurgardens IF,Degerfors IF,Djurgardens IF,0x0a92989f06d3f95852ab569618fdaa5dc7f8614c5196e5fbde2c3a3c94c19935,L19526598,1,0,SUCCESS,1,1784952307,1784984400,30.079085,SXR,
0x29bd443f9568c45243e396deec5e6a11b1423f529d5de1d732907969fe83ce31,0x68E1818FF20BBe84F9be9E0A4A395FB11079Bd35,1,21.0,1.2037,,,Sweden Allsvenskan,Degerfors IF vs Djurgardens IF,Degerfors IF,Djurgardens IF,0x4f199ef35e722ce87fbca29f646b2d18d0fb695aa837ceedefd73356c342f578,L19526598,1,0,SUCCESS,1,1784952307,1784984400,103.233865,SXR,
0x2d2169606886e220d48a723dc53ad5406839e73a2565c85339c11b66cc9ca143,0x7F8CDAF3B3b5de55db9ce39a5742af9b0D2fD8b3,1,2.0,1.6875,,,Sweden Allsvenskan,Degerfors IF vs Djurgardens IF,Degerfors IF,Djurgardens IF,0xec2434ae4ad9fc40a3e13829eecd66ba3e8033851006587b58d4569687698f02,L19526598,1,0,SUCCESS,1,1784951642,1784984400,3.2,SXR,
0xeede5730b61459426e8f7af713b73831b1f0e123811e0b15128402b69f09fa4c,0xE4DD6165bFF7EE73D7932C3b478f7E22431e85E7,1,45.0,1.77,,,Sweden Allsvenskan,Kalmar FF vs Mjallby AIF,Kalmar FF,Mjallby AIF,0x0921722a8130c54201b7e4669187f10714fbf068e839ad947e4710e732038d5e,L19527591,1,0,SUCCESS,1,1784950641,1784993400,59.086948,SXR,
0x01a71b65fd2cfb5f3d2d706d6caddad6a8684f844071382c31433b46517f6244,0x8268feC8dCb0D284343054BDf2b649286c9aA0a1,1,1.0,1.5475,,,Sweden Allsvenskan,Degerfors IF vs Djurgardens IF,Degerfors IF,Djurgardens IF,0x00ed1868dd8128767c16257245c1faf28cba09aa57c3939cafd62db549c790e7,L19526598,1,0,SUCCESS,1,1784946875,1784984400,2.740329,SXR,
0x9e22ab64589683e635e69df0b572e61f58ac74897e3625dcc11d92e1218dde9f,0xE4DD6165bFF7EE73D7932C3b478f7E22431e85E7,2,26.0,1.7288,,,Sweden Allsvenskan,Degerfors IF vs Djurgardens IF,Degerfors IF,Djurgardens IF,0x7d328bed9b3dfc41501d0246e192dc38f2eada98f56126bfa6ef13225bcb589b,L19526598,1,0,SUCCESS,1,1784942761,1784984400,36.569468,SXR,
0xee2d39db65d5d24ce7518953436c36292f59e21e49b798729d9c75f462724d5f,0x8268feC8dCb0D284343054BDf2b649286c9aA0a1,1,6.0,1.555,,,Sweden Allsvenskan,Degerfors IF vs Djurgardens IF,Degerfors IF,Djurgardens IF,0x0a92989f06d3f95852ab569618fdaa5dc7f8614c5196e5fbde2c3a3c94c19935,L19526598,1,0,SUCCESS,1,1784938210,1784984400,11.775279,SXR,
0x5e492e3e10c1d55c22c8f4ea30ff642ec72a524e0299e2e176a45af7388d1c7e,0x8268feC8dCb0D284343054BDf2b649286c9aA0a1,1,49.0,1.4475,,,Sweden Allsvenskan,Degerfors IF vs Djurgardens IF,Degerfors IF,Djurgardens IF,0x10ae18f93f5224ff7a51b8a1207183acdb85db124c4b40f5595fb659b074f7fd,L19526598,1,0,SUCCESS,1,1784930776,1784984400,110.642525,SXR,
0xa6bed7ddde882e24095fa309f2d054a151f53606c57128979fbedb79e12789c4,0x8268feC8dCb0D284343054BDf2b649286c9aA0a1,1,2.0,1.4512,,,Sweden Allsvenskan,Degerfors IF vs Djurgardens IF,Degerfors IF,Djurgardens IF,0x10ae18f93f5224ff7a51b8a1207183acdb85db124c4b40f5595fb659b074f7fd,L19526598,1,0,SUCCESS,1,1784930510,1784984400,5.17538,SXR,
0x4c8d480806ffe40946c3225e16a8e3db03df95955867f506b56a53c83650d631,0x8268feC8dCb0D284343054BDf2b649286c9aA0a1,2,1.0,1.4512,,,Sweden Allsvenskan,Degerfors IF vs Djurgardens IF,Degerfors IF,Djurgardens IF,0x00ed1868dd8128767c16257245c1faf28cba09aa57c3939cafd62db549c790e7,L19526598,1,0,SUCCESS,1,1784930509,1784984400,2.587679,SXR,
0x802bb11be7e22a8a9bb542a818554fb604ff86b9704b1537e2661257ce4d04d0,0xE4DD6165bFF7EE73D7932C3b478f7E22431e85E7,1,11.0,1.3175,,,Sweden Allsvenskan,Kalmar FF vs Mjallby AIF,Kalmar FF,Mjallby AIF,0x9e688aef148794c4862fd0cbe00a954770780af298be8e77099358c78d3119c9,L19527591,1,0,SUCCESS,1,1784925615,1784993400,34.754551,SXR,
0x9ce012bd9ce6238a3cce3eea384752d107ac2616a12e5fff1d090b2719eba8e5,0xE4DD6165bFF7EE73D7932C3b478f7E22431e85E7,2,14.0,1.5413,,,Sweden Allsvenskan,Degerfors IF vs Djurgardens IF,Degerfors IF,Djurgardens IF,0x10ae18f93f5224ff7a51b8a1207183acdb85db124c4b40f5595fb659b074f7fd,L19526598,1,0,SUCCESS,1,1784921788,1784984400,27.029968,SXR,
0x8237defe85e715fde18f9d4791deff50d10d761374ad48fbef2dc354b8598c1e,0xE4DD6165bFF7EE73D7932C3b478f7E22431e85E7,1,40.0,1.545,,,Sweden Allsvenskan,Degerfors IF vs Djurgardens IF,Degerfors IF,Djurgardens IF,0x00ed1868dd8128767c16257245c1faf28cba09aa57c3939cafd62db549c790e7,L19526598,1,0,SUCCESS,1,1784921618,1784984400,73.560422,SXR,
0x01533763634a4f9d22676a72dd4118e934f6f212e1277efc40a64d635db0c08b,0x8268feC8dCb0D284343054BDf2b649286c9aA0a1,2,3.0,1.7525,,,Sweden Allsvenskan,Degerfors IF vs Djurgardens IF,Degerfors IF,Djurgardens IF,0x3e1233ab56cb8b857ca0f665dacd396a7b47ba2716126e7572c135e11d0da125,L19526598,1,0,SUCCESS,1,1784919439,1784984400,4.040399,SXR,
0xdc6c69d13172406d7ebc6e947b59fd2f301c32f94c42ee302fd4cd5a19dd745e,0xE4DD6165bFF7EE73D7932C3b478f7E22431e85E7,1,9.0,1.785,,,Sweden Allsvenskan,Degerfors IF vs Djurgardens IF,Degerfors IF,Djurgardens IF,0x98c343f84bd21eca8bb9930f5ceb4326f8b60f169468256fc8e472b8de55b8a3,L19526598,1,0,SUCCESS,1,1784917222,1784984400,11.627898,SXR,
0x9debcd5e908eda4c918e56f7e015474f4fb711d7ed1f9ad72dfe246da27850fb,0xE4DD6165bFF7EE73D7932C3b478f7E22431e85E7,2,13.0,1.4075,,,Sweden Allsvenskan,Degerfors IF vs Djurgardens IF,Degerfors IF,Djurgardens IF,0x2445f7593d9c675ff2765c340ea97d0c6ab1f0e8615055439a562bcfd478a0e6,L19526598,1,0,SUCCESS,1,1784917221,1784984400,32.776368,SXR,
0xeb42a2bb1a5f8452606f478eca7e4929e2296fff193c5182ac501783fa144c89,0x8268feC8dCb0D284343054BDf2b649286c9aA0a1,2,10.0,1.8225,,,Sweden Allsvenskan,Kalmar FF vs Mjallby AIF,Kalmar FF,Mjallby AIF,0xada8fc9f87728f47bb7187dddc2dc672eaef175a2e5f4eb156340d20a4053874,L19527591,1,0,SUCCESS,1,1784917162,1784993400,12.22535,SXR,
0xbe2fade7923b596afa31b1732d2d49fb7eec24caf4422c9d7db44829fd0f92b7,0xE4DD6165bFF7EE73D7932C3b478f7E22431e85E7,2,3.0,1.6938,,,Sweden Allsvenskan,Kalmar FF vs Mjallby AIF,Kalmar FF,Mjallby AIF,0xe06d19a8e63700dbbedc08fd7a67597c44948408bdd8b08258dd7e5ca017baf6,L19527591,1,0,SUCCESS,1,1784909288,1784993400,5.648966,SXR,
0x22e5503f036ab37bf02c63e16c0f69f3703893225adee5674c150f23e6b069e7,0x8d9542eb7e03DD72150EF36D9F57E6C901519415,1,5.0,1.4,,,Sweden Allsvenskan,Kalmar FF vs Mjallby AIF,Kalmar FF,Mjallby AIF,0x76cd3325f67b8036d2838bd64a451f1aed2bb1ac723f96ffe45216c58748970f,L19527591,1,0,SUCCESS,1,1784908557,1784993400,13.683325,SXR,
0x76d32fbef5bcf3eb29c437b65afc94fcfd3dd3c30cbb1a165f8e63df20801417,0xE4DD6165bFF7EE73D7932C3b478f7E22431e85E7,2,9.0,1.4387,,,Sweden Allsvenskan,Degerfors IF vs Djurgardens IF,Degerfors IF,Djurgardens IF,0x0a92989f06d3f95852ab569618fdaa5dc7f8614c5196e5fbde2c3a3c94c19935,L19526598,1,0,SUCCESS,1,1784908102,1784984400,21.612467,SXR,
0x375a718f7d52110475b880e467b982b40b13e42e33a8d520ce3b9f558589ba45,0xE4DD6165bFF7EE73D7932C3b478f7E22431e85E7,1,11.0,1.7163,,,Sweden Allsvenskan,Degerfors IF vs Djurgardens IF,Degerfors IF,Djurgardens IF,0xed41b270d17b4382a6933cb7ed6d9677872b4a3999d3d42d11a4fe57003aa20e,L19526598,1,0,SUCCESS,1,1784902232,1784984400,15.506597,SXR,
0xe90b5cb9f6424d56c79c206641e7c795539255f41742624670681170f5c51e64,0xE4DD6165bFF7EE73D7932C3b478f7E22431e85E7,1,11.0,1.7825,,,Sweden Allsvenskan,Degerfors IF vs Djurgardens IF,Degerfors IF,Djurgardens IF,0x98c343f84bd21eca8bb9930f5ceb4326f8b60f169468256fc8e472b8de55b8a3,L19526598,1,0,SUCCESS,1,1784902231,1784984400,14.850569,SXR,
0x4584af9b63527ae9cfc0fe3da57c54f92f30e0db8e27d5009391c4c3e6ff1772,0xE4DD6165bFF7EE73D7932C3b478f7E22431e85E7,1,5.0,1.7812,,,Sweden Allsvenskan,Degerfors IF vs Djurgardens IF,Degerfors IF,Djurgardens IF,0x98c343f84bd21eca8bb9930f5ceb4326f8b60f169468256fc8e472b8de55b8a3,L19526598,1,0,SUCCESS,1,1784901034,1784984400,7.451418,SXR,
0x65a7e152cad7931e377801b607bc71daebc97edbfc5e2bffcf459ea1c01995b6,0x8268feC8dCb0D284343054BDf2b649286c9aA0a1,,29.0975,1.3538,Under/Over (2.5),,Sweden Allsvenskan,IF Brommapojkarna vs Hammarby IF,IF Brommapojkarna,Hammarby IF,0x42bfdd50fdb45616dd977ad84226b56c1a7b09f7406aabffd191cf2453b7a3d3,L19533459,0,0,SUCCESS,1,1784877666,1785067200,82.254417,SXR,0x6629Ce1Cf35Cc1329ebB4F63202F3f197b3F050B
0x98aab83ced44f5bcc4bc3519d8652ff8c4af420950ead4eca53644d582d95002,0x0DeAbC808957aBc9f4778C03b03CC1D2cBBC9D60,,5,1.3538,Under/Over (2.5),,Sweden Allsvenskan,IF Brommapojkarna vs Hammarby IF,IF Brommapojkarna,Hammarby IF,0x42bfdd50fdb45616dd977ad84226b56c1a7b09f7406aabffd191cf2453b7a3d3,L19533459,0,0,SUCCESS,1,1784877665,1785067200,14.134276,SXR,0x6629Ce1Cf35Cc1329ebB4F63202F3f197b3F050B
0xebdc7721ea0ecc2ad40ba243a64ae6ef4c71b2549aca2fdaeb98fe0f1cff965b,0x8268feC8dCb0D284343054BDf2b649286c9aA0a1,,32.55321,1.3538,Under/Over (2.5),,Sweden Allsvenskan,IF Brommapojkarna vs Hammarby IF,IF Brommapojkarna,Hammarby IF,0x42bfdd50fdb45616dd977ad84226b56c1a7b09f7406aabffd191cf2453b7a3d3,L19533459,0,0,SUCCESS,1,1784877661,1785067200,92.023208,SXR,0x6629Ce1Cf35Cc1329ebB4F63202F3f197b3F050B
0x53a9ff0ae938572b5972760a3fa400471d178da800d7362b4139aca9d5e82d1c,0x2B0D772143059220738CEC4818Ff2a1a499c48fD,1,11.81,1.6938,Under/Over (2.5),Over 2.5,Sweden Allsvenskan,Bk Hacken vs AIK,Bk Hacken,AIK,0xf90eb51bdb0dbb3ae66b9689d43a4028f8303407883d564079896749d02c95c9,L19533463,0,0,SUCCESS,1,1784873762,1785171600,17.023423,SXR,0x6629Ce1Cf35Cc1329ebB4F63202F3f197b3F050B
0xef18d4efa066212dbac115615df6808265810775993de4d46eeadd25dcc55ad3,0x740d5718a79A8559fEeE8B00922F8Cd773A81D84,,1.99999,1.7963,Under/Over (4.5),,Sweden Allsvenskan,IF Brommapojkarna vs Hammarby IF,IF Brommapojkarna,Hammarby IF,0x925bc55981b04b9e98bad210ce6771d34b36b4adbc7e39d3cae488acef8dd478,L19533459,0,0,SUCCESS,1,1784841421,1785067200,2.511761,SXR,0x6629Ce1Cf35Cc1329ebB4F63202F3f197b3F050B
0x056fbbec5f37ca36b101c95198da6c2e2ffdb1423275d7471f1799f9df30c362,0x0DeAbC808957aBc9f4778C03b03CC1D2cBBC9D60,,5,1.3538,Under/Over (2.5),,Sweden Allsvenskan,IF Brommapojkarna vs Hammarby IF,IF Brommapojkarna,Hammarby IF,0x42bfdd50fdb45616dd977ad84226b56c1a7b09f7406aabffd191cf2453b7a3d3,L19533459,0,0,SUCCESS,1,1784841154,1785067200,14.134276,SXR,0x6629Ce1Cf35Cc1329ebB4F63202F3f197b3F050B
0xe3f07d5001cf16d8bf1c006f9da0b196afb509aaaa735e9131457ececc59f8e3,0x740d5718a79A8559fEeE8B00922F8Cd773A81D84,1,181.78,1.4062,Under/Over (3.5),Over 3.5,Sweden Allsvenskan,IF Brommapojkarna vs Hammarby IF,IF Brommapojkarna,Hammarby IF,0x3735465e70e89910ba4ae29691435419b43fb2984cb4f246de6edf797f9730f8,L19533459,0,0,SUCCESS,1,1784841137,1785067200,447.458462,SXR,0x6629Ce1Cf35Cc1329ebB4F63202F3f197b3F050B
0xa4a2983ee89fe298cf266246eeff50f51ff4260364124bc0b6dff83ee3c4b03f,0x8268feC8dCb0D284343054BDf2b649286c9aA0a1,,15.11043,1.3538,Under/Over (2.5),,Sweden Allsvenskan,IF Brommapojkarna vs Hammarby IF,IF Brommapojkarna,Hammarby IF,0x42bfdd50fdb45616dd977ad84226b56c1a7b09f7406aabffd191cf2453b7a3d3,L19533459,0,0,SUCCESS,1,1784841120,1785067200,42.714996,SXR,0x6629Ce1Cf35Cc1329ebB4F63202F3f197b3F050B
0x36264463c43e2da54ac97adba73c34f1d22cf6d89dbc30d07b88efa9bb0b1f22,0x8268feC8dCb0D284343054BDf2b649286c9aA0a1,,24.4391,1.77,Under/Over (4.5),,Sweden Allsvenskan,IF Brommapojkarna vs Hammarby IF,IF Brommapojkarna,Hammarby IF,0x925bc55981b04b9e98bad210ce6771d34b36b4adbc7e39d3cae488acef8dd478,L19533459,0,0,SUCCESS,1,1784841120,1785067200,31.739091,SXR,0x6629Ce1Cf35Cc1329ebB4F63202F3f197b3F050B
0x8241d3234e06173b2916c880143e9230b7ee075e28d93c4f2ff311ae81ee9587,0x8268feC8dCb0D284343054BDf2b649286c9aA0a1,1,16.0,1.5437,,,Sweden Allsvenskan,Degerfors IF vs Djurgardens IF,Degerfors IF,Djurgardens IF,0x0a92989f06d3f95852ab569618fdaa5dc7f8614c5196e5fbde2c3a3c94c19935,L19526598,1,0,SUCCESS,1,1784837776,1784984400,30.816423,SXR,
0x1906228ccb4aca1268630dc695c017a598bdb35fa531f4b91d8db8f9ab931774,0x2B0D772143059220738CEC4818Ff2a1a499c48fD,1,14.4,1.675,Under/Over (2.5),Over 2.5,Sweden Allsvenskan,IK Sirius FK vs IFK Göteborg,IK Sirius FK,IFK Göteborg,0xe591fa15b010e0c74a1f726fa943675560b21aa5bd785101a545b0dd2e2b33da,L19533453,0,0,SUCCESS,1,1784837762,1785067200,21.333333,SXR,0x6629Ce1Cf35Cc1329ebB4F63202F3f197b3F050B
0xa58837d892c8085478a9aba2d15b24b8a5ca160168f9b7b16abc5f1491db8dfa,0x2B0D772143059220738CEC4818Ff2a1a499c48fD,1,12.56,1.5925,Under/Over (2.5),Over 2.5,Sweden Allsvenskan,Malmo FF vs IF Elfsborg,Malmo FF,IF Elfsborg,0x1695e078336eaaca5a035b735076be891cc138ed2d5fe552b7ab0a93108aa611,L19533460,0,0,SUCCESS,1,1784834161,1785076200,21.198312,SXR,0x6629Ce1Cf35Cc1329ebB4F63202F3f197b3F050B
0x3cf1d50fa597ac886a758f62e18ecf4daf0ef3892238006d20a08ccdb8886330,0xee1ab015EDA6cAfd429804B0f31BABdaa77A9814,,121.51,1.3575,Under/Over (2.5),,Sweden Allsvenskan,IF Brommapojkarna vs Hammarby IF,IF Brommapojkarna,Hammarby IF,0x42bfdd50fdb45616dd977ad84226b56c1a7b09f7406aabffd191cf2453b7a3d3,L19533459,0,0,SUCCESS,1,1784826480,1785067200,339.888112,SXR,0x6629Ce1Cf35Cc1329ebB4F63202F3f197b3F050B
0xa483e359a3b584372aa3a5ddba8f37c57d7b989fc2905df44e4f0d113713a4b7,0x7F8CDAF3B3b5de55db9ce39a5742af9b0D2fD8b3,1,232.03648,1.645,1X2,IK Sirius FK,Sweden Allsvenskan,IK Sirius FK vs IFK Göteborg,IK Sirius FK,IFK Göteborg,0x745110857bffb4d74c634ebbb9176dd1fe8bf2831180e2c763b5388d2303ee57,L19533453,0,0,SUCCESS,1,1784826275,1785067200,359.746481,SXR,0x6629Ce1Cf35Cc1329ebB4F63202F3f197b3F050B
0x70abc66b0e790a6a06c2f67a1f383ec7e9facf71ec17906047a00e00b34f058a,0x7F8CDAF3B3b5de55db9ce39a5742af9b0D2fD8b3,1,374.99999,1.7237,1X2,GAIS,Sweden Allsvenskan,GAIS vs Halmstads BK,GAIS,Halmstads BK,0xc4cadbbea34e8e05bed09ffe79da4bc63d5621853663abc7d26aefd29ec873c6,L19533456,0,0,SUCCESS,1,1784818208,1785076200,518.134701,SXR,0x6629Ce1Cf35Cc1329ebB4F63202F3f197b3F050B
0x05ebf9aaa57bd14bf3b1220fbafff3edaaf438608807513472ed90b6f15269f4,0x97EC1C9682F70091efB04e97b0B34698cF815EE1,1,35.12,1.5575,Asian Handicap (-1),IK Sirius FK -1,Sweden Allsvenskan,IK Sirius FK vs IFK Göteborg,IK Sirius FK,IFK Göteborg,0xad21f8f85a52237f89579592e8a43c01525b274018ea217291f5cef7d06e0444,L19533453,0,0,SUCCESS,1,1784810425,1785067200,62.995516,SXR,0x6629Ce1Cf35Cc1329ebB4F63202F3f197b3F050B
0xda8e8fe8b9ada6ddad7e1ee610ad581ed46d0a09ad12bbc4026c03a55dc3569d,0x97EC1C9682F70091efB04e97b0B34698cF815EE1,1,6.81,1.4812,Asian Handicap (-1.5),GAIS -1.5,Sweden Allsvenskan,GAIS vs Halmstads BK,GAIS,Halmstads BK,0x526c6a59157cc78601126fb468ddd7231379add3c1caf93a34532c571738bb07,L19533456,0,0,SUCCESS,1,1784794333,1785076200,14.150649,SXR,0x6629Ce1Cf35Cc1329ebB4F63202F3f197b3F050B
0xb5d9a9f0578e2b0ab2f64a58402bf47f7a75d32028789dcff7a8a629048125b9,0xe2C68b7ef85645e47F9b94382c3Db59b046945a2,1,6.0,1.5488,,,Sweden Allsvenskan,Degerfors IF vs Djurgardens IF,Degerfors IF,Djurgardens IF,0x0a92989f06d3f95852ab569618fdaa5dc7f8614c5196e5fbde2c3a3c94c19935,L19526598,1,0,SUCCESS,1,1784781816,1784984400,11.080328,SXR,
0x6e98383360b69696a53cd87769d4817d2a192448f265544adb9197a5f1fef76d,0xe2C68b7ef85645e47F9b94382c3Db59b046945a2,1,18.0,1.5488,,,Sweden Allsvenskan,Degerfors IF vs Djurgardens IF,Degerfors IF,Djurgardens IF,0x0a92989f06d3f95852ab569618fdaa5dc7f8614c5196e5fbde2c3a3c94c19935,L19526598,1,0,SUCCESS,1,1784781799,1784984400,34.423672,SXR,
0x1f713f9f74433448db7da9d6fcb5e0eba2171c8afad1a4c5cf7c95fa7f81f7ad,0xe2C68b7ef85645e47F9b94382c3Db59b046945a2,2,8.0,1.4438,,,Sweden Allsvenskan,Kalmar FF vs Mjallby AIF,Kalmar FF,Mjallby AIF,0x81272a2fd724c496e9d22d261afddfb3f1e8f5b89cf289ee8174c7d47796a5b1,L19527591,1,0,SUCCESS,1,1784754963,1784993400,18.516845,SXR,
0x1ffdf4c71c9d3812767f6a54e1bb681f1ba9fd65ad57edca0800ca1261c4a09c,0xe2C68b7ef85645e47F9b94382c3Db59b046945a2,2,17.0,1.7913,,,Sweden Allsvenskan,Degerfors IF vs Djurgardens IF,Degerfors IF,Djurgardens IF,0x4f199ef35e722ce87fbca29f646b2d18d0fb695aa837ceedefd73356c342f578,L19526598,1,0,SUCCESS,1,1784732697,1784984400,21.652689,SXR,
0x63b9eb8ffb538fb29507b3b9605a761032f7543895e45db808f45bd80912f76e,0xe2C68b7ef85645e47F9b94382c3Db59b046945a2,2,73.0,1.7913,,,Sweden Allsvenskan,Degerfors IF vs Djurgardens IF,Degerfors IF,Djurgardens IF,0x4f199ef35e722ce87fbca29f646b2d18d0fb695aa837ceedefd73356c342f578,L19526598,1,0,SUCCESS,1,1784732668,1784984400,92.790408,SXR,
0xefa09987c156f8d5cf927ff9bf1b63c2ef4d0f87879d4bef4ba199e7cd6aeaf1,0x7F8CDAF3B3b5de55db9ce39a5742af9b0D2fD8b3,1,17.0,1.5375,,,Sweden Allsvenskan,Degerfors IF vs Djurgardens IF,Degerfors IF,Djurgardens IF,0x00ed1868dd8128767c16257245c1faf28cba09aa57c3939cafd62db549c790e7,L19526598,1,0,SUCCESS,1,1784722717,1784984400,31.891888,SXR,
