fillHash,bettor,side,stake,odds,marketLabel,betLabel,competition,gameLabel,teamOneName,teamTwoName,marketHash,sportXeventId,maker,settled,tradeStatus,valid,betTime,gameTime,netReturn,chainVersion,baseToken
0x2013d4c92ec370e607b82db65925a86bd8ce8333a336cea8bef177a89dea4386,0x8AaDb828882f34790D0C35aE0534a6BbDDA6ad19,1,5,1.4812,Asian Handicap (-1.5),Salford City FC -1.5,EFL Cup,Salford City FC vs Shrewsbury Town,Salford City FC,Shrewsbury Town,0xc790436671a1d4593559361316346d33e38769ca08ea49a4579fbaa83585f69e,L19299061,0,0,SUCCESS,1,1786155125,1786197600,10.38961,SXR,0x6629Ce1Cf35Cc1329ebB4F63202F3f197b3F050B
0x1341a52e2328851ae78e44e04b1e3830e36471203f1187ce167974eded1da795,0x8AaDb828882f34790D0C35aE0534a6BbDDA6ad19,1,5,1.6325,Asian Handicap (-1),Salford City FC -1,EFL Cup,Salford City FC vs Shrewsbury Town,Salford City FC,Shrewsbury Town,0x2db88b9dd488b71131802b6306e0bcb1a0e66a734e045a6b6feb5c563251ac9c,L19299061,0,0,SUCCESS,1,1786155125,1786197600,7.905138,SXR,0x6629Ce1Cf35Cc1329ebB4F63202F3f197b3F050B
0x0e6d11a99036e71e725cd12713d19c7f011c49f6af5929ce1276a7e3caedd6ad,0x8AaDb828882f34790D0C35aE0534a6BbDDA6ad19,1,10,1.5325,Asian Handicap (-1),Salford City FC -1,EFL Cup,Salford City FC vs Shrewsbury Town,Salford City FC,Shrewsbury Town,0x2db88b9dd488b71131802b6306e0bcb1a0e66a734e045a6b6feb5c563251ac9c,L19299061,0,0,SUCCESS,1,1786155125,1786197600,18.779343,SXR,0x6629Ce1Cf35Cc1329ebB4F63202F3f197b3F050B
0x5c21eff55b747f12dd86285c1146e9849ac24b84c34880dcf05ca904aafb6eea,0x8AaDb828882f34790D0C35aE0534a6BbDDA6ad19,1,5,1.6325,Asian Handicap (-0.5),Salford City FC -0.5,EFL Cup,Salford City FC vs Shrewsbury Town,Salford City FC,Shrewsbury Town,0x4e9297d2dc492bc0c2ebfee6ccb4c58695f0f92b7876da8d39d8d7a68f8be8a9,L19299061,0,0,SUCCESS,1,1786155123,1786197600,7.905138,SXR,0x6629Ce1Cf35Cc1329ebB4F63202F3f197b3F050B
0x508f0bbdb56bfa14c50e196acfe0c90e8eccc7ebca2a1563be2b7877fa6bdfd2,0x8AaDb828882f34790D0C35aE0534a6BbDDA6ad19,1,5,1.4812,Asian Handicap (-1),Salford City FC -1,EFL Cup,Salford City FC vs Shrewsbury Town,Salford City FC,Shrewsbury Town,0x2db88b9dd488b71131802b6306e0bcb1a0e66a734e045a6b6feb5c563251ac9c,L19299061,0,0,SUCCESS,1,1786155123,1786197600,10.38961,SXR,0x6629Ce1Cf35Cc1329ebB4F63202F3f197b3F050B
0x3087a6e9d9999e18499c8eae1cce886cb625bb3e28db609a5ea1f5dd5a6d7146,0x8AaDb828882f34790D0C35aE0534a6BbDDA6ad19,1,10,1.3975,Asian Handicap (-1.5),Salford City FC -1.5,EFL Cup,Salford City FC vs Shrewsbury Town,Salford City FC,Shrewsbury Town,0xc790436671a1d4593559361316346d33e38769ca08ea49a4579fbaa83585f69e,L19299061,0,0,SUCCESS,1,1786155122,1786197600,25.157233,SXR,0x6629Ce1Cf35Cc1329ebB4F63202F3f197b3F050B
0x0262133a81244c5c47e061acbb2754f320f1ebf15a73bdd123114ad46808ffd7,0x8AaDb828882f34790D0C35aE0534a6BbDDA6ad19,1,9.99998,1.7763,Under/Over (1.5),Over 1.5,EFL Cup,Salford City FC vs Shrewsbury Town,Salford City FC,Shrewsbury Town,0x70ff189f117b96189449249d4370db7c40ae25093a3ba155fefdb0e9191a71cb,L19299061,0,0,SUCCESS,1,1786155103,1786197600,12.882422,SXR,0x6629Ce1Cf35Cc1329ebB4F63202F3f197b3F050B
0x2b913b0c4716ce19329c9aa6e0a913721cdcbaaf6d5f82e733312b9f3855ffe6,0x9B0B1AFA7bDED657DA5de911b1772ABe95e83290,,23.67179,1.495,Under/Over (2.5),,EFL Cup,Crewe Alexandra vs Accrington Stanley,Crewe Alexandra,Accrington Stanley,0x9c2f99b74fbe165ec01011b79b5b154c3b30c3b5e3e1e481ce689d5f59f7809d,L19299404,0,0,SUCCESS,1,1786154528,1786197600,47.821798,SXR,0x6629Ce1Cf35Cc1329ebB4F63202F3f197b3F050B
0x2f4eb34be320a0a2f070d70e32ed9a81d4cce7bdbf11f1ff8566dbf286c4101b,0xFD3a22179CA4104E97c670b834750Bd7Ff310b17,,4.51,1.285,Under/Over (2),,EFL Cup,Burnley vs Notts County,Burnley,Notts County,0x6fdacdbfdf86316a2e5d2d8b12564116583100f275a2351bdabe50aea7c6e875,L19299334,0,0,SUCCESS,1,1786145308,1786197600,15.824561,SXR,0x6629Ce1Cf35Cc1329ebB4F63202F3f197b3F050B
0x2c3f8dcb458371d442078fe3c69290e3eb24755738d9d2c5cf792b90bf027590,0xFD3a22179CA4104E97c670b834750Bd7Ff310b17,,3.57,1.285,Under/Over (2),,EFL Cup,Burnley vs Notts County,Burnley,Notts County,0x6fdacdbfdf86316a2e5d2d8b12564116583100f275a2351bdabe50aea7c6e875,L19299334,0,0,SUCCESS,1,1786145304,1786197600,12.526316,SXR,0x6629Ce1Cf35Cc1329ebB4F63202F3f197b3F050B
0xc27bd6308ce552e506ea5634fb8edb8b74769972e6d6a185a4063f4d2fa55716,0xFD3a22179CA4104E97c670b834750Bd7Ff310b17,,4.74,1.2825,Under/Over (2),,EFL Cup,Burnley vs Notts County,Burnley,Notts County,0x6fdacdbfdf86316a2e5d2d8b12564116583100f275a2351bdabe50aea7c6e875,L19299334,0,0,SUCCESS,1,1786144606,1786197600,16.778761,SXR,0x6629Ce1Cf35Cc1329ebB4F63202F3f197b3F050B
0x7a26c2002ea9f3d640cf0230c86f114818aad9d98e70360814bd0f1c2169473d,0x97EC1C9682F70091efB04e97b0B34698cF815EE1,,39.19,1.2225,1X2,,EFL Cup,Leicester City vs Northampton Town,Leicester City,Northampton Town,0x505de909c8b873313ac6af3f8a6444dd5b8936fa3844b4ecb26d3b9a28e0f4d5,L19299843,0,0,SUCCESS,1,1786136266,1786197600,176.134831,SXR,0x6629Ce1Cf35Cc1329ebB4F63202F3f197b3F050B
0x2136966c98d389f270e650ed2e1c71055abb5e4c041b7f8b7a5c5de6a70c2a6a,0x23a63d3fEDf22e3D422073b7226922d61587207c,1,1.02,1.4525,1X2,Bromley,EFL Cup,Bromley vs Reading FC,Bromley,Reading FC,0x67bfeeedf28cdb9f2edbd82133c7d13a5fed3cbaaaea40258ea1b9d54ada3334,L19299339,0,0,SUCCESS,1,1786135574,1786197600,2.254144,SXR,0x6629Ce1Cf35Cc1329ebB4F63202F3f197b3F050B
0x0341d038a287e42f2a8e7bcec103fc33fae1ed248d8fdbbe758f2e2dce7ce138,0x8268feC8dCb0D284343054BDf2b649286c9aA0a1,1,232.27,1.2563,Under/Over (2),Over 2.0,EFL Cup,Middlesbrough vs Wrexham,Middlesbrough,Wrexham,0xb97f522bc16cba4b8a48b6e978ac468aecd4ac2315c5eb9e3acdff25b6ee4d9e,L19298910,0,0,SUCCESS,1,1786134565,1786129200,906.419512,SXR,0x6629Ce1Cf35Cc1329ebB4F63202F3f197b3F050B
0x79c897515f11957a38c429190874857000ea08ebce398a55d295789483b3fdea,0x8268feC8dCb0D284343054BDf2b649286c9aA0a1,1,131.86,1.2588,Under/Over (2),Over 2.0,EFL Cup,Middlesbrough vs Wrexham,Middlesbrough,Wrexham,0xb97f522bc16cba4b8a48b6e978ac468aecd4ac2315c5eb9e3acdff25b6ee4d9e,L19298910,0,0,SUCCESS,1,1786134544,1786129200,509.603865,SXR,0x6629Ce1Cf35Cc1329ebB4F63202F3f197b3F050B
0x92fbbe53031d86180baeb06d84bc14d48d4a9453c7da7c15e32eb395ccf33622,0xBc04c6a7E9255Cb262632407a40Aa6344137555b,1,2,1.1625,1X2,Portsmouth,EFL Cup,West Ham United vs Portsmouth,West Ham United,Portsmouth,0xbca12055457287fb828111672afac220eed60c86ad33582229333ce7b8a6ae0c,L19299149,0,0,SUCCESS,1,1786133621,1786197600,12.307692,SXR,0x6629Ce1Cf35Cc1329ebB4F63202F3f197b3F050B
0xd253b87ccb033434c7b9ce1f2945ae3f1d471b1616ca877484e2f78a23a7128a,0x5D69C3af95Ff47088b415B25F41b1fFDc8571063,,1,1.3725,1X2,,EFL Cup,Rotherham United vs West Bromwich Albion,Rotherham United,West Bromwich Albion,0xf3925d0c5897bca03df96c1da1b3503d414f68821aedcc808a086b54df556f5c,L19298876,0,0,SUCCESS,1,1786132925,1786206600,2.684564,SXR,0x6629Ce1Cf35Cc1329ebB4F63202F3f197b3F050B
0x422a626a83c28e742571e71ed7cb3e52f2a6cd2addcdf1e06480f2f8b282b23c,0x97EC1C9682F70091efB04e97b0B34698cF815EE1,,63.48,1.5025,Under/Over (1.5),,EFL Cup,Middlesbrough vs Wrexham,Middlesbrough,Wrexham,0x8a9c99ecc81579b747b7b81d8219ef5a122babc283b4459331da788ddd76d575,L19298910,0,0,SUCCESS,1,1786132235,1786129200,126.328358,SXR,0x6629Ce1Cf35Cc1329ebB4F63202F3f197b3F050B
0x2fe777597901cc7f00093b65efc1f6d85491bacb1793c71f4db81efe452ae114,0x204e31304364d2A5f7B90dE28F507adc449Ae221,,1,1.36,Under/Over (2),,EFL Cup,Cambridge United vs Barnet,Cambridge United,Barnet,0x3808a1b2d7f29245c8830a7e9047698aea162d1b24058a556137357d4815a66e,L19299823,0,0,SUCCESS,1,1786130525,1786190400,2.777778,SXR,0x6629Ce1Cf35Cc1329ebB4F63202F3f197b3F050B
0xb47b1af7bbd01dff4c001b869c326c22f2ec174ce6bcb1dda93f084b76a7c3e9,0x8268feC8dCb0D284343054BDf2b649286c9aA0a1,,67.47,1.75,Under/Over (3.5),,EFL Cup,Middlesbrough vs Wrexham,Middlesbrough,Wrexham,0x47c493be467d68cb97f4ba8973e672920a46bcb7988bc770b2210eedf9c49786,L19298910,0,0,SUCCESS,1,1786129999,1786129200,89.96,SXR,0x6629Ce1Cf35Cc1329ebB4F63202F3f197b3F050B
0x981e7243f6ebba942fa9f3acba6a30989257e7424a57a2456e44f49ca65bc7bc,0xFD3a22179CA4104E97c670b834750Bd7Ff310b17,1,8.84,1.19,Under/Over (4),Over 4.0,EFL Cup,Middlesbrough vs Wrexham,Middlesbrough,Wrexham,0xe3a6abf8842defc684e59241888c018fa5b941d01004f359d12174161556b4a1,L19298910,0,0,SUCCESS,1,1786129185,1786129200,46.526316,SXR,0x6629Ce1Cf35Cc1329ebB4F63202F3f197b3F050B
0x95b5a4453ee73d077d4e46e64a21777a2dd738a952763a356735d150e7e2c456,0xFD3a22179CA4104E97c670b834750Bd7Ff310b17,,10.19,1.2763,EFL Cup,,EFL Cup,Middlesbrough vs Wrexham,Middlesbrough,Wrexham,0x5dbb943f3f9ee4ed1106edad2925209e375823ba1321afdd970e78b08ce092cb,L19298910,0,0,SUCCESS,1,1786129154,1786129200,36.886878,SXR,0x6629Ce1Cf35Cc1329ebB4F63202F3f197b3F050B
0xc141b27f0372f3986e85359565974570f3ee8b84f23e0a65f644fd69e02e9851,0x97EC1C9682F70091efB04e97b0B34698cF815EE1,,27.09999,1.595,Asian Handicap (-1),,EFL Cup,Middlesbrough vs Wrexham,Middlesbrough,Wrexham,0x839267f0c68bb6c2c6bc62cf1208a342662105e6d4f23e2568e6626c099fc065,L19298910,0,0,SUCCESS,1,1786129072,1786129200,45.546202,SXR,0x6629Ce1Cf35Cc1329ebB4F63202F3f197b3F050B
0xa5be6bcf64364bcc385ee7148c7af526b8d078a3788edb99f8890ad3bed46729,0xFD3a22179CA4104E97c670b834750Bd7Ff310b17,,1,1.2212,Under/Over (1.5),,EFL Cup,Middlesbrough vs Wrexham,Middlesbrough,Wrexham,0x8a9c99ecc81579b747b7b81d8219ef5a122babc283b4459331da788ddd76d575,L19298910,0,0,SUCCESS,1,1786129024,1786129200,4.519774,SXR,0x6629Ce1Cf35Cc1329ebB4F63202F3f197b3F050B
0x7771a54f8eacdcff5a37bc2f7a256c3ac035206440217485637b4265bfccd684,0xFD3a22179CA4104E97c670b834750Bd7Ff310b17,,1,1.2212,Under/Over (1.5),,EFL Cup,Middlesbrough vs Wrexham,Middlesbrough,Wrexham,0x8a9c99ecc81579b747b7b81d8219ef5a122babc283b4459331da788ddd76d575,L19298910,0,0,SUCCESS,1,1786129023,1786129200,4.519774,SXR,0x6629Ce1Cf35Cc1329ebB4F63202F3f197b3F050B
0x98d0bb4bf487e616abc59e2045aa11b1378749b9b6acfd94aa2dad1ba6f16692,0x3c0287d63932634992dC40382ee8C4Fa83681Dd1,1,127.99998,1.7262,1X2,Wolverhampton Wanderers,EFL Cup,Wolverhampton Wanderers vs Port Vale,Wolverhampton Wanderers,Port Vale,0xa9e0ad0e09ae53c2e153d3df26d92d56ffd6085153f8a0e462f25f7a9612a24c,L19299035,0,0,SUCCESS,1,1786129022,1786128300,176.247821,SXR,0x6629Ce1Cf35Cc1329ebB4F63202F3f197b3F050B
0x3b482413e3fc06bf7f090d21114d450a0f4cda59aa2c9101d3e9683de83a52db,0xFD3a22179CA4104E97c670b834750Bd7Ff310b17,,0.00025,1.2212,Under/Over (1.5),,EFL Cup,Middlesbrough vs Wrexham,Middlesbrough,Wrexham,0x8a9c99ecc81579b747b7b81d8219ef5a122babc283b4459331da788ddd76d575,L19298910,0,0,SUCCESS,1,1786129022,1786129200,0.00113,SXR,0x6629Ce1Cf35Cc1329ebB4F63202F3f197b3F050B
0x5734b348ec88ad0416c523f257cedaf2e04d45407948f5735ced22fe85623068,0xFD3a22179CA4104E97c670b834750Bd7Ff310b17,,8.46,1.22,Under/Over (1.5),,EFL Cup,Middlesbrough vs Wrexham,Middlesbrough,Wrexham,0x8a9c99ecc81579b747b7b81d8219ef5a122babc283b4459331da788ddd76d575,L19298910,0,0,SUCCESS,1,1786128930,1786129200,38.454545,SXR,0x6629Ce1Cf35Cc1329ebB4F63202F3f197b3F050B
0x40bffe3e3c8a786e0ddf8be3b68a4da27ade29c5f42e66cb53efbc0b033d35ca,0xFe080e9732dfD21D183C50e533A0B4b16021512a,1,0.99999,1.5875,Under/Over (2.5),Over 2.5,EFL Cup,Wolverhampton Wanderers vs Port Vale,Wolverhampton Wanderers,Port Vale,0xc5c366afbea0f39188b5f2a573a6fa721e9915231e95e8c382ce64de036ea7a8,L19299035,0,0,SUCCESS,1,1786128791,1786128300,1.702111,SXR,0x6629Ce1Cf35Cc1329ebB4F63202F3f197b3F050B
0x918774b77683adfd5fa4112a4d4986f657f00ebd32494e61d7a123e984ccad81,0xFD3a22179CA4104E97c670b834750Bd7Ff310b17,,5.04,1.22,Under/Over (1.5),,EFL Cup,Middlesbrough vs Wrexham,Middlesbrough,Wrexham,0x8a9c99ecc81579b747b7b81d8219ef5a122babc283b4459331da788ddd76d575,L19298910,0,0,SUCCESS,1,1786128642,1786129200,22.909091,SXR,0x6629Ce1Cf35Cc1329ebB4F63202F3f197b3F050B
0x661523e6014e842e1d01ad29cc898af45cb498c37753a38d4d7ec282150ee1ee,0xFD3a22179CA4104E97c670b834750Bd7Ff310b17,,13.79,1.595,Asian Handicap (-1),,EFL Cup,Middlesbrough vs Wrexham,Middlesbrough,Wrexham,0x839267f0c68bb6c2c6bc62cf1208a342662105e6d4f23e2568e6626c099fc065,L19298910,0,0,SUCCESS,1,1786128640,1786129200,23.176471,SXR,0x6629Ce1Cf35Cc1329ebB4F63202F3f197b3F050B
0x47be803ea81ba8baa83ebd9cf372ff60d779ac7f89d0410f37de546fa138ff9d,0x8268feC8dCb0D284343054BDf2b649286c9aA0a1,,22.58515,1.6175,Under/Over (3.5),,EFL Cup,Wolverhampton Wanderers vs Port Vale,Wolverhampton Wanderers,Port Vale,0xfbf2daa42e9460a27a8058409b4aeb24bee440b83b3fcbb72209e15264933960,L19299035,0,0,SUCCESS,1,1786128312,1786128300,36.575142,SXR,0x6629Ce1Cf35Cc1329ebB4F63202F3f197b3F050B
0xc3ac5395ed9102bfd2d58b7d5801d288fa39799a6a1648f762c58118252ecf21,0x97EC1C9682F70091efB04e97b0B34698cF815EE1,1,9.14,1.2087,1X2,Wrexham,EFL Cup,Middlesbrough vs Wrexham,Middlesbrough,Wrexham,0x1d61e95228a13ff11c61a1c4f3cfbc6655af97d1de6ae734e930ecd37dceaec6,L19298910,0,0,SUCCESS,1,1786128201,1786129200,43.784431,SXR,0x6629Ce1Cf35Cc1329ebB4F63202F3f197b3F050B
0xddc3c8a8392ca07bf2d2887f50bb110c8b6d26a302cd3c66535d61d6f48ccc82,0xFD3a22179CA4104E97c670b834750Bd7Ff310b17,1,1.58,1.3262,Under/Over (3.5),Over 3.5,EFL Cup,Middlesbrough vs Wrexham,Middlesbrough,Wrexham,0x47c493be467d68cb97f4ba8973e672920a46bcb7988bc770b2210eedf9c49786,L19298910,0,0,SUCCESS,1,1786128192,1786129200,4.842912,SXR,0x6629Ce1Cf35Cc1329ebB4F63202F3f197b3F050B
0xa1203a17c4014135fa82c693c88ca34a6d08ea0c6738e8cd8d8645ab8a375abc,0x0DeAbC808957aBc9f4778C03b03CC1D2cBBC9D60,,4.99999,1.905,Under/Over (5.5),,EFL Cup,Wolverhampton Wanderers vs Port Vale,Wolverhampton Wanderers,Port Vale,0x2e092754a942f42c40a2bb319437f9a7fcf31c9f88826469028eafba5f307573,L19299035,0,0,SUCCESS,1,1786128186,1786128300,5.524851,SXR,0x6629Ce1Cf35Cc1329ebB4F63202F3f197b3F050B
0x1b32d39913e31752048fcd1aeff4e603ba05b575b771a78aed0bdb778f3dea1a,0x8268feC8dCb0D284343054BDf2b649286c9aA0a1,,22.15939,1.9038,Under/Over (5.5),,EFL Cup,Wolverhampton Wanderers vs Port Vale,Wolverhampton Wanderers,Port Vale,0x2e092754a942f42c40a2bb319437f9a7fcf31c9f88826469028eafba5f307573,L19299035,0,0,SUCCESS,1,1786128158,1786128300,24.51938,SXR,0x6629Ce1Cf35Cc1329ebB4F63202F3f197b3F050B
0xa4c5ff313c7ea815d6d3174abf00902c45d8c291a4542a127a9765d8161d1528,0xFD3a22179CA4104E97c670b834750Bd7Ff310b17,,2.64,1.4537,Under/Over (2.5),,EFL Cup,Middlesbrough vs Wrexham,Middlesbrough,Wrexham,0xa188130d9a49b2dd6ffaa5dfe1cb354a23795824a7615b150d3148efedf3a9ff,L19298910,0,0,SUCCESS,1,1786128092,1786129200,5.818182,SXR,0x6629Ce1Cf35Cc1329ebB4F63202F3f197b3F050B
0xc8d00e9e0abdb42f944b82747a4e999316c78efd76cc4edacf6a36dd27d9143e,0xFD3a22179CA4104E97c670b834750Bd7Ff310b17,1,10.35624,1.5088,Under/Over (3),Over 3.0,EFL Cup,Wolverhampton Wanderers vs Port Vale,Wolverhampton Wanderers,Port Vale,0x146fb999caa42556925496d21566aa7da30dfe82c24cff57722e8ff9ea75a155,L19299035,0,0,SUCCESS,1,1786128086,1786128300,20.356246,SXR,0x6629Ce1Cf35Cc1329ebB4F63202F3f197b3F050B
0x6db5d7ff7c0198e89b3d99b49fff1d36a54967a1ebfdb10961d9617e2bce3b16,0xFD3a22179CA4104E97c670b834750Bd7Ff310b17,1,12.38,1.26,Under/Over (4),Over 4.0,EFL Cup,Wolverhampton Wanderers vs Port Vale,Wolverhampton Wanderers,Port Vale,0x4eef4fe44a2b07a03921d584945bd8780645ab835e0fd2ce3fcc8a0bd0161492,L19299035,0,0,SUCCESS,1,1786128086,1786128300,47.615385,SXR,0x6629Ce1Cf35Cc1329ebB4F63202F3f197b3F050B
0x0905a7806a8dcbfd460ebd6240b329a8aa5ecff38cf05f0eac71ffd759d65610,0xFD3a22179CA4104E97c670b834750Bd7Ff310b17,1,23.96,1.345,Asian Handicap (-2.5),Wolverhampton Wanderers -2.5,EFL Cup,Wolverhampton Wanderers vs Port Vale,Wolverhampton Wanderers,Port Vale,0x54d9fb07231b8816e59cf77eb19a7b1e1e0983500664b48b28c7041a8c0a55e5,L19299035,0,0,SUCCESS,1,1786128085,1786128300,69.449275,SXR,0x6629Ce1Cf35Cc1329ebB4F63202F3f197b3F050B
0x3ccb800cda7cccc63ec6095c3585a7cb982b6fce783c9b232ed475aa4ec6e6a3,0xFD3a22179CA4104E97c670b834750Bd7Ff310b17,,30.44998,1.7625,Under/Over (3.5),,EFL Cup,Wycombe Wanderers vs Stevenage,Wycombe Wanderers,Stevenage,0xf49b59cdea9642872f1a5988e7a082645e1cd4756f29a8ba1b9e7fc021026cfc,L19299034,0,0,SUCCESS,1,1786128049,1786128300,39.9344,SXR,0x6629Ce1Cf35Cc1329ebB4F63202F3f197b3F050B
0x1a5fd0d040b4dbc83ede388d5d6fd034a84428cbb9d17e99e912432b67783d82,0xFD3a22179CA4104E97c670b834750Bd7Ff310b17,1,4.13,1.2925,1X2,Stevenage,EFL Cup,Wycombe Wanderers vs Stevenage,Wycombe Wanderers,Stevenage,0x046c104f8491bd904b02094412a160a91c4ad414ae49feed6178f4c3534fdf3c,L19299034,0,0,SUCCESS,1,1786127980,1786128300,14.119658,SXR,0x6629Ce1Cf35Cc1329ebB4F63202F3f197b3F050B
0x66f1811213a530fb8d82cd9b7a19fd79d4821633940fec2839689a7de00c3d57,0xFD3a22179CA4104E97c670b834750Bd7Ff310b17,,33.50997,1.75,Asian Handicap (-1),,EFL Cup,Wycombe Wanderers vs Stevenage,Wycombe Wanderers,Stevenage,0xc3c60f5a05b0b788e0bf92b444d4219f3b8e8908bdcfa1e7f6955522b6c86dbc,L19299034,0,0,SUCCESS,1,1786127941,1786128300,44.67996,SXR,0x6629Ce1Cf35Cc1329ebB4F63202F3f197b3F050B
0x5cb85c12f020294624643c68089e88504d96faf7a43da8b1986532872758e9c7,0xFD3a22179CA4104E97c670b834750Bd7Ff310b17,,1,1.5775,1X2,,EFL Cup,Wycombe Wanderers vs Stevenage,Wycombe Wanderers,Stevenage,0xe9178ee9ea84879e9dc5ff789b3f2ca00896a60d07ad28accf25f470c406f0b5,L19299034,0,0,SUCCESS,1,1786127941,1786128300,1.731602,SXR,0x6629Ce1Cf35Cc1329ebB4F63202F3f197b3F050B
0xd8f53d94df08a5ff6bc36dfe41505f57ad04106af636c2105fbcbfac9d773926,0xFD3a22179CA4104E97c670b834750Bd7Ff310b17,1,11.54,1.5075,Under/Over (3),Over 3.0,EFL Cup,Wolverhampton Wanderers vs Port Vale,Wolverhampton Wanderers,Port Vale,0x146fb999caa42556925496d21566aa7da30dfe82c24cff57722e8ff9ea75a155,L19299035,0,0,SUCCESS,1,1786127927,1786128300,22.738916,SXR,0x6629Ce1Cf35Cc1329ebB4F63202F3f197b3F050B
0x7917236ba05cced0d206e335c5bce5f554c58a74796b5b26dbca76829d9ad53d,0x97EC1C9682F70091efB04e97b0B34698cF815EE1,,13.75,1.29,Asian Handicap (0.5),,EFL Cup,Wycombe Wanderers vs Stevenage,Wycombe Wanderers,Stevenage,0x3461aeaae7f2226242065b5c145b34dfd7749a00e7ea59b2f9826552ca367a21,L19299034,0,0,SUCCESS,1,1786127918,1786128300,47.413793,SXR,0x6629Ce1Cf35Cc1329ebB4F63202F3f197b3F050B
0xc3c1aeb65c6157dfb7b620a3361ed46cced897dbadbe412cb88d1da5fd3cf65f,0xFD3a22179CA4104E97c670b834750Bd7Ff310b17,1,15.51,1.5075,Under/Over (3),Over 3.0,EFL Cup,Wolverhampton Wanderers vs Port Vale,Wolverhampton Wanderers,Port Vale,0x146fb999caa42556925496d21566aa7da30dfe82c24cff57722e8ff9ea75a155,L19299035,0,0,SUCCESS,1,1786127866,1786128300,30.561576,SXR,0x6629Ce1Cf35Cc1329ebB4F63202F3f197b3F050B
0x775c284cf60e4c5bd0374b800f763e9d4fb419763ad18e6c318c49e08d2f4d54,0xFD3a22179CA4104E97c670b834750Bd7Ff310b17,,9.73,1.17,Under/Over (1.5),,EFL Cup,Wolverhampton Wanderers vs Port Vale,Wolverhampton Wanderers,Port Vale,0xcfa4549a2a23d0bbdb89627e44162b576876429ba8b94656a3990a05089bd9c8,L19299035,0,0,SUCCESS,1,1786127866,1786128300,57.235294,SXR,0x6629Ce1Cf35Cc1329ebB4F63202F3f197b3F050B
0x3ff49d4b4b4a258af4baa568cd6d8c7da50f9adbe4a0de6c8856ae3177d4f061,0xFD3a22179CA4104E97c670b834750Bd7Ff310b17,,2.82,1.4537,Under/Over (2.5),,EFL Cup,Middlesbrough vs Wrexham,Middlesbrough,Wrexham,0xa188130d9a49b2dd6ffaa5dfe1cb354a23795824a7615b150d3148efedf3a9ff,L19298910,0,0,SUCCESS,1,1786127843,1786129200,6.214876,SXR,0x6629Ce1Cf35Cc1329ebB4F63202F3f197b3F050B
0x0ef87d69dfbf432b91d055f68fd47f30b85f6c30adbfbf7b11b541a60df4df81,0xFD3a22179CA4104E97c670b834750Bd7Ff310b17,,14.5,1.6913,Asian Handicap (-1.5),,EFL Cup,Middlesbrough vs Wrexham,Middlesbrough,Wrexham,0x490b7c30bc2ec985ff27134fa37de9f834349c15e69fb59d89d93bac4728383c,L19298910,0,0,SUCCESS,1,1786127803,1786129200,20.976492,SXR,0x6629Ce1Cf35Cc1329ebB4F63202F3f197b3F050B
0x1d9cc66b125e5b15be2a1309de6536110e826510d3fbc05e4b0fe6957a8d2285,0xFD3a22179CA4104E97c670b834750Bd7Ff310b17,,19.09997,1.7462,Asian Handicap (-1),,EFL Cup,Wycombe Wanderers vs Stevenage,Wycombe Wanderers,Stevenage,0xc3c60f5a05b0b788e0bf92b444d4219f3b8e8908bdcfa1e7f6955522b6c86dbc,L19299034,0,0,SUCCESS,1,1786127766,1786128300,25.5946,SXR,0x6629Ce1Cf35Cc1329ebB4F63202F3f197b3F050B
0x6a447ff12e551e4aa7bc2b849e0072c59edc1f80e6e8f3a7fc20f9ade79dd162,0xFD3a22179CA4104E97c670b834750Bd7Ff310b17,,11.11,1.17,Under/Over (1.5),,EFL Cup,Wolverhampton Wanderers vs Port Vale,Wolverhampton Wanderers,Port Vale,0xcfa4549a2a23d0bbdb89627e44162b576876429ba8b94656a3990a05089bd9c8,L19299035,0,0,SUCCESS,1,1786127738,1786128300,65.352941,SXR,0x6629Ce1Cf35Cc1329ebB4F63202F3f197b3F050B
0x8f06a3c9924f0ea08f9371f0fb78b1094da677bcaf87f3bbd96bddddfe6027f8,0x97EC1C9682F70091efB04e97b0B34698cF815EE1,1,10.29,1.2412,1X2,Tie,EFL Cup,Middlesbrough vs Wrexham,Middlesbrough,Wrexham,0x4b5eab324f4aa7d92bfed4a6acc233fa83fa8c102ee48c09333c7e7d7a86af5c,L19298910,0,0,SUCCESS,1,1786127711,1786129200,42.65285,SXR,0x6629Ce1Cf35Cc1329ebB4F63202F3f197b3F050B
0x076c8c65c42dde79d79b672174d32fab06d692f1e8b0390fa4c5135be8d2b776,0x51F8e5692A80d7752047bc43Ab5444953F542F91,1,1.27,1.5725,1X2,Middlesbrough,EFL Cup,Middlesbrough vs Wrexham,Middlesbrough,Wrexham,0xd39b5412e3bdd35c245e5d0a2e08c3b7bbb0dccfab513161aa272b9c72edca35,L19298910,0,0,SUCCESS,1,1786127691,1786129200,2.218341,SXR,0x6629Ce1Cf35Cc1329ebB4F63202F3f197b3F050B
0x2ea6d2d0ef88cd5637a88f6ced3468f3b693bf8423e71e323ac02f44541da678,0xFD3a22179CA4104E97c670b834750Bd7Ff310b17,1,10.67985,1.3325,Asian Handicap (-2.5),Wolverhampton Wanderers -2.5,EFL Cup,Wolverhampton Wanderers vs Port Vale,Wolverhampton Wanderers,Port Vale,0x54d9fb07231b8816e59cf77eb19a7b1e1e0983500664b48b28c7041a8c0a55e5,L19299035,0,0,SUCCESS,1,1786127641,1786128300,32.11985,SXR,0x6629Ce1Cf35Cc1329ebB4F63202F3f197b3F050B
0x16be476931dcc4ba46ae2277550d2cccac7eb813e7494e8d7f62d24c877a4d09,0xFD3a22179CA4104E97c670b834750Bd7Ff310b17,,7.08,1.6887,Asian Handicap (-1.5),,EFL Cup,Middlesbrough vs Wrexham,Middlesbrough,Wrexham,0x490b7c30bc2ec985ff27134fa37de9f834349c15e69fb59d89d93bac4728383c,L19298910,0,0,SUCCESS,1,1786127543,1786129200,10.279492,SXR,0x6629Ce1Cf35Cc1329ebB4F63202F3f197b3F050B
0x2c5fcb88f6a690755039b3f2088d8b1662af1b4be5bfe4e73e72fcf96b0ba963,0x97EC1C9682F70091efB04e97b0B34698cF815EE1,1,21.5,1.2063,1X2,Wrexham,EFL Cup,Middlesbrough vs Wrexham,Middlesbrough,Wrexham,0x1d61e95228a13ff11c61a1c4f3cfbc6655af97d1de6ae734e930ecd37dceaec6,L19298910,0,0,SUCCESS,1,1786127517,1786129200,104.242424,SXR,0x6629Ce1Cf35Cc1329ebB4F63202F3f197b3F050B
0xbadf09c8f2241fa8e4e406e22143bc1be3386e3657814af2e9c0895117b1f5c0,0xFD3a22179CA4104E97c670b834750Bd7Ff310b17,,9.62,1.6887,Asian Handicap (-1.5),,EFL Cup,Middlesbrough vs Wrexham,Middlesbrough,Wrexham,0x490b7c30bc2ec985ff27134fa37de9f834349c15e69fb59d89d93bac4728383c,L19298910,0,0,SUCCESS,1,1786127466,1786129200,13.967332,SXR,0x6629Ce1Cf35Cc1329ebB4F63202F3f197b3F050B
0xd82d7cf089e2d66508aa10b9484f97b9b76f1826dd53bc45449cbf0f0259eddf,0xFD3a22179CA4104E97c670b834750Bd7Ff310b17,1,22.86,1.7812,1X2,Wolverhampton Wanderers,EFL Cup,Wolverhampton Wanderers vs Port Vale,Wolverhampton Wanderers,Port Vale,0xa9e0ad0e09ae53c2e153d3df26d92d56ffd6085153f8a0e462f25f7a9612a24c,L19299035,0,0,SUCCESS,1,1786127308,1786128300,29.2608,SXR,0x6629Ce1Cf35Cc1329ebB4F63202F3f197b3F050B
0x19e6c5ffd2530408bcda6a489aecebc6031f5d782fbe2c64aab2386cbb5c487b,0xFD3a22179CA4104E97c670b834750Bd7Ff310b17,1,654.05,1.7812,1X2,Wolverhampton Wanderers,EFL Cup,Wolverhampton Wanderers vs Port Vale,Wolverhampton Wanderers,Port Vale,0xa9e0ad0e09ae53c2e153d3df26d92d56ffd6085153f8a0e462f25f7a9612a24c,L19299035,0,0,SUCCESS,1,1786127271,1786128300,837.184,SXR,0x6629Ce1Cf35Cc1329ebB4F63202F3f197b3F050B
0x0110e415f5c341ce8f4f482050e2d392cfe92e49c705b3103528f3c3658b0643,0xFD3a22179CA4104E97c670b834750Bd7Ff310b17,1,581.98,1.7812,1X2,Wolverhampton Wanderers,EFL Cup,Wolverhampton Wanderers vs Port Vale,Wolverhampton Wanderers,Port Vale,0xa9e0ad0e09ae53c2e153d3df26d92d56ffd6085153f8a0e462f25f7a9612a24c,L19299035,0,0,SUCCESS,1,1786127241,1786128300,744.9344,SXR,0x6629Ce1Cf35Cc1329ebB4F63202F3f197b3F050B
0x140043f1203566f2bc75e0b46d7de32fcf7f548a09c39c31132b33621a684c12,0xFD3a22179CA4104E97c670b834750Bd7Ff310b17,1,1224.7,1.7812,1X2,Wolverhampton Wanderers,EFL Cup,Wolverhampton Wanderers vs Port Vale,Wolverhampton Wanderers,Port Vale,0xa9e0ad0e09ae53c2e153d3df26d92d56ffd6085153f8a0e462f25f7a9612a24c,L19299035,0,0,SUCCESS,1,1786127211,1786128300,1567.616,SXR,0x6629Ce1Cf35Cc1329ebB4F63202F3f197b3F050B
0xd443cec3126fe4faf38761841570df5e193fa2dc6792ad8ca49fe883c8dfc0ab,0xFD3a22179CA4104E97c670b834750Bd7Ff310b17,1,13.55,1.7812,1X2,Wolverhampton Wanderers,EFL Cup,Wolverhampton Wanderers vs Port Vale,Wolverhampton Wanderers,Port Vale,0xa9e0ad0e09ae53c2e153d3df26d92d56ffd6085153f8a0e462f25f7a9612a24c,L19299035,0,0,SUCCESS,1,1786127150,1786128300,17.344,SXR,0x6629Ce1Cf35Cc1329ebB4F63202F3f197b3F050B
0xc794f34b18e05344c3afc1173119e99658cfda92361f4baaa2a3aca52d59298b,0xFD3a22179CA4104E97c670b834750Bd7Ff310b17,1,30.66,1.7812,1X2,Wolverhampton Wanderers,EFL Cup,Wolverhampton Wanderers vs Port Vale,Wolverhampton Wanderers,Port Vale,0xa9e0ad0e09ae53c2e153d3df26d92d56ffd6085153f8a0e462f25f7a9612a24c,L19299035,0,0,SUCCESS,1,1786127041,1786128300,39.2448,SXR,0x6629Ce1Cf35Cc1329ebB4F63202F3f197b3F050B
0x0e057851df52a7d9bfdbc929aa20a62b73bc67d52d2245bcf8cb7aa75e9c6798,0xFD3a22179CA4104E97c670b834750Bd7Ff310b17,1,54.64,1.7812,1X2,Wolverhampton Wanderers,EFL Cup,Wolverhampton Wanderers vs Port Vale,Wolverhampton Wanderers,Port Vale,0xa9e0ad0e09ae53c2e153d3df26d92d56ffd6085153f8a0e462f25f7a9612a24c,L19299035,0,0,SUCCESS,1,1786127035,1786128300,69.9392,SXR,0x6629Ce1Cf35Cc1329ebB4F63202F3f197b3F050B
0xe0b078439473094dd7f5d2742b942ff3bcb15508c33d01fce75877b7009cbd7d,0xFD3a22179CA4104E97c670b834750Bd7Ff310b17,1,13.74,1.1987,1X2,Wrexham,EFL Cup,Middlesbrough vs Wrexham,Middlesbrough,Wrexham,0x1d61e95228a13ff11c61a1c4f3cfbc6655af97d1de6ae734e930ecd37dceaec6,L19298910,0,0,SUCCESS,1,1786127017,1786129200,69.132075,SXR,0x6629Ce1Cf35Cc1329ebB4F63202F3f197b3F050B
0xabac7c5b90a07b7fe1c572f6bae916393a5feae64376a268a775f84a558b8876,0x782Cc6beCa1D0C0AB2A174D52D450Da71d58DE73,1,40,1.79,1X2,Wolverhampton Wanderers,EFL Cup,Wolverhampton Wanderers vs Port Vale,Wolverhampton Wanderers,Port Vale,0xa9e0ad0e09ae53c2e153d3df26d92d56ffd6085153f8a0e462f25f7a9612a24c,L19299035,0,0,SUCCESS,1,1786126978,1786128300,50.632911,SXR,0x6629Ce1Cf35Cc1329ebB4F63202F3f197b3F050B
0xf39053747fdd7ee73c17ebe5d3069c74036acf94a0a0416af2d55f171d9ec7d6,0xBc04c6a7E9255Cb262632407a40Aa6344137555b,1,2.00002,1.0662,1X2,Port Vale,EFL Cup,Wolverhampton Wanderers vs Port Vale,Wolverhampton Wanderers,Port Vale,0x0e9117cfa8135901930aa5c059d1cdb8f3da235c8d9bb770303d30bd4ce7ca0e,L19299035,0,0,SUCCESS,1,1786126905,1786128300,30.188981,SXR,0x6629Ce1Cf35Cc1329ebB4F63202F3f197b3F050B
0xdc0e2087b55871ae3e72939a86184ba826019aca5f9dcab945682fda27bcf826,0xFD3a22179CA4104E97c670b834750Bd7Ff310b17,,9.7,1.17,Under/Over (1.5),,EFL Cup,Wolverhampton Wanderers vs Port Vale,Wolverhampton Wanderers,Port Vale,0xcfa4549a2a23d0bbdb89627e44162b576876429ba8b94656a3990a05089bd9c8,L19299035,0,0,SUCCESS,1,1786126725,1786128300,57.058824,SXR,0x6629Ce1Cf35Cc1329ebB4F63202F3f197b3F050B
0x84f5ea9b2bbf983b13ea89362163dde6634772b84a898172f0e811f5da98ce9a,0xFD3a22179CA4104E97c670b834750Bd7Ff310b17,1,14.62836,1.33,Asian Handicap (-2.5),Wolverhampton Wanderers -2.5,EFL Cup,Wolverhampton Wanderers vs Port Vale,Wolverhampton Wanderers,Port Vale,0x54d9fb07231b8816e59cf77eb19a7b1e1e0983500664b48b28c7041a8c0a55e5,L19299035,0,0,SUCCESS,1,1786126725,1786128300,44.328364,SXR,0x6629Ce1Cf35Cc1329ebB4F63202F3f197b3F050B
0x69763ce05f74b6a66ae5888e8d7e4826dc8f47e3636f7d2d42f2192bf9fd0c84,0xFD3a22179CA4104E97c670b834750Bd7Ff310b17,1,9.63,1.1963,1X2,Wrexham,EFL Cup,Middlesbrough vs Wrexham,Middlesbrough,Wrexham,0x1d61e95228a13ff11c61a1c4f3cfbc6655af97d1de6ae734e930ecd37dceaec6,L19298910,0,0,SUCCESS,1,1786126696,1786129200,49.070064,SXR,0x6629Ce1Cf35Cc1329ebB4F63202F3f197b3F050B
0x0d4b5cb426e3ab708d10021a8db9dbeb303a3fd114188817f8b96318ffc522dc,0xFD3a22179CA4104E97c670b834750Bd7Ff310b17,,6.7008,1.2188,Under/Over (2),,EFL Cup,Wolverhampton Wanderers vs Port Vale,Wolverhampton Wanderers,Port Vale,0x0420967e5eb762df32098dbe7a33c0f16426d8a01c9e06d20df6af51947ea0e4,L19299035,0,0,SUCCESS,1,1786126665,1786128300,30.632229,SXR,0x6629Ce1Cf35Cc1329ebB4F63202F3f197b3F050B
0x098e82626be5484aaf9ea6d65afe0d455d723ae7abedd22b6dd7eb8f7b9e564b,0xFD3a22179CA4104E97c670b834750Bd7Ff310b17,1,1.76,1.5562,Under/Over (2.5),Over 2.5,EFL Cup,Middlesbrough vs Wrexham,Middlesbrough,Wrexham,0xa188130d9a49b2dd6ffaa5dfe1cb354a23795824a7615b150d3148efedf3a9ff,L19298910,0,0,SUCCESS,1,1786126631,1786129200,3.164045,SXR,0x6629Ce1Cf35Cc1329ebB4F63202F3f197b3F050B
0x4f1941ff463d1575bb6b9977a2b827d22ada421f62efb9e214e8ee235dfdb520,0xFD3a22179CA4104E97c670b834750Bd7Ff310b17,1,19.0575,1.5775,Asian Handicap (-1.5),Wolverhampton Wanderers -1.5,EFL Cup,Wolverhampton Wanderers vs Port Vale,Wolverhampton Wanderers,Port Vale,0xf2a7dbf87b14971bd01acb7820fac3cf7e21f0aaec79dfa6fd3fd861626ab9d4,L19299035,0,0,SUCCESS,1,1786126591,1786128300,33.0,SXR,0x6629Ce1Cf35Cc1329ebB4F63202F3f197b3F050B
0xd2dd52c629102a105676be483b09d3b8a9ab5ae7f011994023e60b689d44b74c,0xFD3a22179CA4104E97c670b834750Bd7Ff310b17,1,16.12,1.4375,1X2,Wycombe Wanderers,EFL Cup,Wycombe Wanderers vs Stevenage,Wycombe Wanderers,Stevenage,0xe9178ee9ea84879e9dc5ff789b3f2ca00896a60d07ad28accf25f470c406f0b5,L19299034,0,0,SUCCESS,1,1786126330,1786128300,36.845714,SXR,0x6629Ce1Cf35Cc1329ebB4F63202F3f197b3F050B
0xdb8a34bed0b839bffda77a6c3c19b7dbab39a8c7ed60ae35cd0f0fcd9199a247,0xFD3a22179CA4104E97c670b834750Bd7Ff310b17,,1.34,1.7612,Under/Over (3.5),,EFL Cup,Wycombe Wanderers vs Stevenage,Wycombe Wanderers,Stevenage,0xf49b59cdea9642872f1a5988e7a082645e1cd4756f29a8ba1b9e7fc021026cfc,L19299034,0,0,SUCCESS,1,1786126315,1786128300,1.760263,SXR,0x6629Ce1Cf35Cc1329ebB4F63202F3f197b3F050B
0x141df96f89815c7c1eb455eae447701175f4fee7d90c2986ea217ea53bf3ed63,0xFD3a22179CA4104E97c670b834750Bd7Ff310b17,1,125.80999,1.7675,1X2,Wolverhampton Wanderers,EFL Cup,Wolverhampton Wanderers vs Port Vale,Wolverhampton Wanderers,Port Vale,0xa9e0ad0e09ae53c2e153d3df26d92d56ffd6085153f8a0e462f25f7a9612a24c,L19299035,0,0,SUCCESS,1,1786126291,1786128300,163.921811,SXR,0x6629Ce1Cf35Cc1329ebB4F63202F3f197b3F050B
0xbea22bc9accdcf98cac9bf8e1faa51c19ae2f665835b10039bdeda8b65f5bb3d,0xa498150823d867380b25175554a275c1c668256e,,14.88728,1.23,1X2,,EFL Cup,Wolverhampton Wanderers vs Port Vale,Wolverhampton Wanderers,Port Vale,0xa9e0ad0e09ae53c2e153d3df26d92d56ffd6085153f8a0e462f25f7a9612a24c,L19299035,0,0,SUCCESS,1,1786126288,1786128300,64.727304,SXR,0x6629Ce1Cf35Cc1329ebB4F63202F3f197b3F050B
0x254f036e754d9c45cb11d8cb358bda15716a771d1cedd18770ec5d232a109fe5,0xFD3a22179CA4104E97c670b834750Bd7Ff310b17,1,27.8,1.7188,Under/Over (2),Over 2.0,EFL Cup,Middlesbrough vs Wrexham,Middlesbrough,Wrexham,0xb97f522bc16cba4b8a48b6e978ac468aecd4ac2315c5eb9e3acdff25b6ee4d9e,L19298910,0,0,SUCCESS,1,1786126254,1786129200,38.678261,SXR,0x6629Ce1Cf35Cc1329ebB4F63202F3f197b3F050B
0xf992823894949c90f714015d1c23be06cac094ecb9c59af001078e85d98625ef,0xFD3a22179CA4104E97c670b834750Bd7Ff310b17,1,2.24,1.555,Under/Over (2.5),Over 2.5,EFL Cup,Middlesbrough vs Wrexham,Middlesbrough,Wrexham,0xa188130d9a49b2dd6ffaa5dfe1cb354a23795824a7615b150d3148efedf3a9ff,L19298910,0,0,SUCCESS,1,1786126253,1786129200,4.036036,SXR,0x6629Ce1Cf35Cc1329ebB4F63202F3f197b3F050B
0x65493a563a4d833a8cc08c9b516b086c0b38ddaeda52695aea94827e022e9ef5,0xFD3a22179CA4104E97c670b834750Bd7Ff310b17,,11.99,1.17,Under/Over (1.5),,EFL Cup,Wolverhampton Wanderers vs Port Vale,Wolverhampton Wanderers,Port Vale,0xcfa4549a2a23d0bbdb89627e44162b576876429ba8b94656a3990a05089bd9c8,L19299035,0,0,SUCCESS,1,1786126253,1786128300,70.529412,SXR,0x6629Ce1Cf35Cc1329ebB4F63202F3f197b3F050B
0xbd2b0a108e3a804abc8780a631d903bac881f9ce57d8db5cccf152216f7d6042,0x97EC1C9682F70091efB04e97b0B34698cF815EE1,1,2.62631,1.5475,Asian Handicap (-1.5),Wolverhampton Wanderers -1.5,EFL Cup,Wolverhampton Wanderers vs Port Vale,Wolverhampton Wanderers,Port Vale,0xf2a7dbf87b14971bd01acb7820fac3cf7e21f0aaec79dfa6fd3fd861626ab9d4,L19299035,0,0,SUCCESS,1,1786126104,1786128300,4.796913,SXR,0x6629Ce1Cf35Cc1329ebB4F63202F3f197b3F050B
0x7beaebf70e5a6192c46b12f10357fd0d136730bb28472d2f6e9c412a451b7cbc,0xFD3a22179CA4104E97c670b834750Bd7Ff310b17,1,23.69,1.5475,Asian Handicap (-1.5),Wolverhampton Wanderers -1.5,EFL Cup,Wolverhampton Wanderers vs Port Vale,Wolverhampton Wanderers,Port Vale,0xf2a7dbf87b14971bd01acb7820fac3cf7e21f0aaec79dfa6fd3fd861626ab9d4,L19299035,0,0,SUCCESS,1,1786126104,1786128300,43.269406,SXR,0x6629Ce1Cf35Cc1329ebB4F63202F3f197b3F050B
0x74ca87b32b113695464a502dc143f65079fcea846efc5262f39f9fd0bef2641b,0xFD3a22179CA4104E97c670b834750Bd7Ff310b17,1,79.51,1.7675,1X2,Wolverhampton Wanderers,EFL Cup,Wolverhampton Wanderers vs Port Vale,Wolverhampton Wanderers,Port Vale,0xa9e0ad0e09ae53c2e153d3df26d92d56ffd6085153f8a0e462f25f7a9612a24c,L19299035,0,0,SUCCESS,1,1786126104,1786128300,103.596091,SXR,0x6629Ce1Cf35Cc1329ebB4F63202F3f197b3F050B
0x7600d338ca143af0025e39a08332784d88813490c39df03e3adf2fcf3eb17361,0xFD3a22179CA4104E97c670b834750Bd7Ff310b17,1,19.41,1.405,Asian Handicap (-2),Wolverhampton Wanderers -2,EFL Cup,Wolverhampton Wanderers vs Port Vale,Wolverhampton Wanderers,Port Vale,0xf00baca896e8162b7b726b7483e4ddec0adeaba8dc7daf2fbb508aae5dd90125,L19299035,0,0,SUCCESS,1,1786126103,1786128300,47.925926,SXR,0x6629Ce1Cf35Cc1329ebB4F63202F3f197b3F050B
0x1fbff5ffc5a31299457e7be60e41023eb5f3d395386f232239b0e4a5bb60870d,0xFD3a22179CA4104E97c670b834750Bd7Ff310b17,1,5799.36,1.7675,1X2,Wolverhampton Wanderers,EFL Cup,Wolverhampton Wanderers vs Port Vale,Wolverhampton Wanderers,Port Vale,0xa9e0ad0e09ae53c2e153d3df26d92d56ffd6085153f8a0e462f25f7a9612a24c,L19299035,0,0,SUCCESS,1,1786126079,1786128300,7556.169381,SXR,0x6629Ce1Cf35Cc1329ebB4F63202F3f197b3F050B
0x02b00d5df71fd7c7552017aa2c18b7eec28856b2ac1cb5c22d077d02c7715d47,0xa498150823d867380b25175554a275c1c668256e,,25.66875,1.2312,1X2,,EFL Cup,Wolverhampton Wanderers vs Port Vale,Wolverhampton Wanderers,Port Vale,0xa9e0ad0e09ae53c2e153d3df26d92d56ffd6085153f8a0e462f25f7a9612a24c,L19299035,0,0,SUCCESS,1,1786126077,1786128300,111.0,SXR,0x6629Ce1Cf35Cc1329ebB4F63202F3f197b3F050B
0x37100356e0534bc05c7040d36281b841a76c8211f76a28c2ecfe1ceb7b5b1a8f,0xFD3a22179CA4104E97c670b834750Bd7Ff310b17,,105.00726,1.4425,Under/Over (2.5),,EFL Cup,Middlesbrough vs Wrexham,Middlesbrough,Wrexham,0xa188130d9a49b2dd6ffaa5dfe1cb354a23795824a7615b150d3148efedf3a9ff,L19298910,0,0,SUCCESS,1,1786126042,1786129200,237.304542,SXR,0x6629Ce1Cf35Cc1329ebB4F63202F3f197b3F050B
0xeb38a077b63114c83a830043f6752bee2c4d7875d99968bb2cd1bba74643a3a3,0xFD3a22179CA4104E97c670b834750Bd7Ff310b17,1,7.62985,1.1938,1X2,Wrexham,EFL Cup,Middlesbrough vs Wrexham,Middlesbrough,Wrexham,0x1d61e95228a13ff11c61a1c4f3cfbc6655af97d1de6ae734e930ecd37dceaec6,L19298910,0,0,SUCCESS,1,1786125945,1786129200,39.379871,SXR,0x6629Ce1Cf35Cc1329ebB4F63202F3f197b3F050B
0x77b1e90ac346f79e12915e915aac94b69a38fc15041c5b3db161ea291b801706,0xFD3a22179CA4104E97c670b834750Bd7Ff310b17,,3.29,1.2537,EFL Cup,,EFL Cup,Middlesbrough vs Wrexham,Middlesbrough,Wrexham,0x5dbb943f3f9ee4ed1106edad2925209e375823ba1321afdd970e78b08ce092cb,L19298910,0,0,SUCCESS,1,1786125945,1786129200,12.965517,SXR,0x6629Ce1Cf35Cc1329ebB4F63202F3f197b3F050B
0xa390c157208c06af2f32f26ab13251eb8f728cc87b99596f3fd16a17def1c8a5,0xFD3a22179CA4104E97c670b834750Bd7Ff310b17,1,3.31999,1.7913,1X2,Leicester City,EFL Cup,Leicester City vs Northampton Town,Leicester City,Northampton Town,0x505de909c8b873313ac6af3f8a6444dd5b8936fa3844b4ecb26d3b9a28e0f4d5,L19299843,0,0,SUCCESS,1,1786125943,1786197600,4.19588,SXR,0x6629Ce1Cf35Cc1329ebB4F63202F3f197b3F050B
0xfb34271a5b02e6f3ffcc778e1a28d5d1631fbbfa2efd03217d1697579b56c3ed,0xFD3a22179CA4104E97c670b834750Bd7Ff310b17,,5.19,1.445,Under/Over (2.5),,EFL Cup,Middlesbrough vs Wrexham,Middlesbrough,Wrexham,0xa188130d9a49b2dd6ffaa5dfe1cb354a23795824a7615b150d3148efedf3a9ff,L19298910,0,0,SUCCESS,1,1786125935,1786129200,11.662921,SXR,0x6629Ce1Cf35Cc1329ebB4F63202F3f197b3F050B
0x5488330b5c49ae908e532b183fae72c0ca287782c6d074388d0bb151b5c970c1,0xFD3a22179CA4104E97c670b834750Bd7Ff310b17,1,10.41,1.2625,Asian Handicap (-1),Wycombe Wanderers -1,EFL Cup,Wycombe Wanderers vs Stevenage,Wycombe Wanderers,Stevenage,0xc3c60f5a05b0b788e0bf92b444d4219f3b8e8908bdcfa1e7f6955522b6c86dbc,L19299034,0,0,SUCCESS,1,1786125926,1786128300,39.657143,SXR,0x6629Ce1Cf35Cc1329ebB4F63202F3f197b3F050B
0x886e07e7566b434295a8180aefe4d56873f3fc068141f1bc5fd69540bfe9f6d9,0xB1f9FaAaA197461Cdd2588315437130d4A47B1F6,,3.84,1.445,Under/Over (2.5),,EFL Cup,Middlesbrough vs Wrexham,Middlesbrough,Wrexham,0xa188130d9a49b2dd6ffaa5dfe1cb354a23795824a7615b150d3148efedf3a9ff,L19298910,0,0,SUCCESS,1,1786125855,1786129200,8.629213,SXR,0x6629Ce1Cf35Cc1329ebB4F63202F3f197b3F050B
0xf3a29e34f0f1c40197803d8c202227bf949d65212d96662069d4ce75c5f98241,0xFD3a22179CA4104E97c670b834750Bd7Ff310b17,,1.62,1.3925,Under/Over (2.5),,EFL Cup,Wolverhampton Wanderers vs Port Vale,Wolverhampton Wanderers,Port Vale,0xc5c366afbea0f39188b5f2a573a6fa721e9915231e95e8c382ce64de036ea7a8,L19299035,0,0,SUCCESS,1,1786125788,1786128300,4.127389,SXR,0x6629Ce1Cf35Cc1329ebB4F63202F3f197b3F050B
0xf37ebbc0f8b3268517cfeba37dd0412b6b098c1134b75f661e7cf3dc34c5cf7c,0xE4DD6165bFF7EE73D7932C3b478f7E22431e85E7,1,18.09,1.405,Asian Handicap (-2),Wolverhampton Wanderers -2,EFL Cup,Wolverhampton Wanderers vs Port Vale,Wolverhampton Wanderers,Port Vale,0xf00baca896e8162b7b726b7483e4ddec0adeaba8dc7daf2fbb508aae5dd90125,L19299035,0,0,SUCCESS,1,1786125784,1786128300,44.666667,SXR,0x6629Ce1Cf35Cc1329ebB4F63202F3f197b3F050B
0x01810bce3b0d285dea2b5168968e357dd2d1742092c330bd76b75de8c9fc017d,0xFD3a22179CA4104E97c670b834750Bd7Ff310b17,1,5.19,1.3313,Under/Over (3.5),Over 3.5,EFL Cup,Middlesbrough vs Wrexham,Middlesbrough,Wrexham,0x47c493be467d68cb97f4ba8973e672920a46bcb7988bc770b2210eedf9c49786,L19298910,0,0,SUCCESS,1,1786125617,1786129200,15.667925,SXR,0x6629Ce1Cf35Cc1329ebB4F63202F3f197b3F050B
0xe199df4b31673cc3295dd344f6cec072e34410e9a582f3e673b301c1b657501a,0xBc04c6a7E9255Cb262632407a40Aa6344137555b,1,2,1.1625,1X2,Portsmouth,EFL Cup,West Ham United vs Portsmouth,West Ham United,Portsmouth,0xbca12055457287fb828111672afac220eed60c86ad33582229333ce7b8a6ae0c,L19299149,0,0,SUCCESS,1,1786125474,1786197600,12.307692,SXR,0x6629Ce1Cf35Cc1329ebB4F63202F3f197b3F050B
0x5e356e35793650529ce896451c9d6c1dcd8addbabb6d9b2f01d5e0277772e229,0xBc04c6a7E9255Cb262632407a40Aa6344137555b,1,4.99998,1.785,1X2,Wolverhampton Wanderers,EFL Cup,Wolverhampton Wanderers vs Port Vale,Wolverhampton Wanderers,Port Vale,0xa9e0ad0e09ae53c2e153d3df26d92d56ffd6085153f8a0e462f25f7a9612a24c,L19299035,0,0,SUCCESS,1,1786125465,1786128300,6.369401,SXR,0x6629Ce1Cf35Cc1329ebB4F63202F3f197b3F050B
0x20a3fc2aec637864f07266a84dd965499ee62a774dd2858c50f3e0e2bf69ef86,0xFD3a22179CA4104E97c670b834750Bd7Ff310b17,,16.59,1.79,Under/Over (4.5),,EFL Cup,Wolverhampton Wanderers vs Port Vale,Wolverhampton Wanderers,Port Vale,0x6ff1f61378bf07be63d8aad416abd72d1345223c069d53a1f5530e4870e57d2a,L19299035,0,0,SUCCESS,1,1786125444,1786128300,21.0,SXR,0x6629Ce1Cf35Cc1329ebB4F63202F3f197b3F050B
0xcc7c5a965e6d8a5777383c2f9ca308d46210d0db1045504c91d309d2d451a0f3,0xFD3a22179CA4104E97c670b834750Bd7Ff310b17,1,1.55,1.4287,Asian Handicap (-1),Middlesbrough -1,EFL Cup,Middlesbrough vs Wrexham,Middlesbrough,Wrexham,0x839267f0c68bb6c2c6bc62cf1208a342662105e6d4f23e2568e6626c099fc065,L19298910,0,0,SUCCESS,1,1786125443,1786129200,3.61516,SXR,0x6629Ce1Cf35Cc1329ebB4F63202F3f197b3F050B
0xe4f831c3aad5fce0a847b3bb054b747dc206eae760ed9a894a705f8cfa71da44,0xFD3a22179CA4104E97c670b834750Bd7Ff310b17,1,148.26,1.4287,Asian Handicap (-1),Middlesbrough -1,EFL Cup,Middlesbrough vs Wrexham,Middlesbrough,Wrexham,0x839267f0c68bb6c2c6bc62cf1208a342662105e6d4f23e2568e6626c099fc065,L19298910,0,0,SUCCESS,1,1786125388,1786129200,345.795918,SXR,0x6629Ce1Cf35Cc1329ebB4F63202F3f197b3F050B
0x12d3e3de393c78a6d8afe95826ceb3ab2b05538ad7a9e1ff72b4f4bda6485a90,0xFD3a22179CA4104E97c670b834750Bd7Ff310b17,1,1,1.3287,Under/Over (3.5),Over 3.5,EFL Cup,Middlesbrough vs Wrexham,Middlesbrough,Wrexham,0x47c493be467d68cb97f4ba8973e672920a46bcb7988bc770b2210eedf9c49786,L19298910,0,0,SUCCESS,1,1786125224,1786129200,3.041825,SXR,0x6629Ce1Cf35Cc1329ebB4F63202F3f197b3F050B
0xe0b9dfb643792ded1dd6d499b681b87abc9b33a63fe182d635f62e1dc9716240,0xFD3a22179CA4104E97c670b834750Bd7Ff310b17,,7.94,1.4412,Asian Handicap (-1.5),,EFL Cup,Wolverhampton Wanderers vs Port Vale,Wolverhampton Wanderers,Port Vale,0xf2a7dbf87b14971bd01acb7820fac3cf7e21f0aaec79dfa6fd3fd861626ab9d4,L19299035,0,0,SUCCESS,1,1786125222,1786128300,17.994334,SXR,0x6629Ce1Cf35Cc1329ebB4F63202F3f197b3F050B
0x1823e5722ca9b8a6640ac7beccc039ac2908eaeb47056aba37ee9a9740bea8de,0x204e31304364d2A5f7B90dE28F507adc449Ae221,,1,1.4875,Asian Handicap (-1),,EFL Cup,West Ham United vs Portsmouth,West Ham United,Portsmouth,0x5019768e6c1cf972ea7a9da2ff71dadfbd37c7ca46e11b216cf4a320ff94df7e,L19299149,0,0,SUCCESS,1,1786125222,1786197600,2.051282,SXR,0x6629Ce1Cf35Cc1329ebB4F63202F3f197b3F050B
0x101d9f1d1ccde1ab18653c0fb442426834bbf42757e00f11eb682e98d50787fa,0xBc04c6a7E9255Cb262632407a40Aa6344137555b,1,5,1.1625,1X2,Portsmouth,EFL Cup,West Ham United vs Portsmouth,West Ham United,Portsmouth,0xbca12055457287fb828111672afac220eed60c86ad33582229333ce7b8a6ae0c,L19299149,0,0,SUCCESS,1,1786125218,1786197600,30.769231,SXR,0x6629Ce1Cf35Cc1329ebB4F63202F3f197b3F050B
0xd3350a1cda662ef15b994799741a1b88eb8bea5ccdb998d84d11b1bc65c8d82e,0x204e31304364d2A5f7B90dE28F507adc449Ae221,,0.99999,1.75,Asian Handicap (-2),,EFL Cup,West Ham United vs Portsmouth,West Ham United,Portsmouth,0x7d6be70f59f3145e7f076ddd5876b9978721db26d5a3c4e21afb5e63e0100d76,L19299149,0,0,SUCCESS,1,1786125191,1786197600,1.33332,SXR,0x6629Ce1Cf35Cc1329ebB4F63202F3f197b3F050B
0xce99c9097b6b04b587b24c438e8b8f2a329a3ae6325bc2e83346b1044e633844,0xFD3a22179CA4104E97c670b834750Bd7Ff310b17,,20.96889,1.4375,Asian Handicap (-1.5),,EFL Cup,Wolverhampton Wanderers vs Port Vale,Wolverhampton Wanderers,Port Vale,0xf2a7dbf87b14971bd01acb7820fac3cf7e21f0aaec79dfa6fd3fd861626ab9d4,L19299035,0,0,SUCCESS,1,1786125149,1786128300,47.928891,SXR,0x6629Ce1Cf35Cc1329ebB4F63202F3f197b3F050B
0x7d08abd7aa51b7de1807c22c4796cf5610bf0748fb43165095970057b73e4fee,0xFD3a22179CA4104E97c670b834750Bd7Ff310b17,,10.93742,1.2012,Under/Over (2),,EFL Cup,Wolverhampton Wanderers vs Port Vale,Wolverhampton Wanderers,Port Vale,0x0420967e5eb762df32098dbe7a33c0f16426d8a01c9e06d20df6af51947ea0e4,L19299035,0,0,SUCCESS,1,1786125046,1786128300,54.347429,SXR,0x6629Ce1Cf35Cc1329ebB4F63202F3f197b3F050B
0xa7bb76079be7f1e799638f486d65f77e3093c2b7d23a829864e333826e290902,0xFD3a22179CA4104E97c670b834750Bd7Ff310b17,,19.80986,1.4112,Asian Handicap (-1.5),,EFL Cup,Wolverhampton Wanderers vs Port Vale,Wolverhampton Wanderers,Port Vale,0xf2a7dbf87b14971bd01acb7820fac3cf7e21f0aaec79dfa6fd3fd861626ab9d4,L19299035,0,0,SUCCESS,1,1786124968,1786128300,48.169872,SXR,0x6629Ce1Cf35Cc1329ebB4F63202F3f197b3F050B
0x76f998802d6d6efa6ab20509327ed1a68936d695a6fdc9791da8496dcb95fc9e,0xFD3a22179CA4104E97c670b834750Bd7Ff310b17,1,105.94689,1.4587,Asian Handicap (-2),Wolverhampton Wanderers -2,EFL Cup,Wolverhampton Wanderers vs Port Vale,Wolverhampton Wanderers,Port Vale,0xf00baca896e8162b7b726b7483e4ddec0adeaba8dc7daf2fbb508aae5dd90125,L19299035,0,0,SUCCESS,1,1786124968,1786128300,230.946899,SXR,0x6629Ce1Cf35Cc1329ebB4F63202F3f197b3F050B
0xbb3f4f7ba0b9afbc619dbb969f77f4651891669b4a8683abe0d24a43860312d7,0xFD3a22179CA4104E97c670b834750Bd7Ff310b17,1,118.94,1.46,Asian Handicap (-2),Wolverhampton Wanderers -2,EFL Cup,Wolverhampton Wanderers vs Port Vale,Wolverhampton Wanderers,Port Vale,0xf00baca896e8162b7b726b7483e4ddec0adeaba8dc7daf2fbb508aae5dd90125,L19299035,0,0,SUCCESS,1,1786124912,1786128300,258.565217,SXR,0x6629Ce1Cf35Cc1329ebB4F63202F3f197b3F050B
0x352b5390d987744968e8bc11398798e4cfa0a460c28aa21e483811af12610fb5,0xFD3a22179CA4104E97c670b834750Bd7Ff310b17,1,182.16,1.46,Asian Handicap (-2),Wolverhampton Wanderers -2,EFL Cup,Wolverhampton Wanderers vs Port Vale,Wolverhampton Wanderers,Port Vale,0xf00baca896e8162b7b726b7483e4ddec0adeaba8dc7daf2fbb508aae5dd90125,L19299035,0,0,SUCCESS,1,1786124857,1786128300,396.0,SXR,0x6629Ce1Cf35Cc1329ebB4F63202F3f197b3F050B
0x3b55ed538851e5cf2c63c5b74a548c9ec3cdc44a8607915f58275d1cd68be01e,0x6e70489F443F69f1a091af8509f0b99338460D39,,31.7074,1.54,Asian Handicap (-2),,EFL Cup,Wolverhampton Wanderers vs Port Vale,Wolverhampton Wanderers,Port Vale,0xf00baca896e8162b7b726b7483e4ddec0adeaba8dc7daf2fbb508aae5dd90125,L19299035,0,0,SUCCESS,1,1786124855,1786128300,58.717407,SXR,0x6629Ce1Cf35Cc1329ebB4F63202F3f197b3F050B
0xee6fd63698f539d10392889986e6809e1657b6b62edde2dddc9dfb5b0edc27b3,0xFD3a22179CA4104E97c670b834750Bd7Ff310b17,,20.43836,1.4213,Asian Handicap (-0.5),,EFL Cup,Middlesbrough vs Wrexham,Middlesbrough,Wrexham,0x8f5f7eeee6d6962ec1ebfa17d2ea5fc53f7549b46e3a7beb41e7d925237e6b51,L19298910,0,0,SUCCESS,1,1786124750,1786129200,48.518362,SXR,0x6629Ce1Cf35Cc1329ebB4F63202F3f197b3F050B
0x34d8c21b1e70f34e6971fc15df5fcdd31a3f327beff9d40d60f6d8699eda125e,0xFD3a22179CA4104E97c670b834750Bd7Ff310b17,1,1.5,1.115,Under/Over (5.5),Over 5.5,EFL Cup,Wolverhampton Wanderers vs Port Vale,Wolverhampton Wanderers,Port Vale,0x2e092754a942f42c40a2bb319437f9a7fcf31c9f88826469028eafba5f307573,L19299035,0,0,SUCCESS,1,1786124733,1786128300,13.043478,SXR,0x6629Ce1Cf35Cc1329ebB4F63202F3f197b3F050B
0x05d62cdb185374f218f639a5208b08c9b3e65db7773377207bce00e107a064a8,0xFD3a22179CA4104E97c670b834750Bd7Ff310b17,,30.84999,1.7212,1X2,,EFL Cup,Wycombe Wanderers vs Stevenage,Wycombe Wanderers,Stevenage,0x046c104f8491bd904b02094412a160a91c4ad414ae49feed6178f4c3534fdf3c,L19299034,0,0,SUCCESS,1,1786124649,1786128300,42.77295,SXR,0x6629Ce1Cf35Cc1329ebB4F63202F3f197b3F050B
0x53590f142415e545460744ed74d8945cf2cc3a83245096fd9f291396fabe0d01,0xFD3a22179CA4104E97c670b834750Bd7Ff310b17,1,10,1.4675,Asian Handicap (-2),Wolverhampton Wanderers -2,EFL Cup,Wolverhampton Wanderers vs Port Vale,Wolverhampton Wanderers,Port Vale,0xf00baca896e8162b7b726b7483e4ddec0adeaba8dc7daf2fbb508aae5dd90125,L19299035,0,0,SUCCESS,1,1786124614,1786128300,21.390374,SXR,0x6629Ce1Cf35Cc1329ebB4F63202F3f197b3F050B
0x370c388328446c8689cfc1435cc7ac61fdbb6d28685f9fa3cd69ad26070fc841,0x9B0B1AFA7bDED657DA5de911b1772ABe95e83290,1,38.36,1.425,1X2,Chesterfield,EFL Cup,Fleetwood Town vs Chesterfield,Fleetwood Town,Chesterfield,0xcd7676b3a4e3636f7fbbc1b4cbdf33dc86eee945b5b0b4cb75b3ebef5581c727,L19299844,0,0,SUCCESS,1,1786124603,1786197600,90.258824,SXR,0x6629Ce1Cf35Cc1329ebB4F63202F3f197b3F050B
0x7323012092b9e6f87bf61140ea4f4571a77b6e98d5767716c3deec039fe7e91d,0x9B0B1AFA7bDED657DA5de911b1772ABe95e83290,,38.35998,1.71,1X2,,EFL Cup,Fleetwood Town vs Chesterfield,Fleetwood Town,Chesterfield,0xdd5420761cf13fee8d653665f82de474d51a940eba0f748c0124ed14fe431431,L19299844,0,0,SUCCESS,1,1786124599,1786197600,54.028141,SXR,0x6629Ce1Cf35Cc1329ebB4F63202F3f197b3F050B
0xba2f6195865be75d9982a29e55ec926aa177a17afebef68bceaa7f8648f48de6,0xBc04c6a7E9255Cb262632407a40Aa6344137555b,1,5,1.0637,1X2,Port Vale,EFL Cup,Wolverhampton Wanderers vs Port Vale,Wolverhampton Wanderers,Port Vale,0x0e9117cfa8135901930aa5c059d1cdb8f3da235c8d9bb770303d30bd4ce7ca0e,L19299035,0,0,SUCCESS,1,1786124429,1786128300,78.431373,SXR,0x6629Ce1Cf35Cc1329ebB4F63202F3f197b3F050B
0xcb694006b03c80d2d793c990a854d512e85d1c4b19122b916c0bf5b8f5fd5e1a,0xFD3a22179CA4104E97c670b834750Bd7Ff310b17,,29.34,1.4087,Asian Handicap (-1.5),,EFL Cup,Wolverhampton Wanderers vs Port Vale,Wolverhampton Wanderers,Port Vale,0xf2a7dbf87b14971bd01acb7820fac3cf7e21f0aaec79dfa6fd3fd861626ab9d4,L19299035,0,0,SUCCESS,1,1786124256,1786128300,71.779817,SXR,0x6629Ce1Cf35Cc1329ebB4F63202F3f197b3F050B
0x794ec3836cb46ca34212b6a8c19ef23f7017a7fc47bcc6b122e99412746f9849,0xE531A1CE55b94E311cC1629a6D68cAcf4F74d044,1,16.859,1.6162,Asian Handicap (-1.5),Wolverhampton Wanderers -1.5,EFL Cup,Wolverhampton Wanderers vs Port Vale,Wolverhampton Wanderers,Port Vale,0xf2a7dbf87b14971bd01acb7820fac3cf7e21f0aaec79dfa6fd3fd861626ab9d4,L19299035,0,0,SUCCESS,1,1786124202,1786128300,27.357404,SXR,0x6629Ce1Cf35Cc1329ebB4F63202F3f197b3F050B
0x573c8ee10fd71f8e0032f76dc2aa43e0ba83fb6dc9e3ba31bfef50252cccb2a9,0xFD3a22179CA4104E97c670b834750Bd7Ff310b17,1,28.20644,1.6075,Asian Handicap (-1.5),Wolverhampton Wanderers -1.5,EFL Cup,Wolverhampton Wanderers vs Port Vale,Wolverhampton Wanderers,Port Vale,0xf2a7dbf87b14971bd01acb7820fac3cf7e21f0aaec79dfa6fd3fd861626ab9d4,L19299035,0,0,SUCCESS,1,1786124198,1786128300,46.430354,SXR,0x6629Ce1Cf35Cc1329ebB4F63202F3f197b3F050B
0xb04e72739b33e1cf18d2f188a0becab75f9fb300cf4c521408b7a882e32eec84,0x97EC1C9682F70091efB04e97b0B34698cF815EE1,1,39.24,1.605,Asian Handicap (-1.5),Wolverhampton Wanderers -1.5,EFL Cup,Wolverhampton Wanderers vs Port Vale,Wolverhampton Wanderers,Port Vale,0xf2a7dbf87b14971bd01acb7820fac3cf7e21f0aaec79dfa6fd3fd861626ab9d4,L19299035,0,0,SUCCESS,1,1786124197,1786128300,64.859504,SXR,0x6629Ce1Cf35Cc1329ebB4F63202F3f197b3F050B
0x440f93aea013b5ac28d88100709e8ebb88c77efd35448afb585e294db2e6f009,0xE531A1CE55b94E311cC1629a6D68cAcf4F74d044,1,1,1.6075,Asian Handicap (-1.5),Wolverhampton Wanderers -1.5,EFL Cup,Wolverhampton Wanderers vs Port Vale,Wolverhampton Wanderers,Port Vale,0xf2a7dbf87b14971bd01acb7820fac3cf7e21f0aaec79dfa6fd3fd861626ab9d4,L19299035,0,0,SUCCESS,1,1786124197,1786128300,1.646091,SXR,0x6629Ce1Cf35Cc1329ebB4F63202F3f197b3F050B
0x43a7026641deafaa9e5599b733f2d5a7b7bf10c5cc52f64c49716473da4722e4,0xAAC601FEf8F6FBd4D17d515dA528e648f468E0A1,,12.4865,1.425,Asian Handicap (-1.5),,EFL Cup,Wolverhampton Wanderers vs Port Vale,Wolverhampton Wanderers,Port Vale,0xf2a7dbf87b14971bd01acb7820fac3cf7e21f0aaec79dfa6fd3fd861626ab9d4,L19299035,0,0,SUCCESS,1,1786124197,1786128300,29.38,SXR,0x6629Ce1Cf35Cc1329ebB4F63202F3f197b3F050B
0x62a7b012122cc5c808cc9b5022527c246a86918829f5c5c84e94ecdf696fec1e,0xE531A1CE55b94E311cC1629a6D68cAcf4F74d044,1,1.34581,1.6062,Asian Handicap (-1.5),Wolverhampton Wanderers -1.5,EFL Cup,Wolverhampton Wanderers vs Port Vale,Wolverhampton Wanderers,Port Vale,0xf2a7dbf87b14971bd01acb7820fac3cf7e21f0aaec79dfa6fd3fd861626ab9d4,L19299035,0,0,SUCCESS,1,1786124196,1786128300,2.219893,SXR,0x6629Ce1Cf35Cc1329ebB4F63202F3f197b3F050B
0x3587f2badb342f74f7b0be70954a31bced01a5e2fe655aa12002c3abed73fba5,0xAAC601FEf8F6FBd4D17d515dA528e648f468E0A1,1,17.8125,1.5938,Asian Handicap (-1.5),Wolverhampton Wanderers -1.5,EFL Cup,Wolverhampton Wanderers vs Port Vale,Wolverhampton Wanderers,Port Vale,0xf2a7dbf87b14971bd01acb7820fac3cf7e21f0aaec79dfa6fd3fd861626ab9d4,L19299035,0,0,SUCCESS,1,1786124193,1786128300,30.0,SXR,0x6629Ce1Cf35Cc1329ebB4F63202F3f197b3F050B
0xbf1d834977994618d3994fa806076c4deae01c2d1b0891c7c0a6b9d110ebf99e,0xFD3a22179CA4104E97c670b834750Bd7Ff310b17,,1.72,1.4638,Under/Over (2.5),,EFL Cup,Middlesbrough vs Wrexham,Middlesbrough,Wrexham,0xa188130d9a49b2dd6ffaa5dfe1cb354a23795824a7615b150d3148efedf3a9ff,L19298910,0,0,SUCCESS,1,1786123744,1786129200,3.708895,SXR,0x6629Ce1Cf35Cc1329ebB4F63202F3f197b3F050B
0xb8526f5809131755e9d1e9ad8203a9c472ebc66d22b0f6738d0ef93668fd3f8f,0x479155296248732a4AE9B927fCB36729dc2a4f0E,,499.99999,1.8237,1X2,,EFL Cup,Middlesbrough vs Wrexham,Middlesbrough,Wrexham,0x1d61e95228a13ff11c61a1c4f3cfbc6655af97d1de6ae734e930ecd37dceaec6,L19298910,0,0,SUCCESS,1,1786123739,1786129200,606.980261,SXR,0x6629Ce1Cf35Cc1329ebB4F63202F3f197b3F050B
0x36a1b9338438a6bf5a4d4ebe8d88041dd4267c7cf527f3a35961928049dd3d74,0xFD3a22179CA4104E97c670b834750Bd7Ff310b17,,9.16,1.5688,1X2,,EFL Cup,Wycombe Wanderers vs Stevenage,Wycombe Wanderers,Stevenage,0xe9178ee9ea84879e9dc5ff789b3f2ca00896a60d07ad28accf25f470c406f0b5,L19299034,0,0,SUCCESS,1,1786123732,1786128300,16.105495,SXR,0x6629Ce1Cf35Cc1329ebB4F63202F3f197b3F050B
0x922bbe8863d4ee428c2ad980380b1fbd810e3d4ef97a1ed3ddb010ebf999e9de,0xFD3a22179CA4104E97c670b834750Bd7Ff310b17,1,1.86,1.1925,Under/Over (4),Over 4.0,EFL Cup,Middlesbrough vs Wrexham,Middlesbrough,Wrexham,0xe3a6abf8842defc684e59241888c018fa5b941d01004f359d12174161556b4a1,L19298910,0,0,SUCCESS,1,1786123336,1786129200,9.662338,SXR,0x6629Ce1Cf35Cc1329ebB4F63202F3f197b3F050B
0x8e3fb28db8c326065156ee5b9787f46731229a4ddafca8e2215fcd3c359a7c43,0xFD3a22179CA4104E97c670b834750Bd7Ff310b17,1,4.61,1.19,Under/Over (4),Over 4.0,EFL Cup,Middlesbrough vs Wrexham,Middlesbrough,Wrexham,0xe3a6abf8842defc684e59241888c018fa5b941d01004f359d12174161556b4a1,L19298910,0,0,SUCCESS,1,1786123203,1786129200,24.263158,SXR,0x6629Ce1Cf35Cc1329ebB4F63202F3f197b3F050B
0x014d0868c1da800207dd72357ed312df1405120e45cca6604bda4ac83b6cd248,0xFD3a22179CA4104E97c670b834750Bd7Ff310b17,1,2.15,1.4175,Under/Over (3),Over 3.0,EFL Cup,Middlesbrough vs Wrexham,Middlesbrough,Wrexham,0x3a61e524674e999a91af6d4d8bf18505437e674c79fc3f44f33f36c22e401dcf,L19298910,0,0,SUCCESS,1,1786123203,1786129200,5.149701,SXR,0x6629Ce1Cf35Cc1329ebB4F63202F3f197b3F050B
0x0720b35177c52b197a5d77f9e23bcbebee7b775b20eba271f686f1e43b24ce8a,0xFD3a22179CA4104E97c670b834750Bd7Ff310b17,1,7.79,1.3213,Under/Over (3.5),Over 3.5,EFL Cup,Middlesbrough vs Wrexham,Middlesbrough,Wrexham,0x47c493be467d68cb97f4ba8973e672920a46bcb7988bc770b2210eedf9c49786,L19298910,0,0,SUCCESS,1,1786123202,1786129200,24.249027,SXR,0x6629Ce1Cf35Cc1329ebB4F63202F3f197b3F050B
0x8db349465b0b4c8c86b8aa7b14f4a6e5825fb02f622026939bf8ba187c248f6e,0xFD3a22179CA4104E97c670b834750Bd7Ff310b17,1,17.64517,1.6175,Under/Over (2),Over 2.0,EFL Cup,Wycombe Wanderers vs Stevenage,Wycombe Wanderers,Stevenage,0x11da0b7ad10c4e06e40fae2c563f787d487fa5c8caa607e725584aca9be6fffe,L19299034,0,0,SUCCESS,1,1786123145,1786128300,28.575174,SXR,0x6629Ce1Cf35Cc1329ebB4F63202F3f197b3F050B
0x72a36fc948685b4469c1bb7b74a7425486acc582d729bc8b024e4cadad1a5095,0xFD3a22179CA4104E97c670b834750Bd7Ff310b17,1,17.62,1.3162,Under/Over (3),Over 3.0,EFL Cup,Wycombe Wanderers vs Stevenage,Wycombe Wanderers,Stevenage,0xb0657d1dcb5c395a18c7b98174658d55a8d718560af6136925b472638b021834,L19299034,0,0,SUCCESS,1,1786123145,1786128300,55.715415,SXR,0x6629Ce1Cf35Cc1329ebB4F63202F3f197b3F050B
0x24e52bd6dd562b828240dc35b299034a8a5c7a754bb2ad4f7537fec9cecc800d,0xFD3a22179CA4104E97c670b834750Bd7Ff310b17,1,13.41667,1.46,Under/Over (2.5),Over 2.5,EFL Cup,Wycombe Wanderers vs Stevenage,Wycombe Wanderers,Stevenage,0xe2e099a3ffe68eff3f1ab2ba7fd7bb0dfc22166928ead17a2f8f8c8b9e051b2d,L19299034,0,0,SUCCESS,1,1786123145,1786128300,29.166674,SXR,0x6629Ce1Cf35Cc1329ebB4F63202F3f197b3F050B
0xa004bbba3a751bf24b593ccc2091bc0361120289e35d98b735a88f85e4b60eeb,0xBc04c6a7E9255Cb262632407a40Aa6344137555b,1,3,1.1625,1X2,Portsmouth,EFL Cup,West Ham United vs Portsmouth,West Ham United,Portsmouth,0xbca12055457287fb828111672afac220eed60c86ad33582229333ce7b8a6ae0c,L19299149,0,0,SUCCESS,1,1786123071,1786197600,18.461538,SXR,0x6629Ce1Cf35Cc1329ebB4F63202F3f197b3F050B
0x2610c53c146915326d8fe2357b88d23a2192c7142ef3ce285bcf5232e997843d,0xFD3a22179CA4104E97c670b834750Bd7Ff310b17,1,17.96999,1.6475,Under/Over (2.5),Over 2.5,EFL Cup,Wolverhampton Wanderers vs Port Vale,Wolverhampton Wanderers,Port Vale,0xc5c366afbea0f39188b5f2a573a6fa721e9915231e95e8c382ce64de036ea7a8,L19299035,0,0,SUCCESS,1,1786123068,1786128300,27.75288,SXR,0x6629Ce1Cf35Cc1329ebB4F63202F3f197b3F050B
0x8ac9e5d2e1d78973ab220ad0038db2b4de20d457e6fc397f49f14d7c937b2023,0xFD3a22179CA4104E97c670b834750Bd7Ff310b17,,2.67,1.465,Under/Over (2.5),,EFL Cup,Middlesbrough vs Wrexham,Middlesbrough,Wrexham,0xa188130d9a49b2dd6ffaa5dfe1cb354a23795824a7615b150d3148efedf3a9ff,L19298910,0,0,SUCCESS,1,1786122781,1786129200,5.741935,SXR,0x6629Ce1Cf35Cc1329ebB4F63202F3f197b3F050B
0xb6319392dad1872552ee2fb659f653312c9a9f87c8d9a726c114eb65dd0d1642,0xFD3a22179CA4104E97c670b834750Bd7Ff310b17,,2.12,1.465,Under/Over (2.5),,EFL Cup,Middlesbrough vs Wrexham,Middlesbrough,Wrexham,0xa188130d9a49b2dd6ffaa5dfe1cb354a23795824a7615b150d3148efedf3a9ff,L19298910,0,0,SUCCESS,1,1786122491,1786129200,4.55914,SXR,0x6629Ce1Cf35Cc1329ebB4F63202F3f197b3F050B
0xab4b1912c90987a41cd055e1dc8cb3fc0e3baddc9daedabaf9baaf0439349aec,0x048c07Af144F98F1c44E64455c69Cd7343116B71,1,40.26961,1.5987,Asian Handicap (-0.5),Middlesbrough -0.5,EFL Cup,Middlesbrough vs Wrexham,Middlesbrough,Wrexham,0x8f5f7eeee6d6962ec1ebfa17d2ea5fc53f7549b46e3a7beb41e7d925237e6b51,L19298910,0,0,SUCCESS,1,1786121709,1786129200,67.256134,SXR,0x6629Ce1Cf35Cc1329ebB4F63202F3f197b3F050B
0xfb5092cf3c44b4dee575fe9b3809d4945227e3aefd1afb3c239efbd280879ef0,0x23a63d3fEDf22e3D422073b7226922d61587207c,1,1.67,1.5413,1X2,Cambridge United,EFL Cup,Cambridge United vs Barnet,Cambridge United,Barnet,0x70b811906434ecc1e7dae31c3b73fb7303b7b305122b9e8995f5c00e131d0f83,L19299823,0,0,SUCCESS,1,1786121161,1786190400,3.08545,SXR,0x6629Ce1Cf35Cc1329ebB4F63202F3f197b3F050B
0xfc8c96e91f9047c77b78e29fab14274d6c6c8ecf8701f417a4be804cb9425f4e,0xFD3a22179CA4104E97c670b834750Bd7Ff310b17,1,5.57,1.3575,Asian Handicap (-2.5),Wolverhampton Wanderers -2.5,EFL Cup,Wolverhampton Wanderers vs Port Vale,Wolverhampton Wanderers,Port Vale,0x54d9fb07231b8816e59cf77eb19a7b1e1e0983500664b48b28c7041a8c0a55e5,L19299035,0,0,SUCCESS,1,1786120804,1786128300,15.58042,SXR,0x6629Ce1Cf35Cc1329ebB4F63202F3f197b3F050B
0xdc8d5ef10f448b4f9fcd409fc032c0a0c734a3f1f713b22a76ef75e45cffc4f3,0xBc04c6a7E9255Cb262632407a40Aa6344137555b,1,1,1.28,1X2,Lincoln City FC,EFL Cup,Derby County vs Lincoln City FC,Derby County,Lincoln City FC,0xe46d33734a268a4177b94eccc4a5406a1e9369d7b87e037cb07e3dccf1b9e51f,L19299402,0,0,SUCCESS,1,1786120640,1786197600,3.571429,SXR,0x6629Ce1Cf35Cc1329ebB4F63202F3f197b3F050B
0x67eade3c13f0f748633cacf31ccd8a932dcdf16ddbb8638db41cf411d39635c2,0xFD3a22179CA4104E97c670b834750Bd7Ff310b17,,59.20999,1.765,1X2,,EFL Cup,Middlesbrough vs Wrexham,Middlesbrough,Wrexham,0x4b5eab324f4aa7d92bfed4a6acc233fa83fa8c102ee48c09333c7e7d7a86af5c,L19298910,0,0,SUCCESS,1,1786120633,1786129200,77.39868,SXR,0x6629Ce1Cf35Cc1329ebB4F63202F3f197b3F050B
0xffb51d33524c31a286dd61d04c9bfbf4197753ad94c1fcaee5ef1d57f6fcce47,0x9B0B1AFA7bDED657DA5de911b1772ABe95e83290,1,21.43,1.28,1X2,Lincoln City FC,EFL Cup,Derby County vs Lincoln City FC,Derby County,Lincoln City FC,0xe46d33734a268a4177b94eccc4a5406a1e9369d7b87e037cb07e3dccf1b9e51f,L19299402,0,0,SUCCESS,1,1786120600,1786197600,76.535714,SXR,0x6629Ce1Cf35Cc1329ebB4F63202F3f197b3F050B
0x6ef6fc9ca9f780f8ae9b86e990226b5bb5c480ae47cf4bbf8bfa76d3a9c7a99a,0xFD3a22179CA4104E97c670b834750Bd7Ff310b17,1,1578.19997,1.79,1X2,Wolverhampton Wanderers,EFL Cup,Wolverhampton Wanderers vs Port Vale,Wolverhampton Wanderers,Port Vale,0xa9e0ad0e09ae53c2e153d3df26d92d56ffd6085153f8a0e462f25f7a9612a24c,L19299035,0,0,SUCCESS,1,1786120506,1786128300,1997.721481,SXR,0x6629Ce1Cf35Cc1329ebB4F63202F3f197b3F050B
0xc679c6e9e3db4bff37288d623a3f0de63071dc690ed80a6764edc5c097528fb1,0xFD3a22179CA4104E97c670b834750Bd7Ff310b17,1,67.48,1.79,1X2,Wolverhampton Wanderers,EFL Cup,Wolverhampton Wanderers vs Port Vale,Wolverhampton Wanderers,Port Vale,0xa9e0ad0e09ae53c2e153d3df26d92d56ffd6085153f8a0e462f25f7a9612a24c,L19299035,0,0,SUCCESS,1,1786120504,1786128300,85.417722,SXR,0x6629Ce1Cf35Cc1329ebB4F63202F3f197b3F050B
0x07bfd0b7e87bac96b98868fd20ace94471973b96a1cd41b6fc4249b6fab8263d,0xa498150823d867380b25175554a275c1c668256e,,10.29,1.21,1X2,,EFL Cup,Wolverhampton Wanderers vs Port Vale,Wolverhampton Wanderers,Port Vale,0xa9e0ad0e09ae53c2e153d3df26d92d56ffd6085153f8a0e462f25f7a9612a24c,L19299035,0,0,SUCCESS,1,1786120501,1786128300,49.0,SXR,0x6629Ce1Cf35Cc1329ebB4F63202F3f197b3F050B
0x370bb2c59a6197a277231b3769fa6eddaa0f95e44156229c65f6a30e7b9fceee,0xFD3a22179CA4104E97c670b834750Bd7Ff310b17,1,4.72,1.3513,Asian Handicap (-2.5),Wolverhampton Wanderers -2.5,EFL Cup,Wolverhampton Wanderers vs Port Vale,Wolverhampton Wanderers,Port Vale,0x54d9fb07231b8816e59cf77eb19a7b1e1e0983500664b48b28c7041a8c0a55e5,L19299035,0,0,SUCCESS,1,1786120323,1786128300,13.437722,SXR,0x6629Ce1Cf35Cc1329ebB4F63202F3f197b3F050B
0x8f8a5b9598af410e5cde4ef1c3f5f49fd5e1256ae69bb79d582d270055c8ed20,0xFD3a22179CA4104E97c670b834750Bd7Ff310b17,1,11.89,1.585,1X2,Middlesbrough,EFL Cup,Middlesbrough vs Wrexham,Middlesbrough,Wrexham,0xd39b5412e3bdd35c245e5d0a2e08c3b7bbb0dccfab513161aa272b9c72edca35,L19298910,0,0,SUCCESS,1,1786119568,1786129200,20.324786,SXR,0x6629Ce1Cf35Cc1329ebB4F63202F3f197b3F050B
0x47feddce4a6610bacddc8a25124850ff0c177222506b4e11250a7c371dd8e122,0xFD3a22179CA4104E97c670b834750Bd7Ff310b17,1,0.13666,1.445,Asian Handicap (-1),Middlesbrough -1,EFL Cup,Middlesbrough vs Wrexham,Middlesbrough,Wrexham,0x839267f0c68bb6c2c6bc62cf1208a342662105e6d4f23e2568e6626c099fc065,L19298910,0,0,SUCCESS,1,1786119477,1786129200,0.307101,SXR,0x6629Ce1Cf35Cc1329ebB4F63202F3f197b3F050B
0x3718db201cb7c5de6d8119f98dbc15f9e931cbeb76c7e4dc41cf1ab2f9326a6d,0xFD3a22179CA4104E97c670b834750Bd7Ff310b17,1,2.51,1.5825,1X2,Middlesbrough,EFL Cup,Middlesbrough vs Wrexham,Middlesbrough,Wrexham,0xd39b5412e3bdd35c245e5d0a2e08c3b7bbb0dccfab513161aa272b9c72edca35,L19298910,0,0,SUCCESS,1,1786119388,1786129200,4.309013,SXR,0x6629Ce1Cf35Cc1329ebB4F63202F3f197b3F050B
0xe77010d98a390bd1d5964942e90d7dd803d016ef4647dd743daa1b9ea7a76600,0xFD3a22179CA4104E97c670b834750Bd7Ff310b17,1,10.12,1.3487,Asian Handicap (-2.5),Wolverhampton Wanderers -2.5,EFL Cup,Wolverhampton Wanderers vs Port Vale,Wolverhampton Wanderers,Port Vale,0x54d9fb07231b8816e59cf77eb19a7b1e1e0983500664b48b28c7041a8c0a55e5,L19299035,0,0,SUCCESS,1,1786119278,1786128300,29.017921,SXR,0x6629Ce1Cf35Cc1329ebB4F63202F3f197b3F050B
0x4df97e0f6c8dad6c069f0df9344cea3793c8e4be7a5998f044eeb81f0cd85f29,0xFD3a22179CA4104E97c670b834750Bd7Ff310b17,1,27.37,1.7988,1X2,Wolverhampton Wanderers,EFL Cup,Wolverhampton Wanderers vs Port Vale,Wolverhampton Wanderers,Port Vale,0xa9e0ad0e09ae53c2e153d3df26d92d56ffd6085153f8a0e462f25f7a9612a24c,L19299035,0,0,SUCCESS,1,1786119274,1786128300,34.266041,SXR,0x6629Ce1Cf35Cc1329ebB4F63202F3f197b3F050B
0x5602af91e52bea5c333656cd5ced04486413d204fddf30eb51bab470dab61b16,0xFD3a22179CA4104E97c670b834750Bd7Ff310b17,1,17.81777,1.4463,Asian Handicap (-2),Wolverhampton Wanderers -2,EFL Cup,Wolverhampton Wanderers vs Port Vale,Wolverhampton Wanderers,Port Vale,0xf00baca896e8162b7b726b7483e4ddec0adeaba8dc7daf2fbb508aae5dd90125,L19299035,0,0,SUCCESS,1,1786119116,1786128300,39.927776,SXR,0x6629Ce1Cf35Cc1329ebB4F63202F3f197b3F050B
0x3a8e2ddc344c66b6c15ca92212a90b2d561215785b95f4f44f321449418d9c3b,0xFD3a22179CA4104E97c670b834750Bd7Ff310b17,1,10.83,1.4075,Under/Over (3),Over 3.0,EFL Cup,Middlesbrough vs Wrexham,Middlesbrough,Wrexham,0x3a61e524674e999a91af6d4d8bf18505437e674c79fc3f44f33f36c22e401dcf,L19298910,0,0,SUCCESS,1,1786118967,1786129200,26.576687,SXR,0x6629Ce1Cf35Cc1329ebB4F63202F3f197b3F050B
0x35c8c60f8181153ec5276de5f774da680620bd455a3003daea80a5f8e30f4c4d,0xFD3a22179CA4104E97c670b834750Bd7Ff310b17,,1.41,1.2512,EFL Cup,,EFL Cup,Middlesbrough vs Wrexham,Middlesbrough,Wrexham,0x5dbb943f3f9ee4ed1106edad2925209e375823ba1321afdd970e78b08ce092cb,L19298910,0,0,SUCCESS,1,1786118774,1786129200,5.61194,SXR,0x6629Ce1Cf35Cc1329ebB4F63202F3f197b3F050B
0x58b114d55698e8c62bc12695f682b2de114d78f8029df03022196e506d16b242,0x9B0B1AFA7bDED657DA5de911b1772ABe95e83290,,26.2,1.3762,1X2,,EFL Cup,West Ham United vs Portsmouth,West Ham United,Portsmouth,0xf8c55c7f907b0ba0804e26d7bdbc045446945e504fbc7539c9c26b2a65294cff,L19299149,0,0,SUCCESS,1,1786118508,1786197600,69.634551,SXR,0x6629Ce1Cf35Cc1329ebB4F63202F3f197b3F050B
0xa4c34e0456008f5b4b8296c1af6023367e79c9f3c4a71a9b0193fc37e2fde2a7,0xFD3a22179CA4104E97c670b834750Bd7Ff310b17,1,3.4,1.7988,1X2,Wolverhampton Wanderers,EFL Cup,Wolverhampton Wanderers vs Port Vale,Wolverhampton Wanderers,Port Vale,0xa9e0ad0e09ae53c2e153d3df26d92d56ffd6085153f8a0e462f25f7a9612a24c,L19299035,0,0,SUCCESS,1,1786118301,1786128300,4.256651,SXR,0x6629Ce1Cf35Cc1329ebB4F63202F3f197b3F050B
0x323223ab88686970358d57500dba89f03f0176e15400a7c8b7d34289ed97384e,0xFD3a22179CA4104E97c670b834750Bd7Ff310b17,1,2.7,1.5762,Asian Handicap (-1.5),Wolverhampton Wanderers -1.5,EFL Cup,Wolverhampton Wanderers vs Port Vale,Wolverhampton Wanderers,Port Vale,0xf2a7dbf87b14971bd01acb7820fac3cf7e21f0aaec79dfa6fd3fd861626ab9d4,L19299035,0,0,SUCCESS,1,1786117927,1786128300,4.685466,SXR,0x6629Ce1Cf35Cc1329ebB4F63202F3f197b3F050B
0x2f353ed23f547ce362a115103a23a8d2ed22108134eff304e97fa97c76f41ba9,0xFD3a22179CA4104E97c670b834750Bd7Ff310b17,,142.61996,1.9312,1X2,,EFL Cup,Wolverhampton Wanderers vs Port Vale,Wolverhampton Wanderers,Port Vale,0x0e9117cfa8135901930aa5c059d1cdb8f3da235c8d9bb770303d30bd4ce7ca0e,L19299035,0,0,SUCCESS,1,1786117465,1786128300,153.14895,SXR,0x6629Ce1Cf35Cc1329ebB4F63202F3f197b3F050B
0xddc9d4b20d37e9dfcccbcd538a7e744d756ec65019e8c1a1f02e45f55fee7ec1,0xFD3a22179CA4104E97c670b834750Bd7Ff310b17,1,11.86,1.345,Asian Handicap (-2.5),Wolverhampton Wanderers -2.5,EFL Cup,Wolverhampton Wanderers vs Port Vale,Wolverhampton Wanderers,Port Vale,0x54d9fb07231b8816e59cf77eb19a7b1e1e0983500664b48b28c7041a8c0a55e5,L19299035,0,0,SUCCESS,1,1786117464,1786128300,34.376812,SXR,0x6629Ce1Cf35Cc1329ebB4F63202F3f197b3F050B
0x6b32a6ed3fc6c6ebfa9259ba695d49acac077b03965f703b36106219e5989529,0x23a63d3fEDf22e3D422073b7226922d61587207c,1,1.28,1.5337,Under/Over (2.5),Over 2.5,EFL Cup,Middlesbrough vs Wrexham,Middlesbrough,Wrexham,0xa188130d9a49b2dd6ffaa5dfe1cb354a23795824a7615b150d3148efedf3a9ff,L19298910,0,0,SUCCESS,1,1786116964,1786129200,2.398126,SXR,0x6629Ce1Cf35Cc1329ebB4F63202F3f197b3F050B
0xadfa34c6070cf4f9fb8c792e8a790b652bd465a29fd7789dcee73e27888340ff,0x23a63d3fEDf22e3D422073b7226922d61587207c,1,1.93999,1.5387,Asian Handicap (-0.5),Cambridge United -0.5,EFL Cup,Cambridge United vs Barnet,Cambridge United,Barnet,0xe2a73dc9491424907602ec1ee68c51b7d150aa06b638a55802e4f62299181c48,L19299823,0,0,SUCCESS,1,1786116962,1786190400,3.60091,SXR,0x6629Ce1Cf35Cc1329ebB4F63202F3f197b3F050B
0x33c67437137454806d55d3c9acfd23e9e12dc1ff7372eab877c44a5d1b621120,0xFD3a22179CA4104E97c670b834750Bd7Ff310b17,1,40.38,1.7925,1X2,Wolverhampton Wanderers,EFL Cup,Wolverhampton Wanderers vs Port Vale,Wolverhampton Wanderers,Port Vale,0xa9e0ad0e09ae53c2e153d3df26d92d56ffd6085153f8a0e462f25f7a9612a24c,L19299035,0,0,SUCCESS,1,1786116531,1786128300,50.952681,SXR,0x6629Ce1Cf35Cc1329ebB4F63202F3f197b3F050B
0xdee52713690885e49ccace13ab027482b828f991bbdfeaf106cccfc68d210e42,0xFD3a22179CA4104E97c670b834750Bd7Ff310b17,1,15.2482,1.5288,Under/Over (3),Over 3.0,EFL Cup,Wolverhampton Wanderers vs Port Vale,Wolverhampton Wanderers,Port Vale,0x146fb999caa42556925496d21566aa7da30dfe82c24cff57722e8ff9ea75a155,L19299035,0,0,SUCCESS,1,1786116439,1786128300,28.838203,SXR,0x6629Ce1Cf35Cc1329ebB4F63202F3f197b3F050B
0x60beab52c78417ce39a899c8b2bc9c2686e41f4dfd8af9e79237bc9aff35317c,0xFD3a22179CA4104E97c670b834750Bd7Ff310b17,1,12.98,1.225,Under/Over (4.5),Over 4.5,EFL Cup,Wolverhampton Wanderers vs Port Vale,Wolverhampton Wanderers,Port Vale,0x6ff1f61378bf07be63d8aad416abd72d1345223c069d53a1f5530e4870e57d2a,L19299035,0,0,SUCCESS,1,1786116439,1786128300,57.688889,SXR,0x6629Ce1Cf35Cc1329ebB4F63202F3f197b3F050B
0xfcaed37c6e681c511fc6a401882bdd376a4f3cc40130f030247b61b51a37e365,0xE531A1CE55b94E311cC1629a6D68cAcf4F74d044,,1.37273,1.4275,1X2,,EFL Cup,Middlesbrough vs Wrexham,Middlesbrough,Wrexham,0xd39b5412e3bdd35c245e5d0a2e08c3b7bbb0dccfab513161aa272b9c72edca35,L19298910,0,0,SUCCESS,1,1786116336,1786129200,3.211064,SXR,0x6629Ce1Cf35Cc1329ebB4F63202F3f197b3F050B
0xbbc5378efdd0275d4c4e25955f9dc26d90b2f792f8fa140f33d7e38625bb80c4,0x740d5718a79A8559fEeE8B00922F8Cd773A81D84,,11.55,1.4275,1X2,,EFL Cup,Middlesbrough vs Wrexham,Middlesbrough,Wrexham,0xd39b5412e3bdd35c245e5d0a2e08c3b7bbb0dccfab513161aa272b9c72edca35,L19298910,0,0,SUCCESS,1,1786116336,1786129200,27.017544,SXR,0x6629Ce1Cf35Cc1329ebB4F63202F3f197b3F050B
0x7fd6fda8807b2067c498f4cc19719326401ccd3fba42a0c1942e87d4ac1568ab,0xE531A1CE55b94E311cC1629a6D68cAcf4F74d044,,1,1.4263,1X2,,EFL Cup,Middlesbrough vs Wrexham,Middlesbrough,Wrexham,0xd39b5412e3bdd35c245e5d0a2e08c3b7bbb0dccfab513161aa272b9c72edca35,L19298910,0,0,SUCCESS,1,1786116332,1786129200,2.346041,SXR,0x6629Ce1Cf35Cc1329ebB4F63202F3f197b3F050B
0x85c479d114842a0b7692d7c81d3cbddecf4f20e68e8ab17dbd5cce4080267083,0xE531A1CE55b94E311cC1629a6D68cAcf4F74d044,,23.21568,1.4263,1X2,,EFL Cup,Middlesbrough vs Wrexham,Middlesbrough,Wrexham,0xd39b5412e3bdd35c245e5d0a2e08c3b7bbb0dccfab513161aa272b9c72edca35,L19298910,0,0,SUCCESS,1,1786116331,1786129200,54.464938,SXR,0x6629Ce1Cf35Cc1329ebB4F63202F3f197b3F050B
0x2f1bf0745402dedf0832a0254ed871c73a4294e66485af692727676dde94cf8d,0xFD3a22179CA4104E97c670b834750Bd7Ff310b17,,71.18999,1.8638,1X2,,EFL Cup,Wolverhampton Wanderers vs Port Vale,Wolverhampton Wanderers,Port Vale,0xbc0641470c1f856855e8a8ae91206bc8771fe72f415bde80099901a6349a6249,L19299035,0,0,SUCCESS,1,1786114960,1786128300,82.41967,SXR,0x6629Ce1Cf35Cc1329ebB4F63202F3f197b3F050B
0x47bc2e168f731f2a699ee2759b2948642b37b97c3ad554a7555eb385a273bf34,0x048c07Af144F98F1c44E64455c69Cd7343116B71,1,106.13332,1.4075,Under/Over (3),Over 3.0,EFL Cup,Middlesbrough vs Wrexham,Middlesbrough,Wrexham,0x3a61e524674e999a91af6d4d8bf18505437e674c79fc3f44f33f36c22e401dcf,L19298910,0,0,SUCCESS,1,1786114829,1786129200,260.449865,SXR,0x6629Ce1Cf35Cc1329ebB4F63202F3f197b3F050B
0xbcc3b839d80f9e4dfcb7e2363e379e4b95a6d6f3ac66a92e1175de827d6cf20a,0xFD3a22179CA4104E97c670b834750Bd7Ff310b17,1,12.5,1.4375,1X2,Wycombe Wanderers,EFL Cup,Wycombe Wanderers vs Stevenage,Wycombe Wanderers,Stevenage,0xe9178ee9ea84879e9dc5ff789b3f2ca00896a60d07ad28accf25f470c406f0b5,L19299034,0,0,SUCCESS,1,1786114638,1786128300,28.571429,SXR,0x6629Ce1Cf35Cc1329ebB4F63202F3f197b3F050B
0x6ca44b1a687c5b371ebc9bd706c3210d317c5f8b30fb6b42a0d8c9d2b7fb625b,0xFD3a22179CA4104E97c670b834750Bd7Ff310b17,,51.31788,1.8237,1X2,,EFL Cup,Middlesbrough vs Wrexham,Middlesbrough,Wrexham,0x1d61e95228a13ff11c61a1c4f3cfbc6655af97d1de6ae734e930ecd37dceaec6,L19298910,0,0,SUCCESS,1,1786114232,1786129200,62.297882,SXR,0x6629Ce1Cf35Cc1329ebB4F63202F3f197b3F050B
0x1d6feef9262ac8a7f11542a80ffa8768ba4bd62c7529ed4e61ce40251710dbcc,0x9B0B1AFA7bDED657DA5de911b1772ABe95e83290,1,14.08963,1.0725,1X2,Port Vale,EFL Cup,Wolverhampton Wanderers vs Port Vale,Wolverhampton Wanderers,Port Vale,0x0e9117cfa8135901930aa5c059d1cdb8f3da235c8d9bb770303d30bd4ce7ca0e,L19299035,0,0,SUCCESS,1,1786113725,1786128300,194.339724,SXR,0x6629Ce1Cf35Cc1329ebB4F63202F3f197b3F050B
0x4677be1b746c8632a6f0d1b51319eb0555290b3617511140c6bf853f9272738b,0x9B0B1AFA7bDED657DA5de911b1772ABe95e83290,,20.93,1.3213,1X2,,EFL Cup,Stoke City vs Oldham Athletic,Stoke City,Oldham Athletic,0x5a07268ce0cd2499e5a32a3cccef4d14efa12b1d1d3192720620b7168337c574,L19299961,0,0,SUCCESS,1,1786112085,1786197600,65.151751,SXR,0x6629Ce1Cf35Cc1329ebB4F63202F3f197b3F050B
0xd883027503fe0c3da729d5d7cba8453fed6b7906f5097439d84046f706f0c3c8,0xFD3a22179CA4104E97c670b834750Bd7Ff310b17,,31.56998,1.8237,1X2,,EFL Cup,Middlesbrough vs Wrexham,Middlesbrough,Wrexham,0x1d61e95228a13ff11c61a1c4f3cfbc6655af97d1de6ae734e930ecd37dceaec6,L19298910,0,0,SUCCESS,1,1786111613,1786129200,38.32471,SXR,0x6629Ce1Cf35Cc1329ebB4F63202F3f197b3F050B
0xa0621a39c354f844d39acf50cd87a8495eb3e68db3e3098102b408d748c5f9d6,0x048c07Af144F98F1c44E64455c69Cd7343116B71,1,71.11,1.2875,1X2,Lincoln City FC,EFL Cup,Derby County vs Lincoln City FC,Derby County,Lincoln City FC,0xe46d33734a268a4177b94eccc4a5406a1e9369d7b87e037cb07e3dccf1b9e51f,L19299402,0,0,SUCCESS,1,1786111356,1786197600,247.33913,SXR,0x6629Ce1Cf35Cc1329ebB4F63202F3f197b3F050B
0x8a36c82aa4184437a257efa9eb3f5422f0db46f350660993d837d29131a3d652,0x0C2DA7fC8702784d6f75c78Da25460783A6709a0,1,5,1.5263,Under/Over (3),Over 3.0,EFL Cup,Wolverhampton Wanderers vs Port Vale,Wolverhampton Wanderers,Port Vale,0x146fb999caa42556925496d21566aa7da30dfe82c24cff57722e8ff9ea75a155,L19299035,0,0,SUCCESS,1,1786110484,1786128300,9.501188,SXR,0x6629Ce1Cf35Cc1329ebB4F63202F3f197b3F050B
0x6c9e575e8787a5798e0f4c65770681be344585ce1db785f8fe09aab0a150e442,0xFD3a22179CA4104E97c670b834750Bd7Ff310b17,1,3.57998,1.7763,1X2,Wolverhampton Wanderers,EFL Cup,Wolverhampton Wanderers vs Port Vale,Wolverhampton Wanderers,Port Vale,0xa9e0ad0e09ae53c2e153d3df26d92d56ffd6085153f8a0e462f25f7a9612a24c,L19299035,0,0,SUCCESS,1,1786109244,1786128300,4.61189,SXR,0x6629Ce1Cf35Cc1329ebB4F63202F3f197b3F050B
0x0c071b56dbf700a5c6f3285d8d5144cd16f4fe5ca0ee5720c10b6687d6822362,0xB1f9FaAaA197461Cdd2588315437130d4A47B1F6,1,2.08,1.2837,1X2,Stevenage,EFL Cup,Wycombe Wanderers vs Stevenage,Wycombe Wanderers,Stevenage,0x046c104f8491bd904b02094412a160a91c4ad414ae49feed6178f4c3534fdf3c,L19299034,0,0,SUCCESS,1,1786108935,1786128300,7.330396,SXR,0x6629Ce1Cf35Cc1329ebB4F63202F3f197b3F050B
0x3fd603acb01f8273e60171582c138cd40a3768c1dd9d8ad8f957dd56a0617d0f,0xFD3a22179CA4104E97c670b834750Bd7Ff310b17,1,7.62998,1.7763,1X2,Wolverhampton Wanderers,EFL Cup,Wolverhampton Wanderers vs Port Vale,Wolverhampton Wanderers,Port Vale,0xa9e0ad0e09ae53c2e153d3df26d92d56ffd6085153f8a0e462f25f7a9612a24c,L19299035,0,0,SUCCESS,1,1786108890,1786128300,9.829282,SXR,0x6629Ce1Cf35Cc1329ebB4F63202F3f197b3F050B
0xb433d95cd3c0c51da3ca69085efd654e4b9309330c5aad24c761963a4704c7d1,0xFD3a22179CA4104E97c670b834750Bd7Ff310b17,1,236.64999,1.7763,1X2,Wolverhampton Wanderers,EFL Cup,Wolverhampton Wanderers vs Port Vale,Wolverhampton Wanderers,Port Vale,0xa9e0ad0e09ae53c2e153d3df26d92d56ffd6085153f8a0e462f25f7a9612a24c,L19299035,0,0,SUCCESS,1,1786108579,1786128300,304.863111,SXR,0x6629Ce1Cf35Cc1329ebB4F63202F3f197b3F050B
0x79e73ba9b702b73dcf5cebe35d7f5c572338534512a832ffec6eb8dce1b2cd0f,0xFD3a22179CA4104E97c670b834750Bd7Ff310b17,1,266.10999,1.7763,1X2,Wolverhampton Wanderers,EFL Cup,Wolverhampton Wanderers vs Port Vale,Wolverhampton Wanderers,Port Vale,0xa9e0ad0e09ae53c2e153d3df26d92d56ffd6085153f8a0e462f25f7a9612a24c,L19299035,0,0,SUCCESS,1,1786108535,1786128300,342.814802,SXR,0x6629Ce1Cf35Cc1329ebB4F63202F3f197b3F050B
0x9b17d29ad193b1ef2521a1689371c0b77852b840a3c166938721f9ad19df8064,0xFD3a22179CA4104E97c670b834750Bd7Ff310b17,1,315.57999,1.7763,1X2,Wolverhampton Wanderers,EFL Cup,Wolverhampton Wanderers vs Port Vale,Wolverhampton Wanderers,Port Vale,0xa9e0ad0e09ae53c2e153d3df26d92d56ffd6085153f8a0e462f25f7a9612a24c,L19299035,0,0,SUCCESS,1,1786108500,1786128300,406.544271,SXR,0x6629Ce1Cf35Cc1329ebB4F63202F3f197b3F050B
0x9d794e13117fa7d7326770d91f6ebaede79a6da8436e3e03272ea51e6cdcae89,0xFD3a22179CA4104E97c670b834750Bd7Ff310b17,,20.29,1.7612,1X2,,EFL Cup,Middlesbrough vs Wrexham,Middlesbrough,Wrexham,0x4b5eab324f4aa7d92bfed4a6acc233fa83fa8c102ee48c09333c7e7d7a86af5c,L19298910,0,0,SUCCESS,1,1786108469,1786129200,26.65353,SXR,0x6629Ce1Cf35Cc1329ebB4F63202F3f197b3F050B
0x1e3321a5814e066534bf6b1ba4f3b985b9bee3ba62835bc3616eb7ad8f68375a,0xFD3a22179CA4104E97c670b834750Bd7Ff310b17,1,301.09997,1.7763,1X2,Wolverhampton Wanderers,EFL Cup,Wolverhampton Wanderers vs Port Vale,Wolverhampton Wanderers,Port Vale,0xa9e0ad0e09ae53c2e153d3df26d92d56ffd6085153f8a0e462f25f7a9612a24c,L19299035,0,0,SUCCESS,1,1786108388,1786128300,387.890461,SXR,0x6629Ce1Cf35Cc1329ebB4F63202F3f197b3F050B
0xc332152dea342f3fdf655262377022ebec880ed97acdf7ebe0b9ad1dc2238b46,0xFD3a22179CA4104E97c670b834750Bd7Ff310b17,1,59.39997,1.7763,1X2,Wolverhampton Wanderers,EFL Cup,Wolverhampton Wanderers vs Port Vale,Wolverhampton Wanderers,Port Vale,0xa9e0ad0e09ae53c2e153d3df26d92d56ffd6085153f8a0e462f25f7a9612a24c,L19299035,0,0,SUCCESS,1,1786108282,1786128300,76.5217,SXR,0x6629Ce1Cf35Cc1329ebB4F63202F3f197b3F050B
0xec2f92c03a828af1351f4a3743b5f3943306340b8947207fc302712483f4c445,0xFD3a22179CA4104E97c670b834750Bd7Ff310b17,1,167.70997,1.7763,1X2,Wolverhampton Wanderers,EFL Cup,Wolverhampton Wanderers vs Port Vale,Wolverhampton Wanderers,Port Vale,0xa9e0ad0e09ae53c2e153d3df26d92d56ffd6085153f8a0e462f25f7a9612a24c,L19299035,0,0,SUCCESS,1,1786108128,1786128300,216.051491,SXR,0x6629Ce1Cf35Cc1329ebB4F63202F3f197b3F050B
0xc48e1c6f4e713b0a1b0ef23e7b2e8d8300d77112a79e17a6c7ec60df222d98b9,0x97EC1C9682F70091efB04e97b0B34698cF815EE1,1,143.04,1.7763,1X2,Wolverhampton Wanderers,EFL Cup,Wolverhampton Wanderers vs Port Vale,Wolverhampton Wanderers,Port Vale,0xa9e0ad0e09ae53c2e153d3df26d92d56ffd6085153f8a0e462f25f7a9612a24c,L19299035,0,0,SUCCESS,1,1786108002,1786128300,184.270531,SXR,0x6629Ce1Cf35Cc1329ebB4F63202F3f197b3F050B
0xe145bbe64a4ba145a0ed327bc4cd6f9d0840a865409b952362e7464ae45ee887,0xFD3a22179CA4104E97c670b834750Bd7Ff310b17,1,1.56,1.3237,Asian Handicap (-1.5),Middlesbrough -1.5,EFL Cup,Middlesbrough vs Wrexham,Middlesbrough,Wrexham,0x490b7c30bc2ec985ff27134fa37de9f834349c15e69fb59d89d93bac4728383c,L19298910,0,0,SUCCESS,1,1786107907,1786129200,4.818533,SXR,0x6629Ce1Cf35Cc1329ebB4F63202F3f197b3F050B
0x6aa5c14742377317fcacec9dbf8aee71b08d17c87b2be9a74878316995f37d3b,0xFD3a22179CA4104E97c670b834750Bd7Ff310b17,1,0.00155,1.325,Asian Handicap (-1.5),Middlesbrough -1.5,EFL Cup,Middlesbrough vs Wrexham,Middlesbrough,Wrexham,0x490b7c30bc2ec985ff27134fa37de9f834349c15e69fb59d89d93bac4728383c,L19298910,0,0,SUCCESS,1,1786107907,1786129200,0.004769,SXR,0x6629Ce1Cf35Cc1329ebB4F63202F3f197b3F050B
0x09642e210fc2cef8f80f99fc7c3fc3dbf096a19f09c52efba7d0d9a828ccfc44,0xFD3a22179CA4104E97c670b834750Bd7Ff310b17,1,18.77,1.4338,Asian Handicap (-1),Middlesbrough -1,EFL Cup,Middlesbrough vs Wrexham,Middlesbrough,Wrexham,0x839267f0c68bb6c2c6bc62cf1208a342662105e6d4f23e2568e6626c099fc065,L19298910,0,0,SUCCESS,1,1786107907,1786129200,43.273775,SXR,0x6629Ce1Cf35Cc1329ebB4F63202F3f197b3F050B
0x487ad72fbb9f46a5dbe8c826a6abe6cbb59dbd8c003ee3fd72c99ac970308540,0xFD3a22179CA4104E97c670b834750Bd7Ff310b17,1,14.06,1.325,Asian Handicap (-1.5),Middlesbrough -1.5,EFL Cup,Middlesbrough vs Wrexham,Middlesbrough,Wrexham,0x490b7c30bc2ec985ff27134fa37de9f834349c15e69fb59d89d93bac4728383c,L19298910,0,0,SUCCESS,1,1786107861,1786129200,43.261538,SXR,0x6629Ce1Cf35Cc1329ebB4F63202F3f197b3F050B
0x81660aeb2a8fc247e74fda416a3244cc1bfa2e88aada032997cb538ef6cdde09,0xFD3a22179CA4104E97c670b834750Bd7Ff310b17,,30.69998,1.7612,1X2,,EFL Cup,Middlesbrough vs Wrexham,Middlesbrough,Wrexham,0x4b5eab324f4aa7d92bfed4a6acc233fa83fa8c102ee48c09333c7e7d7a86af5c,L19298910,0,0,SUCCESS,1,1786107398,1786129200,40.328381,SXR,0x6629Ce1Cf35Cc1329ebB4F63202F3f197b3F050B
0x6f1ffd40dac38b331d08e9a74bc8e6c09919d1bbbf514dc6e8bb30640357ba02,0xFD3a22179CA4104E97c670b834750Bd7Ff310b17,1,43.64999,1.7763,1X2,Wolverhampton Wanderers,EFL Cup,Wolverhampton Wanderers vs Port Vale,Wolverhampton Wanderers,Port Vale,0xa9e0ad0e09ae53c2e153d3df26d92d56ffd6085153f8a0e462f25f7a9612a24c,L19299035,0,0,SUCCESS,1,1786107362,1786128300,56.231871,SXR,0x6629Ce1Cf35Cc1329ebB4F63202F3f197b3F050B
0x401cdb7382f2133bcc9627bdd5551797ef4b51dd9581445a2370f28610a953a7,0xFD3a22179CA4104E97c670b834750Bd7Ff310b17,1,256.09999,1.7763,1X2,Wolverhampton Wanderers,EFL Cup,Wolverhampton Wanderers vs Port Vale,Wolverhampton Wanderers,Port Vale,0xa9e0ad0e09ae53c2e153d3df26d92d56ffd6085153f8a0e462f25f7a9612a24c,L19299035,0,0,SUCCESS,1,1786107178,1786128300,329.919472,SXR,0x6629Ce1Cf35Cc1329ebB4F63202F3f197b3F050B
0x59bff4ef5f622e8cceccc318890fb0dbbece2b6063b7d01c20f2e91fac0ef4a2,0xFD3a22179CA4104E97c670b834750Bd7Ff310b17,1,65.59884,1.7763,1X2,Wolverhampton Wanderers,EFL Cup,Wolverhampton Wanderers vs Port Vale,Wolverhampton Wanderers,Port Vale,0xa9e0ad0e09ae53c2e153d3df26d92d56ffd6085153f8a0e462f25f7a9612a24c,L19299035,0,0,SUCCESS,1,1786106873,1786128300,84.507362,SXR,0x6629Ce1Cf35Cc1329ebB4F63202F3f197b3F050B
0x63c73c6fea2e7f11888192f450adb480b987c2cc6a74edcc7c57c8b6c7852801,0xFD3a22179CA4104E97c670b834750Bd7Ff310b17,1,144.78997,1.7763,1X2,Wolverhampton Wanderers,EFL Cup,Wolverhampton Wanderers vs Port Vale,Wolverhampton Wanderers,Port Vale,0xa9e0ad0e09ae53c2e153d3df26d92d56ffd6085153f8a0e462f25f7a9612a24c,L19299035,0,0,SUCCESS,1,1786106821,1786128300,186.524921,SXR,0x6629Ce1Cf35Cc1329ebB4F63202F3f197b3F050B
0x70c12b59a2a65726cded4b342411a11592b5d71771ae5d80ee818be54595e2dd,0x3b2B3900de9f93d1a397Efd858D1035643D15F96,1,62.67819,1.7763,1X2,Wolverhampton Wanderers,EFL Cup,Wolverhampton Wanderers vs Port Vale,Wolverhampton Wanderers,Port Vale,0xa9e0ad0e09ae53c2e153d3df26d92d56ffd6085153f8a0e462f25f7a9612a24c,L19299035,0,0,SUCCESS,1,1786106819,1786128300,80.74485,SXR,0x6629Ce1Cf35Cc1329ebB4F63202F3f197b3F050B
0x478eb71a84c9cc31b53a6ba64364e51b1b2610d78d0c1e2a3d9c286e97fa0d7c,0x3b2B3900de9f93d1a397Efd858D1035643D15F96,,17.86479,1.2212,1X2,,EFL Cup,Wolverhampton Wanderers vs Port Vale,Wolverhampton Wanderers,Port Vale,0xa9e0ad0e09ae53c2e153d3df26d92d56ffd6085153f8a0e462f25f7a9612a24c,L19299035,0,0,SUCCESS,1,1786106819,1786128300,80.744814,SXR,0x6629Ce1Cf35Cc1329ebB4F63202F3f197b3F050B
0x27691dab11b3e587fa4cffe7f61e3d5b509904207c515de368d5441e05a113b7,0xFD3a22179CA4104E97c670b834750Bd7Ff310b17,,1,1.2888,Asian Handicap (-1),,EFL Cup,Wolverhampton Wanderers vs Port Vale,Wolverhampton Wanderers,Port Vale,0xe874d9ed915f289b261411d56db9e308fdc0bbe91d8bf2149642fcebfe385bba,L19299035,0,0,SUCCESS,1,1786106814,1786128300,3.463203,SXR,0x6629Ce1Cf35Cc1329ebB4F63202F3f197b3F050B
0xa042306fcf9186b1071c2517099b6232f2f3d2a3eb490cdb888943d4ed1e0502,0xFD3a22179CA4104E97c670b834750Bd7Ff310b17,1,2481.88,1.7763,1X2,Wolverhampton Wanderers,EFL Cup,Wolverhampton Wanderers vs Port Vale,Wolverhampton Wanderers,Port Vale,0xa9e0ad0e09ae53c2e153d3df26d92d56ffd6085153f8a0e462f25f7a9612a24c,L19299035,0,0,SUCCESS,1,1786106813,1786128300,3197.268921,SXR,0x6629Ce1Cf35Cc1329ebB4F63202F3f197b3F050B
0x18504e1650a2887e877a8954d67a9be5cdd5419edd50082c5f2be697b3e7709c,0xFD3a22179CA4104E97c670b834750Bd7Ff310b17,,7.26,1.2875,Asian Handicap (-1),,EFL Cup,Wolverhampton Wanderers vs Port Vale,Wolverhampton Wanderers,Port Vale,0xe874d9ed915f289b261411d56db9e308fdc0bbe91d8bf2149642fcebfe385bba,L19299035,0,0,SUCCESS,1,1786106813,1786128300,25.252174,SXR,0x6629Ce1Cf35Cc1329ebB4F63202F3f197b3F050B
0xa6b7176daea2b86d7135741d83f490a8ff4734be4b4bd6d00e6fe2018e81b8e6,0xFD3a22179CA4104E97c670b834750Bd7Ff310b17,1,67.25,1.7763,1X2,Wolverhampton Wanderers,EFL Cup,Wolverhampton Wanderers vs Port Vale,Wolverhampton Wanderers,Port Vale,0xa9e0ad0e09ae53c2e153d3df26d92d56ffd6085153f8a0e462f25f7a9612a24c,L19299035,0,0,SUCCESS,1,1786106811,1786128300,86.634461,SXR,0x6629Ce1Cf35Cc1329ebB4F63202F3f197b3F050B
0x885fa60fce1a7c7393bc98d46cc3f11a5f9583b0c56ffe9b89edd83c39b047ea,0xa498150823d867380b25175554a275c1c668256e,,57.61149,1.2237,1X2,,EFL Cup,Wolverhampton Wanderers vs Port Vale,Wolverhampton Wanderers,Port Vale,0xa9e0ad0e09ae53c2e153d3df26d92d56ffd6085153f8a0e462f25f7a9612a24c,L19299035,0,0,SUCCESS,1,1786106804,1786128300,257.48152,SXR,0x6629Ce1Cf35Cc1329ebB4F63202F3f197b3F050B
0xcebf1bce826380a200736b6dce7584d26f3ad54fa124194e1eb9df035b03b386,0xB978f8e241667aBAc6633e7c71A6785Cfc6Bb85e,,1,1.4312,1X2,,EFL Cup,Middlesbrough vs Wrexham,Middlesbrough,Wrexham,0xd39b5412e3bdd35c245e5d0a2e08c3b7bbb0dccfab513161aa272b9c72edca35,L19298910,0,0,SUCCESS,1,1786105741,1786129200,2.318841,SXR,0x6629Ce1Cf35Cc1329ebB4F63202F3f197b3F050B
0x99db2dc190313eef30f412a0579398a296861b8e3851195cf247ebfd540adad3,0x9B0B1AFA7bDED657DA5de911b1772ABe95e83290,,24.61,1.37,1X2,,EFL Cup,Burnley vs Notts County,Burnley,Notts County,0xae3a24eef157b372de746014b4c49cb0adfdf93ca316a2e0b1c35a8232ed5670,L19299334,0,0,SUCCESS,1,1786101548,1786197600,66.513514,SXR,0x6629Ce1Cf35Cc1329ebB4F63202F3f197b3F050B
0x47123aa3488b2ab655d9426ff6d06b8841d8c3395633cdcda53a268c920b185b,0x97EC1C9682F70091efB04e97b0B34698cF815EE1,1,11.39,1.565,Asian Handicap (-1.5),Wolverhampton Wanderers -1.5,EFL Cup,Wolverhampton Wanderers vs Port Vale,Wolverhampton Wanderers,Port Vale,0xf2a7dbf87b14971bd01acb7820fac3cf7e21f0aaec79dfa6fd3fd861626ab9d4,L19299035,0,0,SUCCESS,1,1786095669,1786128300,20.159292,SXR,0x6629Ce1Cf35Cc1329ebB4F63202F3f197b3F050B
0xcd3e37d9736620fef371b83dcd2c31b2d6a3ba5f9c74f6696cd8cba4cefa9e98,0xFD3a22179CA4104E97c670b834750Bd7Ff310b17,1,1.3,1.145,1X2,Tie,EFL Cup,Wolverhampton Wanderers vs Port Vale,Wolverhampton Wanderers,Port Vale,0xbc0641470c1f856855e8a8ae91206bc8771fe72f415bde80099901a6349a6249,L19299035,0,0,SUCCESS,1,1786095469,1786128300,8.965517,SXR,0x6629Ce1Cf35Cc1329ebB4F63202F3f197b3F050B
0xf21f880b57204f1c408205fe5b556e421af4d21db513bd39420c7ce157e5f6c6,0xFD3a22179CA4104E97c670b834750Bd7Ff310b17,,70.62,1.825,1X2,,EFL Cup,Middlesbrough vs Wrexham,Middlesbrough,Wrexham,0x1d61e95228a13ff11c61a1c4f3cfbc6655af97d1de6ae734e930ecd37dceaec6,L19298910,0,0,SUCCESS,1,1786095374,1786129200,85.6,SXR,0x6629Ce1Cf35Cc1329ebB4F63202F3f197b3F050B
0x127a112eb7112d9d1eae4758dea7cfe2bd57e5258f2012d7f0a2f154162f899d,0x40C6406af6250bDC2d12E0AA4053630789f332c2,1,23.69821,1.5737,1X2,Middlesbrough,EFL Cup,Middlesbrough vs Wrexham,Middlesbrough,Wrexham,0xd39b5412e3bdd35c245e5d0a2e08c3b7bbb0dccfab513161aa272b9c72edca35,L19298910,0,0,SUCCESS,1,1786093354,1786129200,41.30407,SXR,0x6629Ce1Cf35Cc1329ebB4F63202F3f197b3F050B
0x855e70a4fcb4f1bef5dd5766f1386ae4011f8781d44c310dfae706525e1ff248,0x9B0B1AFA7bDED657DA5de911b1772ABe95e83290,,25.78,1.4338,1X2,,EFL Cup,Cheltenham Town vs Charlton Athletic,Cheltenham Town,Charlton Athletic,0x0478b2db5de76ee1f18436c5a15ee4871248bcd0786c87c3ce5353432a17deff,L19299406,0,0,SUCCESS,1,1786090122,1786206600,59.435159,SXR,0x6629Ce1Cf35Cc1329ebB4F63202F3f197b3F050B
0xad38b74f73576aaf4dbce834b7a76ac8136a9bc838cd1d6df5b06aca1eb34f05,0x9B0B1AFA7bDED657DA5de911b1772ABe95e83290,1,32.49,1.1925,1X2,Cheltenham Town,EFL Cup,Cheltenham Town vs Charlton Athletic,Cheltenham Town,Charlton Athletic,0x6bf36843abe397fbc7c233e0ca342729b9cd199b53d9ee9a63b96ac9358c9a1a,L19299406,0,0,SUCCESS,1,1786090022,1786206600,168.779221,SXR,0x6629Ce1Cf35Cc1329ebB4F63202F3f197b3F050B
0xb0ea627ed1a17ff083bdb1a3ce57c09b2e67057320622cfdbeadb90f0938a097,0x97EC1C9682F70091efB04e97b0B34698cF815EE1,,164.02,1.3787,1X2,,EFL Cup,West Ham United vs Portsmouth,West Ham United,Portsmouth,0xf8c55c7f907b0ba0804e26d7bdbc045446945e504fbc7539c9c26b2a65294cff,L19299149,0,0,SUCCESS,1,1786087243,1786197600,433.056106,SXR,0x6629Ce1Cf35Cc1329ebB4F63202F3f197b3F050B
0xee92e75b8b481cb7a10ed40f4577cae2d7a0ac02c2aae78e8fb18c8588c13ec3,0x9B0B1AFA7bDED657DA5de911b1772ABe95e83290,,48.53,1.4788,Under/Over (2.5),,EFL Cup,Middlesbrough vs Wrexham,Middlesbrough,Wrexham,0xa188130d9a49b2dd6ffaa5dfe1cb354a23795824a7615b150d3148efedf3a9ff,L19298910,0,0,SUCCESS,1,1786085519,1786129200,101.368146,SXR,0x6629Ce1Cf35Cc1329ebB4F63202F3f197b3F050B
0x73843aa35845156822fad71e4eb977086f528b3f046c2bdd2abd91abe62eaf2e,0xBc04c6a7E9255Cb262632407a40Aa6344137555b,1,20,1.17,1X2,Milton Keynes Dons,EFL Cup,Norwich City vs Milton Keynes Dons,Norwich City,Milton Keynes Dons,0x52036f3ddd43f19cad7d4468a6997244153cfa2d1e61f15589b45aa79131e345,L19298954,0,0,SUCCESS,1,1786083121,1786197600,117.647059,SXR,0x6629Ce1Cf35Cc1329ebB4F63202F3f197b3F050B
0xffc4ce869cc4f39dcb87b890a97f2bd47baade1db608a06ad1870e242c1ff1a6,0xBc04c6a7E9255Cb262632407a40Aa6344137555b,1,44.58,1.565,1X2,Middlesbrough,EFL Cup,Middlesbrough vs Wrexham,Middlesbrough,Wrexham,0xd39b5412e3bdd35c245e5d0a2e08c3b7bbb0dccfab513161aa272b9c72edca35,L19298910,0,0,SUCCESS,1,1786083048,1786129200,78.902655,SXR,0x6629Ce1Cf35Cc1329ebB4F63202F3f197b3F050B
0xe81cdb3eea006c88004ca77d25e93ac091a9f185fb90a4ced5f0b5445bcd15cf,0xFD3a22179CA4104E97c670b834750Bd7Ff310b17,,37.29891,1.69,Asian Handicap (-1.5),,EFL Cup,Middlesbrough vs Wrexham,Middlesbrough,Wrexham,0x490b7c30bc2ec985ff27134fa37de9f834349c15e69fb59d89d93bac4728383c,L19298910,0,0,SUCCESS,1,1786081559,1786129200,54.056391,SXR,0x6629Ce1Cf35Cc1329ebB4F63202F3f197b3F050B
0x8bf20d23baced9b7410df006d63e720c458d798adfb9b22ea91950044996543c,0x97EC1C9682F70091efB04e97b0B34698cF815EE1,,18.7,1.3825,1X2,,EFL Cup,Rotherham United vs West Bromwich Albion,Rotherham United,West Bromwich Albion,0xf3925d0c5897bca03df96c1da1b3503d414f68821aedcc808a086b54df556f5c,L19298876,0,0,SUCCESS,1,1786081422,1786206600,48.888889,SXR,0x6629Ce1Cf35Cc1329ebB4F63202F3f197b3F050B
0x24233a396441a2c7e9d1ec1f9be7177aee433170adb3368b9ce8b3e557452356,0x64f5b1770dC9BeAdAA5c573F52472842f8894c8C,,20.25,1.0913,EFL Cup,,EFL Cup,Wolverhampton Wanderers vs Port Vale,Wolverhampton Wanderers,Port Vale,0x2db4e67f35b4dbfd78a4656314cda8d7af6355a9307827dd653d26ecc7c02812,L19299035,0,0,SUCCESS,1,1786078793,1786128300,221.917808,SXR,0x6629Ce1Cf35Cc1329ebB4F63202F3f197b3F050B
0x4449237e85fe3f4500cae14f9270b0fadbdb469765bfb992e246b2c3c2e3e43f,0xFD3a22179CA4104E97c670b834750Bd7Ff310b17,,10,1.1738,Under/Over (1.5),,EFL Cup,Wolverhampton Wanderers vs Port Vale,Wolverhampton Wanderers,Port Vale,0xcfa4549a2a23d0bbdb89627e44162b576876429ba8b94656a3990a05089bd9c8,L19299035,0,0,SUCCESS,1,1786074447,1786128300,57.553957,SXR,0x6629Ce1Cf35Cc1329ebB4F63202F3f197b3F050B
0xe9d447ff411cb54dfda1a3d40be42b6c9372c7065e166cb555dc24163d0579ff,0x40C6406af6250bDC2d12E0AA4053630789f332c2,1,30.32,1.4737,Under/Over (2.5),Over 2.5,EFL Cup,Wycombe Wanderers vs Stevenage,Wycombe Wanderers,Stevenage,0xe2e099a3ffe68eff3f1ab2ba7fd7bb0dfc22166928ead17a2f8f8c8b9e051b2d,L19299034,0,0,SUCCESS,1,1786058793,1786128300,64.0,SXR,0x6629Ce1Cf35Cc1329ebB4F63202F3f197b3F050B
0xf593a67b2ed88b164277569b59e6854b75f94a799929d81d8c4697a51aaf3431,0x97EC1C9682F70091efB04e97b0B34698cF815EE1,1,21.05,1.2312,1X2,Tie,EFL Cup,Rotherham United vs West Bromwich Albion,Rotherham United,West Bromwich Albion,0xb9e777c2c79a27fbff4186f9e9bd1035ce7e4b16420bea71817fd85aa1319e05,L19298876,0,0,SUCCESS,1,1786057932,1786206600,91.027027,SXR,0x6629Ce1Cf35Cc1329ebB4F63202F3f197b3F050B
0xf807ef9528314d7d14ed3bdb3dd721f40442a61ea882264ea5ecace81e8a454e,0xD9f8C3ddc681f06E786f2E17de46753B248C5E9e,1,182.17,1.4038,Under/Over (3),Over 3.0,EFL Cup,Middlesbrough vs Wrexham,Middlesbrough,Wrexham,0x3a61e524674e999a91af6d4d8bf18505437e674c79fc3f44f33f36c22e401dcf,L19298910,0,0,SUCCESS,1,1786057644,1786129200,451.195046,SXR,0x6629Ce1Cf35Cc1329ebB4F63202F3f197b3F050B
0xfb65b9220a2e38701faed4d2065eb3a18aebcaf371b68834017162cf080af88e,0xBc04c6a7E9255Cb262632407a40Aa6344137555b,1,12.32,1.1462,1X2,Notts County,EFL Cup,Burnley vs Notts County,Burnley,Notts County,0xf0043ad640f04e0d12dd2d0a21ae6c9e46d3999d36e80426b6818ac955cb0584,L19299334,0,0,SUCCESS,1,1786046358,1786197600,84.239316,SXR,0x6629Ce1Cf35Cc1329ebB4F63202F3f197b3F050B
0x8e1fcbaa921abc2d8a0fe0f3ed661ae2a3262682c1ca48c1a0660cd37e947f84,0x9B0B1AFA7bDED657DA5de911b1772ABe95e83290,1,25.91,1.1462,1X2,Notts County,EFL Cup,Burnley vs Notts County,Burnley,Notts County,0xf0043ad640f04e0d12dd2d0a21ae6c9e46d3999d36e80426b6818ac955cb0584,L19299334,0,0,SUCCESS,1,1786045217,1786197600,177.162393,SXR,0x6629Ce1Cf35Cc1329ebB4F63202F3f197b3F050B
0xc7b85d330f2e3ab18c5f7c482baffb046928b60cadfefb2a6fa16800ffb68b46,0x9B0B1AFA7bDED657DA5de911b1772ABe95e83290,1,24.74,1.0888,1X2,Crawley Town,EFL Cup,Watford vs Crawley Town,Watford,Crawley Town,0x5d9b97d51b6818d3cd9824517a3ea8f42d223346ae6156eded748cbedb8f386f,L19692421,0,0,SUCCESS,1,1786042490,1786197600,278.760563,SXR,0x6629Ce1Cf35Cc1329ebB4F63202F3f197b3F050B
0xc73a210cb4a24f0b7088f4336b39c60dd9d353c671cbf4286cf020fcaeafa43a,0x9B0B1AFA7bDED657DA5de911b1772ABe95e83290,,35.72,1.2338,1X2,,EFL Cup,Leicester City vs Northampton Town,Leicester City,Northampton Town,0x505de909c8b873313ac6af3f8a6444dd5b8936fa3844b4ecb26d3b9a28e0f4d5,L19299843,0,0,SUCCESS,1,1786042438,1786197600,152.812834,SXR,0x6629Ce1Cf35Cc1329ebB4F63202F3f197b3F050B
0x1d07e686f1565959c4ff18e14327e964d9a28c4abb832195fc40aa0c6cfffc57,0x9B0B1AFA7bDED657DA5de911b1772ABe95e83290,1,34.88,1.1912,1X2,Newport County,EFL Cup,AFC Wimbledon vs Newport County,AFC Wimbledon,Newport County,0xea47b6c120c94ae31f3299be9d23585a5cbf1b0ada4b3059268dd4cc9712b5d8,L19298736,0,0,SUCCESS,1,1786042417,1786197600,182.379085,SXR,0x6629Ce1Cf35Cc1329ebB4F63202F3f197b3F050B
0xac38c6d2264a14006dbb8fead828bf499a995caf461651bdff64deaf691f7e5c,0x9B0B1AFA7bDED657DA5de911b1772ABe95e83290,1,19.6,1.155,1X2,Tie,EFL Cup,Wolverhampton Wanderers vs Port Vale,Wolverhampton Wanderers,Port Vale,0xbc0641470c1f856855e8a8ae91206bc8771fe72f415bde80099901a6349a6249,L19299035,0,0,SUCCESS,1,1786042351,1786128300,126.451613,SXR,0x6629Ce1Cf35Cc1329ebB4F63202F3f197b3F050B
0x62ca26fb08bd0d14b6b88fecce8b09e4fd8ac5b026286f096c89af4c72e58cd9,0x9B0B1AFA7bDED657DA5de911b1772ABe95e83290,,40.46,1.2388,1X2,,EFL Cup,Wolverhampton Wanderers vs Port Vale,Wolverhampton Wanderers,Port Vale,0xa9e0ad0e09ae53c2e153d3df26d92d56ffd6085153f8a0e462f25f7a9612a24c,L19299035,0,0,SUCCESS,1,1786042346,1786128300,169.465969,SXR,0x6629Ce1Cf35Cc1329ebB4F63202F3f197b3F050B
0x647766216cec11df4e228a39174d41490e0e67b3e43b05a851bd577a5ae93758,0x7E3a6e22cac4eECeceCc7D9086d7c0fE1195Ec16,,1,1.2825,1X2,,EFL Cup,Bristol City FC vs Walsall,Bristol City FC,Walsall,0xec232eeef0113c821800c4331e9294d40693adaea445f17da39670a388f83470,L19298734,0,0,SUCCESS,1,1786028214,1786041900,3.539823,SXR,0x6629Ce1Cf35Cc1329ebB4F63202F3f197b3F050B
0xdcfc4a02634964b5f3b663e7d5e18d5ed2930631aeab98a92f2944084aef9eb0,0xbFA1723b261cB748697a7FFc3236E1c7C04bfC5e,,2.66,1.6325,Under/Over (3.5),,EFL Cup,Bristol City FC vs Walsall,Bristol City FC,Walsall,0x303458be52f9f881e6b2b9dd6f77bc6865236ca21e6750c3e31bbe7bfd5c3df3,L19298734,0,0,SUCCESS,1,1786027924,1786041900,4.205534,SXR,0x6629Ce1Cf35Cc1329ebB4F63202F3f197b3F050B
0xd7bb969dca36c50818c455699f0c9cd015c88a6f768723ddf84f67fe398f3e33,0xBc04c6a7E9255Cb262632407a40Aa6344137555b,1,10,1.19,1X2,Cheltenham Town,EFL Cup,Cheltenham Town vs Charlton Athletic,Cheltenham Town,Charlton Athletic,0x6bf36843abe397fbc7c233e0ca342729b9cd199b53d9ee9a63b96ac9358c9a1a,L19299406,0,0,SUCCESS,1,1786027390,1786206600,52.631579,SXR,0x6629Ce1Cf35Cc1329ebB4F63202F3f197b3F050B
0x74052c3d1ea0fb4435a5a1fc1e48f6eb670c1a359d0e8ff9cfe01753348062f0,0xFD3a22179CA4104E97c670b834750Bd7Ff310b17,1,4.65,1.4963,Under/Over (3),Over 3.0,EFL Cup,Bristol City FC vs Walsall,Bristol City FC,Walsall,0x52f0f90fbb9e180c2701ed66fe2d4145aa5c4b314485081d52f3fc45cca11c3c,L19298734,0,0,SUCCESS,1,1786027196,1786041900,9.370277,SXR,0x6629Ce1Cf35Cc1329ebB4F63202F3f197b3F050B
0x78b3380b71e215c89196a5e9408aef1cec9678e0d8c7444e8b5b55959973c210,0xFD3a22179CA4104E97c670b834750Bd7Ff310b17,1,4.5,1.2012,Under/Over (4.5),Over 4.5,EFL Cup,Bristol City FC vs Walsall,Bristol City FC,Walsall,0x9243bfa2a2c036c857279dbc0de124823a3009af97e6ada2647a2bdb1bb4ac0f,L19298734,0,0,SUCCESS,1,1786026957,1786041900,22.360248,SXR,0x6629Ce1Cf35Cc1329ebB4F63202F3f197b3F050B
0xf652a81bb458080b62817bd2ba5c2c00c6da774ea21d27376f1136e59f763589,0xFD3a22179CA4104E97c670b834750Bd7Ff310b17,1,15.95,1.6088,Under/Over (2.5),Over 2.5,EFL Cup,Bristol City FC vs Walsall,Bristol City FC,Walsall,0x4822d15d04e505f4dd3cd578b479004c99d54d611a00b8362f654229fd356954,L19298734,0,0,SUCCESS,1,1786025688,1786041900,26.201232,SXR,0x6629Ce1Cf35Cc1329ebB4F63202F3f197b3F050B
0xbc32b2de2f6ba45b9b9109c6e847d8598b76b6f6acbb6679a500487988d84fe9,0xFD3a22179CA4104E97c670b834750Bd7Ff310b17,,41.1023,1.8237,1X2,,EFL Cup,Bristol City FC vs Walsall,Bristol City FC,Walsall,0x2f8c11fc28a69491b56fff382cd5831d72dff047b16994ee6b00d39bbb861b9d,L19298734,0,0,SUCCESS,1,1786025642,1786041900,49.896571,SXR,0x6629Ce1Cf35Cc1329ebB4F63202F3f197b3F050B
0x5f3d26cd2c76d2d1db93fe8999a6501407da0f3e4bb82413e73f69077b505829,0xFD3a22179CA4104E97c670b834750Bd7Ff310b17,,73.29997,1.8237,1X2,,EFL Cup,Bristol City FC vs Walsall,Bristol City FC,Walsall,0x2f8c11fc28a69491b56fff382cd5831d72dff047b16994ee6b00d39bbb861b9d,L19298734,0,0,SUCCESS,1,1786025642,1786041900,88.983272,SXR,0x6629Ce1Cf35Cc1329ebB4F63202F3f197b3F050B
0x0971eb847aaf26643292ffbfe39dba8a864c5e6c87a2419f46ce021e712b45f5,0x048c07Af144F98F1c44E64455c69Cd7343116B71,1,9.02,1.2512,EFL Cup,Cheltenham Town 0,EFL Cup,Cheltenham Town vs Charlton Athletic,Cheltenham Town,Charlton Athletic,0xda286e312e77362a3829e62116e85d784e4606156be3ec8b19e4b91a7465a6ba,L19299406,0,0,SUCCESS,1,1786025577,1786206600,35.900498,SXR,0x6629Ce1Cf35Cc1329ebB4F63202F3f197b3F050B
0x262b25eb7234bdeed55ef18582086a41c69d4a611e2bd9abd2a7fa6f0a8ad55a,0x97EC1C9682F70091efB04e97b0B34698cF815EE1,,7.59,1.4075,Under/Over (2.5),,EFL Cup,Bristol City FC vs Walsall,Bristol City FC,Walsall,0x4822d15d04e505f4dd3cd578b479004c99d54d611a00b8362f654229fd356954,L19298734,0,0,SUCCESS,1,1786023828,1786041900,18.625767,SXR,0x6629Ce1Cf35Cc1329ebB4F63202F3f197b3F050B
0xd547fb326ce8e6c94e2a7ea09c7bdac9d13dfedbcd1cf16a791fe9a75ea416b1,0x7E3a6e22cac4eECeceCc7D9086d7c0fE1195Ec16,,1,1.2925,1X2,,EFL Cup,Bristol City FC vs Walsall,Bristol City FC,Walsall,0xec232eeef0113c821800c4331e9294d40693adaea445f17da39670a388f83470,L19298734,0,0,SUCCESS,1,1786022401,1786041900,3.418803,SXR,0x6629Ce1Cf35Cc1329ebB4F63202F3f197b3F050B
0x0b38365d5b799eadd00c518f32be55db166cfad4ceb029c192937d69361f6cdc,0xFD3a22179CA4104E97c670b834750Bd7Ff310b17,1,14.01,1.325,Asian Handicap (-2),Bristol City FC -2,EFL Cup,Bristol City FC vs Walsall,Bristol City FC,Walsall,0x3ca10be4347ce1293ced974a10089ced99b6e34d6387bad5b2dcd541fca6ca63,L19298734,0,0,SUCCESS,1,1786020403,1786041900,43.107692,SXR,0x6629Ce1Cf35Cc1329ebB4F63202F3f197b3F050B
0xd276a2b149eeb9ab91e4a24b55762c7cb0b5c278fa9f79f20d11574ad297ca5d,0xFD3a22179CA4104E97c670b834750Bd7Ff310b17,1,15.61926,1.325,Asian Handicap (-2),Bristol City FC -2,EFL Cup,Bristol City FC vs Walsall,Bristol City FC,Walsall,0x3ca10be4347ce1293ced974a10089ced99b6e34d6387bad5b2dcd541fca6ca63,L19298734,0,0,SUCCESS,1,1786020371,1786041900,48.059262,SXR,0x6629Ce1Cf35Cc1329ebB4F63202F3f197b3F050B
0xfae81c9ef4b09ca767761b34d1d7ccc503ab3f53fac7cce04e907192fdd54e75,0x1aD0dE948858F4DeaCBEa7b44be9459c1486b543,,15.37496,1.82,Under/Over (4.5),,EFL Cup,Cardiff City vs Swindon Town,Cardiff City,Swindon Town,0xb537cfe2d0e516b2ff03db523f6c643dabb99be113085ba2d6af88754af7464c,L19299400,0,0,SUCCESS,1,1785986186,1786197600,18.749951,SXR,0x6629Ce1Cf35Cc1329ebB4F63202F3f197b3F050B
0x0099b3b9f809fea9ff4d1045745c131bda7ab30b5b0c0aaa7c161af784b6da82,0x1aD0dE948858F4DeaCBEa7b44be9459c1486b543,,15.37497,1.8013,Under/Over (4.5),,EFL Cup,Cardiff City vs Swindon Town,Cardiff City,Swindon Town,0xb537cfe2d0e516b2ff03db523f6c643dabb99be113085ba2d6af88754af7464c,L19299400,0,0,SUCCESS,1,1785985511,1786197600,19.18873,SXR,0x6629Ce1Cf35Cc1329ebB4F63202F3f197b3F050B
0x9eeed2b966213cd3e1c03ecd18ebae97e3bdccaa3b690be36f141b37998d5271,0x1aD0dE948858F4DeaCBEa7b44be9459c1486b543,,15.02343,1.8013,Under/Over (4.5),,EFL Cup,Cardiff City vs Swindon Town,Cardiff City,Swindon Town,0xb537cfe2d0e516b2ff03db523f6c643dabb99be113085ba2d6af88754af7464c,L19299400,0,0,SUCCESS,1,1785985128,1786197600,18.749991,SXR,0x6629Ce1Cf35Cc1329ebB4F63202F3f197b3F050B
0x5fbf0f7a0310f9abc0793e9101a9adc8673eb773a7cc1d40c6daae6c36914fb2,0xa3786b93377213A42Bf1d3261d373cE67Cf2AA67,1,24.21,1.0825,1X2,Crawley Town,EFL Cup,Watford vs Crawley Town,Watford,Crawley Town,0x5d9b97d51b6818d3cd9824517a3ea8f42d223346ae6156eded748cbedb8f386f,L19692421,0,0,SUCCESS,1,1785978809,1786197600,293.454545,SXR,0x6629Ce1Cf35Cc1329ebB4F63202F3f197b3F050B
0x6f6060f620c519fe84b724f15820ae1a59301dcdb13b16825be361e1751a36ef,0x7E3a6e22cac4eECeceCc7D9086d7c0fE1195Ec16,,1,1.4425,1X2,,EFL Cup,Middlesbrough vs Wrexham,Middlesbrough,Wrexham,0xd39b5412e3bdd35c245e5d0a2e08c3b7bbb0dccfab513161aa272b9c72edca35,L19298910,0,0,SUCCESS,1,1785971523,1786129200,2.259887,SXR,0x6629Ce1Cf35Cc1329ebB4F63202F3f197b3F050B
0x4da7133bca54b84184238baa7d30b02372340f739df06b943262742640837a0a,0xBc04c6a7E9255Cb262632407a40Aa6344137555b,1,30,1.195,1X2,Newport County,EFL Cup,AFC Wimbledon vs Newport County,AFC Wimbledon,Newport County,0xea47b6c120c94ae31f3299be9d23585a5cbf1b0ada4b3059268dd4cc9712b5d8,L19298736,0,0,SUCCESS,1,1785962236,1786197600,153.846154,SXR,0x6629Ce1Cf35Cc1329ebB4F63202F3f197b3F050B
0xbae8ac7d4c8a6185b820438796f1f9f58ac63f2ed636b3e75be83914f2d44036,0xBc04c6a7E9255Cb262632407a40Aa6344137555b,1,10,1.1175,1X2,Walsall,EFL Cup,Bristol City FC vs Walsall,Bristol City FC,Walsall,0xc9a261f972b5555c9a1e6c0f33be8eb6a6906d2cda51babdb51dd64314b2c091,L19298734,0,0,SUCCESS,1,1785961563,1786041900,85.106383,SXR,0x6629Ce1Cf35Cc1329ebB4F63202F3f197b3F050B
0xdd62398a10f567ee5469950797393093a356b40e7fe5930931a6c998d441d9b9,0xBc04c6a7E9255Cb262632407a40Aa6344137555b,1,3,1.1975,1X2,Cheltenham Town,EFL Cup,Cheltenham Town vs Charlton Athletic,Cheltenham Town,Charlton Athletic,0x6bf36843abe397fbc7c233e0ca342729b9cd199b53d9ee9a63b96ac9358c9a1a,L19299406,0,0,SUCCESS,1,1785960783,1786206600,15.189873,SXR,0x6629Ce1Cf35Cc1329ebB4F63202F3f197b3F050B
0xcb8aa49e12f3f29aa35ec5b7ff00195594f282ca0db4d0d9be5e2e477b96970d,0xBc04c6a7E9255Cb262632407a40Aa6344137555b,1,7,1.1175,1X2,Walsall,EFL Cup,Bristol City FC vs Walsall,Bristol City FC,Walsall,0xc9a261f972b5555c9a1e6c0f33be8eb6a6906d2cda51babdb51dd64314b2c091,L19298734,0,0,SUCCESS,1,1785960695,1786041900,59.574468,SXR,0x6629Ce1Cf35Cc1329ebB4F63202F3f197b3F050B
0x02c4621d6a830534abb9a71c7d2fcc46730afe8d3b686773dfd4c590f2060027,0x204e31304364d2A5f7B90dE28F507adc449Ae221,1,1,1.34,Asian Handicap (-1.5),AFC Wimbledon -1.5,EFL Cup,AFC Wimbledon vs Newport County,AFC Wimbledon,Newport County,0x9f1f722832eb2e6381f3a0226a98c406eccc5bd7e76caaaebb931fdda305a642,L19298736,0,0,SUCCESS,1,1785942153,1786197600,2.941176,SXR,0x6629Ce1Cf35Cc1329ebB4F63202F3f197b3F050B
0xfcba109b300bea480abe542eaa7725c7fec13f0fedc18d9991df424ad450dc90,0x095B1B11E9C470934404Ba7F04da5F79930b2504,1,14.58,1.81,Under/Over (1.5),Over 1.5,EFL Cup,York City vs Crawley Town,York City,Crawley Town,0x30711e53de1ac1c4a025d48c70e4859ee55e52e5e57d10ed46259cc01bb5d46e,L19299060,0,0,SUCCESS,1,1785778500,1785781800,18.0,SXR,0x6629Ce1Cf35Cc1329ebB4F63202F3f197b3F050B
0x9b63fb9bdb0939e4fa277441c5160ae767a06c0723ae1697f56722a32c1dbbf4,0xFD3a22179CA4104E97c670b834750Bd7Ff310b17,1,1.47999,1.5762,1X2,York City,EFL Cup,York City vs Crawley Town,York City,Crawley Town,0x04308ca0f25865eb56bfd580b4513136555071038315ffd87972a7b7d616ec8e,L19299060,0,0,SUCCESS,1,1785751617,1785781800,2.568312,SXR,0x6629Ce1Cf35Cc1329ebB4F63202F3f197b3F050B
0x34fd96c52ca66603743b136c029d1196926b8ea965b35ad916e9e624891a3c31,0xFD3a22179CA4104E97c670b834750Bd7Ff310b17,,2.59999,1.6887,Asian Handicap (-1.5),,EFL Cup,York City vs Crawley Town,York City,Crawley Town,0xb943c3d4cb1b4aebd6296b959eb4168b4f43df52a8043a9e84d184a931ac076c,L19299060,0,0,SUCCESS,1,1785751591,1785781800,3.77494,SXR,0x6629Ce1Cf35Cc1329ebB4F63202F3f197b3F050B
0x92e4361325da8adb7d2c64339dc80666c0b8e0d69bcdd503c9dcdc859b32e858,0x97EC1C9682F70091efB04e97b0B34698cF815EE1,1,288.19,1.555,Under/Over (2.5),Over 2.5,EFL Cup,York City vs Crawley Town,York City,Crawley Town,0x9251e8acd176e46776145df7c8323e80dcd72277ee007f0fa60ecdaa77a19950,L19299060,0,0,SUCCESS,1,1785746436,1785781800,519.261261,SXR,0x6629Ce1Cf35Cc1329ebB4F63202F3f197b3F050B
0x2f280a5348c67d22f499a879111a6cd14ba32c30651f4b235087504d75fcb720,0x8AaDb828882f34790D0C35aE0534a6BbDDA6ad19,,5,1.5263,Asian Handicap (-1),,EFL Cup,York City vs Crawley Town,York City,Crawley Town,0xa673a473011377f0e432cf60301e8ad1da72423bc61634de7bf7db43407a4246,L19299060,0,0,SUCCESS,1,1785743240,1785781800,9.501188,SXR,0x6629Ce1Cf35Cc1329ebB4F63202F3f197b3F050B
0xe649643b38b6c14acf9bbbd3214bd63ce98d37feffda0c872c3665293f137b9c,0x8AaDb828882f34790D0C35aE0534a6BbDDA6ad19,,5,1.3862,EFL Cup,,EFL Cup,York City vs Crawley Town,York City,Crawley Town,0x75d0d882d84fabe75ec0ebfdf953c3267c7e17303f40762904f5aabc9353a5f5,L19299060,0,0,SUCCESS,1,1785743239,1785781800,12.944984,SXR,0x6629Ce1Cf35Cc1329ebB4F63202F3f197b3F050B
0x6da358c7d3a4cfc684658518c8cb0424ee2d0662e048d78a024625d5b4747aed,0x8AaDb828882f34790D0C35aE0534a6BbDDA6ad19,,5,1.5263,Asian Handicap (-0.5),,EFL Cup,York City vs Crawley Town,York City,Crawley Town,0x1027436024b118b7583cccaab5c7c410130e0e17447904eb5cefbefb34836df7,L19299060,0,0,SUCCESS,1,1785743239,1785781800,9.501188,SXR,0x6629Ce1Cf35Cc1329ebB4F63202F3f197b3F050B
0x22ee20a74b7feafe1f674ddfe8f64eb18b48a4aa83ee151db7142c920e3c6990,0x8AaDb828882f34790D0C35aE0534a6BbDDA6ad19,,5,1.3862,Asian Handicap (-0.5),,EFL Cup,York City vs Crawley Town,York City,Crawley Town,0x1027436024b118b7583cccaab5c7c410130e0e17447904eb5cefbefb34836df7,L19299060,0,0,SUCCESS,1,1785743239,1785781800,12.944984,SXR,0x6629Ce1Cf35Cc1329ebB4F63202F3f197b3F050B
0xe3c6c58c8dab85d1b37033a7121e1d3f4c42a16c31fe969f436aa82e973fe331,0x8AaDb828882f34790D0C35aE0534a6BbDDA6ad19,,10,1.5837,Asian Handicap (-1),,EFL Cup,York City vs Crawley Town,York City,Crawley Town,0xa673a473011377f0e432cf60301e8ad1da72423bc61634de7bf7db43407a4246,L19299060,0,0,SUCCESS,1,1785743238,1785781800,17.130621,SXR,0x6629Ce1Cf35Cc1329ebB4F63202F3f197b3F050B
0x67892d913ba613f3f4808f12a89e3a4415421d7988b81f5c03035cac2e9e85b1,0x8AaDb828882f34790D0C35aE0534a6BbDDA6ad19,,10,1.445,Asian Handicap (-0.5),,EFL Cup,York City vs Crawley Town,York City,Crawley Town,0x1027436024b118b7583cccaab5c7c410130e0e17447904eb5cefbefb34836df7,L19299060,0,0,SUCCESS,1,1785743238,1785781800,22.47191,SXR,0x6629Ce1Cf35Cc1329ebB4F63202F3f197b3F050B
0x51e83e15ab97eefc2ccce2074368f96e4d6b2bc474d60fd48cec81194acc78e8,0x8AaDb828882f34790D0C35aE0534a6BbDDA6ad19,1,10,1.335,Under/Over (3.5),Over 3.5,EFL Cup,York City vs Crawley Town,York City,Crawley Town,0x1b7328b49fa63aee1bd67882f5cac5a5686aebcb538af0959dcdd4181c5e2f57,L19299060,0,0,SUCCESS,1,1785742250,1785781800,29.850746,SXR,0x6629Ce1Cf35Cc1329ebB4F63202F3f197b3F050B
0x0e0cffe2676af4f324fc06dde5b8beaeded42b973c319bbf3fb70687f8887f41,0x8AaDb828882f34790D0C35aE0534a6BbDDA6ad19,1,10,1.5587,Under/Over (2.5),Over 2.5,EFL Cup,York City vs Crawley Town,York City,Crawley Town,0x9251e8acd176e46776145df7c8323e80dcd72277ee007f0fa60ecdaa77a19950,L19299060,0,0,SUCCESS,1,1785742250,1785781800,17.897092,SXR,0x6629Ce1Cf35Cc1329ebB4F63202F3f197b3F050B
0xb28bdee5a5bd24b5937965869b7830544160fac83e2df3848790121d4082d3d0,0xFD3a22179CA4104E97c670b834750Bd7Ff310b17,1,1,1.2488,1X2,Tie,EFL Cup,York City vs Crawley Town,York City,Crawley Town,0x32518c345846dd6c47978b764fb98cdd69101325ea8828ed514c3e274fb2f43f,L19299060,0,0,SUCCESS,1,1785741714,1785781800,4.020101,SXR,0x6629Ce1Cf35Cc1329ebB4F63202F3f197b3F050B
0xf27c17a15bfe9521fe22971af3d8cd2a8b3c9955888a401e463346a949eb3345,0x8AaDb828882f34790D0C35aE0534a6BbDDA6ad19,1,10,1.4438,Under/Over (3),Over 3.0,EFL Cup,York City vs Crawley Town,York City,Crawley Town,0x7c21a171d3ea8b89b468e5886d9b7cec062e0e10cc0a3ad080d701f2e478e0d8,L19299060,0,0,SUCCESS,1,1785740160,1785781800,22.535211,SXR,0x6629Ce1Cf35Cc1329ebB4F63202F3f197b3F050B
0x40b13e9da40eeb7ff88dcf2f7a9105f49a21f846a695e9fa4420be94ee7016fd,0xFD3a22179CA4104E97c670b834750Bd7Ff310b17,1,1,1.2475,1X2,Tie,EFL Cup,York City vs Crawley Town,York City,Crawley Town,0x32518c345846dd6c47978b764fb98cdd69101325ea8828ed514c3e274fb2f43f,L19299060,0,0,SUCCESS,1,1785729810,1785781800,4.040404,SXR,0x6629Ce1Cf35Cc1329ebB4F63202F3f197b3F050B
0x66196e60df54d2322e70ce7c61a20cf5ce0d71d5015fa3266e2f3d9a13c435ed,0xFD3a22179CA4104E97c670b834750Bd7Ff310b17,1,3.99987,1.2488,1X2,Tie,EFL Cup,York City vs Crawley Town,York City,Crawley Town,0x32518c345846dd6c47978b764fb98cdd69101325ea8828ed514c3e274fb2f43f,L19299060,0,0,SUCCESS,1,1785729635,1785781800,16.079879,SXR,0x6629Ce1Cf35Cc1329ebB4F63202F3f197b3F050B
0x4fa9b312d30771292a7a5ad3c5622749c3bbff9816ffce10029fa7157dc916ea,0xFD3a22179CA4104E97c670b834750Bd7Ff310b17,1,23.26,1.4338,1X2,Tie,EFL Cup,Tranmere Rovers vs Rochdale,Tranmere Rovers,Rochdale,0x5e62e81a24fb14aeb8c973177b2b77f2762adf2fad4806df4263174fd7f13173,L19298738,0,0,SUCCESS,1,1785597225,1785592800,53.62536,SXR,0x6629Ce1Cf35Cc1329ebB4F63202F3f197b3F050B
0x7a5c40735ecdd2469a0d2ed59e06cf76e82667911a6594d6954897b6ec70b2d1,0xFD3a22179CA4104E97c670b834750Bd7Ff310b17,1,1,1.3213,1X2,Rochdale,EFL Cup,Tranmere Rovers vs Rochdale,Tranmere Rovers,Rochdale,0x43a39ce33d7418b38c509663bbe3c399611d27aadbb9e7bc6d02f052fce4d587,L19298738,0,0,SUCCESS,1,1785595661,1785592800,3.11284,SXR,0x6629Ce1Cf35Cc1329ebB4F63202F3f197b3F050B
0x88c234acb2b6ba6a66f82473bbb6cd2d46b9c9e59cf52a99ce263a54ceecf4eb,0xFD3a22179CA4104E97c670b834750Bd7Ff310b17,1,10,1.36,1X2,Rochdale,EFL Cup,Tranmere Rovers vs Rochdale,Tranmere Rovers,Rochdale,0x43a39ce33d7418b38c509663bbe3c399611d27aadbb9e7bc6d02f052fce4d587,L19298738,0,0,SUCCESS,1,1785594340,1785592800,27.777778,SXR,0x6629Ce1Cf35Cc1329ebB4F63202F3f197b3F050B
0xad72793f41906a56945d290fcef1eab4c8684dad34f06a7b7f2f9149fa6588d1,0xFD3a22179CA4104E97c670b834750Bd7Ff310b17,1,10,1.3675,1X2,Rochdale,EFL Cup,Tranmere Rovers vs Rochdale,Tranmere Rovers,Rochdale,0x43a39ce33d7418b38c509663bbe3c399611d27aadbb9e7bc6d02f052fce4d587,L19298738,0,0,SUCCESS,1,1785593884,1785592800,27.210884,SXR,0x6629Ce1Cf35Cc1329ebB4F63202F3f197b3F050B
0x9f418c4371bbff74f459e763fa041342287827e644c1f610bc90ca61246b0518,0xFD3a22179CA4104E97c670b834750Bd7Ff310b17,1,10,1.3675,1X2,Rochdale,EFL Cup,Tranmere Rovers vs Rochdale,Tranmere Rovers,Rochdale,0x43a39ce33d7418b38c509663bbe3c399611d27aadbb9e7bc6d02f052fce4d587,L19298738,0,0,SUCCESS,1,1785593884,1785592800,27.210884,SXR,0x6629Ce1Cf35Cc1329ebB4F63202F3f197b3F050B
0xe2a510a8866a0fccc4b4fc0f5e2eefb5ea80619f77ead0e0412d66449e39d659,0xFD3a22179CA4104E97c670b834750Bd7Ff310b17,1,25.04,1.385,1X2,Rochdale,EFL Cup,Tranmere Rovers vs Rochdale,Tranmere Rovers,Rochdale,0x43a39ce33d7418b38c509663bbe3c399611d27aadbb9e7bc6d02f052fce4d587,L19298738,0,0,SUCCESS,1,1785593611,1785592800,65.038961,SXR,0x6629Ce1Cf35Cc1329ebB4F63202F3f197b3F050B
0x65d8592e264f1e6ee75586271f168eb30f53f13bdce00905556ffe9a6a34f934,0xFD3a22179CA4104E97c670b834750Bd7Ff310b17,1,11.7,1.2375,1X2,Tie,EFL Cup,Tranmere Rovers vs Rochdale,Tranmere Rovers,Rochdale,0x5e62e81a24fb14aeb8c973177b2b77f2762adf2fad4806df4263174fd7f13173,L19298738,0,0,SUCCESS,1,1785593186,1785592800,49.263158,SXR,0x6629Ce1Cf35Cc1329ebB4F63202F3f197b3F050B
0xfe6919c9dea3cdecf5f7183c2ee249c8757df72dbf1906eaa10524ed4314441f,0xFD3a22179CA4104E97c670b834750Bd7Ff310b17,1,2.8,1.395,1X2,Rochdale,EFL Cup,Tranmere Rovers vs Rochdale,Tranmere Rovers,Rochdale,0x43a39ce33d7418b38c509663bbe3c399611d27aadbb9e7bc6d02f052fce4d587,L19298738,0,0,SUCCESS,1,1785592744,1785592800,7.088608,SXR,0x6629Ce1Cf35Cc1329ebB4F63202F3f197b3F050B
0x6383957460f589e00702616c9efed479de06c7139221e1d5583f5c10eb193730,0xFD3a22179CA4104E97c670b834750Bd7Ff310b17,1,3.59,1.395,1X2,Rochdale,EFL Cup,Tranmere Rovers vs Rochdale,Tranmere Rovers,Rochdale,0x43a39ce33d7418b38c509663bbe3c399611d27aadbb9e7bc6d02f052fce4d587,L19298738,0,0,SUCCESS,1,1785592658,1785592800,9.088608,SXR,0x6629Ce1Cf35Cc1329ebB4F63202F3f197b3F050B
0xbd8076498441ae3b6ea35d5bdf92a3b8c1e0438bd32e8af682830f10700151ba,0xFD3a22179CA4104E97c670b834750Bd7Ff310b17,1,22.05,1.395,1X2,Rochdale,EFL Cup,Tranmere Rovers vs Rochdale,Tranmere Rovers,Rochdale,0x43a39ce33d7418b38c509663bbe3c399611d27aadbb9e7bc6d02f052fce4d587,L19298738,0,0,SUCCESS,1,1785592637,1785592800,55.822785,SXR,0x6629Ce1Cf35Cc1329ebB4F63202F3f197b3F050B
0x4dc533a664201049d6075df64902ddf207ff5e1eb4183a1876ec7ae88303cdfc,0xFD3a22179CA4104E97c670b834750Bd7Ff310b17,,36.31948,1.6175,1X2,,EFL Cup,Tranmere Rovers vs Rochdale,Tranmere Rovers,Rochdale,0x43a39ce33d7418b38c509663bbe3c399611d27aadbb9e7bc6d02f052fce4d587,L19298738,0,0,SUCCESS,1,1785589857,1785592800,58.816972,SXR,0x6629Ce1Cf35Cc1329ebB4F63202F3f197b3F050B
0x204d81a09f9d3575b3e0f1145019b59d98be2e97cf81685d6cfd0c5bcd97d0e5,0xFD3a22179CA4104E97c670b834750Bd7Ff310b17,,4.04,1.6175,1X2,,EFL Cup,Tranmere Rovers vs Rochdale,Tranmere Rovers,Rochdale,0x43a39ce33d7418b38c509663bbe3c399611d27aadbb9e7bc6d02f052fce4d587,L19298738,0,0,SUCCESS,1,1785589600,1785592800,6.54251,SXR,0x6629Ce1Cf35Cc1329ebB4F63202F3f197b3F050B
0x49b7d612371416e922a453ddf757954b2ba5bf87a67c4218eea7367d9e8657ee,0xFD3a22179CA4104E97c670b834750Bd7Ff310b17,,18.36999,1.615,1X2,,EFL Cup,Tranmere Rovers vs Rochdale,Tranmere Rovers,Rochdale,0x43a39ce33d7418b38c509663bbe3c399611d27aadbb9e7bc6d02f052fce4d587,L19298738,0,0,SUCCESS,1,1785589491,1785592800,29.869902,SXR,0x6629Ce1Cf35Cc1329ebB4F63202F3f197b3F050B
0x15e4c559a69849435e74cf74008ccc235717ca3e24a588e7b5573d508f1bb611,0xFD3a22179CA4104E97c670b834750Bd7Ff310b17,,18.54999,1.6062,1X2,,EFL Cup,Tranmere Rovers vs Rochdale,Tranmere Rovers,Rochdale,0x43a39ce33d7418b38c509663bbe3c399611d27aadbb9e7bc6d02f052fce4d587,L19298738,0,0,SUCCESS,1,1785588508,1785592800,30.597922,SXR,0x6629Ce1Cf35Cc1329ebB4F63202F3f197b3F050B
0xf271a9e3deb8f5a5bc5f349c37e800cd6cb885dce7068ad2384a6ac2e7226719,0x97EC1C9682F70091efB04e97b0B34698cF815EE1,1,15.21,1.2812,1X2,Tie,EFL Cup,Tranmere Rovers vs Rochdale,Tranmere Rovers,Rochdale,0x5e62e81a24fb14aeb8c973177b2b77f2762adf2fad4806df4263174fd7f13173,L19298738,0,0,SUCCESS,1,1785587700,1785592800,54.08,SXR,0x6629Ce1Cf35Cc1329ebB4F63202F3f197b3F050B
0x42b68af80f3c71051db156db7c0a68e1027fae2d571459e0a56bd8df71f10895,0xFD3a22179CA4104E97c670b834750Bd7Ff310b17,,6.44999,1.7237,1X2,,EFL Cup,Tranmere Rovers vs Rochdale,Tranmere Rovers,Rochdale,0x5e62e81a24fb14aeb8c973177b2b77f2762adf2fad4806df4263174fd7f13173,L19298738,0,0,SUCCESS,1,1785585922,1785592800,8.911903,SXR,0x6629Ce1Cf35Cc1329ebB4F63202F3f197b3F050B
0x69b8ad7378f32dec64bbaeac971919dd0d8180619506128d1e5063493617cb8a,0xFD3a22179CA4104E97c670b834750Bd7Ff310b17,,3.26,1.7212,1X2,,EFL Cup,Tranmere Rovers vs Rochdale,Tranmere Rovers,Rochdale,0x5e62e81a24fb14aeb8c973177b2b77f2762adf2fad4806df4263174fd7f13173,L19298738,0,0,SUCCESS,1,1785579524,1785592800,4.519931,SXR,0x6629Ce1Cf35Cc1329ebB4F63202F3f197b3F050B
0xa805497a7f48ee52efab9785627b0203aab9befd7aaa0be783f233ae3cd59232,0xFD3a22179CA4104E97c670b834750Bd7Ff310b17,,3.61999,1.7212,1X2,,EFL Cup,Tranmere Rovers vs Rochdale,Tranmere Rovers,Rochdale,0x5e62e81a24fb14aeb8c973177b2b77f2762adf2fad4806df4263174fd7f13173,L19298738,0,0,SUCCESS,1,1785579365,1785592800,5.01905,SXR,0x6629Ce1Cf35Cc1329ebB4F63202F3f197b3F050B
0x4b2bc49487f6fb2a3dd7d0ab4d8453dbd5cfa18b5ca58dee45b32f2b7574eafa,0xc1BEa02928E7Dbb4b88c093f3EFC8FEcdC54334f,1,19,1.3213,1X2,Tranmere Rovers,EFL Cup,Tranmere Rovers vs Rochdale,Tranmere Rovers,Rochdale,0xf04eea9a70094c51c5cc3b38ae8e3db134e1352a6837fa48aa53ad083cb80ca6,L19298738,0,0,SUCCESS,1,1785577998,1785592800,59.143969,SXR,0x6629Ce1Cf35Cc1329ebB4F63202F3f197b3F050B
0x9d9f582f85f3f87c606ab39423cd1236096cc37f080cf058bce005cf4e7a3a8e,0xc1BEa02928E7Dbb4b88c093f3EFC8FEcdC54334f,1,24,1.29,1X2,Tie,EFL Cup,Tranmere Rovers vs Rochdale,Tranmere Rovers,Rochdale,0x5e62e81a24fb14aeb8c973177b2b77f2762adf2fad4806df4263174fd7f13173,L19298738,0,0,SUCCESS,1,1785577962,1785592800,82.758621,SXR,0x6629Ce1Cf35Cc1329ebB4F63202F3f197b3F050B
0x85a4801a1a1ea2ea89012f58f8eb3562a7ed03f4ecff0b8f931feee05fbb40bd,0xFD3a22179CA4104E97c670b834750Bd7Ff310b17,1,1.14,1.3225,1X2,Tranmere Rovers,EFL Cup,Tranmere Rovers vs Rochdale,Tranmere Rovers,Rochdale,0xf04eea9a70094c51c5cc3b38ae8e3db134e1352a6837fa48aa53ad083cb80ca6,L19298738,0,0,SUCCESS,1,1785577789,1785592800,3.534884,SXR,0x6629Ce1Cf35Cc1329ebB4F63202F3f197b3F050B
0xef7346570dc9ff9b1b144424f4df34d06c37c8a3cf40bc70d3feddb6b91c66fa,0xFD3a22179CA4104E97c670b834750Bd7Ff310b17,1,18.99909,1.3213,1X2,Tranmere Rovers,EFL Cup,Tranmere Rovers vs Rochdale,Tranmere Rovers,Rochdale,0xf04eea9a70094c51c5cc3b38ae8e3db134e1352a6837fa48aa53ad083cb80ca6,L19298738,0,0,SUCCESS,1,1785577788,1785592800,59.141136,SXR,0x6629Ce1Cf35Cc1329ebB4F63202F3f197b3F050B
0xb56b0fc03db0ec5e87106782f22e284962f3607a90ac462ea1260f3472d90f10,0xFD3a22179CA4104E97c670b834750Bd7Ff310b17,1,1.96,1.3213,1X2,Tranmere Rovers,EFL Cup,Tranmere Rovers vs Rochdale,Tranmere Rovers,Rochdale,0xf04eea9a70094c51c5cc3b38ae8e3db134e1352a6837fa48aa53ad083cb80ca6,L19298738,0,0,SUCCESS,1,1785576753,1785592800,6.101167,SXR,0x6629Ce1Cf35Cc1329ebB4F63202F3f197b3F050B
0xab06e186eb6f94924f38578fbfea69469253011bd9dd9f693335288a9e8d9137,0xFD3a22179CA4104E97c670b834750Bd7Ff310b17,1,2.81824,1.32,1X2,Tranmere Rovers,EFL Cup,Tranmere Rovers vs Rochdale,Tranmere Rovers,Rochdale,0xf04eea9a70094c51c5cc3b38ae8e3db134e1352a6837fa48aa53ad083cb80ca6,L19298738,0,0,SUCCESS,1,1785576753,1785592800,8.807,SXR,0x6629Ce1Cf35Cc1329ebB4F63202F3f197b3F050B
0x4d89df1e5f026abdd36dd618c133402cadfd96305880c597c0ef79333ecf4390,0xFD3a22179CA4104E97c670b834750Bd7Ff310b17,1,20.06,1.32,1X2,Tranmere Rovers,EFL Cup,Tranmere Rovers vs Rochdale,Tranmere Rovers,Rochdale,0xf04eea9a70094c51c5cc3b38ae8e3db134e1352a6837fa48aa53ad083cb80ca6,L19298738,0,0,SUCCESS,1,1785576072,1785592800,62.6875,SXR,0x6629Ce1Cf35Cc1329ebB4F63202F3f197b3F050B
0xf25db49e8fc9f2ce6cf3fddab418f63548fce93d96ebc3b47343055c1af9a98c,0xFD3a22179CA4104E97c670b834750Bd7Ff310b17,1,22.07,1.32,1X2,Tranmere Rovers,EFL Cup,Tranmere Rovers vs Rochdale,Tranmere Rovers,Rochdale,0xf04eea9a70094c51c5cc3b38ae8e3db134e1352a6837fa48aa53ad083cb80ca6,L19298738,0,0,SUCCESS,1,1785575036,1785592800,68.96875,SXR,0x6629Ce1Cf35Cc1329ebB4F63202F3f197b3F050B
0x6d9f9428710ff42266ad95b11037f1cbe6b06820e495aef5f501b3d44fbba800,0xFD3a22179CA4104E97c670b834750Bd7Ff310b17,1,1.16,1.32,1X2,Tranmere Rovers,EFL Cup,Tranmere Rovers vs Rochdale,Tranmere Rovers,Rochdale,0xf04eea9a70094c51c5cc3b38ae8e3db134e1352a6837fa48aa53ad083cb80ca6,L19298738,0,0,SUCCESS,1,1785574569,1785592800,3.625,SXR,0x6629Ce1Cf35Cc1329ebB4F63202F3f197b3F050B
0xa108556fe6e9554cee06c861b695a707b43979ac2dfcad7e19eb09b8c41e5abc,0xFD3a22179CA4104E97c670b834750Bd7Ff310b17,1,19.25059,1.32,1X2,Tranmere Rovers,EFL Cup,Tranmere Rovers vs Rochdale,Tranmere Rovers,Rochdale,0xf04eea9a70094c51c5cc3b38ae8e3db134e1352a6837fa48aa53ad083cb80ca6,L19298738,0,0,SUCCESS,1,1785574187,1785592800,60.158094,SXR,0x6629Ce1Cf35Cc1329ebB4F63202F3f197b3F050B
0x8c8d33c320c7286ce57487f4392c2ac6218366c41db02ef38d125e1528bc6d83,0xFD3a22179CA4104E97c670b834750Bd7Ff310b17,1,20.96,1.32,1X2,Tranmere Rovers,EFL Cup,Tranmere Rovers vs Rochdale,Tranmere Rovers,Rochdale,0xf04eea9a70094c51c5cc3b38ae8e3db134e1352a6837fa48aa53ad083cb80ca6,L19298738,0,0,SUCCESS,1,1785574186,1785592800,65.5,SXR,0x6629Ce1Cf35Cc1329ebB4F63202F3f197b3F050B
0x844cab6956497a72bc73fabb7a540ce7db8f2f74cd09984a97d8afb7424400bf,0xFD3a22179CA4104E97c670b834750Bd7Ff310b17,1,2.69,1.32,1X2,Tranmere Rovers,EFL Cup,Tranmere Rovers vs Rochdale,Tranmere Rovers,Rochdale,0xf04eea9a70094c51c5cc3b38ae8e3db134e1352a6837fa48aa53ad083cb80ca6,L19298738,0,0,SUCCESS,1,1785574186,1785592800,8.40625,SXR,0x6629Ce1Cf35Cc1329ebB4F63202F3f197b3F050B
0xf003621150977b89835af589846044f3e939170630c05a67014e24cea95a22f7,0xFD3a22179CA4104E97c670b834750Bd7Ff310b17,1,2.21,1.32,1X2,Tranmere Rovers,EFL Cup,Tranmere Rovers vs Rochdale,Tranmere Rovers,Rochdale,0xf04eea9a70094c51c5cc3b38ae8e3db134e1352a6837fa48aa53ad083cb80ca6,L19298738,0,0,SUCCESS,1,1785574073,1785592800,6.90625,SXR,0x6629Ce1Cf35Cc1329ebB4F63202F3f197b3F050B
0x4ac1b52add1af7d04b10cd622cc21ebc4d110c9375e328585bac8721fd50ae6d,0xFD3a22179CA4104E97c670b834750Bd7Ff310b17,1,2,1.32,1X2,Tranmere Rovers,EFL Cup,Tranmere Rovers vs Rochdale,Tranmere Rovers,Rochdale,0xf04eea9a70094c51c5cc3b38ae8e3db134e1352a6837fa48aa53ad083cb80ca6,L19298738,0,0,SUCCESS,1,1785573852,1785592800,6.25,SXR,0x6629Ce1Cf35Cc1329ebB4F63202F3f197b3F050B
0x4e13eb060aea33c74ceacea714fc96551e2661bb3ec45a5329f3e627fd8bac79,0xFD3a22179CA4104E97c670b834750Bd7Ff310b17,1,2.01,1.3213,1X2,Tranmere Rovers,EFL Cup,Tranmere Rovers vs Rochdale,Tranmere Rovers,Rochdale,0xf04eea9a70094c51c5cc3b38ae8e3db134e1352a6837fa48aa53ad083cb80ca6,L19298738,0,0,SUCCESS,1,1785570690,1785592800,6.256809,SXR,0x6629Ce1Cf35Cc1329ebB4F63202F3f197b3F050B
0x9ccefc1515ec9e1257b3d0f9f65f808fe1446d77cbc2f9cc0c37554c268e0067,0xFD3a22179CA4104E97c670b834750Bd7Ff310b17,1,10,1.32,1X2,Tranmere Rovers,EFL Cup,Tranmere Rovers vs Rochdale,Tranmere Rovers,Rochdale,0xf04eea9a70094c51c5cc3b38ae8e3db134e1352a6837fa48aa53ad083cb80ca6,L19298738,0,0,SUCCESS,1,1785570471,1785592800,31.25,SXR,0x6629Ce1Cf35Cc1329ebB4F63202F3f197b3F050B
0x764a423b844385f70317e68d948d8de418ed16c80adb98bd7be4b9175056d7fc,0xFD3a22179CA4104E97c670b834750Bd7Ff310b17,,19.72999,1.6062,1X2,,EFL Cup,Tranmere Rovers vs Rochdale,Tranmere Rovers,Rochdale,0x43a39ce33d7418b38c509663bbe3c399611d27aadbb9e7bc6d02f052fce4d587,L19298738,0,0,SUCCESS,1,1785569792,1785592800,32.544313,SXR,0x6629Ce1Cf35Cc1329ebB4F63202F3f197b3F050B
0x44f29cf57c20021e7e7e449174763be6f207e0b02c6b89ddb4920a9bf1321c08,0xFD3a22179CA4104E97c670b834750Bd7Ff310b17,1,2.11,1.32,1X2,Tranmere Rovers,EFL Cup,Tranmere Rovers vs Rochdale,Tranmere Rovers,Rochdale,0xf04eea9a70094c51c5cc3b38ae8e3db134e1352a6837fa48aa53ad083cb80ca6,L19298738,0,0,SUCCESS,1,1785569076,1785592800,6.59375,SXR,0x6629Ce1Cf35Cc1329ebB4F63202F3f197b3F050B
0x36cf5688604a3ba39fe6b9529067d54c13bfa7ec1b63236e0ec4f1937b6af02c,0x44a80DC6b2015FBaC7a505fB0D7CCa1FAC58C7Bf,1,1,1.605,1X2,York City,EFL Cup,York City vs Crawley Town,York City,Crawley Town,0x04308ca0f25865eb56bfd580b4513136555071038315ffd87972a7b7d616ec8e,L19299060,0,0,SUCCESS,1,1785512959,1785781800,1.652893,SXR,0x6629Ce1Cf35Cc1329ebB4F63202F3f197b3F050B
0xafadd85041692a6469e14a73163edbf74e19a88c38f0b34d41d3e5d623337052,0x1111084DE52322898FE58e14BCC4824Bf3fEbcfa,1,2.51,1.42,1X2,Rochdale,EFL Cup,Tranmere Rovers vs Rochdale,Tranmere Rovers,Rochdale,0x43a39ce33d7418b38c509663bbe3c399611d27aadbb9e7bc6d02f052fce4d587,L19298738,0,0,SUCCESS,1,1785497246,1785592800,5.97619,SXR,0x6629Ce1Cf35Cc1329ebB4F63202F3f197b3F050B
0xdfeaf7b051b9d7063f363dd72618d2c0d985c49ee94fdf3ce82ffcac6c9652f3,0x44a80DC6b2015FBaC7a505fB0D7CCa1FAC58C7Bf,1,1,1.46,1X2,Rochdale,EFL Cup,Tranmere Rovers vs Rochdale,Tranmere Rovers,Rochdale,0x43a39ce33d7418b38c509663bbe3c399611d27aadbb9e7bc6d02f052fce4d587,L19298738,0,0,SUCCESS,1,1785346230,1785592800,2.173913,SXR,0x6629Ce1Cf35Cc1329ebB4F63202F3f197b3F050B
0xea48d5fe72de69b25067fdb4fdaf1d08ce7262ad75f6855864d3a656da39b313,0x44a80DC6b2015FBaC7a505fB0D7CCa1FAC58C7Bf,1,1,1.46,1X2,Rochdale,EFL Cup,Tranmere Rovers vs Rochdale,Tranmere Rovers,Rochdale,0x43a39ce33d7418b38c509663bbe3c399611d27aadbb9e7bc6d02f052fce4d587,L19298738,0,0,SUCCESS,1,1785345250,1785592800,2.173913,SXR,0x6629Ce1Cf35Cc1329ebB4F63202F3f197b3F050B
