fillHash,bettor,side,stake,odds,marketLabel,betLabel,competition,gameLabel,teamOneName,teamTwoName,marketHash,sportXeventId,maker,settled,tradeStatus,valid,betTime,gameTime,netReturn,chainVersion,baseToken
0xa39bc77ef909392b107be9680f3c7d2c426e3d9fe6c09ff370b7faa5ad8685c4,0xFD3a22179CA4104E97c670b834750Bd7Ff310b17,1,31.85992,1.9125,1X2,MLS All Stars,Major League Soccer,MLS All Stars vs Liga MX All-stars,MLS All Stars,Liga MX All-stars,0x8c2cafed276a7963fb2d454208e725e7abbabf89eb8e731be9a9a6fd8cc23959,L19568253,0,0,SUCCESS,1,1785376851,1785369600,34.914981,SXR,0x6629Ce1Cf35Cc1329ebB4F63202F3f197b3F050B
0xf3c8e7992e6ee197c9d9237568ba4faea125db7580df7b64805fcfe6e0b014b4,0xFD3a22179CA4104E97c670b834750Bd7Ff310b17,1,114.75997,1.9125,1X2,MLS All Stars,Major League Soccer,MLS All Stars vs Liga MX All-stars,MLS All Stars,Liga MX All-stars,0x8c2cafed276a7963fb2d454208e725e7abbabf89eb8e731be9a9a6fd8cc23959,L19568253,0,0,SUCCESS,1,1785376834,1785369600,125.764351,SXR,0x6629Ce1Cf35Cc1329ebB4F63202F3f197b3F050B
0x54236894e3164a80c62be1f159c69536a753c0ff80a9638da2f657fa83f92a93,0xFD3a22179CA4104E97c670b834750Bd7Ff310b17,,94.99653,1.2975,1X2,,Major League Soccer,MLS All Stars vs Liga MX All-stars,MLS All Stars,Liga MX All-stars,0x8c2cafed276a7963fb2d454208e725e7abbabf89eb8e731be9a9a6fd8cc23959,L19568253,0,0,SUCCESS,1,1785375968,1785369600,319.316067,SXR,0x6629Ce1Cf35Cc1329ebB4F63202F3f197b3F050B
0x696de4f2ca49cc98811d50ebb4a05fe718a6d04549bc4cfe6fd9a3dd48b6320c,0xFD3a22179CA4104E97c670b834750Bd7Ff310b17,,97.57,1.2925,1X2,,Major League Soccer,MLS All Stars vs Liga MX All-stars,MLS All Stars,Liga MX All-stars,0x8c2cafed276a7963fb2d454208e725e7abbabf89eb8e731be9a9a6fd8cc23959,L19568253,0,0,SUCCESS,1,1785375967,1785369600,333.57265,SXR,0x6629Ce1Cf35Cc1329ebB4F63202F3f197b3F050B
0x486b5785d987834b9e3c6ea73c4e1d6df9d344f824c8703f8f8cbcae0e3ce825,0xFD3a22179CA4104E97c670b834750Bd7Ff310b17,1,11.05,1.1675,1X2,Tie,Major League Soccer,MLS All Stars vs Liga MX All-stars,MLS All Stars,Liga MX All-stars,0x4ca505152fdb47862901bba6ca9275e1d05211d34775e6467d7542707dcc8a60,L19568253,0,0,SUCCESS,1,1785375955,1785369600,65.970149,SXR,0x6629Ce1Cf35Cc1329ebB4F63202F3f197b3F050B
0x1596b71919b49a0bff70bce690dbfeac5ad7a7ab808e94f5ee9a0fffccd0d98d,0xFD3a22179CA4104E97c670b834750Bd7Ff310b17,1,13,1.1687,1X2,Tie,Major League Soccer,MLS All Stars vs Liga MX All-stars,MLS All Stars,Liga MX All-stars,0x4ca505152fdb47862901bba6ca9275e1d05211d34775e6467d7542707dcc8a60,L19568253,0,0,SUCCESS,1,1785375955,1785369600,77.037037,SXR,0x6629Ce1Cf35Cc1329ebB4F63202F3f197b3F050B
0x4f2e3e87da3b60768ffcd33df2e93c52b6fbca4f6a4b3fadadfb21c057b24a1d,0xFD3a22179CA4104E97c670b834750Bd7Ff310b17,,2.80109,1.2975,1X2,,Major League Soccer,MLS All Stars vs Liga MX All-stars,MLS All Stars,Liga MX All-stars,0x8c2cafed276a7963fb2d454208e725e7abbabf89eb8e731be9a9a6fd8cc23959,L19568253,0,0,SUCCESS,1,1785375954,1785369600,9.415429,SXR,0x6629Ce1Cf35Cc1329ebB4F63202F3f197b3F050B
0xdba76a464033d59f92500b759f8b9a42985389ea66b3d5aa9dd3a5cca4021f65,0xFD3a22179CA4104E97c670b834750Bd7Ff310b17,1,6,1.0788,1X2,Tie,Major League Soccer,MLS All Stars vs Liga MX All-stars,MLS All Stars,Liga MX All-stars,0x4ca505152fdb47862901bba6ca9275e1d05211d34775e6467d7542707dcc8a60,L19568253,0,0,SUCCESS,1,1785374396,1785369600,76.190476,SXR,0x6629Ce1Cf35Cc1329ebB4F63202F3f197b3F050B
0x1f211623f9fada5db8863cb2914492a0f0ece9709bdfdb719740ec9eb9dac26a,0xFD3a22179CA4104E97c670b834750Bd7Ff310b17,1,5.85,1.0788,1X2,Tie,Major League Soccer,MLS All Stars vs Liga MX All-stars,MLS All Stars,Liga MX All-stars,0x4ca505152fdb47862901bba6ca9275e1d05211d34775e6467d7542707dcc8a60,L19568253,0,0,SUCCESS,1,1785374271,1785369600,74.285714,SXR,0x6629Ce1Cf35Cc1329ebB4F63202F3f197b3F050B
0xdbd13e44f888be0b195971def6a2cc0122b2a6e9efc766c4aef5eeae69792a3a,0xFD3a22179CA4104E97c670b834750Bd7Ff310b17,1,0.00235,1.0775,1X2,Tie,Major League Soccer,MLS All Stars vs Liga MX All-stars,MLS All Stars,Liga MX All-stars,0x4ca505152fdb47862901bba6ca9275e1d05211d34775e6467d7542707dcc8a60,L19568253,0,0,SUCCESS,1,1785374270,1785369600,0.030323,SXR,0x6629Ce1Cf35Cc1329ebB4F63202F3f197b3F050B
0x8d3848698516f81b8fb5c5940140fd8628c161c3088e9655419d81f673babf59,0xFD3a22179CA4104E97c670b834750Bd7Ff310b17,1,0.00397,1.0788,1X2,Tie,Major League Soccer,MLS All Stars vs Liga MX All-stars,MLS All Stars,Liga MX All-stars,0x4ca505152fdb47862901bba6ca9275e1d05211d34775e6467d7542707dcc8a60,L19568253,0,0,SUCCESS,1,1785374270,1785369600,0.050413,SXR,0x6629Ce1Cf35Cc1329ebB4F63202F3f197b3F050B
0xffe750758830a9133884e56071eb41f8181018f30b009ccf7fb7a8d38b9dea95,0xFD3a22179CA4104E97c670b834750Bd7Ff310b17,1,6,1.08,1X2,Tie,Major League Soccer,MLS All Stars vs Liga MX All-stars,MLS All Stars,Liga MX All-stars,0x4ca505152fdb47862901bba6ca9275e1d05211d34775e6467d7542707dcc8a60,L19568253,0,0,SUCCESS,1,1785373792,1785369600,75.0,SXR,0x6629Ce1Cf35Cc1329ebB4F63202F3f197b3F050B
0x5bdff385cf0dd1abae276d5c0d40b26a7fc129235a3564f7702f5f2175f176b6,0xFD3a22179CA4104E97c670b834750Bd7Ff310b17,1,7.00143,1.0813,1X2,Tie,Major League Soccer,MLS All Stars vs Liga MX All-stars,MLS All Stars,Liga MX All-stars,0x4ca505152fdb47862901bba6ca9275e1d05211d34775e6467d7542707dcc8a60,L19568253,0,0,SUCCESS,1,1785373792,1785369600,86.171446,SXR,0x6629Ce1Cf35Cc1329ebB4F63202F3f197b3F050B
0x4ce91e3b058ba3f74d0381c7489311d5ac89b0742e822e5f1cab31b3736fa1ca,0xFD3a22179CA4104E97c670b834750Bd7Ff310b17,1,6,1.0788,1X2,Tie,Major League Soccer,MLS All Stars vs Liga MX All-stars,MLS All Stars,Liga MX All-stars,0x4ca505152fdb47862901bba6ca9275e1d05211d34775e6467d7542707dcc8a60,L19568253,0,0,SUCCESS,1,1785373791,1785369600,76.190476,SXR,0x6629Ce1Cf35Cc1329ebB4F63202F3f197b3F050B
0x754330ef2ef5902416ac6365e5aef73bbab0e324e927600d57c4e0eedc52d4e2,0xFD3a22179CA4104E97c670b834750Bd7Ff310b17,1,5.98,1.0788,1X2,Tie,Major League Soccer,MLS All Stars vs Liga MX All-stars,MLS All Stars,Liga MX All-stars,0x4ca505152fdb47862901bba6ca9275e1d05211d34775e6467d7542707dcc8a60,L19568253,0,0,SUCCESS,1,1785373748,1785369600,75.936508,SXR,0x6629Ce1Cf35Cc1329ebB4F63202F3f197b3F050B
0x357d5f3df54e65468f1f5d2581149bb2baaec6580399e9deaf1d481017ed1eb9,0xFD3a22179CA4104E97c670b834750Bd7Ff310b17,1,6,1.08,1X2,Tie,Major League Soccer,MLS All Stars vs Liga MX All-stars,MLS All Stars,Liga MX All-stars,0x4ca505152fdb47862901bba6ca9275e1d05211d34775e6467d7542707dcc8a60,L19568253,0,0,SUCCESS,1,1785373748,1785369600,75.0,SXR,0x6629Ce1Cf35Cc1329ebB4F63202F3f197b3F050B
0xf316372192a618cde15bcfd903f39e624cf1731063868de481c63358278ba20e,0xFD3a22179CA4104E97c670b834750Bd7Ff310b17,1,5.95,1.0788,1X2,Tie,Major League Soccer,MLS All Stars vs Liga MX All-stars,MLS All Stars,Liga MX All-stars,0x4ca505152fdb47862901bba6ca9275e1d05211d34775e6467d7542707dcc8a60,L19568253,0,0,SUCCESS,1,1785373726,1785369600,75.555556,SXR,0x6629Ce1Cf35Cc1329ebB4F63202F3f197b3F050B
0xce452d9abe4e38f7552e037a25c0c5f480ade18e3dd7d9404f316a66d513462e,0xFD3a22179CA4104E97c670b834750Bd7Ff310b17,1,4.97,1.08,1X2,Tie,Major League Soccer,MLS All Stars vs Liga MX All-stars,MLS All Stars,Liga MX All-stars,0x4ca505152fdb47862901bba6ca9275e1d05211d34775e6467d7542707dcc8a60,L19568253,0,0,SUCCESS,1,1785373710,1785369600,62.125,SXR,0x6629Ce1Cf35Cc1329ebB4F63202F3f197b3F050B
0x89336435e75c238e9365465f4fd4543a9b176f34b1a810576efcd55198e8114b,0xFD3a22179CA4104E97c670b834750Bd7Ff310b17,1,6,1.0788,1X2,Tie,Major League Soccer,MLS All Stars vs Liga MX All-stars,MLS All Stars,Liga MX All-stars,0x4ca505152fdb47862901bba6ca9275e1d05211d34775e6467d7542707dcc8a60,L19568253,0,0,SUCCESS,1,1785373710,1785369600,76.190476,SXR,0x6629Ce1Cf35Cc1329ebB4F63202F3f197b3F050B
0xbebdd09a2baaf1f595e753965f4e2889ed6809fabdd784fcb1f8519b91e2ac07,0xFD3a22179CA4104E97c670b834750Bd7Ff310b17,1,5.93,1.0788,1X2,Tie,Major League Soccer,MLS All Stars vs Liga MX All-stars,MLS All Stars,Liga MX All-stars,0x4ca505152fdb47862901bba6ca9275e1d05211d34775e6467d7542707dcc8a60,L19568253,0,0,SUCCESS,1,1785373693,1785369600,75.301587,SXR,0x6629Ce1Cf35Cc1329ebB4F63202F3f197b3F050B
0x978e8c07ddd797c3145d351cbe42a6ca8bb912c24ad334a1b855a1c54634bc74,0xFD3a22179CA4104E97c670b834750Bd7Ff310b17,1,3.16094,1.08,1X2,Tie,Major League Soccer,MLS All Stars vs Liga MX All-stars,MLS All Stars,Liga MX All-stars,0x4ca505152fdb47862901bba6ca9275e1d05211d34775e6467d7542707dcc8a60,L19568253,0,0,SUCCESS,1,1785373678,1785369600,39.51175,SXR,0x6629Ce1Cf35Cc1329ebB4F63202F3f197b3F050B
0x6bdf52f4c2be799ef512d95dc6ecc19ffac180d25211a9482a67f75201f34655,0xFD3a22179CA4104E97c670b834750Bd7Ff310b17,1,3.16162,1.0788,1X2,Tie,Major League Soccer,MLS All Stars vs Liga MX All-stars,MLS All Stars,Liga MX All-stars,0x4ca505152fdb47862901bba6ca9275e1d05211d34775e6467d7542707dcc8a60,L19568253,0,0,SUCCESS,1,1785373677,1785369600,40.147556,SXR,0x6629Ce1Cf35Cc1329ebB4F63202F3f197b3F050B
0x059b58c69bc2cc6852f5b5c75f95f59cdac493e5b3d9de719295a38a8f1439a8,0xFD3a22179CA4104E97c670b834750Bd7Ff310b17,1,3.16,1.0775,1X2,Tie,Major League Soccer,MLS All Stars vs Liga MX All-stars,MLS All Stars,Liga MX All-stars,0x4ca505152fdb47862901bba6ca9275e1d05211d34775e6467d7542707dcc8a60,L19568253,0,0,SUCCESS,1,1785373677,1785369600,40.774194,SXR,0x6629Ce1Cf35Cc1329ebB4F63202F3f197b3F050B
0x4ff494fc056078c66d276839b3687b7aa5a7735616c57ba9e9906e1d4ce2af88,0x68E1818FF20BBe84F9be9E0A4A395FB11079Bd35,1,446.99997,1.8662,1X2,MLS All Stars,Major League Soccer,MLS All Stars vs Liga MX All-stars,MLS All Stars,Liga MX All-stars,0x8c2cafed276a7963fb2d454208e725e7abbabf89eb8e731be9a9a6fd8cc23959,L19568253,0,0,SUCCESS,1,1785373670,1785369600,516.017281,SXR,0x6629Ce1Cf35Cc1329ebB4F63202F3f197b3F050B
0x38b0a40714bb2887e0a5c15eedc8e930ee19b1a2a6bdd0459a200ad4839d04dd,0xFD3a22179CA4104E97c670b834750Bd7Ff310b17,1,2.75,1.08,1X2,Tie,Major League Soccer,MLS All Stars vs Liga MX All-stars,MLS All Stars,Liga MX All-stars,0x4ca505152fdb47862901bba6ca9275e1d05211d34775e6467d7542707dcc8a60,L19568253,0,0,SUCCESS,1,1785373649,1785369600,34.375,SXR,0x6629Ce1Cf35Cc1329ebB4F63202F3f197b3F050B
0x530d7b9ea33ab17dc84b0325a656810a7b8ce87f056cd7f78923e96c692ebb28,0x68E1818FF20BBe84F9be9E0A4A395FB11079Bd35,,76.57991,1.9163,1X2,,Major League Soccer,MLS All Stars vs Liga MX All-stars,MLS All Stars,Liga MX All-stars,0x4ca505152fdb47862901bba6ca9275e1d05211d34775e6467d7542707dcc8a60,L19568253,0,0,SUCCESS,1,1785373547,1785369600,83.579711,SXR,0x6629Ce1Cf35Cc1329ebB4F63202F3f197b3F050B
0x9cec4d2f6f14d038160e6ada9008b7bc09b9b5a89ed423a022b667ddfe48ebea,0x68E1818FF20BBe84F9be9E0A4A395FB11079Bd35,,77.8399,1.9163,1X2,,Major League Soccer,MLS All Stars vs Liga MX All-stars,MLS All Stars,Liga MX All-stars,0x4ca505152fdb47862901bba6ca9275e1d05211d34775e6467d7542707dcc8a60,L19568253,0,0,SUCCESS,1,1785373540,1785369600,84.95487,SXR,0x6629Ce1Cf35Cc1329ebB4F63202F3f197b3F050B
0xa874e5cb9717a6373dfa01c2db82f34f3f3945e2f08ec964d3330abbe99fae1f,0x68E1818FF20BBe84F9be9E0A4A395FB11079Bd35,,65.63994,1.9163,1X2,,Major League Soccer,MLS All Stars vs Liga MX All-stars,MLS All Stars,Liga MX All-stars,0x4ca505152fdb47862901bba6ca9275e1d05211d34775e6467d7542707dcc8a60,L19568253,0,0,SUCCESS,1,1785373535,1785369600,71.639771,SXR,0x6629Ce1Cf35Cc1329ebB4F63202F3f197b3F050B
0x44a7ba604b94041af1f4ad0393f8ad8235caae70020d69b3c545663709e2e39e,0x68E1818FF20BBe84F9be9E0A4A395FB11079Bd35,,77.8399,1.9163,1X2,,Major League Soccer,MLS All Stars vs Liga MX All-stars,MLS All Stars,Liga MX All-stars,0x4ca505152fdb47862901bba6ca9275e1d05211d34775e6467d7542707dcc8a60,L19568253,0,0,SUCCESS,1,1785373524,1785369600,84.95487,SXR,0x6629Ce1Cf35Cc1329ebB4F63202F3f197b3F050B
0x544710b81c9ccf8becb945bd5cb4d629d83d936dcb135617ffaae4a1460fe1c3,0x68E1818FF20BBe84F9be9E0A4A395FB11079Bd35,,76.57991,1.9163,1X2,,Major League Soccer,MLS All Stars vs Liga MX All-stars,MLS All Stars,Liga MX All-stars,0x4ca505152fdb47862901bba6ca9275e1d05211d34775e6467d7542707dcc8a60,L19568253,0,0,SUCCESS,1,1785373519,1785369600,83.579711,SXR,0x6629Ce1Cf35Cc1329ebB4F63202F3f197b3F050B
0x543e2fd34f4dcc785fcf79c68c76984b52adb57614c47056a1c05fc24b105223,0x68E1818FF20BBe84F9be9E0A4A395FB11079Bd35,,76.57991,1.9163,1X2,,Major League Soccer,MLS All Stars vs Liga MX All-stars,MLS All Stars,Liga MX All-stars,0x4ca505152fdb47862901bba6ca9275e1d05211d34775e6467d7542707dcc8a60,L19568253,0,0,SUCCESS,1,1785373500,1785369600,83.579711,SXR,0x6629Ce1Cf35Cc1329ebB4F63202F3f197b3F050B
0x2f956c84ab0011d86a2b235ef7e1f9589ea77d60822f8074b10c2c26b150c606,0x68E1818FF20BBe84F9be9E0A4A395FB11079Bd35,,76.57991,1.9163,1X2,,Major League Soccer,MLS All Stars vs Liga MX All-stars,MLS All Stars,Liga MX All-stars,0x4ca505152fdb47862901bba6ca9275e1d05211d34775e6467d7542707dcc8a60,L19568253,0,0,SUCCESS,1,1785373411,1785369600,83.579711,SXR,0x6629Ce1Cf35Cc1329ebB4F63202F3f197b3F050B
0x7abc2c7963c2cbeb9dbc3978e8cd30d4bc62248d3558345ebb6f5ca99362a958,0x68E1818FF20BBe84F9be9E0A4A395FB11079Bd35,,66.71996,1.9163,1X2,,Major League Soccer,MLS All Stars vs Liga MX All-stars,MLS All Stars,Liga MX All-stars,0x4ca505152fdb47862901bba6ca9275e1d05211d34775e6467d7542707dcc8a60,L19568253,0,0,SUCCESS,1,1785373410,1785369600,72.81851,SXR,0x6629Ce1Cf35Cc1329ebB4F63202F3f197b3F050B
0xa528d2d36d6a78ed6e05c39542e95c3057e9530d49549df9822155dbcf5f9017,0x68E1818FF20BBe84F9be9E0A4A395FB11079Bd35,,76.57991,1.9163,1X2,,Major League Soccer,MLS All Stars vs Liga MX All-stars,MLS All Stars,Liga MX All-stars,0x4ca505152fdb47862901bba6ca9275e1d05211d34775e6467d7542707dcc8a60,L19568253,0,0,SUCCESS,1,1785373400,1785369600,83.579711,SXR,0x6629Ce1Cf35Cc1329ebB4F63202F3f197b3F050B
0x89311e678fe05feb46111eb284eeca7525028f9a6bdfd3a3b87f5caec53e8f49,0x68E1818FF20BBe84F9be9E0A4A395FB11079Bd35,,65.63994,1.9163,1X2,,Major League Soccer,MLS All Stars vs Liga MX All-stars,MLS All Stars,Liga MX All-stars,0x4ca505152fdb47862901bba6ca9275e1d05211d34775e6467d7542707dcc8a60,L19568253,0,0,SUCCESS,1,1785373380,1785369600,71.639771,SXR,0x6629Ce1Cf35Cc1329ebB4F63202F3f197b3F050B
0x66567e2b43c640fa42424b17578951c8c345d6530f662d6da54bbd52f834e1c5,0x68E1818FF20BBe84F9be9E0A4A395FB11079Bd35,,77.8399,1.9163,1X2,,Major League Soccer,MLS All Stars vs Liga MX All-stars,MLS All Stars,Liga MX All-stars,0x4ca505152fdb47862901bba6ca9275e1d05211d34775e6467d7542707dcc8a60,L19568253,0,0,SUCCESS,1,1785373379,1785369600,84.95487,SXR,0x6629Ce1Cf35Cc1329ebB4F63202F3f197b3F050B
0x8b1f0933405409e3e90d0b5207e03d2e71f3aba68fcab48c7f60e6597f28305a,0x68E1818FF20BBe84F9be9E0A4A395FB11079Bd35,,76.57991,1.9163,1X2,,Major League Soccer,MLS All Stars vs Liga MX All-stars,MLS All Stars,Liga MX All-stars,0x4ca505152fdb47862901bba6ca9275e1d05211d34775e6467d7542707dcc8a60,L19568253,0,0,SUCCESS,1,1785373369,1785369600,83.579711,SXR,0x6629Ce1Cf35Cc1329ebB4F63202F3f197b3F050B
0xaad0e60a912817dd74e712e5c9229a1465e99e661f4abf4c4896c648aa7726d7,0x68E1818FF20BBe84F9be9E0A4A395FB11079Bd35,,77.8399,1.9163,1X2,,Major League Soccer,MLS All Stars vs Liga MX All-stars,MLS All Stars,Liga MX All-stars,0x4ca505152fdb47862901bba6ca9275e1d05211d34775e6467d7542707dcc8a60,L19568253,0,0,SUCCESS,1,1785373368,1785369600,84.95487,SXR,0x6629Ce1Cf35Cc1329ebB4F63202F3f197b3F050B
0x2d97875e8356f828a572c7b7e171549da46a7e3606b8bed76506172eb6152963,0x68E1818FF20BBe84F9be9E0A4A395FB11079Bd35,,65.63994,1.9163,1X2,,Major League Soccer,MLS All Stars vs Liga MX All-stars,MLS All Stars,Liga MX All-stars,0x4ca505152fdb47862901bba6ca9275e1d05211d34775e6467d7542707dcc8a60,L19568253,0,0,SUCCESS,1,1785373358,1785369600,71.639771,SXR,0x6629Ce1Cf35Cc1329ebB4F63202F3f197b3F050B
0x10d7bab55d6cb5f73e09b2c863aa90540f9494561e22f1963cd9124ca4f62ffa,0x68E1818FF20BBe84F9be9E0A4A395FB11079Bd35,,65.63994,1.9163,1X2,,Major League Soccer,MLS All Stars vs Liga MX All-stars,MLS All Stars,Liga MX All-stars,0x4ca505152fdb47862901bba6ca9275e1d05211d34775e6467d7542707dcc8a60,L19568253,0,0,SUCCESS,1,1785373347,1785369600,71.639771,SXR,0x6629Ce1Cf35Cc1329ebB4F63202F3f197b3F050B
0xa7d6cbb6318d01abb95ff8de8150f3fa7d00ac6a6c3c9e9b9dd46c9720be01fd,0x68E1818FF20BBe84F9be9E0A4A395FB11079Bd35,,67.85994,1.9163,1X2,,Major League Soccer,MLS All Stars vs Liga MX All-stars,MLS All Stars,Liga MX All-stars,0x4ca505152fdb47862901bba6ca9275e1d05211d34775e6467d7542707dcc8a60,L19568253,0,0,SUCCESS,1,1785373336,1785369600,74.06269,SXR,0x6629Ce1Cf35Cc1329ebB4F63202F3f197b3F050B
0x229a0f767dce169795e6dc5b0ccd10253e29427b64a3318d2c21b1c0391ff382,0x68E1818FF20BBe84F9be9E0A4A395FB11079Bd35,,55.59991,1.9163,1X2,,Major League Soccer,MLS All Stars vs Liga MX All-stars,MLS All Stars,Liga MX All-stars,0x4ca505152fdb47862901bba6ca9275e1d05211d34775e6467d7542707dcc8a60,L19568253,0,0,SUCCESS,1,1785373336,1785369600,60.68203,SXR,0x6629Ce1Cf35Cc1329ebB4F63202F3f197b3F050B
0xd9b3733eb56002d54474445a2dc52b9ce79e6d96c913f0a6546cfb196576a505,0x68E1818FF20BBe84F9be9E0A4A395FB11079Bd35,,71.4,1.9163,1X2,,Major League Soccer,MLS All Stars vs Liga MX All-stars,MLS All Stars,Liga MX All-stars,0x4ca505152fdb47862901bba6ca9275e1d05211d34775e6467d7542707dcc8a60,L19568253,0,0,SUCCESS,1,1785373334,1785369600,77.92633,SXR,0x6629Ce1Cf35Cc1329ebB4F63202F3f197b3F050B
0xbcd4bf86f6036dfe85f05f2b000df92efb8a2e623a2a1ad0594bcec4116d8091,0x68E1818FF20BBe84F9be9E0A4A395FB11079Bd35,,68.99992,1.9163,1X2,,Major League Soccer,MLS All Stars vs Liga MX All-stars,MLS All Stars,Liga MX All-stars,0x4ca505152fdb47862901bba6ca9275e1d05211d34775e6467d7542707dcc8a60,L19568253,0,0,SUCCESS,1,1785373334,1785369600,75.30687,SXR,0x6629Ce1Cf35Cc1329ebB4F63202F3f197b3F050B
0xddad423705ea8374afa45a10755d1fa77385da5da9d1360228f412c7cc7ff8a0,0x68E1818FF20BBe84F9be9E0A4A395FB11079Bd35,,73.97994,1.9163,1X2,,Major League Soccer,MLS All Stars vs Liga MX All-stars,MLS All Stars,Liga MX All-stars,0x4ca505152fdb47862901bba6ca9275e1d05211d34775e6467d7542707dcc8a60,L19568253,0,0,SUCCESS,1,1785373325,1785369600,80.74209,SXR,0x6629Ce1Cf35Cc1329ebB4F63202F3f197b3F050B
0x938a96091bade0cb48b9bda8d4793b01367a142fb2abddf46b8f7dd622082369,0x68E1818FF20BBe84F9be9E0A4A395FB11079Bd35,,70.19996,1.9163,1X2,,Major League Soccer,MLS All Stars vs Liga MX All-stars,MLS All Stars,Liga MX All-stars,0x4ca505152fdb47862901bba6ca9275e1d05211d34775e6467d7542707dcc8a60,L19568253,0,0,SUCCESS,1,1785373325,1785369600,76.6166,SXR,0x6629Ce1Cf35Cc1329ebB4F63202F3f197b3F050B
0x661ae29f347a507043117d608ee516c2b6b6d145a075a7a7375b5d8b7d96b45b,0x68E1818FF20BBe84F9be9E0A4A395FB11079Bd35,1,434.99997,1.8512,1X2,MLS All Stars,Major League Soccer,MLS All Stars vs Liga MX All-stars,MLS All Stars,Liga MX All-stars,0x8c2cafed276a7963fb2d454208e725e7abbabf89eb8e731be9a9a6fd8cc23959,L19568253,0,0,SUCCESS,1,1785373325,1785369600,511.013181,SXR,0x6629Ce1Cf35Cc1329ebB4F63202F3f197b3F050B
0x62617646f8d3c713882aee0e85de5108889b2ac8182e1cebe391267625316ec4,0x68E1818FF20BBe84F9be9E0A4A395FB11079Bd35,1,446.99999,1.8512,1X2,MLS All Stars,Major League Soccer,MLS All Stars vs Liga MX All-stars,MLS All Stars,Liga MX All-stars,0x8c2cafed276a7963fb2d454208e725e7abbabf89eb8e731be9a9a6fd8cc23959,L19568253,0,0,SUCCESS,1,1785373323,1785369600,525.11012,SXR,0x6629Ce1Cf35Cc1329ebB4F63202F3f197b3F050B
0x492260070deed85ed0aaac613cf87d84bdeeae1a8f1caf27ea7a4aa3f31f8254,0x68E1818FF20BBe84F9be9E0A4A395FB11079Bd35,,59.49991,1.9163,1X2,,Major League Soccer,MLS All Stars vs Liga MX All-stars,MLS All Stars,Liga MX All-stars,0x4ca505152fdb47862901bba6ca9275e1d05211d34775e6467d7542707dcc8a60,L19568253,0,0,SUCCESS,1,1785373315,1785369600,64.93851,SXR,0x6629Ce1Cf35Cc1329ebB4F63202F3f197b3F050B
0xbc6c9cbd73ded4a115f69714b4eea13b3fb91532cf2cde190191ccf516ea6431,0x68E1818FF20BBe84F9be9E0A4A395FB11079Bd35,,72.66,1.9163,1X2,,Major League Soccer,MLS All Stars vs Liga MX All-stars,MLS All Stars,Liga MX All-stars,0x4ca505152fdb47862901bba6ca9275e1d05211d34775e6467d7542707dcc8a60,L19568253,0,0,SUCCESS,1,1785373314,1785369600,79.301501,SXR,0x6629Ce1Cf35Cc1329ebB4F63202F3f197b3F050B
0xa57071717e54af6c88b61825c5c23ff0c11cbca87d540ff6c1b923cec08ddc98,0x68E1818FF20BBe84F9be9E0A4A395FB11079Bd35,1,476.99999,1.8512,1X2,MLS All Stars,Major League Soccer,MLS All Stars vs Liga MX All-stars,MLS All Stars,Liga MX All-stars,0x8c2cafed276a7963fb2d454208e725e7abbabf89eb8e731be9a9a6fd8cc23959,L19568253,0,0,SUCCESS,1,1785373314,1785369600,560.352411,SXR,0x6629Ce1Cf35Cc1329ebB4F63202F3f197b3F050B
0x03b8e652467aa16c2edc372a49e82fa616f43973b09805dd7c662e44bd488cba,0x68E1818FF20BBe84F9be9E0A4A395FB11079Bd35,,68.99992,1.9163,1X2,,Major League Soccer,MLS All Stars vs Liga MX All-stars,MLS All Stars,Liga MX All-stars,0x4ca505152fdb47862901bba6ca9275e1d05211d34775e6467d7542707dcc8a60,L19568253,0,0,SUCCESS,1,1785373314,1785369600,75.30687,SXR,0x6629Ce1Cf35Cc1329ebB4F63202F3f197b3F050B
0xb52548327532fb7101aa34cc2dd1794d0c43ad88c4f31ec6a9e29f0234df0375,0x68E1818FF20BBe84F9be9E0A4A395FB11079Bd35,,67.85994,1.9163,1X2,,Major League Soccer,MLS All Stars vs Liga MX All-stars,MLS All Stars,Liga MX All-stars,0x4ca505152fdb47862901bba6ca9275e1d05211d34775e6467d7542707dcc8a60,L19568253,0,0,SUCCESS,1,1785373309,1785369600,74.06269,SXR,0x6629Ce1Cf35Cc1329ebB4F63202F3f197b3F050B
0x0d4765b16ab7f3b91cd5101d80e24a79a34606765ec94d75488d05a91bb07a32,0x68E1818FF20BBe84F9be9E0A4A395FB11079Bd35,,66.71996,1.9163,1X2,,Major League Soccer,MLS All Stars vs Liga MX All-stars,MLS All Stars,Liga MX All-stars,0x4ca505152fdb47862901bba6ca9275e1d05211d34775e6467d7542707dcc8a60,L19568253,0,0,SUCCESS,1,1785373305,1785369600,72.81851,SXR,0x6629Ce1Cf35Cc1329ebB4F63202F3f197b3F050B
0x3ca57f0caec5df98508b1bb7ea625fe7afe8d2ba459eb8a95af859894cd326da,0x68E1818FF20BBe84F9be9E0A4A395FB11079Bd35,,65.63994,1.9163,1X2,,Major League Soccer,MLS All Stars vs Liga MX All-stars,MLS All Stars,Liga MX All-stars,0x4ca505152fdb47862901bba6ca9275e1d05211d34775e6467d7542707dcc8a60,L19568253,0,0,SUCCESS,1,1785373296,1785369600,71.639771,SXR,0x6629Ce1Cf35Cc1329ebB4F63202F3f197b3F050B
0xe3a74901ca108f3046ec231ecc1678ccb0dd6b6a4a9e6f3940a5081530abb980,0x68E1818FF20BBe84F9be9E0A4A395FB11079Bd35,,68.99992,1.9163,1X2,,Major League Soccer,MLS All Stars vs Liga MX All-stars,MLS All Stars,Liga MX All-stars,0x4ca505152fdb47862901bba6ca9275e1d05211d34775e6467d7542707dcc8a60,L19568253,0,0,SUCCESS,1,1785373289,1785369600,75.30687,SXR,0x6629Ce1Cf35Cc1329ebB4F63202F3f197b3F050B
0x508adbc60f091847a601cdb22bbb6f7d4bda2a3484bc1b429e6555dd5b54380f,0x68E1818FF20BBe84F9be9E0A4A395FB11079Bd35,1,497,1.845,1X2,MLS All Stars,Major League Soccer,MLS All Stars vs Liga MX All-stars,MLS All Stars,Liga MX All-stars,0x8c2cafed276a7963fb2d454208e725e7abbabf89eb8e731be9a9a6fd8cc23959,L19568253,0,0,SUCCESS,1,1785373285,1785369600,588.16568,SXR,0x6629Ce1Cf35Cc1329ebB4F63202F3f197b3F050B
0x24fb347ec30d9339b59f846587df6339bdaafad7418cc246007835f089910b81,0x68E1818FF20BBe84F9be9E0A4A395FB11079Bd35,,67.85994,1.9163,1X2,,Major League Soccer,MLS All Stars vs Liga MX All-stars,MLS All Stars,Liga MX All-stars,0x4ca505152fdb47862901bba6ca9275e1d05211d34775e6467d7542707dcc8a60,L19568253,0,0,SUCCESS,1,1785373285,1785369600,74.06269,SXR,0x6629Ce1Cf35Cc1329ebB4F63202F3f197b3F050B
0xfddc16b38e838efd8af04fdb1a229477bafef45d874ecc87b88129db47a963aa,0x68E1818FF20BBe84F9be9E0A4A395FB11079Bd35,,66.71996,1.9163,1X2,,Major League Soccer,MLS All Stars vs Liga MX All-stars,MLS All Stars,Liga MX All-stars,0x4ca505152fdb47862901bba6ca9275e1d05211d34775e6467d7542707dcc8a60,L19568253,0,0,SUCCESS,1,1785373284,1785369600,72.81851,SXR,0x6629Ce1Cf35Cc1329ebB4F63202F3f197b3F050B
0xd6d71e4485354964e9d5b32579dd8e5c93456c34d53281535353cf430493bef1,0x68E1818FF20BBe84F9be9E0A4A395FB11079Bd35,,65.63994,1.9163,1X2,,Major League Soccer,MLS All Stars vs Liga MX All-stars,MLS All Stars,Liga MX All-stars,0x4ca505152fdb47862901bba6ca9275e1d05211d34775e6467d7542707dcc8a60,L19568253,0,0,SUCCESS,1,1785373283,1785369600,71.639771,SXR,0x6629Ce1Cf35Cc1329ebB4F63202F3f197b3F050B
0x49dd4c14ba6b8147df1347931b4a4822940d006d6970c6913d9351528148ac2f,0x68E1818FF20BBe84F9be9E0A4A395FB11079Bd35,1,473.99997,1.845,1X2,MLS All Stars,Major League Soccer,MLS All Stars vs Liga MX All-stars,MLS All Stars,Liga MX All-stars,0x8c2cafed276a7963fb2d454208e725e7abbabf89eb8e731be9a9a6fd8cc23959,L19568253,0,0,SUCCESS,1,1785373280,1785369600,560.94671,SXR,0x6629Ce1Cf35Cc1329ebB4F63202F3f197b3F050B
0xf6e1a3580e0f7903d26a480c87b0aa1ce4257291c26a1a81b3bd02f091aa1591,0x68E1818FF20BBe84F9be9E0A4A395FB11079Bd35,,79.37999,1.8487,1X2,,Major League Soccer,MLS All Stars vs Liga MX All-stars,MLS All Stars,Liga MX All-stars,0x4ca505152fdb47862901bba6ca9275e1d05211d34775e6467d7542707dcc8a60,L19568253,0,0,SUCCESS,1,1785373024,1785369600,93.525761,SXR,0x6629Ce1Cf35Cc1329ebB4F63202F3f197b3F050B
0x1f5c51b5a8cab9dcbfd18aee3153b00711b05b2588574e15bfc5bc561ea33cdb,0x68E1818FF20BBe84F9be9E0A4A395FB11079Bd35,,67.31999,1.8487,1X2,,Major League Soccer,MLS All Stars vs Liga MX All-stars,MLS All Stars,Liga MX All-stars,0x4ca505152fdb47862901bba6ca9275e1d05211d34775e6467d7542707dcc8a60,L19568253,0,0,SUCCESS,1,1785373023,1785369600,79.31663,SXR,0x6629Ce1Cf35Cc1329ebB4F63202F3f197b3F050B
0xba388ee878903a5e7545a20eb7730e82ffbe972cb82077ea8446f9509960fa07,0x68E1818FF20BBe84F9be9E0A4A395FB11079Bd35,,61.70999,1.8487,1X2,,Major League Soccer,MLS All Stars vs Liga MX All-stars,MLS All Stars,Liga MX All-stars,0x4ca505152fdb47862901bba6ca9275e1d05211d34775e6467d7542707dcc8a60,L19568253,0,0,SUCCESS,1,1785373000,1785369600,72.70691,SXR,0x6629Ce1Cf35Cc1329ebB4F63202F3f197b3F050B
0x6044eac24d9087fa483e6eec0270426e72aa86c798cc4baabdb8c15f7864c744,0x68E1818FF20BBe84F9be9E0A4A395FB11079Bd35,,77.84,1.8425,1X2,,Major League Soccer,MLS All Stars vs Liga MX All-stars,MLS All Stars,Liga MX All-stars,0x4ca505152fdb47862901bba6ca9275e1d05211d34775e6467d7542707dcc8a60,L19568253,0,0,SUCCESS,1,1785372955,1785369600,92.391691,SXR,0x6629Ce1Cf35Cc1329ebB4F63202F3f197b3F050B
0x3fa2697a525b9348f7b07f428fc8d643ee36cde61fdd242be912c3aebe3bb602,0x68E1818FF20BBe84F9be9E0A4A395FB11079Bd35,,60.49996,1.8425,1X2,,Major League Soccer,MLS All Stars vs Liga MX All-stars,MLS All Stars,Liga MX All-stars,0x4ca505152fdb47862901bba6ca9275e1d05211d34775e6467d7542707dcc8a60,L19568253,0,0,SUCCESS,1,1785372948,1785369600,71.810042,SXR,0x6629Ce1Cf35Cc1329ebB4F63202F3f197b3F050B
0x76f3ed997c013a6422c68591140891034c3a2b3232f4bf05944b05833386522e,0x68E1818FF20BBe84F9be9E0A4A395FB11079Bd35,,64.79997,1.8425,1X2,,Major League Soccer,MLS All Stars vs Liga MX All-stars,MLS All Stars,Liga MX All-stars,0x4ca505152fdb47862901bba6ca9275e1d05211d34775e6467d7542707dcc8a60,L19568253,0,0,SUCCESS,1,1785372947,1785369600,76.913911,SXR,0x6629Ce1Cf35Cc1329ebB4F63202F3f197b3F050B
0x00b28f6743730f934ec70b915b2fd5fa46ab090e0a8a8d087d55adaf7da0dfe9,0x68E1818FF20BBe84F9be9E0A4A395FB11079Bd35,,69.54996,1.8425,1X2,,Major League Soccer,MLS All Stars vs Liga MX All-stars,MLS All Stars,Liga MX All-stars,0x4ca505152fdb47862901bba6ca9275e1d05211d34775e6467d7542707dcc8a60,L19568253,0,0,SUCCESS,1,1785372946,1785369600,82.551881,SXR,0x6629Ce1Cf35Cc1329ebB4F63202F3f197b3F050B
0x4436861b30660d00b1530797c6f729febf88336f050216b2193f5121a0861ed6,0x68E1818FF20BBe84F9be9E0A4A395FB11079Bd35,,64.79997,1.8425,1X2,,Major League Soccer,MLS All Stars vs Liga MX All-stars,MLS All Stars,Liga MX All-stars,0x4ca505152fdb47862901bba6ca9275e1d05211d34775e6467d7542707dcc8a60,L19568253,0,0,SUCCESS,1,1785372935,1785369600,76.913911,SXR,0x6629Ce1Cf35Cc1329ebB4F63202F3f197b3F050B
0xfd0243c3104e7086e3304babeb24c690379638c1e95a353c56ad1c04f2e6290f,0x68E1818FF20BBe84F9be9E0A4A395FB11079Bd35,,65.39999,1.8425,1X2,,Major League Soccer,MLS All Stars vs Liga MX All-stars,MLS All Stars,Liga MX All-stars,0x4ca505152fdb47862901bba6ca9275e1d05211d34775e6467d7542707dcc8a60,L19568253,0,0,SUCCESS,1,1785372924,1785369600,77.626101,SXR,0x6629Ce1Cf35Cc1329ebB4F63202F3f197b3F050B
0x497c4d5ce6aaa79df86f4e4c397ff0df9745001fcc3d62ed9d30f4c9c800c4ef,0x68E1818FF20BBe84F9be9E0A4A395FB11079Bd35,,65.99996,1.8425,1X2,,Major League Soccer,MLS All Stars vs Liga MX All-stars,MLS All Stars,Liga MX All-stars,0x4ca505152fdb47862901bba6ca9275e1d05211d34775e6467d7542707dcc8a60,L19568253,0,0,SUCCESS,1,1785372913,1785369600,78.338231,SXR,0x6629Ce1Cf35Cc1329ebB4F63202F3f197b3F050B
0xad007459797cc8742eee7aca8828d94a7a2ee4136093de9d84c2422d838cc04c,0x68E1818FF20BBe84F9be9E0A4A395FB11079Bd35,,83.39996,1.8425,1X2,,Major League Soccer,MLS All Stars vs Liga MX All-stars,MLS All Stars,Liga MX All-stars,0x4ca505152fdb47862901bba6ca9275e1d05211d34775e6467d7542707dcc8a60,L19568253,0,0,SUCCESS,1,1785372902,1785369600,98.99105,SXR,0x6629Ce1Cf35Cc1329ebB4F63202F3f197b3F050B
0x7e7c8c8344e5d3dfe0d39b4326776192863038481a9c44ee180628083c613683,0x68E1818FF20BBe84F9be9E0A4A395FB11079Bd35,,67.31998,1.8425,1X2,,Major League Soccer,MLS All Stars vs Liga MX All-stars,MLS All Stars,Liga MX All-stars,0x4ca505152fdb47862901bba6ca9275e1d05211d34775e6467d7542707dcc8a60,L19568253,0,0,SUCCESS,1,1785372900,1785369600,79.905021,SXR,0x6629Ce1Cf35Cc1329ebB4F63202F3f197b3F050B
0x2f7626f5f369699c1cf4687c1f2f3fd13b523bbc7a726bcfa0f5498397254a4a,0x68E1818FF20BBe84F9be9E0A4A395FB11079Bd35,,73.70998,1.8425,1X2,,Major League Soccer,MLS All Stars vs Liga MX All-stars,MLS All Stars,Liga MX All-stars,0x4ca505152fdb47862901bba6ca9275e1d05211d34775e6467d7542707dcc8a60,L19568253,0,0,SUCCESS,1,1785372890,1785369600,87.489591,SXR,0x6629Ce1Cf35Cc1329ebB4F63202F3f197b3F050B
0xf36c13cc3dfdc1a1804adf1b756848fa4c333db62fa78a76774f989c0072ff1a,0x68E1818FF20BBe84F9be9E0A4A395FB11079Bd35,,67.31998,1.8425,1X2,,Major League Soccer,MLS All Stars vs Liga MX All-stars,MLS All Stars,Liga MX All-stars,0x4ca505152fdb47862901bba6ca9275e1d05211d34775e6467d7542707dcc8a60,L19568253,0,0,SUCCESS,1,1785372888,1785369600,79.905021,SXR,0x6629Ce1Cf35Cc1329ebB4F63202F3f197b3F050B
0x7f8a843ca18ec9e7a5d94886e64d0ab8002eb572345d7ede4a17c540ed3478cc,0x68E1818FF20BBe84F9be9E0A4A395FB11079Bd35,,73.70998,1.8425,1X2,,Major League Soccer,MLS All Stars vs Liga MX All-stars,MLS All Stars,Liga MX All-stars,0x4ca505152fdb47862901bba6ca9275e1d05211d34775e6467d7542707dcc8a60,L19568253,0,0,SUCCESS,1,1785372877,1785369600,87.489591,SXR,0x6629Ce1Cf35Cc1329ebB4F63202F3f197b3F050B
0xd26f78d09eb40757c23e97856b0d3e3bdae8c5c58f44cd55e3e6f4f65c4ddd97,0x68E1818FF20BBe84F9be9E0A4A395FB11079Bd35,,62.91999,1.8425,1X2,,Major League Soccer,MLS All Stars vs Liga MX All-stars,MLS All Stars,Liga MX All-stars,0x4ca505152fdb47862901bba6ca9275e1d05211d34775e6467d7542707dcc8a60,L19568253,0,0,SUCCESS,1,1785372870,1785369600,74.682481,SXR,0x6629Ce1Cf35Cc1329ebB4F63202F3f197b3F050B
0x87f38f3f7bfb6b788db7093f9620c876035ec39be41a98a1f90922c047157197,0x68E1818FF20BBe84F9be9E0A4A395FB11079Bd35,,79.37998,1.8425,1X2,,Major League Soccer,MLS All Stars vs Liga MX All-stars,MLS All Stars,Liga MX All-stars,0x4ca505152fdb47862901bba6ca9275e1d05211d34775e6467d7542707dcc8a60,L19568253,0,0,SUCCESS,1,1785372866,1785369600,94.219561,SXR,0x6629Ce1Cf35Cc1329ebB4F63202F3f197b3F050B
0x37a71612fa271041c2e06f8a4cac31ca722c16b6564686ee07b65058535c5fba,0x68E1818FF20BBe84F9be9E0A4A395FB11079Bd35,,83.39996,1.8425,1X2,,Major League Soccer,MLS All Stars vs Liga MX All-stars,MLS All Stars,Liga MX All-stars,0x4ca505152fdb47862901bba6ca9275e1d05211d34775e6467d7542707dcc8a60,L19568253,0,0,SUCCESS,1,1785372861,1785369600,98.99105,SXR,0x6629Ce1Cf35Cc1329ebB4F63202F3f197b3F050B
0x3f587f25fbb3a3a68d7f866dab762b4e88f4949282af40f7f23dd12e3377943e,0x68E1818FF20BBe84F9be9E0A4A395FB11079Bd35,,61.71,1.8425,1X2,,Major League Soccer,MLS All Stars vs Liga MX All-stars,MLS All Stars,Liga MX All-stars,0x4ca505152fdb47862901bba6ca9275e1d05211d34775e6467d7542707dcc8a60,L19568253,0,0,SUCCESS,1,1785372860,1785369600,73.246291,SXR,0x6629Ce1Cf35Cc1329ebB4F63202F3f197b3F050B
0x6140356a1b2da4af4afe9f8818c7850dfc19cea4304f57353ddfd4ee89f0b3a2,0x68E1818FF20BBe84F9be9E0A4A395FB11079Bd35,,79.37997,1.85,1X2,,Major League Soccer,MLS All Stars vs Liga MX All-stars,MLS All Stars,Liga MX All-stars,0x4ca505152fdb47862901bba6ca9275e1d05211d34775e6467d7542707dcc8a60,L19568253,0,0,SUCCESS,1,1785372573,1785369600,93.3882,SXR,0x6629Ce1Cf35Cc1329ebB4F63202F3f197b3F050B
0x0a4d9328273621f14eaeabfe1fef8834a964066f4a307177bdab9f77b1e42b9d,0x97EC1C9682F70091efB04e97b0B34698cF815EE1,1,19.77,1.4612,Under/Over (7),Over 7.0,Major League Soccer,MLS All Stars vs Liga MX All-stars,MLS All Stars,Liga MX All-stars,0x515c2175146b2d5bf0eb3f7b99289e20b2e6684601fac51d024dfe5ec0befcd4,L19568253,0,0,SUCCESS,1,1785372519,1785369600,42.861789,SXR,0x6629Ce1Cf35Cc1329ebB4F63202F3f197b3F050B
0xbcc046bc996397a3c1d267dd9ff8723e3e6db0b919492c1b5db6f429bb150dcf,0x68E1818FF20BBe84F9be9E0A4A395FB11079Bd35,1,186.99999,1.6963,1X2,MLS All Stars,Major League Soccer,MLS All Stars vs Liga MX All-stars,MLS All Stars,Liga MX All-stars,0x8c2cafed276a7963fb2d454208e725e7abbabf89eb8e731be9a9a6fd8cc23959,L19568253,0,0,SUCCESS,1,1785372403,1785369600,268.581673,SXR,0x6629Ce1Cf35Cc1329ebB4F63202F3f197b3F050B
0xad385b9e4d3f5ae11f2b56bbf76461eb27eb4ca254af08ba31196b8967fa0805,0x68E1818FF20BBe84F9be9E0A4A395FB11079Bd35,1,181,1.6963,1X2,MLS All Stars,Major League Soccer,MLS All Stars vs Liga MX All-stars,MLS All Stars,Liga MX All-stars,0x8c2cafed276a7963fb2d454208e725e7abbabf89eb8e731be9a9a6fd8cc23959,L19568253,0,0,SUCCESS,1,1785372403,1785369600,259.964093,SXR,0x6629Ce1Cf35Cc1329ebB4F63202F3f197b3F050B
0xf38ab6f491267035dd5c42d01e8ba5c3424350b162daa13c19367d5a9626af09,0x44cE278A4b373d2bFD26e6a2F5fA4E3550151d67,,2,1.3025,1X2,,Major League Soccer,MLS All Stars vs Liga MX All-stars,MLS All Stars,Liga MX All-stars,0x8c2cafed276a7963fb2d454208e725e7abbabf89eb8e731be9a9a6fd8cc23959,L19568253,0,0,SUCCESS,1,1785372322,1785369600,6.61157,SXR,0x6629Ce1Cf35Cc1329ebB4F63202F3f197b3F050B
0x982f098542fc2fcb73dfcad47dd70ea053ba0a24cccffffbf19a6fae8553877d,0xC88F614A48f8A705d7465b03aAF62ddaca0c3754,,0.69039,1.3025,1X2,,Major League Soccer,MLS All Stars vs Liga MX All-stars,MLS All Stars,Liga MX All-stars,0x8c2cafed276a7963fb2d454208e725e7abbabf89eb8e731be9a9a6fd8cc23959,L19568253,0,0,SUCCESS,1,1785372310,1785369600,2.282281,SXR,0x6629Ce1Cf35Cc1329ebB4F63202F3f197b3F050B
0x8d07d43fd66d4ec710aa7be8899ffeda2fe80cdd636d8460630caed7d9e86091,0x68E1818FF20BBe84F9be9E0A4A395FB11079Bd35,,67.53995,1.8588,1X2,,Major League Soccer,MLS All Stars vs Liga MX All-stars,MLS All Stars,Liga MX All-stars,0x4ca505152fdb47862901bba6ca9275e1d05211d34775e6467d7542707dcc8a60,L19568253,0,0,SUCCESS,1,1785372283,1785369600,78.649141,SXR,0x6629Ce1Cf35Cc1329ebB4F63202F3f197b3F050B
0xfccdd01e77b54b68e8ce8c5c5dee033bef19c8e237a5ec436dd050ba74427f32,0x68E1818FF20BBe84F9be9E0A4A395FB11079Bd35,,66.88,1.8588,1X2,,Major League Soccer,MLS All Stars vs Liga MX All-stars,MLS All Stars,Liga MX All-stars,0x4ca505152fdb47862901bba6ca9275e1d05211d34775e6467d7542707dcc8a60,L19568253,0,0,SUCCESS,1,1785372282,1785369600,77.88064,SXR,0x6629Ce1Cf35Cc1329ebB4F63202F3f197b3F050B
0x84111c006e4acec49f68c8b50c909f8796eaae2dfb96863471067e45617adc7c,0x68E1818FF20BBe84F9be9E0A4A395FB11079Bd35,,61.39999,1.8588,1X2,,Major League Soccer,MLS All Stars vs Liga MX All-stars,MLS All Stars,Liga MX All-stars,0x4ca505152fdb47862901bba6ca9275e1d05211d34775e6467d7542707dcc8a60,L19568253,0,0,SUCCESS,1,1785372267,1785369600,71.499261,SXR,0x6629Ce1Cf35Cc1329ebB4F63202F3f197b3F050B
0x179789e710cba034b6005c3d29338c65a20bba67f65f46bac0093c0c56127bd6,0x68E1818FF20BBe84F9be9E0A4A395FB11079Bd35,1,244,1.6987,1X2,MLS All Stars,Major League Soccer,MLS All Stars vs Liga MX All-stars,MLS All Stars,Liga MX All-stars,0x8c2cafed276a7963fb2d454208e725e7abbabf89eb8e731be9a9a6fd8cc23959,L19568253,0,0,SUCCESS,1,1785372257,1785369600,349.194991,SXR,0x6629Ce1Cf35Cc1329ebB4F63202F3f197b3F050B
0x13b7c1b4a00faf6724e5558186033ee0b296b4be69eae1fc7ffce4135fd4ddeb,0x68E1818FF20BBe84F9be9E0A4A395FB11079Bd35,,72.95995,1.8588,1X2,,Major League Soccer,MLS All Stars vs Liga MX All-stars,MLS All Stars,Liga MX All-stars,0x4ca505152fdb47862901bba6ca9275e1d05211d34775e6467d7542707dcc8a60,L19568253,0,0,SUCCESS,1,1785372257,1785369600,84.96064,SXR,0x6629Ce1Cf35Cc1329ebB4F63202F3f197b3F050B
0xe533715ff8757f0e63eaaf1cdd8a467d880ff1b0e944c8242177f67cbe21903f,0x68E1818FF20BBe84F9be9E0A4A395FB11079Bd35,,67.53995,1.8588,1X2,,Major League Soccer,MLS All Stars vs Liga MX All-stars,MLS All Stars,Liga MX All-stars,0x4ca505152fdb47862901bba6ca9275e1d05211d34775e6467d7542707dcc8a60,L19568253,0,0,SUCCESS,1,1785372237,1785369600,78.649141,SXR,0x6629Ce1Cf35Cc1329ebB4F63202F3f197b3F050B
0xcd6771deafcad9e65bca908f64b0b1d8990ab398cd1dc36c5b22dfe6b5ac5101,0x68E1818FF20BBe84F9be9E0A4A395FB11079Bd35,,66.88,1.8588,1X2,,Major League Soccer,MLS All Stars vs Liga MX All-stars,MLS All Stars,Liga MX All-stars,0x4ca505152fdb47862901bba6ca9275e1d05211d34775e6467d7542707dcc8a60,L19568253,0,0,SUCCESS,1,1785372233,1785369600,77.88064,SXR,0x6629Ce1Cf35Cc1329ebB4F63202F3f197b3F050B
0x58938d5fd626c3e35d8086e495f9a49eb7b0f5916b7f83a33f3f2b9c03ff15c5,0x68E1818FF20BBe84F9be9E0A4A395FB11079Bd35,1,237,1.6938,1X2,MLS All Stars,Major League Soccer,MLS All Stars vs Liga MX All-stars,MLS All Stars,Liga MX All-stars,0x8c2cafed276a7963fb2d454208e725e7abbabf89eb8e731be9a9a6fd8cc23959,L19568253,0,0,SUCCESS,1,1785372233,1785369600,341.621622,SXR,0x6629Ce1Cf35Cc1329ebB4F63202F3f197b3F050B
0xebba6bf6827fea7bef355f00851e3a82acbb9a9fc0656478a17357a3bba2f625,0x68E1818FF20BBe84F9be9E0A4A395FB11079Bd35,1,227.99998,1.6938,1X2,MLS All Stars,Major League Soccer,MLS All Stars vs Liga MX All-stars,MLS All Stars,Liga MX All-stars,0x8c2cafed276a7963fb2d454208e725e7abbabf89eb8e731be9a9a6fd8cc23959,L19568253,0,0,SUCCESS,1,1785372209,1785369600,328.64862,SXR,0x6629Ce1Cf35Cc1329ebB4F63202F3f197b3F050B
0xeb8af33030ebf93c4df76b5989c026f4da903342ef73397d5f5e4f1baa146266,0x68E1818FF20BBe84F9be9E0A4A395FB11079Bd35,,61.39999,1.8588,1X2,,Major League Soccer,MLS All Stars vs Liga MX All-stars,MLS All Stars,Liga MX All-stars,0x4ca505152fdb47862901bba6ca9275e1d05211d34775e6467d7542707dcc8a60,L19568253,0,0,SUCCESS,1,1785372178,1785369600,71.499261,SXR,0x6629Ce1Cf35Cc1329ebB4F63202F3f197b3F050B
0x69a250aa8ea03ab099026cd905938b4f6c4424df42b402268ad7f0ff2e623acb,0x68E1818FF20BBe84F9be9E0A4A395FB11079Bd35,1,242.99999,1.6887,1X2,MLS All Stars,Major League Soccer,MLS All Stars vs Liga MX All-stars,MLS All Stars,Liga MX All-stars,0x8c2cafed276a7963fb2d454208e725e7abbabf89eb8e731be9a9a6fd8cc23959,L19568253,0,0,SUCCESS,1,1785372176,1785369600,352.813053,SXR,0x6629Ce1Cf35Cc1329ebB4F63202F3f197b3F050B
0x0829d29c16f916624fd5db08fb4f94e1f632392d988ed4f7d79dde30c54c2eb4,0x68E1818FF20BBe84F9be9E0A4A395FB11079Bd35,1,166,1.6887,1X2,MLS All Stars,Major League Soccer,MLS All Stars vs Liga MX All-stars,MLS All Stars,Liga MX All-stars,0x8c2cafed276a7963fb2d454208e725e7abbabf89eb8e731be9a9a6fd8cc23959,L19568253,0,0,SUCCESS,1,1785372161,1785369600,241.016334,SXR,0x6629Ce1Cf35Cc1329ebB4F63202F3f197b3F050B
0x0da162b3de32b36c941b92dd4a9d2c2570c1be24ce08d9461e0521aa4d0f9603,0x68E1818FF20BBe84F9be9E0A4A395FB11079Bd35,,69.44996,1.8225,1X2,,Major League Soccer,MLS All Stars vs Liga MX All-stars,MLS All Stars,Liga MX All-stars,0x4ca505152fdb47862901bba6ca9275e1d05211d34775e6467d7542707dcc8a60,L19568253,0,0,SUCCESS,1,1785372037,1785369600,84.437641,SXR,0x6629Ce1Cf35Cc1329ebB4F63202F3f197b3F050B
0x9afac3743aba7240c17a9618fc67756a666652b5808da5a2fcf37daeeca4455e,0x68E1818FF20BBe84F9be9E0A4A395FB11079Bd35,1,81,1.4988,1X2,MLS All Stars,Major League Soccer,MLS All Stars vs Liga MX All-stars,MLS All Stars,Liga MX All-stars,0x8c2cafed276a7963fb2d454208e725e7abbabf89eb8e731be9a9a6fd8cc23959,L19568253,0,0,SUCCESS,1,1785372031,1785369600,162.406015,SXR,0x6629Ce1Cf35Cc1329ebB4F63202F3f197b3F050B
0x17dcf913c6b775f4410a59cd5ebcd5048d56e6548886c45256c2691eca0b6cde,0x68E1818FF20BBe84F9be9E0A4A395FB11079Bd35,,60.71,1.8225,1X2,,Major League Soccer,MLS All Stars vs Liga MX All-stars,MLS All Stars,Liga MX All-stars,0x4ca505152fdb47862901bba6ca9275e1d05211d34775e6467d7542707dcc8a60,L19568253,0,0,SUCCESS,1,1785372027,1785369600,73.81155,SXR,0x6629Ce1Cf35Cc1329ebB4F63202F3f197b3F050B
0x38a1cba05ec5a714dff7478a4371198b24714e0fb472d1d7d319bd0fdad38bcd,0x68E1818FF20BBe84F9be9E0A4A395FB11079Bd35,,69.44996,1.8225,1X2,,Major League Soccer,MLS All Stars vs Liga MX All-stars,MLS All Stars,Liga MX All-stars,0x4ca505152fdb47862901bba6ca9275e1d05211d34775e6467d7542707dcc8a60,L19568253,0,0,SUCCESS,1,1785372026,1785369600,84.437641,SXR,0x6629Ce1Cf35Cc1329ebB4F63202F3f197b3F050B
0xce4e6b8ac73a17bb0cc46c06efdc499283ac6e1fee8abed711bf9b9a03abddcb,0x68E1818FF20BBe84F9be9E0A4A395FB11079Bd35,,64.82,1.8225,1X2,,Major League Soccer,MLS All Stars vs Liga MX All-stars,MLS All Stars,Liga MX All-stars,0x4ca505152fdb47862901bba6ca9275e1d05211d34775e6467d7542707dcc8a60,L19568253,0,0,SUCCESS,1,1785372015,1785369600,78.808511,SXR,0x6629Ce1Cf35Cc1329ebB4F63202F3f197b3F050B
0x7fda90a7c08c6811f405871778440c39327323d30473b40d4adad27a1f248437,0x68E1818FF20BBe84F9be9E0A4A395FB11079Bd35,,59.63997,1.8275,1X2,,Major League Soccer,MLS All Stars vs Liga MX All-stars,MLS All Stars,Liga MX All-stars,0x4ca505152fdb47862901bba6ca9275e1d05211d34775e6467d7542707dcc8a60,L19568253,0,0,SUCCESS,1,1785371555,1785369600,72.072471,SXR,0x6629Ce1Cf35Cc1329ebB4F63202F3f197b3F050B
0x108c972f649e11621f014c47d73d40fefb68b509f2af1c4cf4903053dded635e,0x68E1818FF20BBe84F9be9E0A4A395FB11079Bd35,,75.29996,1.8275,1X2,,Major League Soccer,MLS All Stars vs Liga MX All-stars,MLS All Stars,Liga MX All-stars,0x4ca505152fdb47862901bba6ca9275e1d05211d34775e6467d7542707dcc8a60,L19568253,0,0,SUCCESS,1,1785371549,1785369600,90.996931,SXR,0x6629Ce1Cf35Cc1329ebB4F63202F3f197b3F050B
0xec72dd9c4504275241eefb7c9b41085d103ec7abf5868e0a1f21894b50620590,0x68E1818FF20BBe84F9be9E0A4A395FB11079Bd35,,59.63997,1.8275,1X2,,Major League Soccer,MLS All Stars vs Liga MX All-stars,MLS All Stars,Liga MX All-stars,0x4ca505152fdb47862901bba6ca9275e1d05211d34775e6467d7542707dcc8a60,L19568253,0,0,SUCCESS,1,1785371544,1785369600,72.072471,SXR,0x6629Ce1Cf35Cc1329ebB4F63202F3f197b3F050B
0xbdea92b3bf5358afc60190def3ceba7b800cc70d8bf69c871d253ee8f3afc312,0x68E1818FF20BBe84F9be9E0A4A395FB11079Bd35,,80.31998,1.8275,1X2,,Major League Soccer,MLS All Stars vs Liga MX All-stars,MLS All Stars,Liga MX All-stars,0x4ca505152fdb47862901bba6ca9275e1d05211d34775e6467d7542707dcc8a60,L19568253,0,0,SUCCESS,1,1785371533,1785369600,97.06342,SXR,0x6629Ce1Cf35Cc1329ebB4F63202F3f197b3F050B
0x1d4498ab669b08133c604cce79e244dba3ece34cc67cf267149fe1c53783f4ac,0x68E1818FF20BBe84F9be9E0A4A395FB11079Bd35,,55.65996,1.8275,1X2,,Major League Soccer,MLS All Stars vs Liga MX All-stars,MLS All Stars,Liga MX All-stars,0x4ca505152fdb47862901bba6ca9275e1d05211d34775e6467d7542707dcc8a60,L19568253,0,0,SUCCESS,1,1785371527,1785369600,67.262792,SXR,0x6629Ce1Cf35Cc1329ebB4F63202F3f197b3F050B
0x3d174c83958c94f310bae7add17b1b1d9916f10dd46acefe8620a8743d24d175,0x68E1818FF20BBe84F9be9E0A4A395FB11079Bd35,,76.64996,1.8275,1X2,,Major League Soccer,MLS All Stars vs Liga MX All-stars,MLS All Stars,Liga MX All-stars,0x4ca505152fdb47862901bba6ca9275e1d05211d34775e6467d7542707dcc8a60,L19568253,0,0,SUCCESS,1,1785371519,1785369600,92.62835,SXR,0x6629Ce1Cf35Cc1329ebB4F63202F3f197b3F050B
0xb7ae2aa819cc541de1359126f3325118f75480afbf0ab285a86b351196c5eff8,0x68E1818FF20BBe84F9be9E0A4A395FB11079Bd35,,72.8,1.8275,1X2,,Major League Soccer,MLS All Stars vs Liga MX All-stars,MLS All Stars,Liga MX All-stars,0x4ca505152fdb47862901bba6ca9275e1d05211d34775e6467d7542707dcc8a60,L19568253,0,0,SUCCESS,1,1785371516,1785369600,87.975831,SXR,0x6629Ce1Cf35Cc1329ebB4F63202F3f197b3F050B
0x85c217537b9b2f8ac8030bf3b05b42ecf1429844bcec1253016139998bf2f609,0x68E1818FF20BBe84F9be9E0A4A395FB11079Bd35,,68.25,1.8275,1X2,,Major League Soccer,MLS All Stars vs Liga MX All-stars,MLS All Stars,Liga MX All-stars,0x4ca505152fdb47862901bba6ca9275e1d05211d34775e6467d7542707dcc8a60,L19568253,0,0,SUCCESS,1,1785371516,1785369600,82.477341,SXR,0x6629Ce1Cf35Cc1329ebB4F63202F3f197b3F050B
0x1bc753531f0ecf9d400915859bc96b445071a66e34fbceb787672a1a0afcecc2,0x68E1818FF20BBe84F9be9E0A4A395FB11079Bd35,,56.64998,1.8275,1X2,,Major League Soccer,MLS All Stars vs Liga MX All-stars,MLS All Stars,Liga MX All-stars,0x4ca505152fdb47862901bba6ca9275e1d05211d34775e6467d7542707dcc8a60,L19568253,0,0,SUCCESS,1,1785371513,1785369600,68.45919,SXR,0x6629Ce1Cf35Cc1329ebB4F63202F3f197b3F050B
0x4c8026a45695953cc1cc72bfc86ae108c91cc252aaaff37ea87f09eebbd132dc,0x68E1818FF20BBe84F9be9E0A4A395FB11079Bd35,,71.53999,1.8275,1X2,,Major League Soccer,MLS All Stars vs Liga MX All-stars,MLS All Stars,Liga MX All-stars,0x4ca505152fdb47862901bba6ca9275e1d05211d34775e6467d7542707dcc8a60,L19568253,0,0,SUCCESS,1,1785371508,1785369600,86.45316,SXR,0x6629Ce1Cf35Cc1329ebB4F63202F3f197b3F050B
0xf47c4bdb5962a12fdcc1f45ad26a4a60e2e6b9c8d6b80b3232ea2a6313a57367,0x68E1818FF20BBe84F9be9E0A4A395FB11079Bd35,1,87,1.505,1X2,Liga MX All-stars,Major League Soccer,MLS All Stars vs Liga MX All-stars,MLS All Stars,Liga MX All-stars,0x2167ba980a9a19415d0fbcfcef6796cf788cbb63fa30c2a73740767e529b73a9,L19568253,0,0,SUCCESS,1,1785371501,1785369600,172.277228,SXR,0x6629Ce1Cf35Cc1329ebB4F63202F3f197b3F050B
0xbd21dca73eb8fa71aafc84b663d8359e8f3aeb734738e6e45f89932b2333e558,0x68E1818FF20BBe84F9be9E0A4A395FB11079Bd35,,61.79996,1.8275,1X2,,Major League Soccer,MLS All Stars vs Liga MX All-stars,MLS All Stars,Liga MX All-stars,0x4ca505152fdb47862901bba6ca9275e1d05211d34775e6467d7542707dcc8a60,L19568253,0,0,SUCCESS,1,1785371501,1785369600,74.682731,SXR,0x6629Ce1Cf35Cc1329ebB4F63202F3f197b3F050B
0xaddad0b2eb1f1ac8f14f14b1f4b25c6bb31b7671c8bfa31340ebe93027daa38a,0x68E1818FF20BBe84F9be9E0A4A395FB11079Bd35,,68.25,1.8275,1X2,,Major League Soccer,MLS All Stars vs Liga MX All-stars,MLS All Stars,Liga MX All-stars,0x4ca505152fdb47862901bba6ca9275e1d05211d34775e6467d7542707dcc8a60,L19568253,0,0,SUCCESS,1,1785371492,1785369600,82.477341,SXR,0x6629Ce1Cf35Cc1329ebB4F63202F3f197b3F050B
0xdd43e74cd651a908ec1d345f1eaa80d6638d1b5c703f1022ae16149df46f7b18,0x68E1818FF20BBe84F9be9E0A4A395FB11079Bd35,,52.55997,1.8275,1X2,,Major League Soccer,MLS All Stars vs Liga MX All-stars,MLS All Stars,Liga MX All-stars,0x4ca505152fdb47862901bba6ca9275e1d05211d34775e6467d7542707dcc8a60,L19568253,0,0,SUCCESS,1,1785371487,1785369600,63.51658,SXR,0x6629Ce1Cf35Cc1329ebB4F63202F3f197b3F050B
0xa66bce0061f177efc703b6c59cc1385f8361114b9d98c85f14290c9baeab0f89,0x68E1818FF20BBe84F9be9E0A4A395FB11079Bd35,1,65.99999,1.505,1X2,Liga MX All-stars,Major League Soccer,MLS All Stars vs Liga MX All-stars,MLS All Stars,Liga MX All-stars,0x2167ba980a9a19415d0fbcfcef6796cf788cbb63fa30c2a73740767e529b73a9,L19568253,0,0,SUCCESS,1,1785371483,1785369600,130.69305,SXR,0x6629Ce1Cf35Cc1329ebB4F63202F3f197b3F050B
0x0d0083dd44de83b7b8b5d8b45f35c7ed2800c4f74142436686193c1bd702f83f,0x68E1818FF20BBe84F9be9E0A4A395FB11079Bd35,1,70,1.505,1X2,Liga MX All-stars,Major League Soccer,MLS All Stars vs Liga MX All-stars,MLS All Stars,Liga MX All-stars,0x2167ba980a9a19415d0fbcfcef6796cf788cbb63fa30c2a73740767e529b73a9,L19568253,0,0,SUCCESS,1,1785371483,1785369600,138.613861,SXR,0x6629Ce1Cf35Cc1329ebB4F63202F3f197b3F050B
0xeece47874793e5acda6d96a4a4f03c97f8b6996c3830f20dbd2ad99dadc9357c,0x68E1818FF20BBe84F9be9E0A4A395FB11079Bd35,,57.79999,1.8275,1X2,,Major League Soccer,MLS All Stars vs Liga MX All-stars,MLS All Stars,Liga MX All-stars,0x4ca505152fdb47862901bba6ca9275e1d05211d34775e6467d7542707dcc8a60,L19568253,0,0,SUCCESS,1,1785371482,1785369600,69.848931,SXR,0x6629Ce1Cf35Cc1329ebB4F63202F3f197b3F050B
0xdf7b903c4298a4ee44efd122e30af2eb5f8e88fb5d981f0fd818a7dc8e02f4f4,0xFD3a22179CA4104E97c670b834750Bd7Ff310b17,,2.37396,1.67,1X2,,Major League Soccer,MLS All Stars vs Liga MX All-stars,MLS All Stars,Liga MX All-stars,0x8c2cafed276a7963fb2d454208e725e7abbabf89eb8e731be9a9a6fd8cc23959,L19568253,0,0,SUCCESS,1,1785371440,1785369600,3.543224,SXR,0x6629Ce1Cf35Cc1329ebB4F63202F3f197b3F050B
0x9adbcd8e6506c26b912017083ab1ec2eded60998fb3d48f00654934b4d05624a,0x68E1818FF20BBe84F9be9E0A4A395FB11079Bd35,,73.19998,1.8275,1X2,,Major League Soccer,MLS All Stars vs Liga MX All-stars,MLS All Stars,Liga MX All-stars,0x4ca505152fdb47862901bba6ca9275e1d05211d34775e6467d7542707dcc8a60,L19568253,0,0,SUCCESS,1,1785371437,1785369600,88.45919,SXR,0x6629Ce1Cf35Cc1329ebB4F63202F3f197b3F050B
0x5dd4193179cde9efac1bd0a9435e90c9a986bc9f83a6aeb7899cab08efda164d,0x68E1818FF20BBe84F9be9E0A4A395FB11079Bd35,,73.2,1.83,1X2,,Major League Soccer,MLS All Stars vs Liga MX All-stars,MLS All Stars,Liga MX All-stars,0x4ca505152fdb47862901bba6ca9275e1d05211d34775e6467d7542707dcc8a60,L19568253,0,0,SUCCESS,1,1785371395,1785369600,88.192771,SXR,0x6629Ce1Cf35Cc1329ebB4F63202F3f197b3F050B
0x6ba2d4816cbf069d6ee10b6772b61a8e6b20a2c01c9ca534a8e83ad84ffe96e6,0xFD3a22179CA4104E97c670b834750Bd7Ff310b17,,10.00999,1.63,1X2,,Major League Soccer,MLS All Stars vs Liga MX All-stars,MLS All Stars,Liga MX All-stars,0x8c2cafed276a7963fb2d454208e725e7abbabf89eb8e731be9a9a6fd8cc23959,L19568253,0,0,SUCCESS,1,1785371330,1785369600,15.888873,SXR,0x6629Ce1Cf35Cc1329ebB4F63202F3f197b3F050B
0xa99ce5177f6124ac507720b4764ad7222fd7f2e2260b2347aab4f1d9174bf5ec,0x97EC1C9682F70091efB04e97b0B34698cF815EE1,,39.88,1.4875,1X2,,Major League Soccer,MLS All Stars vs Liga MX All-stars,MLS All Stars,Liga MX All-stars,0x8c2cafed276a7963fb2d454208e725e7abbabf89eb8e731be9a9a6fd8cc23959,L19568253,0,0,SUCCESS,1,1785371021,1785369600,81.805128,SXR,0x6629Ce1Cf35Cc1329ebB4F63202F3f197b3F050B
0xc7d8304564bad386e978a7c7327fe02a4d671c6a3d3e64bf65836cbd93453b2a,0x68E1818FF20BBe84F9be9E0A4A395FB11079Bd35,,54.22997,1.8313,1X2,,Major League Soccer,MLS All Stars vs Liga MX All-stars,MLS All Stars,Liga MX All-stars,0x4ca505152fdb47862901bba6ca9275e1d05211d34775e6467d7542707dcc8a60,L19568253,0,0,SUCCESS,1,1785370972,1785369600,65.239062,SXR,0x6629Ce1Cf35Cc1329ebB4F63202F3f197b3F050B
0xb773109d87517bb49563f9a213fed5bdf64937db70798be5537edf00b0c3d81d,0xFD3a22179CA4104E97c670b834750Bd7Ff310b17,,38.28,1.6687,1X2,,Major League Soccer,MLS All Stars vs Liga MX All-stars,MLS All Stars,Liga MX All-stars,0x2167ba980a9a19415d0fbcfcef6796cf788cbb63fa30c2a73740767e529b73a9,L19568253,0,0,SUCCESS,1,1785369574,1785369600,57.241121,SXR,0x6629Ce1Cf35Cc1329ebB4F63202F3f197b3F050B
0xf7ddc30a75a2af67003f8b6720979f65527afa7d6404a093f1f00f682be55962,0x740d5718a79A8559fEeE8B00922F8Cd773A81D84,,8.44,1.2812,Under/Over (3.5),,Major League Soccer,MLS All Stars vs Liga MX All-stars,MLS All Stars,Liga MX All-stars,0x068bdeb087f5ee034599b96f8093e9d1e35aa5d13fd8826b50b2b42e2f5940e2,L19568253,0,0,SUCCESS,1,1785369545,1785369600,30.008889,SXR,0x6629Ce1Cf35Cc1329ebB4F63202F3f197b3F050B
0xbaca7335bc8a7ae3464f1de91c9615155fc294f88942db32ca34257cf2d3b124,0xFD3a22179CA4104E97c670b834750Bd7Ff310b17,,79.60999,1.6675,1X2,,Major League Soccer,MLS All Stars vs Liga MX All-stars,MLS All Stars,Liga MX All-stars,0x2167ba980a9a19415d0fbcfcef6796cf788cbb63fa30c2a73740767e529b73a9,L19568253,0,0,SUCCESS,1,1785369453,1785369600,119.265903,SXR,0x6629Ce1Cf35Cc1329ebB4F63202F3f197b3F050B
0x3b4425e785407786e50b828c88aae32a3678ab792dc8ab06596232c0475f960e,0x740d5718a79A8559fEeE8B00922F8Cd773A81D84,,9.29,1.4475,Under/Over (4.5),,Major League Soccer,MLS All Stars vs Liga MX All-stars,MLS All Stars,Liga MX All-stars,0xc51c9042a862488420292fe4e0d74c55eea7bf53e3a08c1e22d4746b34133539,L19568253,0,0,SUCCESS,1,1785369452,1785369600,20.759777,SXR,0x6629Ce1Cf35Cc1329ebB4F63202F3f197b3F050B
0x235d408497abbbfbe5da2a99ad0a551c411187ffd8e62aec5f73db8feff28a3a,0xFD3a22179CA4104E97c670b834750Bd7Ff310b17,,2.03998,1.6675,1X2,,Major League Soccer,MLS All Stars vs Liga MX All-stars,MLS All Stars,Liga MX All-stars,0x2167ba980a9a19415d0fbcfcef6796cf788cbb63fa30c2a73740767e529b73a9,L19568253,0,0,SUCCESS,1,1785369450,1785369600,3.05615,SXR,0x6629Ce1Cf35Cc1329ebB4F63202F3f197b3F050B
0x5b212143f9cb1e6bc62fc99613f185cbe75549e160fa61d912e2d4c5b8edb21c,0xFD3a22179CA4104E97c670b834750Bd7Ff310b17,,2.14999,1.6663,1X2,,Major League Soccer,MLS All Stars vs Liga MX All-stars,MLS All Stars,Liga MX All-stars,0x2167ba980a9a19415d0fbcfcef6796cf788cbb63fa30c2a73740767e529b73a9,L19568253,0,0,SUCCESS,1,1785369447,1785369600,3.227002,SXR,0x6629Ce1Cf35Cc1329ebB4F63202F3f197b3F050B
0x9e358be212f783bff6d391eabb4b259b325c99add71c4f9577bfd655a418db2e,0xD3550239bAEfad591bfe6b2805d9a8421Bd0873C,1,21.98,1.1538,1X2,Tie,Major League Soccer,MLS All Stars vs Liga MX All-stars,MLS All Stars,Liga MX All-stars,0x4ca505152fdb47862901bba6ca9275e1d05211d34775e6467d7542707dcc8a60,L19568253,0,0,SUCCESS,1,1785369416,1785369600,142.95935,SXR,0x6629Ce1Cf35Cc1329ebB4F63202F3f197b3F050B
0x9db1fed0a24f9163ad5e8055f55770546b0e0b1e6c8513221f0439127827f1cb,0xD3550239bAEfad591bfe6b2805d9a8421Bd0873C,1,21.98,1.1538,1X2,Tie,Major League Soccer,MLS All Stars vs Liga MX All-stars,MLS All Stars,Liga MX All-stars,0x4ca505152fdb47862901bba6ca9275e1d05211d34775e6467d7542707dcc8a60,L19568253,0,0,SUCCESS,1,1785369358,1785369600,142.95935,SXR,0x6629Ce1Cf35Cc1329ebB4F63202F3f197b3F050B
0x763d581fdcff6bbf937899e82736b5f152127ae8d572a0da9f56815164adfbc3,0xFD3a22179CA4104E97c670b834750Bd7Ff310b17,,31.56,1.5,1X2,,Major League Soccer,MLS All Stars vs Liga MX All-stars,MLS All Stars,Liga MX All-stars,0x8c2cafed276a7963fb2d454208e725e7abbabf89eb8e731be9a9a6fd8cc23959,L19568253,0,0,SUCCESS,1,1785369017,1785369600,63.12,SXR,0x6629Ce1Cf35Cc1329ebB4F63202F3f197b3F050B
0x3b5434ba450c4026f5de421f6fc6ca82b3acb46db9c7396f91792d41d5fa366b,0x68E1818FF20BBe84F9be9E0A4A395FB11079Bd35,,121.89996,1.8413,1X2,,Major League Soccer,MLS All Stars vs Liga MX All-stars,MLS All Stars,Liga MX All-stars,0x4ca505152fdb47862901bba6ca9275e1d05211d34775e6467d7542707dcc8a60,L19568253,0,0,SUCCESS,1,1785368882,1785369600,144.90337,SXR,0x6629Ce1Cf35Cc1329ebB4F63202F3f197b3F050B
0xd25221e77a7f853de8341e015788083de5cc43af5c026d5aa5d15f42c1961b30,0x68E1818FF20BBe84F9be9E0A4A395FB11079Bd35,,127.19997,1.8413,1X2,,Major League Soccer,MLS All Stars vs Liga MX All-stars,MLS All Stars,Liga MX All-stars,0x4ca505152fdb47862901bba6ca9275e1d05211d34775e6467d7542707dcc8a60,L19568253,0,0,SUCCESS,1,1785368854,1785369600,151.20353,SXR,0x6629Ce1Cf35Cc1329ebB4F63202F3f197b3F050B
0x096b150f21bfbd8e5eb77208d4140d4a7fe7b784f5074333bf9b7284f8278071,0x68E1818FF20BBe84F9be9E0A4A395FB11079Bd35,,116.59996,1.8413,1X2,,Major League Soccer,MLS All Stars vs Liga MX All-stars,MLS All Stars,Liga MX All-stars,0x4ca505152fdb47862901bba6ca9275e1d05211d34775e6467d7542707dcc8a60,L19568253,0,0,SUCCESS,1,1785368853,1785369600,138.603221,SXR,0x6629Ce1Cf35Cc1329ebB4F63202F3f197b3F050B
0x62d918cfd2fa575830f11d7cd7f40fe2dca126092eac5e74c32722ac2794c166,0x68E1818FF20BBe84F9be9E0A4A395FB11079Bd35,,121.89996,1.8413,1X2,,Major League Soccer,MLS All Stars vs Liga MX All-stars,MLS All Stars,Liga MX All-stars,0x4ca505152fdb47862901bba6ca9275e1d05211d34775e6467d7542707dcc8a60,L19568253,0,0,SUCCESS,1,1785368829,1785369600,144.90337,SXR,0x6629Ce1Cf35Cc1329ebB4F63202F3f197b3F050B
0xada337fabba60f17dcf9addd5bb87b81e31ef0482678a78a4ef02d68a3569439,0x68E1818FF20BBe84F9be9E0A4A395FB11079Bd35,,121.89996,1.8413,1X2,,Major League Soccer,MLS All Stars vs Liga MX All-stars,MLS All Stars,Liga MX All-stars,0x4ca505152fdb47862901bba6ca9275e1d05211d34775e6467d7542707dcc8a60,L19568253,0,0,SUCCESS,1,1785368818,1785369600,144.90337,SXR,0x6629Ce1Cf35Cc1329ebB4F63202F3f197b3F050B
0xa67ebc0aef43e9315664ace3b7168e2c5ed90e8d6620c85de528775e3e8741bd,0x68E1818FF20BBe84F9be9E0A4A395FB11079Bd35,,121.89996,1.8413,1X2,,Major League Soccer,MLS All Stars vs Liga MX All-stars,MLS All Stars,Liga MX All-stars,0x4ca505152fdb47862901bba6ca9275e1d05211d34775e6467d7542707dcc8a60,L19568253,0,0,SUCCESS,1,1785368816,1785369600,144.90337,SXR,0x6629Ce1Cf35Cc1329ebB4F63202F3f197b3F050B
0x04cc94d8488563116441bcac7a45d4aa8e2c0d59e778f21eb3d189aa042cecc7,0x68E1818FF20BBe84F9be9E0A4A395FB11079Bd35,,121.89996,1.8413,1X2,,Major League Soccer,MLS All Stars vs Liga MX All-stars,MLS All Stars,Liga MX All-stars,0x4ca505152fdb47862901bba6ca9275e1d05211d34775e6467d7542707dcc8a60,L19568253,0,0,SUCCESS,1,1785368808,1785369600,144.90337,SXR,0x6629Ce1Cf35Cc1329ebB4F63202F3f197b3F050B
0x73e66ade4e3aae806ce24b39d6caca995dbfde421feabba1ba7ffe813f48f46d,0x68E1818FF20BBe84F9be9E0A4A395FB11079Bd35,,127.19997,1.8413,1X2,,Major League Soccer,MLS All Stars vs Liga MX All-stars,MLS All Stars,Liga MX All-stars,0x4ca505152fdb47862901bba6ca9275e1d05211d34775e6467d7542707dcc8a60,L19568253,0,0,SUCCESS,1,1785368797,1785369600,151.20353,SXR,0x6629Ce1Cf35Cc1329ebB4F63202F3f197b3F050B
0x70124e4a52583d3061a9503cd3de9fc3623a7f39568e5e1ccb51f53e58e4556e,0x68E1818FF20BBe84F9be9E0A4A395FB11079Bd35,,121.89996,1.8413,1X2,,Major League Soccer,MLS All Stars vs Liga MX All-stars,MLS All Stars,Liga MX All-stars,0x4ca505152fdb47862901bba6ca9275e1d05211d34775e6467d7542707dcc8a60,L19568253,0,0,SUCCESS,1,1785368786,1785369600,144.90337,SXR,0x6629Ce1Cf35Cc1329ebB4F63202F3f197b3F050B
0x17c506172fcf1b7fcd6d6a7771988d971f5376e183448b0e1ed10c746dbcad1d,0x68E1818FF20BBe84F9be9E0A4A395FB11079Bd35,,97.85,1.8375,1X2,,Major League Soccer,MLS All Stars vs Liga MX All-stars,MLS All Stars,Liga MX All-stars,0x4ca505152fdb47862901bba6ca9275e1d05211d34775e6467d7542707dcc8a60,L19568253,0,0,SUCCESS,1,1785368704,1785369600,116.835821,SXR,0x6629Ce1Cf35Cc1329ebB4F63202F3f197b3F050B
0xc1644634921fc914c17081f22b5671f470d0221c9805d80e72378a27726fc231,0x68E1818FF20BBe84F9be9E0A4A395FB11079Bd35,,97.85,1.8375,1X2,,Major League Soccer,MLS All Stars vs Liga MX All-stars,MLS All Stars,Liga MX All-stars,0x4ca505152fdb47862901bba6ca9275e1d05211d34775e6467d7542707dcc8a60,L19568253,0,0,SUCCESS,1,1785368696,1785369600,116.835821,SXR,0x6629Ce1Cf35Cc1329ebB4F63202F3f197b3F050B
0x8d3d5758416de1edd2a05c8622ca13e71c053f92d5fd4bbc38234cb06cb463b3,0x68E1818FF20BBe84F9be9E0A4A395FB11079Bd35,,97.85,1.8375,1X2,,Major League Soccer,MLS All Stars vs Liga MX All-stars,MLS All Stars,Liga MX All-stars,0x4ca505152fdb47862901bba6ca9275e1d05211d34775e6467d7542707dcc8a60,L19568253,0,0,SUCCESS,1,1785368691,1785369600,116.835821,SXR,0x6629Ce1Cf35Cc1329ebB4F63202F3f197b3F050B
0xa14d1b24f63e16c097c7312b87c32ed6b049bde0d231b90f419cffcba810ee84,0x68E1818FF20BBe84F9be9E0A4A395FB11079Bd35,,102.99998,1.8375,1X2,,Major League Soccer,MLS All Stars vs Liga MX All-stars,MLS All Stars,Liga MX All-stars,0x4ca505152fdb47862901bba6ca9275e1d05211d34775e6467d7542707dcc8a60,L19568253,0,0,SUCCESS,1,1785368671,1785369600,122.985051,SXR,0x6629Ce1Cf35Cc1329ebB4F63202F3f197b3F050B
0x8821bf5c90dabdf2fad49c447b7b74efcca7d995db23f377dff82cbccc791393,0x68E1818FF20BBe84F9be9E0A4A395FB11079Bd35,,108.14996,1.8375,1X2,,Major League Soccer,MLS All Stars vs Liga MX All-stars,MLS All Stars,Liga MX All-stars,0x4ca505152fdb47862901bba6ca9275e1d05211d34775e6467d7542707dcc8a60,L19568253,0,0,SUCCESS,1,1785368663,1785369600,129.134281,SXR,0x6629Ce1Cf35Cc1329ebB4F63202F3f197b3F050B
0x3e036c3242b8b3371212e22eb3b86bb5a3b4e735b816106245063025b2c3ed0d,0x68E1818FF20BBe84F9be9E0A4A395FB11079Bd35,,102.99998,1.8375,1X2,,Major League Soccer,MLS All Stars vs Liga MX All-stars,MLS All Stars,Liga MX All-stars,0x4ca505152fdb47862901bba6ca9275e1d05211d34775e6467d7542707dcc8a60,L19568253,0,0,SUCCESS,1,1785368662,1785369600,122.985051,SXR,0x6629Ce1Cf35Cc1329ebB4F63202F3f197b3F050B
0x93641914c1b227f763917994410fe799f371e313ecc54a6de1107d9ff369ef1c,0x68E1818FF20BBe84F9be9E0A4A395FB11079Bd35,,97.85,1.8375,1X2,,Major League Soccer,MLS All Stars vs Liga MX All-stars,MLS All Stars,Liga MX All-stars,0x4ca505152fdb47862901bba6ca9275e1d05211d34775e6467d7542707dcc8a60,L19568253,0,0,SUCCESS,1,1785368661,1785369600,116.835821,SXR,0x6629Ce1Cf35Cc1329ebB4F63202F3f197b3F050B
0x68a17f58132ae775900c11d2a3a204cc5725e5ef57259d0a343b8f64cacb139c,0x68E1818FF20BBe84F9be9E0A4A395FB11079Bd35,,97.85,1.8375,1X2,,Major League Soccer,MLS All Stars vs Liga MX All-stars,MLS All Stars,Liga MX All-stars,0x4ca505152fdb47862901bba6ca9275e1d05211d34775e6467d7542707dcc8a60,L19568253,0,0,SUCCESS,1,1785368653,1785369600,116.835821,SXR,0x6629Ce1Cf35Cc1329ebB4F63202F3f197b3F050B
0x7d922b8381e8efec9c0afe1eb28cc658699b57a049d87cd22fd1ad587767e4ce,0x68E1818FF20BBe84F9be9E0A4A395FB11079Bd35,,102.99998,1.8375,1X2,,Major League Soccer,MLS All Stars vs Liga MX All-stars,MLS All Stars,Liga MX All-stars,0x4ca505152fdb47862901bba6ca9275e1d05211d34775e6467d7542707dcc8a60,L19568253,0,0,SUCCESS,1,1785368650,1785369600,122.985051,SXR,0x6629Ce1Cf35Cc1329ebB4F63202F3f197b3F050B
0xc211d953e2819d6b4938d75002f0e21b6ad9fac317ee24bb766224e413695ebd,0x68E1818FF20BBe84F9be9E0A4A395FB11079Bd35,,108.14996,1.8375,1X2,,Major League Soccer,MLS All Stars vs Liga MX All-stars,MLS All Stars,Liga MX All-stars,0x4ca505152fdb47862901bba6ca9275e1d05211d34775e6467d7542707dcc8a60,L19568253,0,0,SUCCESS,1,1785368622,1785369600,129.134281,SXR,0x6629Ce1Cf35Cc1329ebB4F63202F3f197b3F050B
0xe2d46eeebbb6f39882a1a92fafc2124d7f7d5ee373969415853307051dde3318,0x68E1818FF20BBe84F9be9E0A4A395FB11079Bd35,,97.85,1.8375,1X2,,Major League Soccer,MLS All Stars vs Liga MX All-stars,MLS All Stars,Liga MX All-stars,0x4ca505152fdb47862901bba6ca9275e1d05211d34775e6467d7542707dcc8a60,L19568253,0,0,SUCCESS,1,1785368579,1785369600,116.835821,SXR,0x6629Ce1Cf35Cc1329ebB4F63202F3f197b3F050B
0xd4b6bd6c48accac1181d051466b16dcbc99de3994defd43ec3550f1d0583d1bd,0xD3550239bAEfad591bfe6b2805d9a8421Bd0873C,1,4,1.165,1X2,Tie,Major League Soccer,MLS All Stars vs Liga MX All-stars,MLS All Stars,Liga MX All-stars,0x4ca505152fdb47862901bba6ca9275e1d05211d34775e6467d7542707dcc8a60,L19568253,0,0,SUCCESS,1,1785368498,1785369600,24.242424,SXR,0x6629Ce1Cf35Cc1329ebB4F63202F3f197b3F050B
0xd0539bbb9e6be9dfc7d3963bca03420f022f8d832d35be35b714dd3fcec74532,0xD3550239bAEfad591bfe6b2805d9a8421Bd0873C,1,26.02,1.1663,1X2,Tie,Major League Soccer,MLS All Stars vs Liga MX All-stars,MLS All Stars,Liga MX All-stars,0x4ca505152fdb47862901bba6ca9275e1d05211d34775e6467d7542707dcc8a60,L19568253,0,0,SUCCESS,1,1785368466,1785369600,156.511278,SXR,0x6629Ce1Cf35Cc1329ebB4F63202F3f197b3F050B
0xb6a020564bf9ce88df72200111cd3e1ddcdc502e709df5d305254c66232315cb,0xD3550239bAEfad591bfe6b2805d9a8421Bd0873C,1,19.99,1.165,1X2,Tie,Major League Soccer,MLS All Stars vs Liga MX All-stars,MLS All Stars,Liga MX All-stars,0x4ca505152fdb47862901bba6ca9275e1d05211d34775e6467d7542707dcc8a60,L19568253,0,0,SUCCESS,1,1785368433,1785369600,121.151515,SXR,0x6629Ce1Cf35Cc1329ebB4F63202F3f197b3F050B
0x1e29999286b35fdae36b6947062a0a30395e991c0f3311d412fc8253bfabdeeb,0x68E1818FF20BBe84F9be9E0A4A395FB11079Bd35,,125.49997,1.8337,1X2,,Major League Soccer,MLS All Stars vs Liga MX All-stars,MLS All Stars,Liga MX All-stars,0x4ca505152fdb47862901bba6ca9275e1d05211d34775e6467d7542707dcc8a60,L19568253,0,0,SUCCESS,1,1785368173,1785369600,150.524702,SXR,0x6629Ce1Cf35Cc1329ebB4F63202F3f197b3F050B
0x388778c098fbf575bf884fac50b4966a2c38d8029f33b5c575d9251f6cde0f42,0x68E1818FF20BBe84F9be9E0A4A395FB11079Bd35,,130.51997,1.8337,1X2,,Major League Soccer,MLS All Stars vs Liga MX All-stars,MLS All Stars,Liga MX All-stars,0x4ca505152fdb47862901bba6ca9275e1d05211d34775e6467d7542707dcc8a60,L19568253,0,0,SUCCESS,1,1785368131,1785369600,156.545691,SXR,0x6629Ce1Cf35Cc1329ebB4F63202F3f197b3F050B
0x71a415a5b77d211d21527b5aa0f5ef8e8cea6ec6f97771a63b101ff954067f29,0x9668F1aB74722e8387edc518A167f371194398c2,,25,1.4412,Under/Over (4.5),,Major League Soccer,MLS All Stars vs Liga MX All-stars,MLS All Stars,Liga MX All-stars,0xc51c9042a862488420292fe4e0d74c55eea7bf53e3a08c1e22d4746b34133539,L19568253,0,0,SUCCESS,1,1785368105,1785369600,56.657224,SXR,0x6629Ce1Cf35Cc1329ebB4F63202F3f197b3F050B
0x0afa42b9eb23946fac8517aa603c188f8892c3a8aef8384ff3551e99d89cbe73,0x68E1818FF20BBe84F9be9E0A4A395FB11079Bd35,,130.51997,1.8337,1X2,,Major League Soccer,MLS All Stars vs Liga MX All-stars,MLS All Stars,Liga MX All-stars,0x4ca505152fdb47862901bba6ca9275e1d05211d34775e6467d7542707dcc8a60,L19568253,0,0,SUCCESS,1,1785367989,1785369600,156.545691,SXR,0x6629Ce1Cf35Cc1329ebB4F63202F3f197b3F050B
0x238be050d501e6899659ac56833911d972f53d31966738eca50a5a98b4aebce4,0x68E1818FF20BBe84F9be9E0A4A395FB11079Bd35,,130.51997,1.8337,1X2,,Major League Soccer,MLS All Stars vs Liga MX All-stars,MLS All Stars,Liga MX All-stars,0x4ca505152fdb47862901bba6ca9275e1d05211d34775e6467d7542707dcc8a60,L19568253,0,0,SUCCESS,1,1785367914,1785369600,156.545691,SXR,0x6629Ce1Cf35Cc1329ebB4F63202F3f197b3F050B
0xf3ba9b92d12d142bfa98b2cd3c4e551b5809a1a2fdac2e42a914146057f0c2f4,0x68E1818FF20BBe84F9be9E0A4A395FB11079Bd35,,130.51997,1.8337,1X2,,Major League Soccer,MLS All Stars vs Liga MX All-stars,MLS All Stars,Liga MX All-stars,0x4ca505152fdb47862901bba6ca9275e1d05211d34775e6467d7542707dcc8a60,L19568253,0,0,SUCCESS,1,1785367897,1785369600,156.545691,SXR,0x6629Ce1Cf35Cc1329ebB4F63202F3f197b3F050B
0xf2a9e65aa612db494097d57c7711aa500cf6af8001bdd977b76dbe80ac7e3bf1,0xFD3a22179CA4104E97c670b834750Bd7Ff310b17,,12.21223,1.5,1X2,,Major League Soccer,MLS All Stars vs Liga MX All-stars,MLS All Stars,Liga MX All-stars,0x8c2cafed276a7963fb2d454208e725e7abbabf89eb8e731be9a9a6fd8cc23959,L19568253,0,0,SUCCESS,1,1785367656,1785369600,24.42446,SXR,0x6629Ce1Cf35Cc1329ebB4F63202F3f197b3F050B
0xd2c859a2ff409513f4f7a1bd86aff6f4155c876323e380880427d472b2d30f33,0xFD3a22179CA4104E97c670b834750Bd7Ff310b17,1,29.49608,1.49,Asian Handicap (-0.5),MLS All Stars -0.5,Major League Soccer,MLS All Stars vs Liga MX All-stars,MLS All Stars,Liga MX All-stars,0x4ecdcda732de8f745657522126ddf0aaf8754853e72dcfedc3149710020e71ae,L19568253,0,0,SUCCESS,1,1785367656,1785369600,60.196082,SXR,0x6629Ce1Cf35Cc1329ebB4F63202F3f197b3F050B
0x58e7b70760ca4be05bce5823f16a296246309f09ca4bce781d6f0b00f2d140fc,0xFD3a22179CA4104E97c670b834750Bd7Ff310b17,1,35.73,1.5938,Asian Handicap (0),MLS All Stars 0,Major League Soccer,MLS All Stars vs Liga MX All-stars,MLS All Stars,Liga MX All-stars,0xc8cce2b859bd48e23882d5e03d213cb738af887da8e92f4f030da909e7adc37a,L19568253,0,0,SUCCESS,1,1785367656,1785369600,60.176842,SXR,0x6629Ce1Cf35Cc1329ebB4F63202F3f197b3F050B
0x755c8ae8bce0a04a17446bd71c2536d54df86a6b8262b97f49544ea57138c8b0,0xFD3a22179CA4104E97c670b834750Bd7Ff310b17,1,35.73,1.5938,Major League Soccer,MLS All Stars,Major League Soccer,MLS All Stars vs Liga MX All-stars,MLS All Stars,Liga MX All-stars,0xcd893dc8162fa33fa778b38777ed8e2b1b846fa5dfe6536c40d520762e68973f,L19568253,0,0,SUCCESS,1,1785367655,1785369600,60.176842,SXR,0x6629Ce1Cf35Cc1329ebB4F63202F3f197b3F050B
0x593101a3b84041590442713f695add3ca1d92f0a6b5695a9490d5660002897da,0x68E1818FF20BBe84F9be9E0A4A395FB11079Bd35,1,11.2766,1.53,1X2,MLS All Stars,Major League Soccer,MLS All Stars vs Liga MX All-stars,MLS All Stars,Liga MX All-stars,0x8c2cafed276a7963fb2d454208e725e7abbabf89eb8e731be9a9a6fd8cc23959,L19568253,0,0,SUCCESS,1,1785367638,1785369600,21.276604,SXR,0x6629Ce1Cf35Cc1329ebB4F63202F3f197b3F050B
0xb87349156b76510cb0f4dc4e2399e5521543819cd4f3cadc3f8f81c0231f9a3b,0x68E1818FF20BBe84F9be9E0A4A395FB11079Bd35,1,193,1.49,1X2,MLS All Stars,Major League Soccer,MLS All Stars vs Liga MX All-stars,MLS All Stars,Liga MX All-stars,0x8c2cafed276a7963fb2d454208e725e7abbabf89eb8e731be9a9a6fd8cc23959,L19568253,0,0,SUCCESS,1,1785367637,1785369600,393.877551,SXR,0x6629Ce1Cf35Cc1329ebB4F63202F3f197b3F050B
0x6800d60a17ba0335593aa5ccc2c67ae0faf4124b2b492cc0b5020bdf74b8350b,0xFD3a22179CA4104E97c670b834750Bd7Ff310b17,,92.96,1.5175,1X2,,Major League Soccer,MLS All Stars vs Liga MX All-stars,MLS All Stars,Liga MX All-stars,0x8c2cafed276a7963fb2d454208e725e7abbabf89eb8e731be9a9a6fd8cc23959,L19568253,0,0,SUCCESS,1,1785367526,1785369600,179.63285,SXR,0x6629Ce1Cf35Cc1329ebB4F63202F3f197b3F050B
0x01befe9acd66395240e288c5baef8618afdd7ae539e38d914758ea419ff73407,0x740d5718a79A8559fEeE8B00922F8Cd773A81D84,,62.45,1.6275,Under/Over (5.5),,Major League Soccer,MLS All Stars vs Liga MX All-stars,MLS All Stars,Liga MX All-stars,0x44da0203648b86d3b9c6b0553dc7556fc89ee59e00fd0af396e9303759f8a214,L19568253,0,0,SUCCESS,1,1785367382,1785369600,99.521912,SXR,0x6629Ce1Cf35Cc1329ebB4F63202F3f197b3F050B
0x79d1ec3a4719881af425112542658b1d116e07490b4197af583c951cc41b2f33,0x2Bd56fa0D7b1Add3639Ee23f32A2947576924f15,,115.83,1.5175,1X2,,Major League Soccer,MLS All Stars vs Liga MX All-stars,MLS All Stars,Liga MX All-stars,0x8c2cafed276a7963fb2d454208e725e7abbabf89eb8e731be9a9a6fd8cc23959,L19568253,0,0,SUCCESS,1,1785365877,1785369600,223.826087,SXR,0x6629Ce1Cf35Cc1329ebB4F63202F3f197b3F050B
0x1d849a6fdda56cbeedd2355f59d371b1d0f2fa830012bfb7ef4628016fc4a56e,0x2Bd56fa0D7b1Add3639Ee23f32A2947576924f15,,114.76,1.5175,1X2,,Major League Soccer,MLS All Stars vs Liga MX All-stars,MLS All Stars,Liga MX All-stars,0x8c2cafed276a7963fb2d454208e725e7abbabf89eb8e731be9a9a6fd8cc23959,L19568253,0,0,SUCCESS,1,1785365699,1785369600,221.758454,SXR,0x6629Ce1Cf35Cc1329ebB4F63202F3f197b3F050B
0xda8986874623887bc1d5c75e82cbbe15f7c03e9a54f85a24f2b7c88d038fc2b6,0xFD3a22179CA4104E97c670b834750Bd7Ff310b17,1,3.19,1.1687,1X2,Tie,Major League Soccer,MLS All Stars vs Liga MX All-stars,MLS All Stars,Liga MX All-stars,0x4ca505152fdb47862901bba6ca9275e1d05211d34775e6467d7542707dcc8a60,L19568253,0,0,SUCCESS,1,1785365669,1785369600,18.903704,SXR,0x6629Ce1Cf35Cc1329ebB4F63202F3f197b3F050B
0xdcddcf6dfdc3a37976bf55c5264ec3613e9dadec2a50a3bed0e0dfabb7450f89,0x740d5718a79A8559fEeE8B00922F8Cd773A81D84,,271.56,1.6225,Under/Over (5.5),,Major League Soccer,MLS All Stars vs Liga MX All-stars,MLS All Stars,Liga MX All-stars,0x44da0203648b86d3b9c6b0553dc7556fc89ee59e00fd0af396e9303759f8a214,L19568253,0,0,SUCCESS,1,1785365610,1785369600,436.240964,SXR,0x6629Ce1Cf35Cc1329ebB4F63202F3f197b3F050B
0xb5b1987e1e81b043276e821115d00fb100b5c825c4ed5a650ce075c341ea0b25,0xFD3a22179CA4104E97c670b834750Bd7Ff310b17,,18.83,1.5288,Under/Over (5),,Major League Soccer,MLS All Stars vs Liga MX All-stars,MLS All Stars,Liga MX All-stars,0x1ddcfeff33207d7edcb23afd7608690e1d6f6df588a37297e2570f3e57d39803,L19568253,0,0,SUCCESS,1,1785365609,1785369600,35.612293,SXR,0x6629Ce1Cf35Cc1329ebB4F63202F3f197b3F050B
0x48d2c1178c9e988e85d8ccad7aa316ff280ded5aaaa09abc35ec49add8dce99a,0x740d5718a79A8559fEeE8B00922F8Cd773A81D84,,120.72,1.2662,Under/Over (3.5),,Major League Soccer,MLS All Stars vs Liga MX All-stars,MLS All Stars,Liga MX All-stars,0x068bdeb087f5ee034599b96f8093e9d1e35aa5d13fd8826b50b2b42e2f5940e2,L19568253,0,0,SUCCESS,1,1785365382,1785369600,453.408451,SXR,0x6629Ce1Cf35Cc1329ebB4F63202F3f197b3F050B
0x92b9288a6b64ee0ac4c6df42e97c25797260610117a571f882e9e6de13bca514,0x740d5718a79A8559fEeE8B00922F8Cd773A81D84,,253.71,1.4325,Under/Over (4.5),,Major League Soccer,MLS All Stars vs Liga MX All-stars,MLS All Stars,Liga MX All-stars,0xc51c9042a862488420292fe4e0d74c55eea7bf53e3a08c1e22d4746b34133539,L19568253,0,0,SUCCESS,1,1785365378,1785369600,586.612717,SXR,0x6629Ce1Cf35Cc1329ebB4F63202F3f197b3F050B
0xeb0a5d67c27bc3053b86ff59c5a6c013eb9875f4db272da6c00ee0003ee247c8,0x740d5718a79A8559fEeE8B00922F8Cd773A81D84,,119.06,1.2637,Under/Over (3.5),,Major League Soccer,MLS All Stars vs Liga MX All-stars,MLS All Stars,Liga MX All-stars,0x068bdeb087f5ee034599b96f8093e9d1e35aa5d13fd8826b50b2b42e2f5940e2,L19568253,0,0,SUCCESS,1,1785365374,1785369600,451.412322,SXR,0x6629Ce1Cf35Cc1329ebB4F63202F3f197b3F050B
0x791450d6295ae9e283450ebbed5508470f44d79f79ee2d4a38d21af50b04e67f,0x740d5718a79A8559fEeE8B00922F8Cd773A81D84,,124.55,1.2725,Under/Over (3.5),,Major League Soccer,MLS All Stars vs Liga MX All-stars,MLS All Stars,Liga MX All-stars,0x068bdeb087f5ee034599b96f8093e9d1e35aa5d13fd8826b50b2b42e2f5940e2,L19568253,0,0,SUCCESS,1,1785365366,1785369600,457.06422,SXR,0x6629Ce1Cf35Cc1329ebB4F63202F3f197b3F050B
0x510d65c209a950b4ee12be1c85e18d26499d57692b74cbff8c06a2804ac0453f,0xFD3a22179CA4104E97c670b834750Bd7Ff310b17,1,261.8,1.5663,Under/Over (4.5),Over 4.5,Major League Soccer,MLS All Stars vs Liga MX All-stars,MLS All Stars,Liga MX All-stars,0xc51c9042a862488420292fe4e0d74c55eea7bf53e3a08c1e22d4746b34133539,L19568253,0,0,SUCCESS,1,1785365361,1785369600,462.339956,SXR,0x6629Ce1Cf35Cc1329ebB4F63202F3f197b3F050B
0x41a8a1d2d9cbe0d6068ae2f49c94718b72a75db76f9aeb27ddeae1018dd203b0,0xAAC601FEf8F6FBd4D17d515dA528e648f468E0A1,1,16.5825,1.1675,1X2,Tie,Major League Soccer,MLS All Stars vs Liga MX All-stars,MLS All Stars,Liga MX All-stars,0x4ca505152fdb47862901bba6ca9275e1d05211d34775e6467d7542707dcc8a60,L19568253,0,0,SUCCESS,1,1785365360,1785369600,99.0,SXR,0x6629Ce1Cf35Cc1329ebB4F63202F3f197b3F050B
0xe454214e698e0c12ec1b70dfdd69fdecc70a0b4d6edcb0e87e8600fd24acc107,0x97EC1C9682F70091efB04e97b0B34698cF815EE1,1,23.56,1.4925,Under/Over (5),Over 5.0,Major League Soccer,MLS All Stars vs Liga MX All-stars,MLS All Stars,Liga MX All-stars,0x1ddcfeff33207d7edcb23afd7608690e1d6f6df588a37297e2570f3e57d39803,L19568253,0,0,SUCCESS,1,1785365359,1785369600,47.837563,SXR,0x6629Ce1Cf35Cc1329ebB4F63202F3f197b3F050B
0xc073ee61b151a66a4ef81d17e037e2ef4d018369d39e362e9316945ae0d70f9b,0x97EC1C9682F70091efB04e97b0B34698cF815EE1,,6.23,1.5175,1X2,,Major League Soccer,MLS All Stars vs Liga MX All-stars,MLS All Stars,Liga MX All-stars,0x8c2cafed276a7963fb2d454208e725e7abbabf89eb8e731be9a9a6fd8cc23959,L19568253,0,0,SUCCESS,1,1785364908,1785369600,12.038647,SXR,0x6629Ce1Cf35Cc1329ebB4F63202F3f197b3F050B
0x966d4d9f59fcefb7b5b64565e5179b2e582b08e9301c0af6cd0c9ae20719d4fc,0xf068eF8DF8f47185D02d59Bb33d9eC7A057a571E,,31.2,1.5175,1X2,,Major League Soccer,MLS All Stars vs Liga MX All-stars,MLS All Stars,Liga MX All-stars,0x8c2cafed276a7963fb2d454208e725e7abbabf89eb8e731be9a9a6fd8cc23959,L19568253,0,0,SUCCESS,1,1785364396,1785369600,60.289855,SXR,0x6629Ce1Cf35Cc1329ebB4F63202F3f197b3F050B
0xdfdc5bdd62854f6875e5684630172693a985ea1911809256a315993cb7e8459d,0xf068eF8DF8f47185D02d59Bb33d9eC7A057a571E,,116.89886,1.5175,1X2,,Major League Soccer,MLS All Stars vs Liga MX All-stars,MLS All Stars,Liga MX All-stars,0x8c2cafed276a7963fb2d454208e725e7abbabf89eb8e731be9a9a6fd8cc23959,L19568253,0,0,SUCCESS,1,1785364195,1785369600,225.891517,SXR,0x6629Ce1Cf35Cc1329ebB4F63202F3f197b3F050B
0x236300162706a660ea04290d405fb645302dbe9450d350425787cdc1c94d9eaa,0x68E1818FF20BBe84F9be9E0A4A395FB11079Bd35,1,69.55945,1.4875,1X2,MLS All Stars,Major League Soccer,MLS All Stars vs Liga MX All-stars,MLS All Stars,Liga MX All-stars,0x8c2cafed276a7963fb2d454208e725e7abbabf89eb8e731be9a9a6fd8cc23959,L19568253,0,0,SUCCESS,1,1785363307,1785369600,142.686051,SXR,0x6629Ce1Cf35Cc1329ebB4F63202F3f197b3F050B
0x7781478c3b9d960ad28a670c166d5d62a77abbae37f8cbb1667d3aa7d5cf6949,0x4c67719710F563c9CE4Df1836c8d643BACc6986a,,42.92,1.515,1X2,,Major League Soccer,MLS All Stars vs Liga MX All-stars,MLS All Stars,Liga MX All-stars,0x8c2cafed276a7963fb2d454208e725e7abbabf89eb8e731be9a9a6fd8cc23959,L19568253,0,0,SUCCESS,1,1785363236,1785369600,83.339806,SXR,0x6629Ce1Cf35Cc1329ebB4F63202F3f197b3F050B
0x28d137ed3ce04185de22fcf7f5a75f2b6928524e756bfd8d4ef582a5e1a3a0d3,0x10D8267E75Bf50D542b48a06736d3C765CEeDb68,,26.8734,1.5125,1X2,,Major League Soccer,MLS All Stars vs Liga MX All-stars,MLS All Stars,Liga MX All-stars,0x8c2cafed276a7963fb2d454208e725e7abbabf89eb8e731be9a9a6fd8cc23959,L19568253,0,0,SUCCESS,1,1785363227,1785369600,52.435902,SXR,0x6629Ce1Cf35Cc1329ebB4F63202F3f197b3F050B
0xf3a2c020831dc2a47a627caec3118ffa3a29da67868d33c63bc2d53bfe96ede6,0xAAC601FEf8F6FBd4D17d515dA528e648f468E0A1,,84.5625,1.5125,1X2,,Major League Soccer,MLS All Stars vs Liga MX All-stars,MLS All Stars,Liga MX All-stars,0x8c2cafed276a7963fb2d454208e725e7abbabf89eb8e731be9a9a6fd8cc23959,L19568253,0,0,SUCCESS,1,1785363214,1785369600,165.0,SXR,0x6629Ce1Cf35Cc1329ebB4F63202F3f197b3F050B
0x76bcebde2a68ef1dc6395c8873134546fba6e9acc16cd1fb06266b797b2de522,0xAAC601FEf8F6FBd4D17d515dA528e648f468E0A1,,111.2125,1.5125,1X2,,Major League Soccer,MLS All Stars vs Liga MX All-stars,MLS All Stars,Liga MX All-stars,0x8c2cafed276a7963fb2d454208e725e7abbabf89eb8e731be9a9a6fd8cc23959,L19568253,0,0,SUCCESS,1,1785363206,1785369600,217.0,SXR,0x6629Ce1Cf35Cc1329ebB4F63202F3f197b3F050B
0x20f476d20bcc09528afe8470549203cf7c3fb5e9d66372cdda1aa22f55d5822c,0x4c67719710F563c9CE4Df1836c8d643BACc6986a,,66.99,1.5125,1X2,,Major League Soccer,MLS All Stars vs Liga MX All-stars,MLS All Stars,Liga MX All-stars,0x8c2cafed276a7963fb2d454208e725e7abbabf89eb8e731be9a9a6fd8cc23959,L19568253,0,0,SUCCESS,1,1785363159,1785369600,130.712195,SXR,0x6629Ce1Cf35Cc1329ebB4F63202F3f197b3F050B
0xe4012c9ff517eb7c1c9584ba7062c1ea95980c081eb9a780f8055c7be1a70c20,0x4c67719710F563c9CE4Df1836c8d643BACc6986a,,41.29,1.5125,1X2,,Major League Soccer,MLS All Stars vs Liga MX All-stars,MLS All Stars,Liga MX All-stars,0x8c2cafed276a7963fb2d454208e725e7abbabf89eb8e731be9a9a6fd8cc23959,L19568253,0,0,SUCCESS,1,1785363149,1785369600,80.565854,SXR,0x6629Ce1Cf35Cc1329ebB4F63202F3f197b3F050B
0xa6fdbeb1cbdace76b74924fa992f7274790e795d9fec18055f7fb94ae7d73e2d,0x4c67719710F563c9CE4Df1836c8d643BACc6986a,,41.29,1.5125,1X2,,Major League Soccer,MLS All Stars vs Liga MX All-stars,MLS All Stars,Liga MX All-stars,0x8c2cafed276a7963fb2d454208e725e7abbabf89eb8e731be9a9a6fd8cc23959,L19568253,0,0,SUCCESS,1,1785363133,1785369600,80.565854,SXR,0x6629Ce1Cf35Cc1329ebB4F63202F3f197b3F050B
0x6d2c867f9e9eae3dfebee0db96d0153228220075349dc914a595a9e0c7696e46,0x4c67719710F563c9CE4Df1836c8d643BACc6986a,,115.53,1.51,1X2,,Major League Soccer,MLS All Stars vs Liga MX All-stars,MLS All Stars,Liga MX All-stars,0x8c2cafed276a7963fb2d454208e725e7abbabf89eb8e731be9a9a6fd8cc23959,L19568253,0,0,SUCCESS,1,1785363034,1785369600,226.529412,SXR,0x6629Ce1Cf35Cc1329ebB4F63202F3f197b3F050B
0xb12296e968d0766c13360c1adbec504634de5f9d0cf6d8d6f5112c279801105d,0x10D8267E75Bf50D542b48a06736d3C765CEeDb68,1,20.01,1.1663,1X2,Tie,Major League Soccer,MLS All Stars vs Liga MX All-stars,MLS All Stars,Liga MX All-stars,0x4ca505152fdb47862901bba6ca9275e1d05211d34775e6467d7542707dcc8a60,L19568253,0,0,SUCCESS,1,1785362921,1785369600,120.360902,SXR,0x6629Ce1Cf35Cc1329ebB4F63202F3f197b3F050B
0xd97d2519a1001cb6cdfa25024b623720f05d860154e7788a4c7cc748c306be0a,0xD3550239bAEfad591bfe6b2805d9a8421Bd0873C,,70.13922,1.5125,1X2,,Major League Soccer,MLS All Stars vs Liga MX All-stars,MLS All Stars,Liga MX All-stars,0x8c2cafed276a7963fb2d454208e725e7abbabf89eb8e731be9a9a6fd8cc23959,L19568253,0,0,SUCCESS,1,1785362890,1785369600,136.857015,SXR,0x6629Ce1Cf35Cc1329ebB4F63202F3f197b3F050B
0x2be123a08a01b2883d8be89ebbd346703fac6fffabcee687e6b1a2f0e2208748,0x4c67719710F563c9CE4Df1836c8d643BACc6986a,,116.44,1.5075,1X2,,Major League Soccer,MLS All Stars vs Liga MX All-stars,MLS All Stars,Liga MX All-stars,0x8c2cafed276a7963fb2d454208e725e7abbabf89eb8e731be9a9a6fd8cc23959,L19568253,0,0,SUCCESS,1,1785362872,1785369600,229.438424,SXR,0x6629Ce1Cf35Cc1329ebB4F63202F3f197b3F050B
0xc1ad5148443a0d8063600bc4710aee8b7436c9d0e3a8cd7b14eb5aa873f86653,0x68E1818FF20BBe84F9be9E0A4A395FB11079Bd35,,80.95998,1.835,1X2,,Major League Soccer,MLS All Stars vs Liga MX All-stars,MLS All Stars,Liga MX All-stars,0x4ca505152fdb47862901bba6ca9275e1d05211d34775e6467d7542707dcc8a60,L19568253,0,0,SUCCESS,1,1785362849,1785369600,96.95806,SXR,0x6629Ce1Cf35Cc1329ebB4F63202F3f197b3F050B
0x7727258478f0520d61813b4a151a269d42f223fc22bd566e355fd829ac6bc974,0x68E1818FF20BBe84F9be9E0A4A395FB11079Bd35,,75.89999,1.835,1X2,,Major League Soccer,MLS All Stars vs Liga MX All-stars,MLS All Stars,Liga MX All-stars,0x4ca505152fdb47862901bba6ca9275e1d05211d34775e6467d7542707dcc8a60,L19568253,0,0,SUCCESS,1,1785362848,1785369600,90.898192,SXR,0x6629Ce1Cf35Cc1329ebB4F63202F3f197b3F050B
0xc54e1c6bebf5559745224469117e1ca73e30931c97d012fa2084f5f4680170c8,0xD3550239bAEfad591bfe6b2805d9a8421Bd0873C,,90,1.51,1X2,,Major League Soccer,MLS All Stars vs Liga MX All-stars,MLS All Stars,Liga MX All-stars,0x8c2cafed276a7963fb2d454208e725e7abbabf89eb8e731be9a9a6fd8cc23959,L19568253,0,0,SUCCESS,1,1785362844,1785369600,176.470588,SXR,0x6629Ce1Cf35Cc1329ebB4F63202F3f197b3F050B
0x3ba1351761f1e4a3ec4e07755ad34f31926f5865acd66dd202a4539c036d7da4,0x4c67719710F563c9CE4Df1836c8d643BACc6986a,,104.82,1.51,1X2,,Major League Soccer,MLS All Stars vs Liga MX All-stars,MLS All Stars,Liga MX All-stars,0x8c2cafed276a7963fb2d454208e725e7abbabf89eb8e731be9a9a6fd8cc23959,L19568253,0,0,SUCCESS,1,1785362840,1785369600,205.529412,SXR,0x6629Ce1Cf35Cc1329ebB4F63202F3f197b3F050B
0xeda463379ecc28e4f82ff3a5fd8641d07170d01d21676441ceb7db1bec1515a4,0x90B1B253586b0BAE53f76093C0d46e1982dD0845,,11.75,1.51,1X2,,Major League Soccer,MLS All Stars vs Liga MX All-stars,MLS All Stars,Liga MX All-stars,0x8c2cafed276a7963fb2d454208e725e7abbabf89eb8e731be9a9a6fd8cc23959,L19568253,0,0,SUCCESS,1,1785362832,1785369600,23.039216,SXR,0x6629Ce1Cf35Cc1329ebB4F63202F3f197b3F050B
0x4622d9db12c295045c23a69d4405d95f1f699a0e5711384369e5d68c6c492c38,0x68E1818FF20BBe84F9be9E0A4A395FB11079Bd35,,80.95998,1.835,1X2,,Major League Soccer,MLS All Stars vs Liga MX All-stars,MLS All Stars,Liga MX All-stars,0x4ca505152fdb47862901bba6ca9275e1d05211d34775e6467d7542707dcc8a60,L19568253,0,0,SUCCESS,1,1785362813,1785369600,96.95806,SXR,0x6629Ce1Cf35Cc1329ebB4F63202F3f197b3F050B
0xbd0027fe53455a12e52e1e6010fcef106e872219f71da9ddc9d9c3dacc3e2a2c,0x4c67719710F563c9CE4Df1836c8d643BACc6986a,,114.48,1.51,1X2,,Major League Soccer,MLS All Stars vs Liga MX All-stars,MLS All Stars,Liga MX All-stars,0x8c2cafed276a7963fb2d454208e725e7abbabf89eb8e731be9a9a6fd8cc23959,L19568253,0,0,SUCCESS,1,1785362809,1785369600,224.470588,SXR,0x6629Ce1Cf35Cc1329ebB4F63202F3f197b3F050B
0x79c8244336429b810c9b9b2e15f8d69fd375010660747855b712253221e9b082,0x68E1818FF20BBe84F9be9E0A4A395FB11079Bd35,,80.95998,1.835,1X2,,Major League Soccer,MLS All Stars vs Liga MX All-stars,MLS All Stars,Liga MX All-stars,0x4ca505152fdb47862901bba6ca9275e1d05211d34775e6467d7542707dcc8a60,L19568253,0,0,SUCCESS,1,1785362786,1785369600,96.95806,SXR,0x6629Ce1Cf35Cc1329ebB4F63202F3f197b3F050B
0x48e8cea5ee95a341c23bcd79425008fd92f7f34ef59a26fddfeaddb9679cd2f3,0x4c67719710F563c9CE4Df1836c8d643BACc6986a,,116.57,1.51,1X2,,Major League Soccer,MLS All Stars vs Liga MX All-stars,MLS All Stars,Liga MX All-stars,0x8c2cafed276a7963fb2d454208e725e7abbabf89eb8e731be9a9a6fd8cc23959,L19568253,0,0,SUCCESS,1,1785362777,1785369600,228.568627,SXR,0x6629Ce1Cf35Cc1329ebB4F63202F3f197b3F050B
0x1ec28a5a8054add627c41d4c24319f6e8b8de670c7cc3277023be0c99548568e,0xD3550239bAEfad591bfe6b2805d9a8421Bd0873C,,118.64999,1.51,1X2,,Major League Soccer,MLS All Stars vs Liga MX All-stars,MLS All Stars,Liga MX All-stars,0x8c2cafed276a7963fb2d454208e725e7abbabf89eb8e731be9a9a6fd8cc23959,L19568253,0,0,SUCCESS,1,1785362771,1785369600,232.647039,SXR,0x6629Ce1Cf35Cc1329ebB4F63202F3f197b3F050B
0xaa9983d0bfe4b8ce0a1fbdb15aae9315f19a4f0c6f91ce36072a1c6df7810511,0x68E1818FF20BBe84F9be9E0A4A395FB11079Bd35,,86.01998,1.835,1X2,,Major League Soccer,MLS All Stars vs Liga MX All-stars,MLS All Stars,Liga MX All-stars,0x4ca505152fdb47862901bba6ca9275e1d05211d34775e6467d7542707dcc8a60,L19568253,0,0,SUCCESS,1,1785362759,1785369600,103.01794,SXR,0x6629Ce1Cf35Cc1329ebB4F63202F3f197b3F050B
0xe4d346109940126cf5081c2da3f1d117d57e0608b4f4646e8b82ab5d5371cd5f,0x4c67719710F563c9CE4Df1836c8d643BACc6986a,,108.27999,1.5125,1X2,,Major League Soccer,MLS All Stars vs Liga MX All-stars,MLS All Stars,Liga MX All-stars,0x8c2cafed276a7963fb2d454208e725e7abbabf89eb8e731be9a9a6fd8cc23959,L19568253,0,0,SUCCESS,1,1785362753,1785369600,211.278029,SXR,0x6629Ce1Cf35Cc1329ebB4F63202F3f197b3F050B
0x96991a174227f6cc6063864f6037ade198834d1f8f369e6d3a9521cc9da9dc4c,0x4c67719710F563c9CE4Df1836c8d643BACc6986a,,114.58,1.5125,1X2,,Major League Soccer,MLS All Stars vs Liga MX All-stars,MLS All Stars,Liga MX All-stars,0x8c2cafed276a7963fb2d454208e725e7abbabf89eb8e731be9a9a6fd8cc23959,L19568253,0,0,SUCCESS,1,1785362723,1785369600,223.570732,SXR,0x6629Ce1Cf35Cc1329ebB4F63202F3f197b3F050B
0x38823fe6ca38e0bf80007a465c45a9e7a5c0ead4505977cf94218ee6ac53744e,0x4c67719710F563c9CE4Df1836c8d643BACc6986a,,112.48,1.5125,1X2,,Major League Soccer,MLS All Stars vs Liga MX All-stars,MLS All Stars,Liga MX All-stars,0x8c2cafed276a7963fb2d454208e725e7abbabf89eb8e731be9a9a6fd8cc23959,L19568253,0,0,SUCCESS,1,1785362709,1785369600,219.473171,SXR,0x6629Ce1Cf35Cc1329ebB4F63202F3f197b3F050B
0x32012e9b66d40e71432baaef823dc52b45051f2d4d8a877ec077bf8d416862f0,0x4c67719710F563c9CE4Df1836c8d643BACc6986a,,3.22538,1.515,1X2,,Major League Soccer,MLS All Stars vs Liga MX All-stars,MLS All Stars,Liga MX All-stars,0x8c2cafed276a7963fb2d454208e725e7abbabf89eb8e731be9a9a6fd8cc23959,L19568253,0,0,SUCCESS,1,1785362693,1785369600,6.262874,SXR,0x6629Ce1Cf35Cc1329ebB4F63202F3f197b3F050B
0x476c84b522fd9662cc261897ee36b285e7734a5359a080f7287222ec5c8cae0c,0x68E1818FF20BBe84F9be9E0A4A395FB11079Bd35,1,111,1.4863,1X2,MLS All Stars,Major League Soccer,MLS All Stars vs Liga MX All-stars,MLS All Stars,Liga MX All-stars,0x8c2cafed276a7963fb2d454208e725e7abbabf89eb8e731be9a9a6fd8cc23959,L19568253,0,0,SUCCESS,1,1785362689,1785369600,228.277635,SXR,0x6629Ce1Cf35Cc1329ebB4F63202F3f197b3F050B
0xdea541d1c7d3c9ab6eec224b84c4267b51a81c960090e841db7ce188a085426f,0xFD3a22179CA4104E97c670b834750Bd7Ff310b17,1,1.08,1.1675,1X2,Tie,Major League Soccer,MLS All Stars vs Liga MX All-stars,MLS All Stars,Liga MX All-stars,0x4ca505152fdb47862901bba6ca9275e1d05211d34775e6467d7542707dcc8a60,L19568253,0,0,SUCCESS,1,1785362671,1785369600,6.447761,SXR,0x6629Ce1Cf35Cc1329ebB4F63202F3f197b3F050B
0xf8cd23828211c826eaef235dad40120cd2ef04f06e3f77b20f4b3ddcfb3cf937,0x4c67719710F563c9CE4Df1836c8d643BACc6986a,,115.74,1.515,1X2,,Major League Soccer,MLS All Stars vs Liga MX All-stars,MLS All Stars,Liga MX All-stars,0x8c2cafed276a7963fb2d454208e725e7abbabf89eb8e731be9a9a6fd8cc23959,L19568253,0,0,SUCCESS,1,1785362658,1785369600,224.737864,SXR,0x6629Ce1Cf35Cc1329ebB4F63202F3f197b3F050B
0xa4e881f252456d860886d1f257bdfe7105d01065f0dbc7e3e2f2dc9dc1d69db8,0x4c67719710F563c9CE4Df1836c8d643BACc6986a,,116.8,1.515,1X2,,Major League Soccer,MLS All Stars vs Liga MX All-stars,MLS All Stars,Liga MX All-stars,0x8c2cafed276a7963fb2d454208e725e7abbabf89eb8e731be9a9a6fd8cc23959,L19568253,0,0,SUCCESS,1,1785362638,1785369600,226.796117,SXR,0x6629Ce1Cf35Cc1329ebB4F63202F3f197b3F050B
0x56836138f2bfa97ce66e3951034034f46ab46d19a740f4ea4ef7e1e0cebf8e65,0x97EC1C9682F70091efB04e97b0B34698cF815EE1,1,5.66,1.4812,Under/Over (5),Over 5.0,Major League Soccer,MLS All Stars vs Liga MX All-stars,MLS All Stars,Liga MX All-stars,0x1ddcfeff33207d7edcb23afd7608690e1d6f6df588a37297e2570f3e57d39803,L19568253,0,0,SUCCESS,1,1785362634,1785369600,11.761039,SXR,0x6629Ce1Cf35Cc1329ebB4F63202F3f197b3F050B
0x4241a30e9a0d7430fafc1eea90e65783e4eb5fef52f5a07bc0456828173b6491,0x68E1818FF20BBe84F9be9E0A4A395FB11079Bd35,1,113,1.4863,1X2,MLS All Stars,Major League Soccer,MLS All Stars vs Liga MX All-stars,MLS All Stars,Liga MX All-stars,0x8c2cafed276a7963fb2d454208e725e7abbabf89eb8e731be9a9a6fd8cc23959,L19568253,0,0,SUCCESS,1,1785362628,1785369600,232.390746,SXR,0x6629Ce1Cf35Cc1329ebB4F63202F3f197b3F050B
0x2d65d8fd98ae8f11dd060c72430ab3f4d615a49423751aadf1f89825b113b23e,0x4c67719710F563c9CE4Df1836c8d643BACc6986a,,111.49,1.515,1X2,,Major League Soccer,MLS All Stars vs Liga MX All-stars,MLS All Stars,Liga MX All-stars,0x8c2cafed276a7963fb2d454208e725e7abbabf89eb8e731be9a9a6fd8cc23959,L19568253,0,0,SUCCESS,1,1785362620,1785369600,216.485437,SXR,0x6629Ce1Cf35Cc1329ebB4F63202F3f197b3F050B
0x80882ef5bc301b30810ee34bd2d6d99664befa74b47f54eb72c26266abb93a24,0x740d5718a79A8559fEeE8B00922F8Cd773A81D84,,127.73,1.2775,Under/Over (3.5),,Major League Soccer,MLS All Stars vs Liga MX All-stars,MLS All Stars,Liga MX All-stars,0x068bdeb087f5ee034599b96f8093e9d1e35aa5d13fd8826b50b2b42e2f5940e2,L19568253,0,0,SUCCESS,1,1785362597,1785369600,460.288288,SXR,0x6629Ce1Cf35Cc1329ebB4F63202F3f197b3F050B
0x3144651470cb96e9f751517e09747c004c7c0d14228b1e3c73273cae1d261b7f,0x740d5718a79A8559fEeE8B00922F8Cd773A81D84,,126.93,1.2763,Under/Over (3.5),,Major League Soccer,MLS All Stars vs Liga MX All-stars,MLS All Stars,Liga MX All-stars,0x068bdeb087f5ee034599b96f8093e9d1e35aa5d13fd8826b50b2b42e2f5940e2,L19568253,0,0,SUCCESS,1,1785362589,1785369600,459.475113,SXR,0x6629Ce1Cf35Cc1329ebB4F63202F3f197b3F050B
0x9ae2acae80478485d3314e58d4c0fa4b6e74d03cde0d6f376daa45eb60014de4,0x740d5718a79A8559fEeE8B00922F8Cd773A81D84,,125.24,1.2737,Under/Over (3.5),,Major League Soccer,MLS All Stars vs Liga MX All-stars,MLS All Stars,Liga MX All-stars,0x068bdeb087f5ee034599b96f8093e9d1e35aa5d13fd8826b50b2b42e2f5940e2,L19568253,0,0,SUCCESS,1,1785362583,1785369600,457.497717,SXR,0x6629Ce1Cf35Cc1329ebB4F63202F3f197b3F050B
0x2c2a527c08e612277de8273cafbf43d1da671982e75f75ea90541f1502917bfe,0x740d5718a79A8559fEeE8B00922F8Cd773A81D84,,124.63,1.2725,Under/Over (3.5),,Major League Soccer,MLS All Stars vs Liga MX All-stars,MLS All Stars,Liga MX All-stars,0x068bdeb087f5ee034599b96f8093e9d1e35aa5d13fd8826b50b2b42e2f5940e2,L19568253,0,0,SUCCESS,1,1785362576,1785369600,457.357798,SXR,0x6629Ce1Cf35Cc1329ebB4F63202F3f197b3F050B
0x9e7024e9bc47385554d375ce59376fee0df94268b51c5a03f924dec86fea7c5e,0x4c67719710F563c9CE4Df1836c8d643BACc6986a,,115.74,1.515,1X2,,Major League Soccer,MLS All Stars vs Liga MX All-stars,MLS All Stars,Liga MX All-stars,0x8c2cafed276a7963fb2d454208e725e7abbabf89eb8e731be9a9a6fd8cc23959,L19568253,0,0,SUCCESS,1,1785362552,1785369600,224.737864,SXR,0x6629Ce1Cf35Cc1329ebB4F63202F3f197b3F050B
0x4fa74ef05a62297832304b66cce8791ca1d3ea703414193b601666402fc0e223,0x4c67719710F563c9CE4Df1836c8d643BACc6986a,,114.68,1.515,1X2,,Major League Soccer,MLS All Stars vs Liga MX All-stars,MLS All Stars,Liga MX All-stars,0x8c2cafed276a7963fb2d454208e725e7abbabf89eb8e731be9a9a6fd8cc23959,L19568253,0,0,SUCCESS,1,1785362532,1785369600,222.679612,SXR,0x6629Ce1Cf35Cc1329ebB4F63202F3f197b3F050B
0x93bb67ba94fa3ceca370a046e2ae843564074033e17a59dc40c6a39a58b90d2d,0x4c67719710F563c9CE4Df1836c8d643BACc6986a,,114.68,1.515,1X2,,Major League Soccer,MLS All Stars vs Liga MX All-stars,MLS All Stars,Liga MX All-stars,0x8c2cafed276a7963fb2d454208e725e7abbabf89eb8e731be9a9a6fd8cc23959,L19568253,0,0,SUCCESS,1,1785362508,1785369600,222.679612,SXR,0x6629Ce1Cf35Cc1329ebB4F63202F3f197b3F050B
0x95c6e815cb0fbcddf45bf0b40970a87aee8f7fc79721864d8ec26613b0785060,0x4c67719710F563c9CE4Df1836c8d643BACc6986a,,25.53144,1.5175,1X2,,Major League Soccer,MLS All Stars vs Liga MX All-stars,MLS All Stars,Liga MX All-stars,0x8c2cafed276a7963fb2d454208e725e7abbabf89eb8e731be9a9a6fd8cc23959,L19568253,0,0,SUCCESS,1,1785362486,1785369600,49.336116,SXR,0x6629Ce1Cf35Cc1329ebB4F63202F3f197b3F050B
0xb21635eeee20b68a06946fe32c510c6357dcfb5c1b92ff808c103f0641d8ed45,0xFD3a22179CA4104E97c670b834750Bd7Ff310b17,,25.54,1.515,1X2,,Major League Soccer,MLS All Stars vs Liga MX All-stars,MLS All Stars,Liga MX All-stars,0x8c2cafed276a7963fb2d454208e725e7abbabf89eb8e731be9a9a6fd8cc23959,L19568253,0,0,SUCCESS,1,1785362485,1785369600,49.592233,SXR,0x6629Ce1Cf35Cc1329ebB4F63202F3f197b3F050B
0x896f4e5dda5afc9a675a3edfe06e82adc96fb5ae51afd20d2cbd5296beed930b,0x4c67719710F563c9CE4Df1836c8d643BACc6986a,,106.18,1.515,1X2,,Major League Soccer,MLS All Stars vs Liga MX All-stars,MLS All Stars,Liga MX All-stars,0x8c2cafed276a7963fb2d454208e725e7abbabf89eb8e731be9a9a6fd8cc23959,L19568253,0,0,SUCCESS,1,1785362466,1785369600,206.174757,SXR,0x6629Ce1Cf35Cc1329ebB4F63202F3f197b3F050B
0x130f3a3c335532a0fb462e210d8b2a8e7d12b5e6ff09951ac787db6003a6282f,0x4c67719710F563c9CE4Df1836c8d643BACc6986a,,108.3,1.515,1X2,,Major League Soccer,MLS All Stars vs Liga MX All-stars,MLS All Stars,Liga MX All-stars,0x8c2cafed276a7963fb2d454208e725e7abbabf89eb8e731be9a9a6fd8cc23959,L19568253,0,0,SUCCESS,1,1785362447,1785369600,210.291262,SXR,0x6629Ce1Cf35Cc1329ebB4F63202F3f197b3F050B
0xda4aca78a63fb380ef6c420f772889c1fe59852c3c06eedda1ed8ee338ff4721,0x4c67719710F563c9CE4Df1836c8d643BACc6986a,,109.37,1.515,1X2,,Major League Soccer,MLS All Stars vs Liga MX All-stars,MLS All Stars,Liga MX All-stars,0x8c2cafed276a7963fb2d454208e725e7abbabf89eb8e731be9a9a6fd8cc23959,L19568253,0,0,SUCCESS,1,1785362427,1785369600,212.368932,SXR,0x6629Ce1Cf35Cc1329ebB4F63202F3f197b3F050B
0x7bdf7b814a40dfbff8e9712a2597ac0d53d1cf570489ca85c621c64077c07d19,0x4c67719710F563c9CE4Df1836c8d643BACc6986a,,108.3,1.515,1X2,,Major League Soccer,MLS All Stars vs Liga MX All-stars,MLS All Stars,Liga MX All-stars,0x8c2cafed276a7963fb2d454208e725e7abbabf89eb8e731be9a9a6fd8cc23959,L19568253,0,0,SUCCESS,1,1785362404,1785369600,210.291262,SXR,0x6629Ce1Cf35Cc1329ebB4F63202F3f197b3F050B
0x3154371ee491256375bb67e455e22172e6f53e85c175bb4c0b932f3e3efe2752,0x4c67719710F563c9CE4Df1836c8d643BACc6986a,,116.8,1.515,1X2,,Major League Soccer,MLS All Stars vs Liga MX All-stars,MLS All Stars,Liga MX All-stars,0x8c2cafed276a7963fb2d454208e725e7abbabf89eb8e731be9a9a6fd8cc23959,L19568253,0,0,SUCCESS,1,1785362386,1785369600,226.796117,SXR,0x6629Ce1Cf35Cc1329ebB4F63202F3f197b3F050B
0x7271e80ff683b8f4cb8fff15698b69487f11cc48b36c09969ef009dcf78243ff,0x4c67719710F563c9CE4Df1836c8d643BACc6986a,,114.68,1.515,1X2,,Major League Soccer,MLS All Stars vs Liga MX All-stars,MLS All Stars,Liga MX All-stars,0x8c2cafed276a7963fb2d454208e725e7abbabf89eb8e731be9a9a6fd8cc23959,L19568253,0,0,SUCCESS,1,1785362366,1785369600,222.679612,SXR,0x6629Ce1Cf35Cc1329ebB4F63202F3f197b3F050B
0x047939ab22e8868718db30e27a36fdebc6ebd14466085105186321e947265284,0x4c67719710F563c9CE4Df1836c8d643BACc6986a,,110.43,1.515,1X2,,Major League Soccer,MLS All Stars vs Liga MX All-stars,MLS All Stars,Liga MX All-stars,0x8c2cafed276a7963fb2d454208e725e7abbabf89eb8e731be9a9a6fd8cc23959,L19568253,0,0,SUCCESS,1,1785362351,1785369600,214.427184,SXR,0x6629Ce1Cf35Cc1329ebB4F63202F3f197b3F050B
0xac7ba969b4d0032c618f6b8ac110928701237e31dc835f2afaf502d8d59aa651,0x4c67719710F563c9CE4Df1836c8d643BACc6986a,,14.78513,1.5175,1X2,,Major League Soccer,MLS All Stars vs Liga MX All-stars,MLS All Stars,Liga MX All-stars,0x8c2cafed276a7963fb2d454208e725e7abbabf89eb8e731be9a9a6fd8cc23959,L19568253,0,0,SUCCESS,1,1785362331,1785369600,28.5703,SXR,0x6629Ce1Cf35Cc1329ebB4F63202F3f197b3F050B
0x3b9284ad9efe5ca3ea4f978a8dc0841c76fe7bf48489d56bc928bd50072505b0,0xFD3a22179CA4104E97c670b834750Bd7Ff310b17,,14.79,1.515,1X2,,Major League Soccer,MLS All Stars vs Liga MX All-stars,MLS All Stars,Liga MX All-stars,0x8c2cafed276a7963fb2d454208e725e7abbabf89eb8e731be9a9a6fd8cc23959,L19568253,0,0,SUCCESS,1,1785362324,1785369600,28.718447,SXR,0x6629Ce1Cf35Cc1329ebB4F63202F3f197b3F050B
0xb7c17893e9b58ea9d2af8306ba00e287ee9a7fdd03342f6a767c7248a59befb8,0x4c67719710F563c9CE4Df1836c8d643BACc6986a,,0.08773,1.5175,1X2,,Major League Soccer,MLS All Stars vs Liga MX All-stars,MLS All Stars,Liga MX All-stars,0x8c2cafed276a7963fb2d454208e725e7abbabf89eb8e731be9a9a6fd8cc23959,L19568253,0,0,SUCCESS,1,1785362310,1785369600,0.169527,SXR,0x6629Ce1Cf35Cc1329ebB4F63202F3f197b3F050B
0x9965acb68531b5d9d8111bfcbf06bad73e3cbe0e2df3bb391e2e26d37367ccc3,0x68E1818FF20BBe84F9be9E0A4A395FB11079Bd35,,87.83998,1.83,1X2,,Major League Soccer,MLS All Stars vs Liga MX All-stars,MLS All Stars,Liga MX All-stars,0x4ca505152fdb47862901bba6ca9275e1d05211d34775e6467d7542707dcc8a60,L19568253,0,0,SUCCESS,1,1785362297,1785369600,105.831301,SXR,0x6629Ce1Cf35Cc1329ebB4F63202F3f197b3F050B
0x54532f4b3b33fc83a9aa7e1f9b6ddb63a8da8bf0325b3537d5487dc466c7fc9e,0x68E1818FF20BBe84F9be9E0A4A395FB11079Bd35,,87.83998,1.83,1X2,,Major League Soccer,MLS All Stars vs Liga MX All-stars,MLS All Stars,Liga MX All-stars,0x4ca505152fdb47862901bba6ca9275e1d05211d34775e6467d7542707dcc8a60,L19568253,0,0,SUCCESS,1,1785362296,1785369600,105.831301,SXR,0x6629Ce1Cf35Cc1329ebB4F63202F3f197b3F050B
0x5c4822f464045a2af192b89987b1174024609570f041b20e3d135f6f3cbd2a2d,0x68E1818FF20BBe84F9be9E0A4A395FB11079Bd35,,82.95997,1.83,1X2,,Major League Soccer,MLS All Stars vs Liga MX All-stars,MLS All Stars,Liga MX All-stars,0x4ca505152fdb47862901bba6ca9275e1d05211d34775e6467d7542707dcc8a60,L19568253,0,0,SUCCESS,1,1785362288,1785369600,99.951771,SXR,0x6629Ce1Cf35Cc1329ebB4F63202F3f197b3F050B
0x20c737a5754886a2dcbb1c2d0e314c6235d13c18ee967e7bf916bc467f7db16e,0x68E1818FF20BBe84F9be9E0A4A395FB11079Bd35,,87.83998,1.83,1X2,,Major League Soccer,MLS All Stars vs Liga MX All-stars,MLS All Stars,Liga MX All-stars,0x4ca505152fdb47862901bba6ca9275e1d05211d34775e6467d7542707dcc8a60,L19568253,0,0,SUCCESS,1,1785362279,1785369600,105.831301,SXR,0x6629Ce1Cf35Cc1329ebB4F63202F3f197b3F050B
0xe8b4b7c647f413f431189559b39875c14bd3b0fcac384b15f78b07f3ab747114,0x4c67719710F563c9CE4Df1836c8d643BACc6986a,,108.31999,1.5175,1X2,,Major League Soccer,MLS All Stars vs Liga MX All-stars,MLS All Stars,Liga MX All-stars,0x8c2cafed276a7963fb2d454208e725e7abbabf89eb8e731be9a9a6fd8cc23959,L19568253,0,0,SUCCESS,1,1785362277,1785369600,209.31399,SXR,0x6629Ce1Cf35Cc1329ebB4F63202F3f197b3F050B
0xd639c09fcaafb15ca8cc2acb96dd3f10ddcf576c924531daddd60bc444f8e5b9,0x4c67719710F563c9CE4Df1836c8d643BACc6986a,,9.65,1.5463,1X2,,Major League Soccer,MLS All Stars vs Liga MX All-stars,MLS All Stars,Liga MX All-stars,0x8c2cafed276a7963fb2d454208e725e7abbabf89eb8e731be9a9a6fd8cc23959,L19568253,0,0,SUCCESS,1,1785362266,1785369600,17.665904,SXR,0x6629Ce1Cf35Cc1329ebB4F63202F3f197b3F050B
0x8b04fbeab12afd3406d061bdb8087e38e4bb148649204c1d4953879370ae2e9e,0x4c67719710F563c9CE4Df1836c8d643BACc6986a,,116.89999,1.5175,1X2,,Major League Soccer,MLS All Stars vs Liga MX All-stars,MLS All Stars,Liga MX All-stars,0x8c2cafed276a7963fb2d454208e725e7abbabf89eb8e731be9a9a6fd8cc23959,L19568253,0,0,SUCCESS,1,1785362265,1785369600,225.8937,SXR,0x6629Ce1Cf35Cc1329ebB4F63202F3f197b3F050B
0x35de7f2f4dd2d36cb0a48f1f413bdf33d10b2c170a2238c7ccdc4357c46bee77,0x68E1818FF20BBe84F9be9E0A4A395FB11079Bd35,,87.83998,1.83,1X2,,Major League Soccer,MLS All Stars vs Liga MX All-stars,MLS All Stars,Liga MX All-stars,0x4ca505152fdb47862901bba6ca9275e1d05211d34775e6467d7542707dcc8a60,L19568253,0,0,SUCCESS,1,1785362256,1785369600,105.831301,SXR,0x6629Ce1Cf35Cc1329ebB4F63202F3f197b3F050B
0xf9669ec47b8afb05498cd1d8e30b8b53680f8fd14d24fe6cc80dd29550437553,0x68E1818FF20BBe84F9be9E0A4A395FB11079Bd35,,87.83998,1.83,1X2,,Major League Soccer,MLS All Stars vs Liga MX All-stars,MLS All Stars,Liga MX All-stars,0x4ca505152fdb47862901bba6ca9275e1d05211d34775e6467d7542707dcc8a60,L19568253,0,0,SUCCESS,1,1785362250,1785369600,105.831301,SXR,0x6629Ce1Cf35Cc1329ebB4F63202F3f197b3F050B
0xf67b6ad7c6addefcfba7b2ba56d256bbb0cd30bcaa360834fa27dec99a134a66,0x4c67719710F563c9CE4Df1836c8d643BACc6986a,,114.76,1.5175,1X2,,Major League Soccer,MLS All Stars vs Liga MX All-stars,MLS All Stars,Liga MX All-stars,0x8c2cafed276a7963fb2d454208e725e7abbabf89eb8e731be9a9a6fd8cc23959,L19568253,0,0,SUCCESS,1,1785362243,1785369600,221.758454,SXR,0x6629Ce1Cf35Cc1329ebB4F63202F3f197b3F050B
0xc048ceb578cd5ac9da9406e9660d8d8dc713430b9aeaddecfc5edfe9ca3796ba,0x4c67719710F563c9CE4Df1836c8d643BACc6986a,,106.18,1.5175,1X2,,Major League Soccer,MLS All Stars vs Liga MX All-stars,MLS All Stars,Liga MX All-stars,0x8c2cafed276a7963fb2d454208e725e7abbabf89eb8e731be9a9a6fd8cc23959,L19568253,0,0,SUCCESS,1,1785362229,1785369600,205.178744,SXR,0x6629Ce1Cf35Cc1329ebB4F63202F3f197b3F050B
0x6a87c8dfe4b268dcba25e961b285bd18aaa69589c0ea293cf3e885d472a3f31c,0x4c67719710F563c9CE4Df1836c8d643BACc6986a,,106.18,1.5175,1X2,,Major League Soccer,MLS All Stars vs Liga MX All-stars,MLS All Stars,Liga MX All-stars,0x8c2cafed276a7963fb2d454208e725e7abbabf89eb8e731be9a9a6fd8cc23959,L19568253,0,0,SUCCESS,1,1785362214,1785369600,205.178744,SXR,0x6629Ce1Cf35Cc1329ebB4F63202F3f197b3F050B
0x244227610e1a3697c5bd53177b3127d31e1bfd9db7f6ecfecbbb26ca371d8eab,0x4c67719710F563c9CE4Df1836c8d643BACc6986a,,107.25,1.5175,1X2,,Major League Soccer,MLS All Stars vs Liga MX All-stars,MLS All Stars,Liga MX All-stars,0x8c2cafed276a7963fb2d454208e725e7abbabf89eb8e731be9a9a6fd8cc23959,L19568253,0,0,SUCCESS,1,1785362200,1785369600,207.246377,SXR,0x6629Ce1Cf35Cc1329ebB4F63202F3f197b3F050B
0x998aca8884a1b1ddae8506181b39891579a8811d447c2b7456b64975fe55825b,0x4c67719710F563c9CE4Df1836c8d643BACc6986a,,115.83,1.5175,1X2,,Major League Soccer,MLS All Stars vs Liga MX All-stars,MLS All Stars,Liga MX All-stars,0x8c2cafed276a7963fb2d454208e725e7abbabf89eb8e731be9a9a6fd8cc23959,L19568253,0,0,SUCCESS,1,1785362180,1785369600,223.826087,SXR,0x6629Ce1Cf35Cc1329ebB4F63202F3f197b3F050B
0xc156b87f1c67530111c011c5b31c1a584347e63238cbc652dd8691883e34c5e8,0x4c67719710F563c9CE4Df1836c8d643BACc6986a,,114.76,1.5175,1X2,,Major League Soccer,MLS All Stars vs Liga MX All-stars,MLS All Stars,Liga MX All-stars,0x8c2cafed276a7963fb2d454208e725e7abbabf89eb8e731be9a9a6fd8cc23959,L19568253,0,0,SUCCESS,1,1785362163,1785369600,221.758454,SXR,0x6629Ce1Cf35Cc1329ebB4F63202F3f197b3F050B
0xcc2ad0c841aa2fca088b2fa01737889f7a60f63abbf8a781006aceadd33c7ea4,0x4c67719710F563c9CE4Df1836c8d643BACc6986a,,114.83,1.52,1X2,,Major League Soccer,MLS All Stars vs Liga MX All-stars,MLS All Stars,Liga MX All-stars,0x8c2cafed276a7963fb2d454208e725e7abbabf89eb8e731be9a9a6fd8cc23959,L19568253,0,0,SUCCESS,1,1785362148,1785369600,220.826923,SXR,0x6629Ce1Cf35Cc1329ebB4F63202F3f197b3F050B
0x8fc9d1a556a01dcb92541db0ce575c661972a74e72f0857f8d5442f703b30edc,0x4c67719710F563c9CE4Df1836c8d643BACc6986a,,115.91,1.52,1X2,,Major League Soccer,MLS All Stars vs Liga MX All-stars,MLS All Stars,Liga MX All-stars,0x8c2cafed276a7963fb2d454208e725e7abbabf89eb8e731be9a9a6fd8cc23959,L19568253,0,0,SUCCESS,1,1785362129,1785369600,222.903846,SXR,0x6629Ce1Cf35Cc1329ebB4F63202F3f197b3F050B
0xfa66b6c2e96e45d96af4cb7adb2447ba758615aa60f57451e41b36d6c898f211,0x4c67719710F563c9CE4Df1836c8d643BACc6986a,,64.36,1.52,1X2,,Major League Soccer,MLS All Stars vs Liga MX All-stars,MLS All Stars,Liga MX All-stars,0x8c2cafed276a7963fb2d454208e725e7abbabf89eb8e731be9a9a6fd8cc23959,L19568253,0,0,SUCCESS,1,1785362103,1785369600,123.769231,SXR,0x6629Ce1Cf35Cc1329ebB4F63202F3f197b3F050B
0x6d4e9f522463a0764eda4631689e13ea653ea8d2f88dc767464d2e96f91cacb7,0x4c67719710F563c9CE4Df1836c8d643BACc6986a,,2.88,1.5175,1X2,,Major League Soccer,MLS All Stars vs Liga MX All-stars,MLS All Stars,Liga MX All-stars,0x8c2cafed276a7963fb2d454208e725e7abbabf89eb8e731be9a9a6fd8cc23959,L19568253,0,0,SUCCESS,1,1785362085,1785369600,5.565217,SXR,0x6629Ce1Cf35Cc1329ebB4F63202F3f197b3F050B
0xaeafe6f08230167060978db40cc5a97b6222975e6be020082b2eca7ca05bef57,0x64f5b1770dC9BeAdAA5c573F52472842f8894c8C,,109.73,1.5175,1X2,,Major League Soccer,MLS All Stars vs Liga MX All-stars,MLS All Stars,Liga MX All-stars,0x8c2cafed276a7963fb2d454208e725e7abbabf89eb8e731be9a9a6fd8cc23959,L19568253,0,0,SUCCESS,1,1785361895,1785369600,212.038647,SXR,0x6629Ce1Cf35Cc1329ebB4F63202F3f197b3F050B
0x252d8b1e20f3b8282526fec6e1d925d2c070dd1065775ce10457f4377fa71130,0x97EC1C9682F70091efB04e97b0B34698cF815EE1,1,18,1.1713,1X2,Tie,Major League Soccer,MLS All Stars vs Liga MX All-stars,MLS All Stars,Liga MX All-stars,0x4ca505152fdb47862901bba6ca9275e1d05211d34775e6467d7542707dcc8a60,L19568253,0,0,SUCCESS,1,1785361833,1785369600,105.109489,SXR,0x6629Ce1Cf35Cc1329ebB4F63202F3f197b3F050B
0xca814ce5c5b0b9fb8708b7674327dcaf43014dbb8f5c61836a09cb8cabab8ac0,0x68E1818FF20BBe84F9be9E0A4A395FB11079Bd35,,82.95997,1.83,1X2,,Major League Soccer,MLS All Stars vs Liga MX All-stars,MLS All Stars,Liga MX All-stars,0x4ca505152fdb47862901bba6ca9275e1d05211d34775e6467d7542707dcc8a60,L19568253,0,0,SUCCESS,1,1785361797,1785369600,99.951771,SXR,0x6629Ce1Cf35Cc1329ebB4F63202F3f197b3F050B
0x28d90c42ce5ffa67b12e225b9b2919c50d558b3993ad857942917cd174f210d3,0x68E1818FF20BBe84F9be9E0A4A395FB11079Bd35,,92.71999,1.83,1X2,,Major League Soccer,MLS All Stars vs Liga MX All-stars,MLS All Stars,Liga MX All-stars,0x4ca505152fdb47862901bba6ca9275e1d05211d34775e6467d7542707dcc8a60,L19568253,0,0,SUCCESS,1,1785361796,1785369600,111.710831,SXR,0x6629Ce1Cf35Cc1329ebB4F63202F3f197b3F050B
0x0e34b41e83fa6012641dd1bd174a4e2422c0739e12bc9778de33bbc36b118eee,0xf068eF8DF8f47185D02d59Bb33d9eC7A057a571E,1,23.01456,1.1738,1X2,Tie,Major League Soccer,MLS All Stars vs Liga MX All-stars,MLS All Stars,Liga MX All-stars,0x4ca505152fdb47862901bba6ca9275e1d05211d34775e6467d7542707dcc8a60,L19568253,0,0,SUCCESS,1,1785361770,1785369600,132.457899,SXR,0x6629Ce1Cf35Cc1329ebB4F63202F3f197b3F050B
0xade612214acc361b2dcf895a7099ac7bc5bdeb50e653fbb46cabc534642179a7,0x05D0a06ac77E0d86F920c37078F51C2EB288A9Eb,,46.13342,1.52,1X2,,Major League Soccer,MLS All Stars vs Liga MX All-stars,MLS All Stars,Liga MX All-stars,0x8c2cafed276a7963fb2d454208e725e7abbabf89eb8e731be9a9a6fd8cc23959,L19568253,0,0,SUCCESS,1,1785361744,1785369600,88.718115,SXR,0x6629Ce1Cf35Cc1329ebB4F63202F3f197b3F050B
0xe4060af3e9dfac54d154f778f9bb1d68ca8139885d5c3bcf688e77e3b6671ec6,0x68E1818FF20BBe84F9be9E0A4A395FB11079Bd35,,82.95997,1.83,1X2,,Major League Soccer,MLS All Stars vs Liga MX All-stars,MLS All Stars,Liga MX All-stars,0x4ca505152fdb47862901bba6ca9275e1d05211d34775e6467d7542707dcc8a60,L19568253,0,0,SUCCESS,1,1785361711,1785369600,99.951771,SXR,0x6629Ce1Cf35Cc1329ebB4F63202F3f197b3F050B
0x4030e9983fec2fff24239fef6c1442ebfe1577f691348ef4fa4ed29852e84200,0x68E1818FF20BBe84F9be9E0A4A395FB11079Bd35,,87.83998,1.83,1X2,,Major League Soccer,MLS All Stars vs Liga MX All-stars,MLS All Stars,Liga MX All-stars,0x4ca505152fdb47862901bba6ca9275e1d05211d34775e6467d7542707dcc8a60,L19568253,0,0,SUCCESS,1,1785361636,1785369600,105.831301,SXR,0x6629Ce1Cf35Cc1329ebB4F63202F3f197b3F050B
0xdb8eaf471258a56aa100dfae3d5b9c357ffb9639ba4992fed5f441b59156c587,0x68E1818FF20BBe84F9be9E0A4A395FB11079Bd35,,87.83998,1.83,1X2,,Major League Soccer,MLS All Stars vs Liga MX All-stars,MLS All Stars,Liga MX All-stars,0x4ca505152fdb47862901bba6ca9275e1d05211d34775e6467d7542707dcc8a60,L19568253,0,0,SUCCESS,1,1785361619,1785369600,105.831301,SXR,0x6629Ce1Cf35Cc1329ebB4F63202F3f197b3F050B
0x2a9287c51081ccc59251984aa8edc977387bf14f92bb501bab91fd884b92c3d6,0x68E1818FF20BBe84F9be9E0A4A395FB11079Bd35,,82.95997,1.83,1X2,,Major League Soccer,MLS All Stars vs Liga MX All-stars,MLS All Stars,Liga MX All-stars,0x4ca505152fdb47862901bba6ca9275e1d05211d34775e6467d7542707dcc8a60,L19568253,0,0,SUCCESS,1,1785361502,1785369600,99.951771,SXR,0x6629Ce1Cf35Cc1329ebB4F63202F3f197b3F050B
0x8f8d9245c3c80b2e38b5efa02f0ea54d80cbaf9affd08e3d5c443bb82b37050c,0x05D0a06ac77E0d86F920c37078F51C2EB288A9Eb,1,5.47,1.17,Asian Handicap (-2.5),FC New York -2.5,Major League Soccer,FC New York vs Toronto FC,FC New York,Toronto FC,0xc25ba6a610fd8ec96b2d068901e8c5adae507d4a835b298a4c24caf7597b9d73,L19516190,0,0,SUCCESS,1,1785361325,1785540600,32.176471,SXR,0x6629Ce1Cf35Cc1329ebB4F63202F3f197b3F050B
0xc4c504f2de092b3cf48f25557e4bbbca99a4cd541d9c8cbbecf60f496aa9a8eb,0xAAC601FEf8F6FBd4D17d515dA528e648f468E0A1,1,6.5075,1.1713,1X2,Tie,Major League Soccer,MLS All Stars vs Liga MX All-stars,MLS All Stars,Liga MX All-stars,0x4ca505152fdb47862901bba6ca9275e1d05211d34775e6467d7542707dcc8a60,L19568253,0,0,SUCCESS,1,1785361318,1785369600,38.0,SXR,0x6629Ce1Cf35Cc1329ebB4F63202F3f197b3F050B
0x4b4c0589bbec559e3b13b1958cc40dd2868c40419a8065f01f6029710702f434,0x68E1818FF20BBe84F9be9E0A4A395FB11079Bd35,,82.95997,1.83,1X2,,Major League Soccer,MLS All Stars vs Liga MX All-stars,MLS All Stars,Liga MX All-stars,0x4ca505152fdb47862901bba6ca9275e1d05211d34775e6467d7542707dcc8a60,L19568253,0,0,SUCCESS,1,1785361222,1785369600,99.951771,SXR,0x6629Ce1Cf35Cc1329ebB4F63202F3f197b3F050B
0x4047a6b467ef59cc2408bdd81da835aef990247b2bf229a76a4074fc59b15fb2,0x68E1818FF20BBe84F9be9E0A4A395FB11079Bd35,,92.71999,1.83,1X2,,Major League Soccer,MLS All Stars vs Liga MX All-stars,MLS All Stars,Liga MX All-stars,0x4ca505152fdb47862901bba6ca9275e1d05211d34775e6467d7542707dcc8a60,L19568253,0,0,SUCCESS,1,1785361162,1785369600,111.710831,SXR,0x6629Ce1Cf35Cc1329ebB4F63202F3f197b3F050B
0xb7905d28bde9a01b528d6a7b17b4ba5914b92438ea726031db07e4cd3191434c,0x68E1818FF20BBe84F9be9E0A4A395FB11079Bd35,,87.83998,1.83,1X2,,Major League Soccer,MLS All Stars vs Liga MX All-stars,MLS All Stars,Liga MX All-stars,0x4ca505152fdb47862901bba6ca9275e1d05211d34775e6467d7542707dcc8a60,L19568253,0,0,SUCCESS,1,1785361161,1785369600,105.831301,SXR,0x6629Ce1Cf35Cc1329ebB4F63202F3f197b3F050B
0x5eddeeee2f6a377c473c27794b6e89343608d9106e063c16bbd92845ed57b689,0x68E1818FF20BBe84F9be9E0A4A395FB11079Bd35,,92.71999,1.83,1X2,,Major League Soccer,MLS All Stars vs Liga MX All-stars,MLS All Stars,Liga MX All-stars,0x4ca505152fdb47862901bba6ca9275e1d05211d34775e6467d7542707dcc8a60,L19568253,0,0,SUCCESS,1,1785361067,1785369600,111.710831,SXR,0x6629Ce1Cf35Cc1329ebB4F63202F3f197b3F050B
0x8e0955c7ecb57407c83f0e68248129f6b504deb6160fa9b7b46d1d5170f15206,0xAAC601FEf8F6FBd4D17d515dA528e648f468E0A1,1,1.4,1.175,1X2,Tie,Major League Soccer,MLS All Stars vs Liga MX All-stars,MLS All Stars,Liga MX All-stars,0x4ca505152fdb47862901bba6ca9275e1d05211d34775e6467d7542707dcc8a60,L19568253,0,0,SUCCESS,1,1785359943,1785369600,8.0,SXR,0x6629Ce1Cf35Cc1329ebB4F63202F3f197b3F050B
0x96cfdce4094b3df85c24dea253a1e55dfc6c13a02b0a775d0e9077a897deb9f7,0x8F54165739575Eb68f4F697173F4ab89b3ce1eBa,,20,1.8287,1X2,,Major League Soccer,MLS All Stars vs Liga MX All-stars,MLS All Stars,Liga MX All-stars,0x4ca505152fdb47862901bba6ca9275e1d05211d34775e6467d7542707dcc8a60,L19568253,0,0,SUCCESS,1,1785359502,1785369600,24.13273,SXR,0x6629Ce1Cf35Cc1329ebB4F63202F3f197b3F050B
0x806d8d52530c7d1719aef0020f4747ea7249f6675403a5af4c80c741d6abc571,0x68E1818FF20BBe84F9be9E0A4A395FB11079Bd35,,94.19997,1.825,1X2,,Major League Soccer,MLS All Stars vs Liga MX All-stars,MLS All Stars,Liga MX All-stars,0x4ca505152fdb47862901bba6ca9275e1d05211d34775e6467d7542707dcc8a60,L19568253,0,0,SUCCESS,1,1785359426,1785369600,114.181782,SXR,0x6629Ce1Cf35Cc1329ebB4F63202F3f197b3F050B
0x8add3fd0f4fd481972af3f7fca31bf80fef93cc79a56a8758553187d6e3e68db,0x68E1818FF20BBe84F9be9E0A4A395FB11079Bd35,,94.19997,1.825,1X2,,Major League Soccer,MLS All Stars vs Liga MX All-stars,MLS All Stars,Liga MX All-stars,0x4ca505152fdb47862901bba6ca9275e1d05211d34775e6467d7542707dcc8a60,L19568253,0,0,SUCCESS,1,1785359425,1785369600,114.181782,SXR,0x6629Ce1Cf35Cc1329ebB4F63202F3f197b3F050B
0xe83f855d836d9d890460d0eec5110dd8035a6f56e0258d3c4876eb5b0255f21e,0x68E1818FF20BBe84F9be9E0A4A395FB11079Bd35,,89.48997,1.825,1X2,,Major League Soccer,MLS All Stars vs Liga MX All-stars,MLS All Stars,Liga MX All-stars,0x4ca505152fdb47862901bba6ca9275e1d05211d34775e6467d7542707dcc8a60,L19568253,0,0,SUCCESS,1,1785359174,1785369600,108.472691,SXR,0x6629Ce1Cf35Cc1329ebB4F63202F3f197b3F050B
0x3404ba026af705ae6e50164e5ff2bc7d23d806e8ffae1faca4941ba5e10a1962,0x68E1818FF20BBe84F9be9E0A4A395FB11079Bd35,,94.19997,1.825,1X2,,Major League Soccer,MLS All Stars vs Liga MX All-stars,MLS All Stars,Liga MX All-stars,0x4ca505152fdb47862901bba6ca9275e1d05211d34775e6467d7542707dcc8a60,L19568253,0,0,SUCCESS,1,1785359122,1785369600,114.181782,SXR,0x6629Ce1Cf35Cc1329ebB4F63202F3f197b3F050B
0x2ab4f85407db473d5aff124e56037f1514630882b6621accbf6842e916b15b96,0x68E1818FF20BBe84F9be9E0A4A395FB11079Bd35,,94.19997,1.825,1X2,,Major League Soccer,MLS All Stars vs Liga MX All-stars,MLS All Stars,Liga MX All-stars,0x4ca505152fdb47862901bba6ca9275e1d05211d34775e6467d7542707dcc8a60,L19568253,0,0,SUCCESS,1,1785358951,1785369600,114.181782,SXR,0x6629Ce1Cf35Cc1329ebB4F63202F3f197b3F050B
0x8e324a7e4db406819af231a55a4367171266b0c8a7e091461f797d2142e3d151,0x68E1818FF20BBe84F9be9E0A4A395FB11079Bd35,1,1.90459,1.4775,1X2,MLS All Stars,Major League Soccer,MLS All Stars vs Liga MX All-stars,MLS All Stars,Liga MX All-stars,0x8c2cafed276a7963fb2d454208e725e7abbabf89eb8e731be9a9a6fd8cc23959,L19568253,0,0,SUCCESS,1,1785358730,1785369600,3.98867,SXR,0x6629Ce1Cf35Cc1329ebB4F63202F3f197b3F050B
0x06cbe0e29b73da0ba3c2caf27f958ce67c70e4441a31a45c24a4dfd26d909c7d,0x68E1818FF20BBe84F9be9E0A4A395FB11079Bd35,,89.48997,1.825,1X2,,Major League Soccer,MLS All Stars vs Liga MX All-stars,MLS All Stars,Liga MX All-stars,0x4ca505152fdb47862901bba6ca9275e1d05211d34775e6467d7542707dcc8a60,L19568253,0,0,SUCCESS,1,1785358526,1785369600,108.472691,SXR,0x6629Ce1Cf35Cc1329ebB4F63202F3f197b3F050B
0xf8b8bc4cab24f60fbce9238e39e5c557d1a44e5e77b98c8361008dfb55702a5d,0x68E1818FF20BBe84F9be9E0A4A395FB11079Bd35,1,104,1.4775,1X2,MLS All Stars,Major League Soccer,MLS All Stars vs Liga MX All-stars,MLS All Stars,Liga MX All-stars,0x8c2cafed276a7963fb2d454208e725e7abbabf89eb8e731be9a9a6fd8cc23959,L19568253,0,0,SUCCESS,1,1785358322,1785369600,217.801047,SXR,0x6629Ce1Cf35Cc1329ebB4F63202F3f197b3F050B
0x9aa21cf1dca6ee136c987a37860f9012908594c3243b80de3a90516c03a3de9f,0x68E1818FF20BBe84F9be9E0A4A395FB11079Bd35,1,96,1.4775,1X2,MLS All Stars,Major League Soccer,MLS All Stars vs Liga MX All-stars,MLS All Stars,Liga MX All-stars,0x8c2cafed276a7963fb2d454208e725e7abbabf89eb8e731be9a9a6fd8cc23959,L19568253,0,0,SUCCESS,1,1785358147,1785369600,201.04712,SXR,0x6629Ce1Cf35Cc1329ebB4F63202F3f197b3F050B
0x0a2fed26c2bc841f89945301c5757a4e9c52d9c04d5901e396fdbc8cf632e6b6,0x68E1818FF20BBe84F9be9E0A4A395FB11079Bd35,,84.77997,1.825,1X2,,Major League Soccer,MLS All Stars vs Liga MX All-stars,MLS All Stars,Liga MX All-stars,0x4ca505152fdb47862901bba6ca9275e1d05211d34775e6467d7542707dcc8a60,L19568253,0,0,SUCCESS,1,1785357988,1785369600,102.7636,SXR,0x6629Ce1Cf35Cc1329ebB4F63202F3f197b3F050B
0xe9b71757964dc90acee5a8ba50f56887e279df5b2b66c89307859fb79a0237a6,0x68E1818FF20BBe84F9be9E0A4A395FB11079Bd35,,89.48997,1.825,1X2,,Major League Soccer,MLS All Stars vs Liga MX All-stars,MLS All Stars,Liga MX All-stars,0x4ca505152fdb47862901bba6ca9275e1d05211d34775e6467d7542707dcc8a60,L19568253,0,0,SUCCESS,1,1785357716,1785369600,108.472691,SXR,0x6629Ce1Cf35Cc1329ebB4F63202F3f197b3F050B
0x962b4d7f558c0fbd6cffc494a06833107e1e205287c42a27f720a64cbe630205,0x8Aba6E6af9321Edf3b1b3b1CA92adEdb93D247C6,,24.01703,1.5263,1X2,,Major League Soccer,MLS All Stars vs Liga MX All-stars,MLS All Stars,Liga MX All-stars,0x8c2cafed276a7963fb2d454208e725e7abbabf89eb8e731be9a9a6fd8cc23959,L19568253,0,0,SUCCESS,1,1785357522,1785369600,45.638062,SXR,0x6629Ce1Cf35Cc1329ebB4F63202F3f197b3F050B
0xc30be1bd72a4061f93a200c63536138cdfc389ac851fadacdc513a25b722eeb2,0x7C3Ae77F3dB11e261D078B1a71cb92cB99D72438,,8.29,1.5238,1X2,,Major League Soccer,MLS All Stars vs Liga MX All-stars,MLS All Stars,Liga MX All-stars,0x8c2cafed276a7963fb2d454208e725e7abbabf89eb8e731be9a9a6fd8cc23959,L19568253,0,0,SUCCESS,1,1785357149,1785369600,15.828162,SXR,0x6629Ce1Cf35Cc1329ebB4F63202F3f197b3F050B
0x2ac2a7254ed261383e63a694bdda7558c63bc0cba96fab1d876baf14d5f064d7,0x237ee0a4bcC2D25604635C46468C61cfD7F51565,1,2,1.3687,Under/Over (5.5),Over 5.5,Major League Soccer,MLS All Stars vs Liga MX All-stars,MLS All Stars,Liga MX All-stars,0x44da0203648b86d3b9c6b0553dc7556fc89ee59e00fd0af396e9303759f8a214,L19568253,0,0,SUCCESS,1,1785356704,1785369600,5.423729,SXR,0x6629Ce1Cf35Cc1329ebB4F63202F3f197b3F050B
0x7d3bb575d5b0912c77210675d94bd71cd4f1b311a234923789bb4a157a910d1a,0x237ee0a4bcC2D25604635C46468C61cfD7F51565,1,2,1.4775,1X2,MLS All Stars,Major League Soccer,MLS All Stars vs Liga MX All-stars,MLS All Stars,Liga MX All-stars,0x8c2cafed276a7963fb2d454208e725e7abbabf89eb8e731be9a9a6fd8cc23959,L19568253,0,0,SUCCESS,1,1785356702,1785369600,4.188482,SXR,0x6629Ce1Cf35Cc1329ebB4F63202F3f197b3F050B
0xb44bdbb4f7b1f621cbfe0b8ec4e7b276ae5a3737991b6fcc43d7736aeb1b4b23,0x740d5718a79A8559fEeE8B00922F8Cd773A81D84,,10.51,1.645,Under/Over (5.5),,Major League Soccer,MLS All Stars vs Liga MX All-stars,MLS All Stars,Liga MX All-stars,0x44da0203648b86d3b9c6b0553dc7556fc89ee59e00fd0af396e9303759f8a214,L19568253,0,0,SUCCESS,1,1785356701,1785369600,16.294574,SXR,0x6629Ce1Cf35Cc1329ebB4F63202F3f197b3F050B
0xd78dd3bca5df23f181cfb80c60b15ff1375ed6887cef12946f0977daa792533b,0x68E1818FF20BBe84F9be9E0A4A395FB11079Bd35,1,97,1.4775,1X2,MLS All Stars,Major League Soccer,MLS All Stars vs Liga MX All-stars,MLS All Stars,Liga MX All-stars,0x8c2cafed276a7963fb2d454208e725e7abbabf89eb8e731be9a9a6fd8cc23959,L19568253,0,0,SUCCESS,1,1785356700,1785369600,203.141361,SXR,0x6629Ce1Cf35Cc1329ebB4F63202F3f197b3F050B
0x3d54b36bcdee9601895e87ab084efea51a6805655db533b0693bda0e494ff697,0x740d5718a79A8559fEeE8B00922F8Cd773A81D84,,51.15999,1.6425,Under/Over (5.5),,Major League Soccer,MLS All Stars vs Liga MX All-stars,MLS All Stars,Liga MX All-stars,0x44da0203648b86d3b9c6b0553dc7556fc89ee59e00fd0af396e9303759f8a214,L19568253,0,0,SUCCESS,1,1785356318,1785369600,79.626444,SXR,0x6629Ce1Cf35Cc1329ebB4F63202F3f197b3F050B
0x31068158ea96626e538b46dcd90be232d2bd9eb45a3f6ada4dc91196dfce4bd2,0x68E1818FF20BBe84F9be9E0A4A395FB11079Bd35,,98.07,1.8237,1X2,,Major League Soccer,MLS All Stars vs Liga MX All-stars,MLS All Stars,Liga MX All-stars,0x4ca505152fdb47862901bba6ca9275e1d05211d34775e6467d7542707dcc8a60,L19568253,0,0,SUCCESS,1,1785356052,1785369600,119.053111,SXR,0x6629Ce1Cf35Cc1329ebB4F63202F3f197b3F050B
0x604dcf2ad54b8a8e73cc023a4ca8f4ec3bd6c3b99d5bae34ec0cb539f52f2b09,0x68E1818FF20BBe84F9be9E0A4A395FB11079Bd35,1,94,1.4725,1X2,MLS All Stars,Major League Soccer,MLS All Stars vs Liga MX All-stars,MLS All Stars,Liga MX All-stars,0x8c2cafed276a7963fb2d454208e725e7abbabf89eb8e731be9a9a6fd8cc23959,L19568253,0,0,SUCCESS,1,1785355529,1785369600,198.941799,SXR,0x6629Ce1Cf35Cc1329ebB4F63202F3f197b3F050B
0xfc1454273e2c7970b84e7713e596916d7be9e47ee266e967e2f89af51fe4d0c4,0x68E1818FF20BBe84F9be9E0A4A395FB11079Bd35,1,94,1.4725,1X2,MLS All Stars,Major League Soccer,MLS All Stars vs Liga MX All-stars,MLS All Stars,Liga MX All-stars,0x8c2cafed276a7963fb2d454208e725e7abbabf89eb8e731be9a9a6fd8cc23959,L19568253,0,0,SUCCESS,1,1785355409,1785369600,198.941799,SXR,0x6629Ce1Cf35Cc1329ebB4F63202F3f197b3F050B
0xb81dcb2d16a3f5b7d8c25a2e1b9e9a77a8a205add4273a6bcc240be47b0a3eca,0xFD3a22179CA4104E97c670b834750Bd7Ff310b17,,9.99999,1.5288,1X2,,Major League Soccer,MLS All Stars vs Liga MX All-stars,MLS All Stars,Liga MX All-stars,0x8c2cafed276a7963fb2d454208e725e7abbabf89eb8e731be9a9a6fd8cc23959,L19568253,0,0,SUCCESS,1,1785355144,1785369600,18.912511,SXR,0x6629Ce1Cf35Cc1329ebB4F63202F3f197b3F050B
0x68b0a30886f6f4d63f92c8008f9ebecd8cc03b15936d6ea4984951174fba9846,0x68E1818FF20BBe84F9be9E0A4A395FB11079Bd35,1,99,1.4725,1X2,MLS All Stars,Major League Soccer,MLS All Stars vs Liga MX All-stars,MLS All Stars,Liga MX All-stars,0x8c2cafed276a7963fb2d454208e725e7abbabf89eb8e731be9a9a6fd8cc23959,L19568253,0,0,SUCCESS,1,1785355126,1785369600,209.52381,SXR,0x6629Ce1Cf35Cc1329ebB4F63202F3f197b3F050B
0x74b46bb234f451321962fc3ff3487e66d944e09dda65032413628043e66d4a99,0xD039844e10d0cdc0b9d8fC5FBF8676e3dECD129B,1,1,1.1787,1X2,Tie,Major League Soccer,MLS All Stars vs Liga MX All-stars,MLS All Stars,Liga MX All-stars,0x4ca505152fdb47862901bba6ca9275e1d05211d34775e6467d7542707dcc8a60,L19568253,0,0,SUCCESS,1,1785355112,1785369600,5.594406,SXR,0x6629Ce1Cf35Cc1329ebB4F63202F3f197b3F050B
0x636440125d6c2106b5381427da89b1871ba53562415c436d3b2e7eca95afb49e,0x0fE55cE066A9810115Ea99B11a14e96a4b635810,1,6.71,1.1787,1X2,Tie,Major League Soccer,MLS All Stars vs Liga MX All-stars,MLS All Stars,Liga MX All-stars,0x4ca505152fdb47862901bba6ca9275e1d05211d34775e6467d7542707dcc8a60,L19568253,0,0,SUCCESS,1,1785355095,1785369600,37.538462,SXR,0x6629Ce1Cf35Cc1329ebB4F63202F3f197b3F050B
0x98be0e407967f0c84d195b5286173f49f0f26b834e6d298745ffc93717d99c8a,0xD039844e10d0cdc0b9d8fC5FBF8676e3dECD129B,1,1,1.2475,1X2,Tie,Major League Soccer,FC New York vs Toronto FC,FC New York,Toronto FC,0x2cfe54a9a02ee7b2259d7e1d6c5884f2ae85fcd8ff4acadf6013bbc676f55fd8,L19516190,0,0,SUCCESS,1,1785355090,1785540600,4.040404,SXR,0x6629Ce1Cf35Cc1329ebB4F63202F3f197b3F050B
0x1fd03c4839b4034fb947117378ecdbc96eaa0349e7baf46f3eeba48ee5e0c173,0xD039844e10d0cdc0b9d8fC5FBF8676e3dECD129B,1,1,1.205,1X2,Toronto FC,Major League Soccer,FC New York vs Toronto FC,FC New York,Toronto FC,0x2a19e10d670c1fa5b50516d1bc9dd221e36f698ac71f50671976619d3de5b894,L19516190,0,0,SUCCESS,1,1785355084,1785540600,4.878049,SXR,0x6629Ce1Cf35Cc1329ebB4F63202F3f197b3F050B
0x9115485379553b4a328abb51374288e7675f3e2a64060004601261f1daff6582,0x0fE55cE066A9810115Ea99B11a14e96a4b635810,1,15.98,1.1787,1X2,Tie,Major League Soccer,MLS All Stars vs Liga MX All-stars,MLS All Stars,Liga MX All-stars,0x4ca505152fdb47862901bba6ca9275e1d05211d34775e6467d7542707dcc8a60,L19568253,0,0,SUCCESS,1,1785355054,1785369600,89.398601,SXR,0x6629Ce1Cf35Cc1329ebB4F63202F3f197b3F050B
0x08a042abb0d38c578f144b4da8f547b2c38076b61d8e4ce2480e8b09bbf7267d,0x0fE55cE066A9810115Ea99B11a14e96a4b635810,1,14.98,1.1787,1X2,Tie,Major League Soccer,MLS All Stars vs Liga MX All-stars,MLS All Stars,Liga MX All-stars,0x4ca505152fdb47862901bba6ca9275e1d05211d34775e6467d7542707dcc8a60,L19568253,0,0,SUCCESS,1,1785355037,1785369600,83.804196,SXR,0x6629Ce1Cf35Cc1329ebB4F63202F3f197b3F050B
0xd54c1cf2298f5a0831c9969039f9efb1edeabedf4976722087f07570ea9e0c33,0x97EC1C9682F70091efB04e97b0B34698cF815EE1,,11.32,1.5288,1X2,,Major League Soccer,MLS All Stars vs Liga MX All-stars,MLS All Stars,Liga MX All-stars,0x8c2cafed276a7963fb2d454208e725e7abbabf89eb8e731be9a9a6fd8cc23959,L19568253,0,0,SUCCESS,1,1785354515,1785369600,21.408983,SXR,0x6629Ce1Cf35Cc1329ebB4F63202F3f197b3F050B
0xa666c2800b5a11d6d8d7d1fe100f3bb603dcdd0c8b36682f8eca1075492f9a5c,0x0fE55cE066A9810115Ea99B11a14e96a4b635810,1,14.88,1.1787,1X2,Tie,Major League Soccer,MLS All Stars vs Liga MX All-stars,MLS All Stars,Liga MX All-stars,0x4ca505152fdb47862901bba6ca9275e1d05211d34775e6467d7542707dcc8a60,L19568253,0,0,SUCCESS,1,1785354192,1785369600,83.244755,SXR,0x6629Ce1Cf35Cc1329ebB4F63202F3f197b3F050B
0x8e4abe8097eacd277233afd40569ff7d1663122f86f856b5fbc8cf445a1701fd,0x0fE55cE066A9810115Ea99B11a14e96a4b635810,1,28.38,1.3562,1X2,Liga MX All-stars,Major League Soccer,MLS All Stars vs Liga MX All-stars,MLS All Stars,Liga MX All-stars,0x2167ba980a9a19415d0fbcfcef6796cf788cbb63fa30c2a73740767e529b73a9,L19568253,0,0,SUCCESS,1,1785354175,1785369600,79.663158,SXR,0x6629Ce1Cf35Cc1329ebB4F63202F3f197b3F050B
0x180c3afa3e02c4269210f4d95d9561bcc75e251f9f9eab09fceb6bef4db42a20,0x0fE55cE066A9810115Ea99B11a14e96a4b635810,1,21.02,1.18,1X2,Tie,Major League Soccer,MLS All Stars vs Liga MX All-stars,MLS All Stars,Liga MX All-stars,0x4ca505152fdb47862901bba6ca9275e1d05211d34775e6467d7542707dcc8a60,L19568253,0,0,SUCCESS,1,1785353994,1785369600,116.777778,SXR,0x6629Ce1Cf35Cc1329ebB4F63202F3f197b3F050B
0xe9701fc669b92b0e828ad6115b7be3da21762c3331720ee61cc056facfe7940c,0x0fE55cE066A9810115Ea99B11a14e96a4b635810,1,42.06,1.3562,1X2,Liga MX All-stars,Major League Soccer,MLS All Stars vs Liga MX All-stars,MLS All Stars,Liga MX All-stars,0x2167ba980a9a19415d0fbcfcef6796cf788cbb63fa30c2a73740767e529b73a9,L19568253,0,0,SUCCESS,1,1785353972,1785369600,118.063158,SXR,0x6629Ce1Cf35Cc1329ebB4F63202F3f197b3F050B
0x3f7c91be41b66c1090319aa4ffe1b033fe54cda78a79665857c6a53fb6a52069,0x0fE55cE066A9810115Ea99B11a14e96a4b635810,1,44.07,1.3562,1X2,Liga MX All-stars,Major League Soccer,MLS All Stars vs Liga MX All-stars,MLS All Stars,Liga MX All-stars,0x2167ba980a9a19415d0fbcfcef6796cf788cbb63fa30c2a73740767e529b73a9,L19568253,0,0,SUCCESS,1,1785353871,1785369600,123.705263,SXR,0x6629Ce1Cf35Cc1329ebB4F63202F3f197b3F050B
0x6f2a251ba0892a4598da07c214037c1c0a6dd2b7da5a40ed1dfdcd00f0e6e2ca,0x0fE55cE066A9810115Ea99B11a14e96a4b635810,1,22.01,1.1812,1X2,Tie,Major League Soccer,MLS All Stars vs Liga MX All-stars,MLS All Stars,Liga MX All-stars,0x4ca505152fdb47862901bba6ca9275e1d05211d34775e6467d7542707dcc8a60,L19568253,0,0,SUCCESS,1,1785353864,1785369600,121.434483,SXR,0x6629Ce1Cf35Cc1329ebB4F63202F3f197b3F050B
0x6f32aeaa49cbacf017ae711a2030beb3439e399adaf6dbd3750323b31da69230,0x44cE278A4b373d2bFD26e6a2F5fA4E3550151d67,,10.83,1.5312,1X2,,Major League Soccer,MLS All Stars vs Liga MX All-stars,MLS All Stars,Liga MX All-stars,0x8c2cafed276a7963fb2d454208e725e7abbabf89eb8e731be9a9a6fd8cc23959,L19568253,0,0,SUCCESS,1,1785353659,1785369600,20.385882,SXR,0x6629Ce1Cf35Cc1329ebB4F63202F3f197b3F050B
0x331f503f5b0fb785ec3bb3ce3f98bd7f735f4d7f80247f8ffd383af4897cdd3e,0xAAC601FEf8F6FBd4D17d515dA528e648f468E0A1,,108.8,1.5312,1X2,,Major League Soccer,MLS All Stars vs Liga MX All-stars,MLS All Stars,Liga MX All-stars,0x8c2cafed276a7963fb2d454208e725e7abbabf89eb8e731be9a9a6fd8cc23959,L19568253,0,0,SUCCESS,1,1785353657,1785369600,204.8,SXR,0x6629Ce1Cf35Cc1329ebB4F63202F3f197b3F050B
0x69b1d53e488cfa38d71c4cc746787bfb5236538d49cb81c79faabe709f7aa67a,0xAAC601FEf8F6FBd4D17d515dA528e648f468E0A1,,104.23125,1.5312,1X2,,Major League Soccer,MLS All Stars vs Liga MX All-stars,MLS All Stars,Liga MX All-stars,0x8c2cafed276a7963fb2d454208e725e7abbabf89eb8e731be9a9a6fd8cc23959,L19568253,0,0,SUCCESS,1,1785353655,1785369600,196.2,SXR,0x6629Ce1Cf35Cc1329ebB4F63202F3f197b3F050B
0xc683a504dc72ea2321fadccef9fbee357755e60af83010a9d998c53e00a84de9,0x8Aba6E6af9321Edf3b1b3b1CA92adEdb93D247C6,,30.46868,1.5375,1X2,,Major League Soccer,MLS All Stars vs Liga MX All-stars,MLS All Stars,Liga MX All-stars,0x8c2cafed276a7963fb2d454208e725e7abbabf89eb8e731be9a9a6fd8cc23959,L19568253,0,0,SUCCESS,1,1785353446,1785369600,56.685916,SXR,0x6629Ce1Cf35Cc1329ebB4F63202F3f197b3F050B
0xb5c0d71becf84f48462e2affd538cac519d8203ddd8b6d51552a9432e154fe88,0x0dc32f656f382cB67758F43c4d29A281feE11B76,,40.25851,1.535,1X2,,Major League Soccer,MLS All Stars vs Liga MX All-stars,MLS All Stars,Liga MX All-stars,0x8c2cafed276a7963fb2d454208e725e7abbabf89eb8e731be9a9a6fd8cc23959,L19568253,0,0,SUCCESS,1,1785352642,1785369600,75.249551,SXR,0x6629Ce1Cf35Cc1329ebB4F63202F3f197b3F050B
0xf356cbd7ffd56ead98787f6152bd1dbef7e894a057bb191d2338944eb6d11c5f,0xFD3a22179CA4104E97c670b834750Bd7Ff310b17,,13.52,1.5463,1X2,,Major League Soccer,MLS All Stars vs Liga MX All-stars,MLS All Stars,Liga MX All-stars,0x8c2cafed276a7963fb2d454208e725e7abbabf89eb8e731be9a9a6fd8cc23959,L19568253,0,0,SUCCESS,1,1785351454,1785369600,24.750572,SXR,0x6629Ce1Cf35Cc1329ebB4F63202F3f197b3F050B
0xa0d018e348ad2c1ff31a42fb21d59a78c557e0a3d516e12be428618e022f1179,0x0fE55cE066A9810115Ea99B11a14e96a4b635810,,50.38574,1.55,1X2,,Major League Soccer,MLS All Stars vs Liga MX All-stars,MLS All Stars,Liga MX All-stars,0x8c2cafed276a7963fb2d454208e725e7abbabf89eb8e731be9a9a6fd8cc23959,L19568253,0,0,SUCCESS,1,1785347525,1785369600,91.610436,SXR,0x6629Ce1Cf35Cc1329ebB4F63202F3f197b3F050B
0x817219ee10a7169cf487a9f8d1f8c683f69b286e1cf8e7f2f8c53bc11336817a,0xD8D06F9EF45Bc9aa7dee9E7dDACD2c0a8BD93bd2,,1.87003,1.4675,Under/Over (4.5),,Major League Soccer,MLS All Stars vs Liga MX All-stars,MLS All Stars,Liga MX All-stars,0xc51c9042a862488420292fe4e0d74c55eea7bf53e3a08c1e22d4746b34133539,L19568253,0,0,SUCCESS,1,1785336909,1785369600,4.000064,SXR,0x6629Ce1Cf35Cc1329ebB4F63202F3f197b3F050B
0x4beaa7c9d4b6b19346ac694748aee512e47c6bc6be5422105e055cd4fb9769a2,0xD8D06F9EF45Bc9aa7dee9E7dDACD2c0a8BD93bd2,,1.87003,1.4675,Under/Over (4.5),,Major League Soccer,MLS All Stars vs Liga MX All-stars,MLS All Stars,Liga MX All-stars,0xc51c9042a862488420292fe4e0d74c55eea7bf53e3a08c1e22d4746b34133539,L19568253,0,0,SUCCESS,1,1785336905,1785369600,4.000064,SXR,0x6629Ce1Cf35Cc1329ebB4F63202F3f197b3F050B
0x81aaf409e44c298a9e6d42004cf100d69cda34dca886b59a87fae3805a254480,0xD8D06F9EF45Bc9aa7dee9E7dDACD2c0a8BD93bd2,,1.87003,1.4675,Under/Over (4.5),,Major League Soccer,MLS All Stars vs Liga MX All-stars,MLS All Stars,Liga MX All-stars,0xc51c9042a862488420292fe4e0d74c55eea7bf53e3a08c1e22d4746b34133539,L19568253,0,0,SUCCESS,1,1785336898,1785369600,4.000064,SXR,0x6629Ce1Cf35Cc1329ebB4F63202F3f197b3F050B
0x8131c8c0e2469699e8a282bb6f6c13d649a2ba55a1f7507dcdaba8f4a70f5e07,0xD8D06F9EF45Bc9aa7dee9E7dDACD2c0a8BD93bd2,,1.87003,1.4675,Under/Over (4.5),,Major League Soccer,MLS All Stars vs Liga MX All-stars,MLS All Stars,Liga MX All-stars,0xc51c9042a862488420292fe4e0d74c55eea7bf53e3a08c1e22d4746b34133539,L19568253,0,0,SUCCESS,1,1785336897,1785369600,4.000064,SXR,0x6629Ce1Cf35Cc1329ebB4F63202F3f197b3F050B
0xc839384f4453d4b78cbd4f45f220dd959cc6d1405a6d405cbeea8d1d3c3e5a28,0xD8D06F9EF45Bc9aa7dee9E7dDACD2c0a8BD93bd2,,1.87003,1.4675,Under/Over (4.5),,Major League Soccer,MLS All Stars vs Liga MX All-stars,MLS All Stars,Liga MX All-stars,0xc51c9042a862488420292fe4e0d74c55eea7bf53e3a08c1e22d4746b34133539,L19568253,0,0,SUCCESS,1,1785336892,1785369600,4.000064,SXR,0x6629Ce1Cf35Cc1329ebB4F63202F3f197b3F050B
0x7607d1f5ba1917af02cb35e735db3e6a8829d525ebf54f81bf899fcad36a98f9,0xD8D06F9EF45Bc9aa7dee9E7dDACD2c0a8BD93bd2,,1.87003,1.4675,Under/Over (4.5),,Major League Soccer,MLS All Stars vs Liga MX All-stars,MLS All Stars,Liga MX All-stars,0xc51c9042a862488420292fe4e0d74c55eea7bf53e3a08c1e22d4746b34133539,L19568253,0,0,SUCCESS,1,1785336889,1785369600,4.000064,SXR,0x6629Ce1Cf35Cc1329ebB4F63202F3f197b3F050B
0x849d610349728e5db096e5eb044fe9e1ee215eb9e09f5ac8a78097ed36515935,0xD8D06F9EF45Bc9aa7dee9E7dDACD2c0a8BD93bd2,,1.87003,1.4675,Under/Over (4.5),,Major League Soccer,MLS All Stars vs Liga MX All-stars,MLS All Stars,Liga MX All-stars,0xc51c9042a862488420292fe4e0d74c55eea7bf53e3a08c1e22d4746b34133539,L19568253,0,0,SUCCESS,1,1785336887,1785369600,4.000064,SXR,0x6629Ce1Cf35Cc1329ebB4F63202F3f197b3F050B
0xd10a839825f6939d8942df653289519796193eca926f867d641470f2f65cd83d,0xD8D06F9EF45Bc9aa7dee9E7dDACD2c0a8BD93bd2,,1.87003,1.4675,Under/Over (4.5),,Major League Soccer,MLS All Stars vs Liga MX All-stars,MLS All Stars,Liga MX All-stars,0xc51c9042a862488420292fe4e0d74c55eea7bf53e3a08c1e22d4746b34133539,L19568253,0,0,SUCCESS,1,1785336462,1785369600,4.000064,SXR,0x6629Ce1Cf35Cc1329ebB4F63202F3f197b3F050B
0x40faad0f34d9404248ba53e0b08c674d8c3ef99a9483f66bbbfb869f732dde95,0xD8D06F9EF45Bc9aa7dee9E7dDACD2c0a8BD93bd2,,1.87003,1.4675,Under/Over (4.5),,Major League Soccer,MLS All Stars vs Liga MX All-stars,MLS All Stars,Liga MX All-stars,0xc51c9042a862488420292fe4e0d74c55eea7bf53e3a08c1e22d4746b34133539,L19568253,0,0,SUCCESS,1,1785336461,1785369600,4.000064,SXR,0x6629Ce1Cf35Cc1329ebB4F63202F3f197b3F050B
0x09b3740c9ce070d312497a2a3abd700cab96cd7d1980907bea078d0eaabe9ea1,0xD8D06F9EF45Bc9aa7dee9E7dDACD2c0a8BD93bd2,,1.87003,1.4675,Under/Over (4.5),,Major League Soccer,MLS All Stars vs Liga MX All-stars,MLS All Stars,Liga MX All-stars,0xc51c9042a862488420292fe4e0d74c55eea7bf53e3a08c1e22d4746b34133539,L19568253,0,0,SUCCESS,1,1785336458,1785369600,4.000064,SXR,0x6629Ce1Cf35Cc1329ebB4F63202F3f197b3F050B
0xb4e4e68bc24ea6955d353feb4d3c0cc08bb8f39b58aef16c4b8ec6f022b6dd10,0xD8D06F9EF45Bc9aa7dee9E7dDACD2c0a8BD93bd2,,1.87003,1.4675,Under/Over (4.5),,Major League Soccer,MLS All Stars vs Liga MX All-stars,MLS All Stars,Liga MX All-stars,0xc51c9042a862488420292fe4e0d74c55eea7bf53e3a08c1e22d4746b34133539,L19568253,0,0,SUCCESS,1,1785336456,1785369600,4.000064,SXR,0x6629Ce1Cf35Cc1329ebB4F63202F3f197b3F050B
0x5b197e02bee8cbe9f689093602386cd7279a63127aafeb9904a7526188298d83,0xD8D06F9EF45Bc9aa7dee9E7dDACD2c0a8BD93bd2,,1.87003,1.4675,Under/Over (4.5),,Major League Soccer,MLS All Stars vs Liga MX All-stars,MLS All Stars,Liga MX All-stars,0xc51c9042a862488420292fe4e0d74c55eea7bf53e3a08c1e22d4746b34133539,L19568253,0,0,SUCCESS,1,1785336453,1785369600,4.000064,SXR,0x6629Ce1Cf35Cc1329ebB4F63202F3f197b3F050B
0x7ffd6ba54e2271c1590d87064f4cbbbde8bb50fee64031e5cd96111984ac37a2,0xD8D06F9EF45Bc9aa7dee9E7dDACD2c0a8BD93bd2,,1.87003,1.4675,Under/Over (4.5),,Major League Soccer,MLS All Stars vs Liga MX All-stars,MLS All Stars,Liga MX All-stars,0xc51c9042a862488420292fe4e0d74c55eea7bf53e3a08c1e22d4746b34133539,L19568253,0,0,SUCCESS,1,1785336449,1785369600,4.000064,SXR,0x6629Ce1Cf35Cc1329ebB4F63202F3f197b3F050B
0x5b833ed8b98fc2e69ac6e4822d2719e2b94c42d14f3f50dbe666a28757144414,0xD8D06F9EF45Bc9aa7dee9E7dDACD2c0a8BD93bd2,,1.87003,1.4675,Under/Over (4.5),,Major League Soccer,MLS All Stars vs Liga MX All-stars,MLS All Stars,Liga MX All-stars,0xc51c9042a862488420292fe4e0d74c55eea7bf53e3a08c1e22d4746b34133539,L19568253,0,0,SUCCESS,1,1785336446,1785369600,4.000064,SXR,0x6629Ce1Cf35Cc1329ebB4F63202F3f197b3F050B
0x44c38cb32b01f5bd9f596dc6cce29798e647e3cd2057fe178f7588ee6e670b82,0xD8D06F9EF45Bc9aa7dee9E7dDACD2c0a8BD93bd2,,1.87003,1.4675,Under/Over (4.5),,Major League Soccer,MLS All Stars vs Liga MX All-stars,MLS All Stars,Liga MX All-stars,0xc51c9042a862488420292fe4e0d74c55eea7bf53e3a08c1e22d4746b34133539,L19568253,0,0,SUCCESS,1,1785336442,1785369600,4.000064,SXR,0x6629Ce1Cf35Cc1329ebB4F63202F3f197b3F050B
0x047ffd720d280602aeba878512a25430ec312096c1caae0c3a6d7c3c5aa7bb1c,0xD8D06F9EF45Bc9aa7dee9E7dDACD2c0a8BD93bd2,,1.87003,1.4675,Under/Over (4.5),,Major League Soccer,MLS All Stars vs Liga MX All-stars,MLS All Stars,Liga MX All-stars,0xc51c9042a862488420292fe4e0d74c55eea7bf53e3a08c1e22d4746b34133539,L19568253,0,0,SUCCESS,1,1785336440,1785369600,4.000064,SXR,0x6629Ce1Cf35Cc1329ebB4F63202F3f197b3F050B
0x98d58175ffe004eca54a97202b27c52e59a38057ee91b308086bbd32c90b1298,0xD8D06F9EF45Bc9aa7dee9E7dDACD2c0a8BD93bd2,,1.87003,1.4675,Under/Over (4.5),,Major League Soccer,MLS All Stars vs Liga MX All-stars,MLS All Stars,Liga MX All-stars,0xc51c9042a862488420292fe4e0d74c55eea7bf53e3a08c1e22d4746b34133539,L19568253,0,0,SUCCESS,1,1785336438,1785369600,4.000064,SXR,0x6629Ce1Cf35Cc1329ebB4F63202F3f197b3F050B
0xfb83513b468fd07970bb5e84c15a66e4611ccb50d4f7d9fae33cb631db0c7af5,0xD8D06F9EF45Bc9aa7dee9E7dDACD2c0a8BD93bd2,,1.87003,1.4675,Under/Over (4.5),,Major League Soccer,MLS All Stars vs Liga MX All-stars,MLS All Stars,Liga MX All-stars,0xc51c9042a862488420292fe4e0d74c55eea7bf53e3a08c1e22d4746b34133539,L19568253,0,0,SUCCESS,1,1785336436,1785369600,4.000064,SXR,0x6629Ce1Cf35Cc1329ebB4F63202F3f197b3F050B
0xbdacc6f7adfb07b99f881c638371e0b3f71eb033b946b5e1cb5af11c345970de,0x97EC1C9682F70091efB04e97b0B34698cF815EE1,,57.82,1.5637,1X2,,Major League Soccer,MLS All Stars vs Liga MX All-stars,MLS All Stars,Liga MX All-stars,0x8c2cafed276a7963fb2d454208e725e7abbabf89eb8e731be9a9a6fd8cc23959,L19568253,0,0,SUCCESS,1,1785327785,1785369600,102.563193,SXR,0x6629Ce1Cf35Cc1329ebB4F63202F3f197b3F050B
0xac28836fad7e453f799cee6fc66762c6236bc0a663e14a3e0877c20c5bf199cd,0x97EC1C9682F70091efB04e97b0B34698cF815EE1,,56.35,1.2662,Under/Over (3.5),,Major League Soccer,MLS All Stars vs Liga MX All-stars,MLS All Stars,Liga MX All-stars,0x068bdeb087f5ee034599b96f8093e9d1e35aa5d13fd8826b50b2b42e2f5940e2,L19568253,0,0,SUCCESS,1,1785310294,1785369600,211.643192,SXR,0x6629Ce1Cf35Cc1329ebB4F63202F3f197b3F050B
0x4bd2377d8fe1c210f82f4b8d3458262eb491bd28c13e84bf4d0d26ad8861beb7,0x5D69C3af95Ff47088b415B25F41b1fFDc8571063,,1.06,1.5537,Asian Handicap (-0.5),,Major League Soccer,MLS All Stars vs Liga MX All-stars,MLS All Stars,Liga MX All-stars,0x4ecdcda732de8f745657522126ddf0aaf8754853e72dcfedc3149710020e71ae,L19568253,0,0,SUCCESS,1,1785304316,1785369600,1.914221,SXR,0x6629Ce1Cf35Cc1329ebB4F63202F3f197b3F050B
0x3f9c33d529cd43772b0d7a996f9ac589d3fa49407b3f2d5f0255668809899008,0x97EC1C9682F70091efB04e97b0B34698cF815EE1,1,87.6,1.5463,Under/Over (4.5),Over 4.5,Major League Soccer,MLS All Stars vs Liga MX All-stars,MLS All Stars,Liga MX All-stars,0xc51c9042a862488420292fe4e0d74c55eea7bf53e3a08c1e22d4746b34133539,L19568253,0,0,SUCCESS,1,1785297435,1785369600,160.366133,SXR,0x6629Ce1Cf35Cc1329ebB4F63202F3f197b3F050B
0x4bd204021e9c71557920a34ed0d70d033fa76e6e5bf45e6c471f9b57a1408f3d,0x97EC1C9682F70091efB04e97b0B34698cF815EE1,,7.91,1.5562,Under/Over (5),,Major League Soccer,MLS All Stars vs Liga MX All-stars,MLS All Stars,Liga MX All-stars,0x1ddcfeff33207d7edcb23afd7608690e1d6f6df588a37297e2570f3e57d39803,L19568253,0,0,SUCCESS,1,1785292715,1785369600,14.220225,SXR,0x6629Ce1Cf35Cc1329ebB4F63202F3f197b3F050B
0xef80a878b4b1395037d28567c43c89d35e73d9879dd914d97ec1d4ce8429ed37,0x97EC1C9682F70091efB04e97b0B34698cF815EE1,,116.67999,1.5562,Under/Over (5),,Major League Soccer,MLS All Stars vs Liga MX All-stars,MLS All Stars,Liga MX All-stars,0x1ddcfeff33207d7edcb23afd7608690e1d6f6df588a37297e2570f3e57d39803,L19568253,0,0,SUCCESS,1,1785291515,1785369600,209.76178,SXR,0x6629Ce1Cf35Cc1329ebB4F63202F3f197b3F050B
0xdca21e4a755ab81fcd3d2d5715fe70cd5e78837b2b4e84439c04f12350d4f22f,0x740d5718a79A8559fEeE8B00922F8Cd773A81D84,,1.2,1.2775,Under/Over (3.5),,Major League Soccer,MLS All Stars vs Liga MX All-stars,MLS All Stars,Liga MX All-stars,0x068bdeb087f5ee034599b96f8093e9d1e35aa5d13fd8826b50b2b42e2f5940e2,L19568253,0,0,SUCCESS,1,1785282116,1785369600,4.324324,SXR,0x6629Ce1Cf35Cc1329ebB4F63202F3f197b3F050B
0xda8570e0246b895ab07da14545bb092a3e25e1c05279c0f33a92d5f6b3ebeddf,0x1aD0dE948858F4DeaCBEa7b44be9459c1486b543,,6.65026,1.6238,Under/Over (5.5),,Major League Soccer,MLS All Stars vs Liga MX All-stars,MLS All Stars,Liga MX All-stars,0x44da0203648b86d3b9c6b0553dc7556fc89ee59e00fd0af396e9303759f8a214,L19568253,0,0,SUCCESS,1,1785280825,1785369600,10.661739,SXR,0x6629Ce1Cf35Cc1329ebB4F63202F3f197b3F050B
0x08c43bb40a6886ec78ab2780c4edb6906857bfcf5824d9fbe8cf52753afe8952,0x44cE278A4b373d2bFD26e6a2F5fA4E3550151d67,,12.81,1.6238,Under/Over (5.5),,Major League Soccer,MLS All Stars vs Liga MX All-stars,MLS All Stars,Liga MX All-stars,0x44da0203648b86d3b9c6b0553dc7556fc89ee59e00fd0af396e9303759f8a214,L19568253,0,0,SUCCESS,1,1785280810,1785369600,20.537074,SXR,0x6629Ce1Cf35Cc1329ebB4F63202F3f197b3F050B
0x033e82bf01fe34d70eb5cca9f1aaea5d22902f43dc39f0dd5ce636d881ac615d,0x1aD0dE948858F4DeaCBEa7b44be9459c1486b543,,4.67812,1.6238,Under/Over (5.5),,Major League Soccer,MLS All Stars vs Liga MX All-stars,MLS All Stars,Liga MX All-stars,0x44da0203648b86d3b9c6b0553dc7556fc89ee59e00fd0af396e9303759f8a214,L19568253,0,0,SUCCESS,1,1785280809,1785369600,7.499992,SXR,0x6629Ce1Cf35Cc1329ebB4F63202F3f197b3F050B
0x98479fd36b8d70bf2dd758db6c7b74202469ed343e51c8a29963525afa00018a,0xA31bC6F3C5514Cc3638BE835d196AF34aB1A8A05,,12.475,1.6238,Under/Over (5.5),,Major League Soccer,MLS All Stars vs Liga MX All-stars,MLS All Stars,Liga MX All-stars,0x44da0203648b86d3b9c6b0553dc7556fc89ee59e00fd0af396e9303759f8a214,L19568253,0,0,SUCCESS,1,1785280808,1785369600,20.0,SXR,0x6629Ce1Cf35Cc1329ebB4F63202F3f197b3F050B
0xa0064a3f80d69923228118716c08f688476b727354732f16baa6b05010ab1b05,0xAAC601FEf8F6FBd4D17d515dA528e648f468E0A1,,18.3375,1.6113,1X2,,Major League Soccer,MLS All Stars vs Liga MX All-stars,MLS All Stars,Liga MX All-stars,0x8c2cafed276a7963fb2d454208e725e7abbabf89eb8e731be9a9a6fd8cc23959,L19568253,0,0,SUCCESS,1,1785277965,1785369600,30.0,SXR,0x6629Ce1Cf35Cc1329ebB4F63202F3f197b3F050B
0xc0620635d2bcefef0c35d69e445dbaa66611f76e660556017e15bcd83a26d7ea,0xE4DD6165bFF7EE73D7932C3b478f7E22431e85E7,2,10.0,1.3013,,,Major League Soccer,DC United vs Toronto FC,DC United,Toronto FC,0xd83024f45e247079ee729b7d468193848fc1cdf8a7bebeb9655dc8286cd06007,L19460872,1,0,SUCCESS,1,1784987346,1785022200,35.817427,SXR,
0x67e2196eb1cab74e18bb87673ef714caccc9aa9e8e683d2bc70a2b26b1f09f46,0xE4DD6165bFF7EE73D7932C3b478f7E22431e85E7,2,3.0,1.4712,,,Major League Soccer,DC United vs Toronto FC,DC United,Toronto FC,0xc4a8723c040c6da4d468caa983944c003651cec99d6098687c362d6409aa8821,L19460872,1,0,SUCCESS,1,1784987346,1785022200,7.480891,SXR,
0xa1f7f182649fd37c2d8d27937ba6351e47b44cd83205da6c31a82906111173d3,0xE4DD6165bFF7EE73D7932C3b478f7E22431e85E7,2,10.0,1.4712,,,Major League Soccer,DC United vs Toronto FC,DC United,Toronto FC,0xc4a8723c040c6da4d468caa983944c003651cec99d6098687c362d6409aa8821,L19460872,1,0,SUCCESS,1,1784987345,1785022200,21.484626,SXR,
0x2a4757ce16c7c6be0e1615c0f0809ffbb4d34e1583c658fc026da15d0179d4a6,0xe2C68b7ef85645e47F9b94382c3Db59b046945a2,2,26.0,1.645,,,Major League Soccer,Philadelphia Union FC vs Seattle Sounders,Philadelphia Union FC,Seattle Sounders,0x125470ffe85374473a833f5e93c9a1356f9f0f0ef5716b34278feda753ebbcc5,L19460883,1,0,SUCCESS,1,1784987320,1785022200,41.295767,SXR,
0xdba52304cc0328011c151730560819c072273a1bb9506e0167db75ec359350cb,0xe2C68b7ef85645e47F9b94382c3Db59b046945a2,2,26.0,1.335,,,Major League Soccer,Philadelphia Union FC vs Seattle Sounders,Philadelphia Union FC,Seattle Sounders,0xff90f589dd6294317bffffb5d41cf6f70b50d7fedda5dcba34a8b85ca06d79aa,L19460883,1,0,SUCCESS,1,1784987319,1785022200,79.518776,SXR,
0x56b46d2ab8d1eaaf4f0dd24634313c3a15b0301503df90adea2aa5cda4653127,0xE4DD6165bFF7EE73D7932C3b478f7E22431e85E7,2,46.0,1.755,,,Major League Soccer,San Diego FC vs FC Dallas,San Diego FC,FC Dallas,0x7af96d0dfbe1abba272a1d4b6fef725f0b089cd2036ec2df148fe722d12589ad,L19461808,1,0,SUCCESS,1,1784987180,1785029400,61.306119,SXR,
0x6a3af73a74f3a52a2ca4f90904f1f07d8386d6831eb3e8c3adacf2f22785aaca,0x0dE776fe723F8121F0cEAF1C9B03f774320c3ef5,1,4.0,1.445,,,Major League Soccer,DC United vs Toronto FC,DC United,Toronto FC,0x81dbdca8c016ea1ed1d823a85db4fc0700e5959a4dd466b9b629253c3cbddc90,L19460872,1,0,SUCCESS,1,1784987160,1785022200,9.008989,SXR,
0xde0a49dfedcd0a0c4281bffac6ee339fe03e4981de1483124e28d3afda07ef61,0x0dE776fe723F8121F0cEAF1C9B03f774320c3ef5,1,4.0,1.445,,,Major League Soccer,DC United vs Toronto FC,DC United,Toronto FC,0x81dbdca8c016ea1ed1d823a85db4fc0700e5959a4dd466b9b629253c3cbddc90,L19460872,1,0,SUCCESS,1,1784987158,1785022200,9.008989,SXR,
0x2b2206ba15ca778b3386f53149f220b9102e442146ee0a000044d90a8b197edf,0xE4DD6165bFF7EE73D7932C3b478f7E22431e85E7,1,11.0,1.4463,,,Major League Soccer,DC United vs Toronto FC,DC United,Toronto FC,0x81dbdca8c016ea1ed1d823a85db4fc0700e5959a4dd466b9b629253c3cbddc90,L19460872,1,0,SUCCESS,1,1784987146,1785022200,26.128829,SXR,
0x38fca3b98375bd8271f96f4cbe9d318eda5f15f2e3cde06f5beb2fce1e6b4fb1,0x0dE776fe723F8121F0cEAF1C9B03f774320c3ef5,1,24.0,1.445,,,Major League Soccer,DC United vs Toronto FC,DC United,Toronto FC,0x81dbdca8c016ea1ed1d823a85db4fc0700e5959a4dd466b9b629253c3cbddc90,L19460872,1,0,SUCCESS,1,1784987144,1785022200,55.235933,SXR,
0x367877e004720279ed04d561cc5e9e37c256e1b9ebdeb33b212994810e452cf6,0xE4DD6165bFF7EE73D7932C3b478f7E22431e85E7,2,11.0,1.5387,,,Major League Soccer,San Diego FC vs FC Dallas,San Diego FC,FC Dallas,0x842aac86f048739b3c1b3797e28a2b7bdbfe087151a7bee5aadbec607fa152e5,L19461808,1,0,SUCCESS,1,1784986900,1785029400,21.680204,SXR,
0xd63426536e69fc16e3480d9780e8a103dc035697de7bacd2195b46f375991e0d,0xF1e5c82790d22aa57B3ec4454818c8e886E9e439,1,9.0,1.4325,,,Major League Soccer,Orlando City vs Nashville SC,Orlando City,Nashville SC,0x1d8add698b7d3ca5af37158a19155c7c477bd73085e937b5777870c9019858bf,L19460882,1,0,SUCCESS,1,1784986889,1785022200,21.779723,SXR,
0xa505ade440fab8189b087706c9c62c271880e168511f5dd21f0854dfaaa463dc,0xF1e5c82790d22aa57B3ec4454818c8e886E9e439,2,224.0,1.535,,,Major League Soccer,New England Revolution vs Atlanta United,New England Revolution,Atlanta United,0xdd5f11572eab92c1a6e5f2de06f5b6cb821afba59f168ceeed1096ebba34fde6,L19460884,1,0,SUCCESS,1,1784986809,1785022200,419.72043,SXR,
0xd88a8de51f76b9cb1052ce3dd3ae19c210558b8a92297f6f559554addd56f514,0xE4DD6165bFF7EE73D7932C3b478f7E22431e85E7,2,16.0,1.5362,,,Major League Soccer,New England Revolution vs Atlanta United,New England Revolution,Atlanta United,0xdd5f11572eab92c1a6e5f2de06f5b6cb821afba59f168ceeed1096ebba34fde6,L19460884,1,0,SUCCESS,1,1784986808,1785022200,29.929902,SXR,
0x35a6a06f46a43cd924fa50fab8e7a609c8ceff7741ce538ebb7bd23947f97ec6,0xe2C68b7ef85645e47F9b94382c3Db59b046945a2,2,15.0,1.7563,,,Major League Soccer,Portland Timbers vs Real Salt Lake,Portland Timbers,Real Salt Lake,0x0ad9cdd59c56b6439188b3b3f527fab598fe2f5ae02586927ca85772f1c3a46e,L19462241,1,0,SUCCESS,1,1784986640,1785033000,20.51282,SXR,
0xa54ed770273a62435972980d5f0a054424a3b748ecaa48f8c6d42aebb6f7c3a2,0xe2C68b7ef85645e47F9b94382c3Db59b046945a2,2,71.0,1.7563,,,Major League Soccer,Portland Timbers vs Real Salt Lake,Portland Timbers,Real Salt Lake,0x0ad9cdd59c56b6439188b3b3f527fab598fe2f5ae02586927ca85772f1c3a46e,L19462241,1,0,SUCCESS,1,1784986634,1785033000,94.76923,SXR,
0xd832f8aafc9ee971d70e613da05fdfb77a25d1e35cf25400045c3a2d4dd6c2f0,0xE4DD6165bFF7EE73D7932C3b478f7E22431e85E7,1,21.0,1.815,,,Major League Soccer,Portland Timbers vs Real Salt Lake,Portland Timbers,Real Salt Lake,0xdb1e9436ae414f11a6a0478e94554ee28ce39c40ec9958b0219ac3024d01f2bf,L19462241,1,0,SUCCESS,1,1784986594,1785033000,26.220528,SXR,
0x50712105bbc784d50caa0c4c2ac551f13654fd6b2b2f3132da9cb36b46498afc,0x68E1818FF20BBe84F9be9E0A4A395FB11079Bd35,2,45.0,1.63,,,Major League Soccer,Portland Timbers vs Real Salt Lake,Portland Timbers,Real Salt Lake,0x791cd0cbf22e7e4be0116590f394029b71c8cb82c540991afc77ec5f60b22d64,L19462241,1,0,SUCCESS,1,1784986593,1785033000,71.891889,SXR,
0x2aaaa88557f3e5000b6f3c944423f1bc9b3926f8667e482f8bed0e33320dc220,0xE4DD6165bFF7EE73D7932C3b478f7E22431e85E7,1,12.0,1.515,,,Major League Soccer,Portland Timbers vs Real Salt Lake,Portland Timbers,Real Salt Lake,0xe8388d48e5358ac6f94430202d60a168f7b6ba86c4e0b5016f098e95befb90e6,L19462241,1,0,SUCCESS,1,1784986593,1785033000,24.116505,SXR,
0xd45f73906677ccd3d0e3901e181ad04528c62caeea2b4c4d2d161a8bbfc08376,0xE4DD6165bFF7EE73D7932C3b478f7E22431e85E7,1,10.0,1.5137,,,Major League Soccer,Portland Timbers vs Real Salt Lake,Portland Timbers,Real Salt Lake,0x94b3814fc1f8be78e0b3c5694d4f66426e261951dfe0274c49f168f93a53f3e7,L19462241,1,0,SUCCESS,1,1784986592,1785033000,20.565547,SXR,
0x9c6291679ae74ded54ac9a42742f99ec5b3da69ec08eebdd1c00fb20cb3b7637,0xE4DD6165bFF7EE73D7932C3b478f7E22431e85E7,1,13.0,1.815,,,Major League Soccer,Portland Timbers vs Real Salt Lake,Portland Timbers,Real Salt Lake,0xdb1e9436ae414f11a6a0478e94554ee28ce39c40ec9958b0219ac3024d01f2bf,L19462241,1,0,SUCCESS,1,1784986592,1785033000,16.27027,SXR,
0x21694b9f78f1420f43062a2f9740587f3067dbb0d7fed1f29894e74b1c93c37a,0xE4DD6165bFF7EE73D7932C3b478f7E22431e85E7,1,13.0,1.285,,,Major League Soccer,DC United vs Toronto FC,DC United,Toronto FC,0x666019dff45719f0c694391d575b1bcdefd8246beb568e0a35f96d918b302c26,L19460872,1,0,SUCCESS,1,1784986411,1785022200,47.524456,SXR,
0x0cdde071b792e4cddb63dac657c9595420c8a2a12f13a8606499cc4fc5eb630c,0xF1e5c82790d22aa57B3ec4454818c8e886E9e439,1,50.0,1.525,,,Major League Soccer,DC United vs Toronto FC,DC United,Toronto FC,0xc4a8723c040c6da4d468caa983944c003651cec99d6098687c362d6409aa8821,L19460872,1,0,SUCCESS,1,1784986411,1785022200,96.926305,SXR,
0x0c76021d17a6bd3e7446ab9c6ff698b0160c089cc4b349b08d5810b2f2c689ac,0xF1e5c82790d22aa57B3ec4454818c8e886E9e439,1,3.0,1.4325,,,Major League Soccer,Orlando City vs Nashville SC,Orlando City,Nashville SC,0xfdd10ed6cc0efb690aeb4007c3281dec99d81756fd8dbfa8cfdf7126e224ae5f,L19460882,1,0,SUCCESS,1,1784986230,1785022200,7.647561,SXR,
0xce53fafb0d9ac968b8d02748d98267f73e71f6a5f84fe5052f3299843bf58734,0xE4DD6165bFF7EE73D7932C3b478f7E22431e85E7,2,17.0,1.635,,,Major League Soccer,Los Angeles FC vs Sporting Kansas City,Los Angeles FC,Sporting Kansas City,0x929c731405c3da78c3a0ade22c472694434851b79135212a74e44ac72f8014c6,L19462240,1,0,SUCCESS,1,1784985898,1785033000,26.771654,SXR,
0xc93089e0ce594c7c53f305bbd04919439c8e718c6e25d0e9c045644334734405,0xE4DD6165bFF7EE73D7932C3b478f7E22431e85E7,2,32.0,1.8,,,Major League Soccer,Los Angeles FC vs Sporting Kansas City,Los Angeles FC,Sporting Kansas City,0x0bb8826bac650c830492e412200ac1a901bd1a6c009bddd5ddf9f2b95a287c95,L19462240,1,0,SUCCESS,1,1784985898,1785033000,40.25,SXR,
0x5a2f3063ae0ab2cda860fb9e31b8fde6f9cc5bb3c5b8da8295f543898d67e79e,0x68E1818FF20BBe84F9be9E0A4A395FB11079Bd35,2,164.0,1.9112,,,Major League Soccer,Los Angeles FC vs Sporting Kansas City,Los Angeles FC,Sporting Kansas City,0x8a2559bf0372e5013335914ae6cf194bd2c4b1b5f2340e27dc6df7708f98eab4,L19462240,1,0,SUCCESS,1,1784985898,1785033000,180.28169,SXR,
0x59252dc416cfab71464152bdaae9cb1f388bb710f0d0f4510f2820ffb19cb53d,0xE4DD6165bFF7EE73D7932C3b478f7E22431e85E7,2,39.0,1.76,,,Major League Soccer,Los Angeles FC vs Sporting Kansas City,Los Angeles FC,Sporting Kansas City,0xef4c1b4d0b4f3de28d89e760b29924bb0137ede7d7acca7ca0a0a6de52dd926d,L19462240,1,0,SUCCESS,1,1784985898,1785033000,51.328947,SXR,
0x8614f27ee2c9205a6467292377f38721ad5afd2472fb2ec76104424975aacceb,0x68E1818FF20BBe84F9be9E0A4A395FB11079Bd35,2,4.0,1.7563,,,Major League Soccer,Houston Dynamo vs Austin FC,Houston Dynamo,Austin FC,0xd440ec151371d9a6591b4116866fe6f8827d6ed88eb20c2b8f6f017ba9db792c,L19461357,1,0,SUCCESS,1,1784985814,1785025800,6.605117,SXR,
0x880db8b895ae9b0c8ecfadb9c3b71d552c89b4e04b9030de8bc2ec05592e98bc,0xE4DD6165bFF7EE73D7932C3b478f7E22431e85E7,2,17.0,1.5375,,,Major League Soccer,Los Angeles FC vs Sporting Kansas City,Los Angeles FC,Sporting Kansas City,0xff7a67f6015ae7d39ea06a03ac753ea7c30d528b650a273203c7b29cddfbc4ee,L19462240,1,0,SUCCESS,1,1784985801,1785033000,31.762158,SXR,
0x497e232b4fe4941c34ccde1658771a1412679724940ab37fab8e9c1c3994a8c8,0x68E1818FF20BBe84F9be9E0A4A395FB11079Bd35,1,9.0,1.5125,,,Major League Soccer,SJ Earthquakes vs LA Galaxy,SJ Earthquakes,LA Galaxy,0xa95eb21fb8f68773598a8c06ce2901843b4c350d1019f5d64e917119abc7abc9,L19462238,1,0,SUCCESS,1,1784985324,1785033000,18.133327,SXR,
0x222eb44dfd233f209135055ab05962c52836f44a2b0f31e4370db8e759c2eeb8,0x68E1818FF20BBe84F9be9E0A4A395FB11079Bd35,2,28.0,1.7712,,,Major League Soccer,SJ Earthquakes vs LA Galaxy,SJ Earthquakes,LA Galaxy,0x53779f808d46fc620f52e25cd6907ab51b65eb70fcfe0019ac6d877790f4d23c,L19462238,1,0,SUCCESS,1,1784985324,1785033000,37.167248,SXR,
0x28eb6238792d6862a5e74cccfae6b7d9c7af8f26c7ab8192595cfbc651c51296,0x68E1818FF20BBe84F9be9E0A4A395FB11079Bd35,1,5.0,1.3613,,,Major League Soccer,Portland Timbers vs Real Salt Lake,Portland Timbers,Real Salt Lake,0x791cd0cbf22e7e4be0116590f394029b71c8cb82c540991afc77ec5f60b22d64,L19462241,1,0,SUCCESS,1,1784985244,1785033000,15.655557,SXR,
0x5b80e9b8f3d5a3adfe8953737fdc739c7c4f850139783e984e6c01b8eaff3ff8,0x7BAa847Bca8D44657e6A3610A17fE245CeF0Cc64,2,19.0,1.2138,,,Major League Soccer,Los Angeles FC vs Sporting Kansas City,Los Angeles FC,Sporting Kansas City,0xa990bfa8a5d8dd5cea50846710f3d34fb702a13bfb5d7828b13f24f1e63ad194,L19462240,1,0,SUCCESS,1,1784985206,1785033000,89.996819,SXR,
0x57a771bca7516260e6c33bc5a6eee97eb4e39482172eb061519e7098ab16b6d4,0xE4DD6165bFF7EE73D7932C3b478f7E22431e85E7,1,22.0,1.7075,,,Major League Soccer,Houston Dynamo vs Austin FC,Houston Dynamo,Austin FC,0xebf47e45a1975663c9792c310cdfdd2e1ae1d0c82bb88d97e565d35911771ee3,L19461357,1,0,SUCCESS,1,1784984995,1785025800,31.349823,SXR,
0x40cb3926ca2a1dcaf48784de4a18607aa839d6be7ae99b4d9768488a9d521562,0xE4DD6165bFF7EE73D7932C3b478f7E22431e85E7,1,15.0,1.4025,,,Major League Soccer,Houston Dynamo vs Austin FC,Houston Dynamo,Austin FC,0x2896fccc3ba499c30319626cf81d20cc999e524ab2a3eff7dce6e60bf73462ea,L19461357,1,0,SUCCESS,1,1784984995,1785025800,38.981342,SXR,
0x7abdd3277ebfddcc699aa0a80904da42a16b24a3fab0bff646750f82d985400f,0xe2C68b7ef85645e47F9b94382c3Db59b046945a2,2,84.0,1.4487,,,Major League Soccer,New England Revolution vs Atlanta United,New England Revolution,Atlanta United,0x93d6e7159f1476317dc614529418504ddb0cc5c1a84f4d7aea88b5ab64c2b1dc,L19460884,1,0,SUCCESS,1,1784984897,1785022200,188.045348,SXR,
0x36378a988d095a34170ae1997691c9d4825a53ff3c8df1e00776008b30d8963c,0xE4DD6165bFF7EE73D7932C3b478f7E22431e85E7,2,11.0,1.515,,,Major League Soccer,Saint Louis SC vs Colorado Rapids,Saint Louis SC,Colorado Rapids,0xdc13841d80f301b4670d98b39ffdeb76e79509f381b1efd6714745eac47771a6,L19461365,1,0,SUCCESS,1,1784984232,1785025800,22.412369,SXR,
0x797d112a6f8479b95a2d3eeaf5977b765fa9edbcb97bf84d38d62aca7106bcda,0x68E1818FF20BBe84F9be9E0A4A395FB11079Bd35,1,0.0,1.4425,,,Major League Soccer,DC United vs Toronto FC,DC United,Toronto FC,0x81dbdca8c016ea1ed1d823a85db4fc0700e5959a4dd466b9b629253c3cbddc90,L19460872,1,0,SUCCESS,1,1784984107,1785022200,2.116588,SXR,
0xc461b8cc6219f11564bd0e10555e7033a0b671b8d93e538c3b86fe380a30a7fb,0x68E1818FF20BBe84F9be9E0A4A395FB11079Bd35,1,1.0,1.4425,,,Major League Soccer,DC United vs Toronto FC,DC United,Toronto FC,0x81dbdca8c016ea1ed1d823a85db4fc0700e5959a4dd466b9b629253c3cbddc90,L19460872,1,0,SUCCESS,1,1784984105,1785022200,4.233175,SXR,
0x74e9a2eb53e26864df9fdfa49fb9c036b6b9a814790102ffede6fa6d07e16349,0x68E1818FF20BBe84F9be9E0A4A395FB11079Bd35,1,88.0,1.4438,,,Major League Soccer,DC United vs Toronto FC,DC United,Toronto FC,0x81dbdca8c016ea1ed1d823a85db4fc0700e5959a4dd466b9b629253c3cbddc90,L19460872,1,0,SUCCESS,1,1784984102,1785022200,200.557296,SXR,
0x69a48a0c7607cd738dd711845cc6792a60c2d446d87fd49f672872d0b20c4964,0x68E1818FF20BBe84F9be9E0A4A395FB11079Bd35,1,36.0,1.4425,,,Major League Soccer,DC United vs Toronto FC,DC United,Toronto FC,0x81dbdca8c016ea1ed1d823a85db4fc0700e5959a4dd466b9b629253c3cbddc90,L19460872,1,0,SUCCESS,1,1784984102,1785022200,82.834079,SXR,
0x859c184535598375e98400866d9347a76c6f45d52551d972e8e97ca2b808cb81,0xF1e5c82790d22aa57B3ec4454818c8e886E9e439,1,4.0,1.4825,,,Major League Soccer,Saint Louis SC vs Colorado Rapids,Saint Louis SC,Colorado Rapids,0xae02af3849520136da700e743d22875f73e85e9b2e9f55914a2ad82b78fff91b,L19461365,1,0,SUCCESS,1,1784984045,1785025800,9.661824,SXR,
0x1d1fbe05add07587bce1d5694bcb6258d2a793f9d7ad8fa72fb21be7cfba14d8,0xF1e5c82790d22aa57B3ec4454818c8e886E9e439,1,4.0,1.4825,,,Major League Soccer,Saint Louis SC vs Colorado Rapids,Saint Louis SC,Colorado Rapids,0xdc13841d80f301b4670d98b39ffdeb76e79509f381b1efd6714745eac47771a6,L19461365,1,0,SUCCESS,1,1784984043,1785025800,9.661824,SXR,
0xee9ee844f4b31639d69d8350d31c77e0caaf83e73c4b20724dd51e87ae07ec0d,0xF1e5c82790d22aa57B3ec4454818c8e886E9e439,1,36.0,1.4825,,,Major League Soccer,Saint Louis SC vs Colorado Rapids,Saint Louis SC,Colorado Rapids,0xdc13841d80f301b4670d98b39ffdeb76e79509f381b1efd6714745eac47771a6,L19461365,1,0,SUCCESS,1,1784984025,1785025800,76.145057,SXR,
0x9669da13357a3e2840b93117ca905991e5603155a4b34da620ccad0a9e4f396a,0xF1e5c82790d22aa57B3ec4454818c8e886E9e439,1,36.0,1.4825,,,Major League Soccer,Saint Louis SC vs Colorado Rapids,Saint Louis SC,Colorado Rapids,0xae02af3849520136da700e743d22875f73e85e9b2e9f55914a2ad82b78fff91b,L19461365,1,0,SUCCESS,1,1784984025,1785025800,76.145057,SXR,
0x0771707e61cc225c10c35495631f8fc000e3b9ebdb95ff34995839af11bfde7f,0xE4DD6165bFF7EE73D7932C3b478f7E22431e85E7,2,7.0,1.54,,,Major League Soccer,San Diego FC vs FC Dallas,San Diego FC,FC Dallas,0x842aac86f048739b3c1b3797e28a2b7bdbfe087151a7bee5aadbec607fa152e5,L19461808,1,0,SUCCESS,1,1784983776,1785029400,14.347815,SXR,
0xcdab98b26e52b4127cc00d82e83ab0700b9e9360b1cc06b46f565a17142086a0,0xe2C68b7ef85645e47F9b94382c3Db59b046945a2,2,6.0,1.56,,,Major League Soccer,Portland Timbers vs Real Salt Lake,Portland Timbers,Real Salt Lake,0xbd5c729502339a3a26e57eb8a47b9fdda7fce9989fea9e79ba7e9e34808ac1b4,L19462241,1,0,SUCCESS,1,1784983720,1785033000,11.363625,SXR,
0x45966106600996e71191db360c399d33d9bbf169e8621dfb8837b75ab6db6085,0xC88F614A48f8A705d7465b03aAF62ddaca0c3754,1,20.0,1.4338,,,Major League Soccer,Portland Timbers vs Real Salt Lake,Portland Timbers,Real Salt Lake,0xbd5c729502339a3a26e57eb8a47b9fdda7fce9989fea9e79ba7e9e34808ac1b4,L19462241,1,0,SUCCESS,1,1784983699,1785033000,48.069141,SXR,
0x35ae91204cedc32c762f3f79ae48fdf2a0cf0f08671bbeb08747f0734c278322,0xB1854fc8aD8ce649EA80D007Fc67d318a239a5DA,2,45.0,1.7538,,,Major League Soccer,Portland Timbers vs Real Salt Lake,Portland Timbers,Real Salt Lake,0x0c1a0f753e35c8393cf5ce9108f743de4b4d250b9f36bc26f07fbd9c112189a9,L19462241,1,0,SUCCESS,1,1784983692,1785033000,60.832478,SXR,
0x6821135fb16f5285e2867838a273cdd4a1677e49dd02c0347782146ee6143e5a,0x8268feC8dCb0D284343054BDf2b649286c9aA0a1,1,69.0,1.4425,,,Major League Soccer,Portland Timbers vs Real Salt Lake,Portland Timbers,Real Salt Lake,0xbd5c729502339a3a26e57eb8a47b9fdda7fce9989fea9e79ba7e9e34808ac1b4,L19462241,1,0,SUCCESS,1,1784983688,1785033000,157.40113,SXR,
0x2c3b9cbbe43b15d9c6d8e158ba8d0fb694b90f9236e2f7c92647b7fbd9e08b5d,0xE4DD6165bFF7EE73D7932C3b478f7E22431e85E7,2,12.0,1.3575,,,Major League Soccer,Columbus Crew vs FC Cincinnati,Columbus Crew,FC Cincinnati,0x62ab873971d2d1237407c3e9c6e003cba1487fc46b9c31c31c5ed9113c6967ed,L19460696,1,0,SUCCESS,1,1784983192,1785021300,34.825175,SXR,
0xe9b6bbc8839fc3f461fd73cd4508f6fa72c0ced977905426d36abb7430523798,0xE4DD6165bFF7EE73D7932C3b478f7E22431e85E7,2,20.0,1.74,,,Major League Soccer,Portland Timbers vs Real Salt Lake,Portland Timbers,Real Salt Lake,0x0ad9cdd59c56b6439188b3b3f527fab598fe2f5ae02586927ca85772f1c3a46e,L19462241,1,0,SUCCESS,1,1784983180,1785033000,27.038459,SXR,
0x2d61e536e7becab937def7efe9e562305995c4a8d35c6b2ed936d04ad46aabf6,0xE4DD6165bFF7EE73D7932C3b478f7E22431e85E7,2,13.0,1.5238,,,Major League Soccer,FC New York vs Chicago Fire,FC New York,Chicago Fire,0xd122ec308b0b248008479385a4f1106484125c187b90f144eea3e9f9c8b4e9ba,L19460873,1,0,SUCCESS,1,1784982941,1785022200,25.565632,SXR,
0xe6358733ed111ce51d4a51eea5122b9f5c6f6442dba79279b6191c9b670a353e,0x68E1818FF20BBe84F9be9E0A4A395FB11079Bd35,2,11.0,1.7375,,,Major League Soccer,FC New York vs Chicago Fire,FC New York,Chicago Fire,0x7aad131aa0de48fa975605e99618e7be75651ff4510d9f2ed171dcc1293e2509,L19460873,1,0,SUCCESS,1,1784982838,1785022200,15.733329,SXR,
0x731b4d9bada19e4da715b2efd671cce228ce57a73d24aa3e5661d53eafa1c471,0xE4DD6165bFF7EE73D7932C3b478f7E22431e85E7,2,37.0,1.7113,,,Major League Soccer,DC United vs Toronto FC,DC United,Toronto FC,0x666019dff45719f0c694391d575b1bcdefd8246beb568e0a35f96d918b302c26,L19460872,1,0,SUCCESS,1,1784982523,1785022200,52.571417,SXR,
0xdcfcaa6f57a3a996e0c3a2368ace9ee4efe83804f31e973d39781bca118e3d69,0xE4DD6165bFF7EE73D7932C3b478f7E22431e85E7,2,20.0,1.5188,,,Major League Soccer,CF Montreal vs Inter Miami CF,CF Montreal,Inter Miami CF,0xfeef7d49a7d2b44054f7c765bc6c0a926c3c42ccf468e85e9ff7ffb2e7450aee,L19460871,1,0,SUCCESS,1,1784982207,1785022200,39.728752,SXR,
0x7f63cf04da6ab0b44cc5744f0e23f3bf8647209359e35cbf8a6d200b3c3ff84f,0xE4DD6165bFF7EE73D7932C3b478f7E22431e85E7,2,31.0,1.51,,,Major League Soccer,Columbus Crew vs FC Cincinnati,Columbus Crew,FC Cincinnati,0xd980a976a51ef39a9d46f423f84d3b79217f0c7ab10c3ea6f5de99b3e0519a8d,L19460696,1,0,SUCCESS,1,1784982181,1785021300,62.235294,SXR,
0x6496046e66e8f310d08a2124ab3a1c0139fc5e219c39a30754c1be2582c248a6,0x68E1818FF20BBe84F9be9E0A4A395FB11079Bd35,1,4.0,1.4475,,,Major League Soccer,DC United vs Toronto FC,DC United,Toronto FC,0x81dbdca8c016ea1ed1d823a85db4fc0700e5959a4dd466b9b629253c3cbddc90,L19460872,1,0,SUCCESS,1,1784981575,1785022200,9.049765,SXR,
0x8aadd5e16ce7c64f665f082ad914849c4f9731d69a5191b2fc9e7fb3a03e34b7,0x68E1818FF20BBe84F9be9E0A4A395FB11079Bd35,2,55.0,1.7138,,,Major League Soccer,DC United vs Toronto FC,DC United,Toronto FC,0x666019dff45719f0c694391d575b1bcdefd8246beb568e0a35f96d918b302c26,L19460872,1,0,SUCCESS,1,1784981546,1785022200,77.938858,SXR,
0xacbad5daa721195d7639c698e6c5709a42cca29bccf9b8c873b6d98b3c73bc31,0x68E1818FF20BBe84F9be9E0A4A395FB11079Bd35,1,24.0,1.4475,,,Major League Soccer,DC United vs Toronto FC,DC United,Toronto FC,0x81dbdca8c016ea1ed1d823a85db4fc0700e5959a4dd466b9b629253c3cbddc90,L19460872,1,0,SUCCESS,1,1784981545,1785022200,54.011151,SXR,
0x3a139d40bfa79a5314e021b6a8135a2924eb25b4104f599fdefeab89f75df6a9,0x68E1818FF20BBe84F9be9E0A4A395FB11079Bd35,1,4.0,1.4475,,,Major League Soccer,DC United vs Toronto FC,DC United,Toronto FC,0x81dbdca8c016ea1ed1d823a85db4fc0700e5959a4dd466b9b629253c3cbddc90,L19460872,1,0,SUCCESS,1,1784980654,1785022200,9.049765,SXR,
0x036ff2c8735951150abf0947812b2a1d6e6e8de34e4099691a35f8827045c8a3,0x68E1818FF20BBe84F9be9E0A4A395FB11079Bd35,1,4.0,1.4475,,,Major League Soccer,DC United vs Toronto FC,DC United,Toronto FC,0x81dbdca8c016ea1ed1d823a85db4fc0700e5959a4dd466b9b629253c3cbddc90,L19460872,1,0,SUCCESS,1,1784980652,1785022200,9.049765,SXR,
0x922b8430914be6fd66b34198eca70ada844de6e35c7d86df708f0241b1334f8f,0x68E1818FF20BBe84F9be9E0A4A395FB11079Bd35,1,46.0,1.4475,,,Major League Soccer,DC United vs Toronto FC,DC United,Toronto FC,0x81dbdca8c016ea1ed1d823a85db4fc0700e5959a4dd466b9b629253c3cbddc90,L19460872,1,0,SUCCESS,1,1784980645,1785022200,103.095017,SXR,
0x1266a5db165e5eecfadbb5bfb4166b5a8465659aaefec6afb5690496407b8d45,0x68E1818FF20BBe84F9be9E0A4A395FB11079Bd35,1,47.0,1.45,,,Major League Soccer,DC United vs Toronto FC,DC United,Toronto FC,0x81dbdca8c016ea1ed1d823a85db4fc0700e5959a4dd466b9b629253c3cbddc90,L19460872,1,0,SUCCESS,1,1784980644,1785022200,105.709156,SXR,
0x315e72e0cf7caa40c2eae2ccfde89fbeacdf46852a9e95f55b1672320a06b214,0x68E1818FF20BBe84F9be9E0A4A395FB11079Bd35,1,15.0,1.45,,,Major League Soccer,DC United vs Toronto FC,DC United,Toronto FC,0x81dbdca8c016ea1ed1d823a85db4fc0700e5959a4dd466b9b629253c3cbddc90,L19460872,1,0,SUCCESS,1,1784980640,1785022200,34.6,SXR,
0xa34dfbc83c8947a01120b707f7bee72670bc60b451a59cf2b342ebc1f31328f1,0x68E1818FF20BBe84F9be9E0A4A395FB11079Bd35,1,4.0,1.45,,,Major League Soccer,DC United vs Toronto FC,DC United,Toronto FC,0x81dbdca8c016ea1ed1d823a85db4fc0700e5959a4dd466b9b629253c3cbddc90,L19460872,1,0,SUCCESS,1,1784980612,1785022200,9.090889,SXR,
0x3705f5cd7d1e604ad1e615a9ef4aecdb7b13855fb982b9e1a7d79f84af14b385,0x68E1818FF20BBe84F9be9E0A4A395FB11079Bd35,1,13.0,1.45,,,Major League Soccer,DC United vs Toronto FC,DC United,Toronto FC,0x81dbdca8c016ea1ed1d823a85db4fc0700e5959a4dd466b9b629253c3cbddc90,L19460872,1,0,SUCCESS,1,1784980610,1785022200,30.688867,SXR,
0x137466376142396bdf5778cb102e8e79303491ec94979d35b5b8f0c3b211fe7f,0x68E1818FF20BBe84F9be9E0A4A395FB11079Bd35,2,35.0,1.715,,,Major League Soccer,DC United vs Toronto FC,DC United,Toronto FC,0x666019dff45719f0c694391d575b1bcdefd8246beb568e0a35f96d918b302c26,L19460872,1,0,SUCCESS,1,1784980610,1785022200,49.017538,SXR,
0x475d7235af28e3164bba7306b4c0705d3f4ddc97987499f118c74785104861c4,0x68E1818FF20BBe84F9be9E0A4A395FB11079Bd35,1,11.0,1.45,,,Major League Soccer,DC United vs Toronto FC,DC United,Toronto FC,0x81dbdca8c016ea1ed1d823a85db4fc0700e5959a4dd466b9b629253c3cbddc90,L19460872,1,0,SUCCESS,1,1784980596,1785022200,26.577756,SXR,
0x99ccaf995001e1c7d7ddba35f0d3331f5aaf29232de2740d94c7fb620906aeb5,0x68E1818FF20BBe84F9be9E0A4A395FB11079Bd35,2,53.0,1.7163,,,Major League Soccer,DC United vs Toronto FC,DC United,Toronto FC,0x666019dff45719f0c694391d575b1bcdefd8246beb568e0a35f96d918b302c26,L19460872,1,0,SUCCESS,1,1784979737,1785022200,74.396468,SXR,
0xda6184ce3f161277b7381ebf8f243e54a7099ac8fcd46526388ddc9718521869,0x68E1818FF20BBe84F9be9E0A4A395FB11079Bd35,2,9.0,1.7163,,,Major League Soccer,DC United vs Toronto FC,DC United,Toronto FC,0x666019dff45719f0c694391d575b1bcdefd8246beb568e0a35f96d918b302c26,L19460872,1,0,SUCCESS,1,1784979725,1785022200,13.533026,SXR,
0xe4aa76afe86e82971d01d3c1def0d325cb8201a88e85bf9bfea30be97d541496,0xE4DD6165bFF7EE73D7932C3b478f7E22431e85E7,2,14.0,1.3875,,,Major League Soccer,DC United vs Toronto FC,DC United,Toronto FC,0x14aed87d04547c9ed118594d3b864c5470ea2b1ce1b57c100a6ef5285934df0d,L19460872,1,0,SUCCESS,1,1784979707,1785022200,38.03871,SXR,
0x142277b6382a90c3be896bedbd856327f5b1ac1914aad6df85b0cc92a6f3bc8a,0x68E1818FF20BBe84F9be9E0A4A395FB11079Bd35,2,123.0,1.5513,,,Major League Soccer,DC United vs Toronto FC,DC United,Toronto FC,0x81dbdca8c016ea1ed1d823a85db4fc0700e5959a4dd466b9b629253c3cbddc90,L19460872,1,0,SUCCESS,1,1784979706,1785022200,223.129252,SXR,
0xc426ae5f898b033984e813424c092819f26356ffcdf0a6bc173b80719cfebf35,0x68E1818FF20BBe84F9be9E0A4A395FB11079Bd35,1,18.0,1.285,,,Major League Soccer,DC United vs Toronto FC,DC United,Toronto FC,0x666019dff45719f0c694391d575b1bcdefd8246beb568e0a35f96d918b302c26,L19460872,1,0,SUCCESS,1,1784979705,1785022200,63.157895,SXR,
0x850c5576299ec04b505cb7c7f04bd3b7b65f5138c8cbc85c4fc2c67f68e863d4,0xE4DD6165bFF7EE73D7932C3b478f7E22431e85E7,1,3.0,1.4338,,,Major League Soccer,Orlando City vs Nashville SC,Orlando City,Nashville SC,0xfdd10ed6cc0efb690aeb4007c3281dec99d81756fd8dbfa8cfdf7126e224ae5f,L19460882,1,0,SUCCESS,1,1784979457,1785022200,8.264899,SXR,
0xd2afdbc4f36874051af0805b968f025f6616486f723cabb7f5ee8c17640650b6,0xF1e5c82790d22aa57B3ec4454818c8e886E9e439,1,2.0,1.525,,,Major League Soccer,DC United vs Toronto FC,DC United,Toronto FC,0xc4a8723c040c6da4d468caa983944c003651cec99d6098687c362d6409aa8821,L19460872,1,0,SUCCESS,1,1784979003,1785022200,4.357886,SXR,
0x6b8fb01548739a2b8ba4622d8c74036a5cec690e0753bf589c0c2d2771dd24ab,0xE4DD6165bFF7EE73D7932C3b478f7E22431e85E7,2,3.0,1.5463,,,Major League Soccer,New England Revolution vs Atlanta United,New England Revolution,Atlanta United,0xdd5f11572eab92c1a6e5f2de06f5b6cb821afba59f168ceeed1096ebba34fde6,L19460884,1,0,SUCCESS,1,1784978991,1785022200,5.524778,SXR,
0x08c22e51fa8f37471c0874543903202eb969b6af26792de39255f1238c8b2aa7,0xE4DD6165bFF7EE73D7932C3b478f7E22431e85E7,2,10.0,1.5463,,,Major League Soccer,New England Revolution vs Atlanta United,New England Revolution,Atlanta United,0xdd5f11572eab92c1a6e5f2de06f5b6cb821afba59f168ceeed1096ebba34fde6,L19460884,1,0,SUCCESS,1,1784978990,1785022200,19.482087,SXR,
0x521529724b827ebff9875c6cd6b68c77cc5d888cb8111ff1f9ef9477cc1ce667,0xF1e5c82790d22aa57B3ec4454818c8e886E9e439,2,64.0,1.5475,,,Major League Soccer,New England Revolution vs Atlanta United,New England Revolution,Atlanta United,0xdd5f11572eab92c1a6e5f2de06f5b6cb821afba59f168ceeed1096ebba34fde6,L19460884,1,0,SUCCESS,1,1784978960,1785022200,117.546959,SXR,
0x4a5d1a961d08e1af2659885cee583fba5025faea25b03d8008a8221913c15545,0x68E1818FF20BBe84F9be9E0A4A395FB11079Bd35,1,20.0,1.2525,,,Major League Soccer,Minnesota United vs Vancouver Whitecaps,Minnesota United,Vancouver Whitecaps,0x84105e7e0e4cd9b5bb1a9e19e38321c5b45b60ab14064451feb26f3083c2272a,L19461369,1,0,SUCCESS,1,1784978909,1785025800,80.521703,SXR,
0xb94fa26ca584ecb672a381148d2d6ab4408a50304adb2761c70809f885627b8a,0xF1e5c82790d22aa57B3ec4454818c8e886E9e439,2,5.0,1.5425,,,Major League Soccer,New England Revolution vs Atlanta United,New England Revolution,Atlanta United,0xdd5f11572eab92c1a6e5f2de06f5b6cb821afba59f168ceeed1096ebba34fde6,L19460884,1,0,SUCCESS,1,1784978903,1785022200,10.928959,SXR,
0xb681f76f14c03844b1f1510a610444283b0e6f3a7480ea9f001a8e466063e9e5,0xF1e5c82790d22aa57B3ec4454818c8e886E9e439,2,71.0,1.5425,,,Major League Soccer,New England Revolution vs Atlanta United,New England Revolution,Atlanta United,0xdd5f11572eab92c1a6e5f2de06f5b6cb821afba59f168ceeed1096ebba34fde6,L19460884,1,0,SUCCESS,1,1784978884,1785022200,132.349714,SXR,
0x85eadb64102b7ff54a465ccccaba7b30d1da3e8504f4af8d76c9f5c41c9d9637,0xe2C68b7ef85645e47F9b94382c3Db59b046945a2,1,1.0,1.1313,,,Major League Soccer,Los Angeles FC vs Sporting Kansas City,Los Angeles FC,Sporting Kansas City,0xdd014c8b140547fdbb91f2dd0a4d24a4067d036c3117cc56c8a1a82d5d7cf054,L19462240,1,0,SUCCESS,1,1784978038,1785033000,11.510781,SXR,
0x10243720ae24ffdf630ce8479fb44b4356aa440aa8f51a7e2e8860d3f5c0e53f,0xe2C68b7ef85645e47F9b94382c3Db59b046945a2,1,4.0,1.4912,,,Major League Soccer,Minnesota United vs Vancouver Whitecaps,Minnesota United,Vancouver Whitecaps,0xcbc60a18775128ed2effbadceb71c062983feab31418546317ca01cee6f0d234,L19461369,1,0,SUCCESS,1,1784977661,1785025800,9.82799,SXR,
0xb59891a8bb1900605ddcbf0b7631b03a4f8d33961566b6c56585825003eb2b42,0xe2C68b7ef85645e47F9b94382c3Db59b046945a2,1,109.0,1.4912,,,Major League Soccer,Minnesota United vs Vancouver Whitecaps,Minnesota United,Vancouver Whitecaps,0xcbc60a18775128ed2effbadceb71c062983feab31418546317ca01cee6f0d234,L19461369,1,0,SUCCESS,1,1784977652,1785025800,222.127206,SXR,
0xdc22ab6d1b1c49289ea25d0d2116aad967907ab155aa7fb0a115e0bd36387562,0x68E1818FF20BBe84F9be9E0A4A395FB11079Bd35,1,1.0,1.5575,,,Major League Soccer,Houston Dynamo vs Austin FC,Houston Dynamo,Austin FC,0x060da012c656e3a957716dd0c7cc03b18235ea9f7e0fc07818b1c3787bf210cd,L19461357,1,0,SUCCESS,1,1784977619,1785025800,2.259874,SXR,
0x327b479a2ae018a0e86a2a2183797ed90b4c7aaa463fb71c6fe1cfd03cd0a970,0x8268feC8dCb0D284343054BDf2b649286c9aA0a1,2,49.0,1.455,,,Major League Soccer,Houston Dynamo vs Austin FC,Houston Dynamo,Austin FC,0x0e40d4d8d08d7264a1a3e1ddb25c5934d7ccd19b25354dcf69422d42967f6075,L19461357,1,0,SUCCESS,1,1784977619,1785025800,109.210989,SXR,
0x5004789ac07f631d0ebe15f36e1c1978800331c5e17eb839ce70f19f6207880f,0xF1e5c82790d22aa57B3ec4454818c8e886E9e439,1,1.0,1.5275,,,Major League Soccer,DC United vs Toronto FC,DC United,Toronto FC,0xc4a8723c040c6da4d468caa983944c003651cec99d6098687c362d6409aa8821,L19460872,1,0,SUCCESS,1,1784977586,1785022200,2.793649,SXR,
0x12e6542211766e07beb3f504a35ed13e0dfac2b8f0acd40a2aa70aac3c798edd,0x68E1818FF20BBe84F9be9E0A4A395FB11079Bd35,2,23.0,1.7563,,,Major League Soccer,Houston Dynamo vs Austin FC,Houston Dynamo,Austin FC,0xd440ec151371d9a6591b4116866fe6f8827d6ed88eb20c2b8f6f017ba9db792c,L19461357,1,0,SUCCESS,1,1784977586,1785025800,31.05641,SXR,
0xdbbb88d02f9c12fe8d7bbee6c6b5864bd8f11d84f40957149c3e464a3501a21c,0x68E1818FF20BBe84F9be9E0A4A395FB11079Bd35,2,46.0,1.7563,,,Major League Soccer,Houston Dynamo vs Austin FC,Houston Dynamo,Austin FC,0xd440ec151371d9a6591b4116866fe6f8827d6ed88eb20c2b8f6f017ba9db792c,L19461357,1,0,SUCCESS,1,1784977526,1785025800,62.11282,SXR,
0x5d1246460b2f43a9a0cfa8111da220c8be6f823d8ef9beee7b4beebbcb9a559d,0x68E1818FF20BBe84F9be9E0A4A395FB11079Bd35,2,5.0,1.7563,,,Major League Soccer,Houston Dynamo vs Austin FC,Houston Dynamo,Austin FC,0xd440ec151371d9a6591b4116866fe6f8827d6ed88eb20c2b8f6f017ba9db792c,L19461357,1,0,SUCCESS,1,1784977460,1785025800,6.933329,SXR,
0xed44d6f4bc97e90b340e41179f525a88efbf415385a07a21c371f5695a212ce0,0xF1e5c82790d22aa57B3ec4454818c8e886E9e439,1,5.0,1.5275,,,Major League Soccer,DC United vs Toronto FC,DC United,Toronto FC,0xc4a8723c040c6da4d468caa983944c003651cec99d6098687c362d6409aa8821,L19460872,1,0,SUCCESS,1,1784977221,1785022200,10.582009,SXR,
0x8a4ed7ac4519365a338ae04658f237d7fbc16956f2d1a4a135f27743d72352ca,0x8268feC8dCb0D284343054BDf2b649286c9aA0a1,1,0.0,1.44,,,Major League Soccer,DC United vs Toronto FC,DC United,Toronto FC,0x81dbdca8c016ea1ed1d823a85db4fc0700e5959a4dd466b9b629253c3cbddc90,L19460872,1,0,SUCCESS,1,1784977220,1785022200,1.839273,SXR,
0x2fb39653267ee83c52344a8102a87673482c77a59bfa7781a7d3654555756d41,0xF1e5c82790d22aa57B3ec4454818c8e886E9e439,1,61.0,1.5275,,,Major League Soccer,DC United vs Toronto FC,DC United,Toronto FC,0xc4a8723c040c6da4d468caa983944c003651cec99d6098687c362d6409aa8821,L19460872,1,0,SUCCESS,1,1784977190,1785022200,116.189555,SXR,
0xaefa05ef60b8a3bd9ca94af358161df5a4e5bc7d83ae19076d140f43ff9e7203,0xE4DD6165bFF7EE73D7932C3b478f7E22431e85E7,1,14.0,1.635,,,Major League Soccer,Minnesota United vs Vancouver Whitecaps,Minnesota United,Vancouver Whitecaps,0xadb1e0fa833e49ec4c1f04a9810365022f28597830fe0957eb1a3359f6fb28f4,L19461369,1,0,SUCCESS,1,1784977138,1785025800,23.09589,SXR,
0xf8c910eaecd0eabc5ef165ad6d69586a64def1eb084427ee4a41353589062f78,0xE4DD6165bFF7EE73D7932C3b478f7E22431e85E7,2,21.0,1.6637,,,Major League Soccer,Minnesota United vs Vancouver Whitecaps,Minnesota United,Vancouver Whitecaps,0xba74dbbcc46d651f29321b7edee9adde6043cc7b00e49af47bb5d221aff085a1,L19461369,1,0,SUCCESS,1,1784977114,1785025800,31.879473,SXR,
0xb009918e5ce26993b5ea3c5a6f9d53344f950955c087ffaad75ffca9de79a183,0x0dE776fe723F8121F0cEAF1C9B03f774320c3ef5,2,32.0,1.7212,,,Major League Soccer,Columbus Crew vs FC Cincinnati,Columbus Crew,FC Cincinnati,0x2822343dc7c2792c8f2ac1027589879d799a1b4fe53f85673647a54cf92b5032,L19460696,1,0,SUCCESS,1,1784976451,1785021300,44.663667,SXR,
0x200e05a1cb320417ed3531957c1f074382ca2203e1f007f2370b0f5d00d706b4,0x68E1818FF20BBe84F9be9E0A4A395FB11079Bd35,2,21.0,1.7637,,,Major League Soccer,Columbus Crew vs FC Cincinnati,Columbus Crew,FC Cincinnati,0xf8e5c38b0cc675c510b8e2cdc2198eebb1c05e9f3385658ac585673f608dd374,L19460696,1,0,SUCCESS,1,1784976394,1785021300,27.597879,SXR,
0x4fe1f477f3663bd54d8c0f224da02540e8b9a3dc426ed848bf9501a26f715671,0x68E1818FF20BBe84F9be9E0A4A395FB11079Bd35,2,18.0,1.7637,,,Major League Soccer,Columbus Crew vs FC Cincinnati,Columbus Crew,FC Cincinnati,0xf8e5c38b0cc675c510b8e2cdc2198eebb1c05e9f3385658ac585673f608dd374,L19460696,1,0,SUCCESS,1,1784976053,1785021300,24.677237,SXR,
0xc8738ea72f3a37f1044d57d526239284f4084b57645c00ac374a8d9e155d2299,0x68E1818FF20BBe84F9be9E0A4A395FB11079Bd35,1,4.0,1.3175,,,Major League Soccer,New York Red Bulls vs Charlotte FC,New York Red Bulls,Charlotte FC,0x540d94ac1a4a314bad8c7a8c1e255047c5a03885e805c878cdc3ef52c44d4130,L19460456,1,0,SUCCESS,1,1784975634,1785018600,14.652,SXR,
0x2cbaa7c6a2d4334dcf0de94d626162c040af65bb702dfe1549bc369b7f4f810b,0xF1e5c82790d22aa57B3ec4454818c8e886E9e439,2,11.0,1.535,,,Major League Soccer,New England Revolution vs Atlanta United,New England Revolution,Atlanta United,0xdd5f11572eab92c1a6e5f2de06f5b6cb821afba59f168ceeed1096ebba34fde6,L19460884,1,0,SUCCESS,1,1784975607,1785022200,20.946224,SXR,
0xa2ab4f4c3956cb451f3a285ed6d0876170db7e25f044c87275a393c6aa44b2d9,0xF1e5c82790d22aa57B3ec4454818c8e886E9e439,1,5.0,1.5275,,,Major League Soccer,DC United vs Toronto FC,DC United,Toronto FC,0xc4a8723c040c6da4d468caa983944c003651cec99d6098687c362d6409aa8821,L19460872,1,0,SUCCESS,1,1784975517,1785022200,10.582009,SXR,
0xb580515d9e8c3d7505bb83329feb5a7dd26e45e5212e5e5a047c4555763a16a1,0xF1e5c82790d22aa57B3ec4454818c8e886E9e439,1,20.0,1.5275,,,Major League Soccer,DC United vs Toronto FC,DC United,Toronto FC,0xc4a8723c040c6da4d468caa983944c003651cec99d6098687c362d6409aa8821,L19460872,1,0,SUCCESS,1,1784975492,1785022200,39.108986,SXR,
0xc5260ed289edfc2b2cb2f9a7281b11ed7a2f7a482648082e2284d6bc1e434f1d,0xF1e5c82790d22aa57B3ec4454818c8e886E9e439,1,0.0,1.435,,,Major League Soccer,Orlando City vs Nashville SC,Orlando City,Nashville SC,0x1d8add698b7d3ca5af37158a19155c7c477bd73085e937b5777870c9019858bf,L19460882,1,0,SUCCESS,1,1784975373,1785022200,1.822989,SXR,
0xee460528d2f6433cc4490ccbae91d88f810c1c62798d8ff534f50ab39aaa41ee,0xF1e5c82790d22aa57B3ec4454818c8e886E9e439,2,5.0,1.535,,,Major League Soccer,New England Revolution vs Atlanta United,New England Revolution,Atlanta United,0xdd5f11572eab92c1a6e5f2de06f5b6cb821afba59f168ceeed1096ebba34fde6,L19460884,1,0,SUCCESS,1,1784975325,1785022200,10.752673,SXR,
0xc8817b2cb5fda062effbeb06badb04838ff21b1e3ba9df599f8929f770d2828b,0x68E1818FF20BBe84F9be9E0A4A395FB11079Bd35,1,2.0,1.4287,,,Major League Soccer,New York Red Bulls vs Charlotte FC,New York Red Bulls,Charlotte FC,0x9598c39fb0af72486063252b2d379bf7b5c93580887080ca0eaed20c6d78a146,L19460456,1,0,SUCCESS,1,1784975306,1785018600,4.778985,SXR,
0x77b67c6d1e5e8d299f88ff5f5cb3eb898ad1681551f8ea08cbb929e4f9781937,0xE4DD6165bFF7EE73D7932C3b478f7E22431e85E7,1,3.0,1.4287,,,Major League Soccer,New York Red Bulls vs Charlotte FC,New York Red Bulls,Charlotte FC,0x85fe6c3fb138c1c05f37dfad8fc3b8f9d7506e85133f8ee03fef44f817aa44fd,L19460456,1,0,SUCCESS,1,1784975306,1785018600,7.229738,SXR,
0x63c9e431f68f18046345e8baa38b559afa6a61da52308a8b63b4c98353cd14a3,0xF1e5c82790d22aa57B3ec4454818c8e886E9e439,2,2741.0,1.535,,,Major League Soccer,New England Revolution vs Atlanta United,New England Revolution,Atlanta United,0xdd5f11572eab92c1a6e5f2de06f5b6cb821afba59f168ceeed1096ebba34fde6,L19460884,1,0,SUCCESS,1,1784975297,1785022200,5124.516112,SXR,
0x9851c93a567a4b26487b0460e178f1b6374337befd929700026e4be484f55d51,0xF1e5c82790d22aa57B3ec4454818c8e886E9e439,2,92.0,1.535,,,Major League Soccer,New England Revolution vs Atlanta United,New England Revolution,Atlanta United,0xdd5f11572eab92c1a6e5f2de06f5b6cb821afba59f168ceeed1096ebba34fde6,L19460884,1,0,SUCCESS,1,1784975296,1785022200,173.16129,SXR,
0x210e6235db0a0f090de262d24f22d8ddf7960ae094d798a019b98102903da56a,0x8268feC8dCb0D284343054BDf2b649286c9aA0a1,2,10.0,1.54,,,Major League Soccer,San Diego FC vs FC Dallas,San Diego FC,FC Dallas,0x842aac86f048739b3c1b3797e28a2b7bdbfe087151a7bee5aadbec607fa152e5,L19461808,1,0,SUCCESS,1,1784975199,1785029400,19.108685,SXR,
0x4ad66c2bfc3824b1678ce38862a04d467438e013ae4597df1ca13f15a44572c8,0xF1e5c82790d22aa57B3ec4454818c8e886E9e439,2,5.0,1.535,,,Major League Soccer,New England Revolution vs Atlanta United,New England Revolution,Atlanta United,0xdd5f11572eab92c1a6e5f2de06f5b6cb821afba59f168ceeed1096ebba34fde6,L19460884,1,0,SUCCESS,1,1784975175,1785022200,9.892467,SXR,
0x7d5bccf890bde87fc5e5257fb32d85acda58a0858536d2686fcb9648f76f886f,0xF1e5c82790d22aa57B3ec4454818c8e886E9e439,1,766.0,1.435,,,Major League Soccer,Orlando City vs Nashville SC,Orlando City,Nashville SC,0x1d8add698b7d3ca5af37158a19155c7c477bd73085e937b5777870c9019858bf,L19460882,1,0,SUCCESS,1,1784975105,1785022200,1762.831839,SXR,
0xfe379aa6d9ed7331475f601d782fb4a74fc2df2b4ad229e6df712a1df4471500,0xE4DD6165bFF7EE73D7932C3b478f7E22431e85E7,1,14.0,1.575,,,Major League Soccer,Los Angeles FC vs Sporting Kansas City,Los Angeles FC,Sporting Kansas City,0x6e80a3e7d5f7f2b85cd819198b2ecfdb2284dadd3c2305cfe91500abc5115da5,L19462240,1,0,SUCCESS,1,1784975032,1785033000,25.095652,SXR,
0x465215da612bd9391f1bf0a77397c419313a959d58150f00a2c445dc437e4f03,0x5B3498Cb20C3107B5B267fabd3601B6425BDeb42,2,396.0,1.4638,,,Major League Soccer,Houston Dynamo vs Austin FC,Houston Dynamo,Austin FC,0x0e40d4d8d08d7264a1a3e1ddb25c5934d7ccd19b25354dcf69422d42967f6075,L19461357,1,0,SUCCESS,1,1784974888,1785025800,854.825164,SXR,
0xfca902d60e8a07dbc4e205eaeeebf747f86d2ac7daf4e99e6182dc020df278a0,0xF1e5c82790d22aa57B3ec4454818c8e886E9e439,2,5.0,1.535,,,Major League Soccer,New England Revolution vs Atlanta United,New England Revolution,Atlanta United,0xdd5f11572eab92c1a6e5f2de06f5b6cb821afba59f168ceeed1096ebba34fde6,L19460884,1,0,SUCCESS,1,1784974384,1785022200,10.752673,SXR,
0x42941a18a2d5a51a7ffe4c09d9cfb4dbc90043244202a0351e730996c0ecf4b4,0xF1e5c82790d22aa57B3ec4454818c8e886E9e439,2,3.0,1.4425,,,Major League Soccer,San Diego FC vs FC Dallas,San Diego FC,FC Dallas,0xab0082bcc99b5f516abe310aa5c4faef6e9240a2e9e373a82e20b467066861f3,L19461808,1,0,SUCCESS,1,1784974366,1785029400,8.968588,SXR,
0xa364649cb6761a5dec7ced6647836525a638fa60b7332f46ef2f407c728c419e,0x8268feC8dCb0D284343054BDf2b649286c9aA0a1,2,5.0,1.52,,,Major League Soccer,Columbus Crew vs FC Cincinnati,Columbus Crew,FC Cincinnati,0x5e9c16fec7f9c0869c541c22c20e4a6f72822f0d63a93330a76fd098bb79206b,L19460696,1,0,SUCCESS,1,1784974359,1785021300,10.75,SXR,
0x566be0df65dbef7c556257f0d0f376f210eadc4d8662da8ac113159c79864e6c,0xF1e5c82790d22aa57B3ec4454818c8e886E9e439,2,34.0,1.535,,,Major League Soccer,New England Revolution vs Atlanta United,New England Revolution,Atlanta United,0xdd5f11572eab92c1a6e5f2de06f5b6cb821afba59f168ceeed1096ebba34fde6,L19460884,1,0,SUCCESS,1,1784974344,1785022200,64.236542,SXR,
0xbe102d1970032c32a0c53e1a9ad0746df69712473a38a54fedd0d4e4311a4aa8,0xF1e5c82790d22aa57B3ec4454818c8e886E9e439,2,37.0,1.4425,,,Major League Soccer,San Diego FC vs FC Dallas,San Diego FC,FC Dallas,0xab0082bcc99b5f516abe310aa5c4faef6e9240a2e9e373a82e20b467066861f3,L19461808,1,0,SUCCESS,1,1784974341,1785029400,84.520158,SXR,
0xffd26f9bfdc977fc6a68375d23250a97efc2d7d2f7cd297050a076d6a2319980,0x7F8CDAF3B3b5de55db9ce39a5742af9b0D2fD8b3,2,49.0,1.5038,,,Major League Soccer,Columbus Crew vs FC Cincinnati,Columbus Crew,FC Cincinnati,0xfee78066fc5439d341a9ebcb6794b14dcb269edf1159ef234abad1d51f5a2e4f,L19460696,1,0,SUCCESS,1,1784974303,1785021300,97.270471,SXR,
0xc7b7408955a47ed9b845407caed3ca57599d318a5d0cf4699295bdd59f40d349,0x68E1818FF20BBe84F9be9E0A4A395FB11079Bd35,2,3.0,1.7512,,,Major League Soccer,Portland Timbers vs Real Salt Lake,Portland Timbers,Real Salt Lake,0x0c1a0f753e35c8393cf5ce9108f743de4b4d250b9f36bc26f07fbd9c112189a9,L19462241,1,0,SUCCESS,1,1784974285,1785033000,4.0201,SXR,
0x1b13cd98cd1db02a4dbab7b1675e818187a1214a32579859250837341d24924e,0xe2C68b7ef85645e47F9b94382c3Db59b046945a2,2,137.0,1.505,,,Major League Soccer,Columbus Crew vs FC Cincinnati,Columbus Crew,FC Cincinnati,0xd980a976a51ef39a9d46f423f84d3b79217f0c7ab10c3ea6f5de99b3e0519a8d,L19460696,1,0,SUCCESS,1,1784974238,1785021300,271.575743,SXR,
0xee89de378ab16b85218cdbe4ba7166488acc8510a777f006f883d3ed1eadc292,0xe2C68b7ef85645e47F9b94382c3Db59b046945a2,1,26.0,1.5088,,,Major League Soccer,FC New York vs Chicago Fire,FC New York,Chicago Fire,0x3300b9659535e4b1dff979f73dc651883ca4b66af25c3dd88905722169f40da1,L19460873,1,0,SUCCESS,1,1784974133,1785022200,52.356226,SXR,
0x340a81c9aa073caef42f1b9fdd55167cfea572ce413eb4e0e29bc2deae2e59c5,0x68E1818FF20BBe84F9be9E0A4A395FB11079Bd35,2,15.0,1.73,,,Major League Soccer,DC United vs Toronto FC,DC United,Toronto FC,0xb1371c8440185734fb7318ab5e832184263a3f9d096f644759411b8188f00cfd,L19460872,1,0,SUCCESS,1,1784974115,1785022200,21.74074,SXR,
0xb80443c9d3f09aabf3fb09c38995806cf13f03c709e8a60431d28ea03de17cea,0xe2C68b7ef85645e47F9b94382c3Db59b046945a2,2,26.0,1.3487,,,Major League Soccer,Columbus Crew vs FC Cincinnati,Columbus Crew,FC Cincinnati,0x62ab873971d2d1237407c3e9c6e003cba1487fc46b9c31c31c5ed9113c6967ed,L19460696,1,0,SUCCESS,1,1784974106,1785021300,76.387097,SXR,
0x9872d278a90c5dab4a1bd3be3e9a1dfd3dadd9a4a68cab7221ddd5c1f9234a13,0xF1e5c82790d22aa57B3ec4454818c8e886E9e439,2,5.0,1.535,,,Major League Soccer,New England Revolution vs Atlanta United,New England Revolution,Atlanta United,0xdd5f11572eab92c1a6e5f2de06f5b6cb821afba59f168ceeed1096ebba34fde6,L19460884,1,0,SUCCESS,1,1784974024,1785022200,10.752673,SXR,
0x79032aa39901c77f493ec8d31f68f7827bc8a9158a27842af04913a67ac4c963,0xF1e5c82790d22aa57B3ec4454818c8e886E9e439,2,17.0,1.535,,,Major League Soccer,New England Revolution vs Atlanta United,New England Revolution,Atlanta United,0xdd5f11572eab92c1a6e5f2de06f5b6cb821afba59f168ceeed1096ebba34fde6,L19460884,1,0,SUCCESS,1,1784974006,1785022200,32.193533,SXR,
0xcddac2ba69d1791299d57e74ee279ee91ebb37eed0316ff8966a530f9cf0946d,0x8268feC8dCb0D284343054BDf2b649286c9aA0a1,2,12.0,1.5212,,,Major League Soccer,Columbus Crew vs FC Cincinnati,Columbus Crew,FC Cincinnati,0x5e9c16fec7f9c0869c541c22c20e4a6f72822f0d63a93330a76fd098bb79206b,L19460696,1,0,SUCCESS,1,1784973877,1785021300,23.394245,SXR,
0xafd8d7e1fe31ad65c2443153e8f4ed62a0c38f2c43022a7d9660e41b47a047b1,0x8268feC8dCb0D284343054BDf2b649286c9aA0a1,2,26.0,1.5212,,,Major League Soccer,Columbus Crew vs FC Cincinnati,Columbus Crew,FC Cincinnati,0x5e9c16fec7f9c0869c541c22c20e4a6f72822f0d63a93330a76fd098bb79206b,L19460696,1,0,SUCCESS,1,1784973877,1785021300,51.13317,SXR,
0xc822c1a48979063cfa0b762790ac56647a15de2a9a0790f90cb4b77f4dae8add,0x5B3498Cb20C3107B5B267fabd3601B6425BDeb42,2,285.0,1.7675,,,Major League Soccer,Columbus Crew vs FC Cincinnati,Columbus Crew,FC Cincinnati,0xf8e5c38b0cc675c510b8e2cdc2198eebb1c05e9f3385658ac585673f608dd374,L19460696,1,0,SUCCESS,1,1784973876,1785021300,372.344078,SXR,
0x35accbe7b35c6b82192dc0a2c8701de4cfbc45ddeb0ea10b7c666c3e7c63ea8e,0x0dE776fe723F8121F0cEAF1C9B03f774320c3ef5,2,135.0,1.7262,,,Major League Soccer,Columbus Crew vs FC Cincinnati,Columbus Crew,FC Cincinnati,0x2822343dc7c2792c8f2ac1027589879d799a1b4fe53f85673647a54cf92b5032,L19460696,1,0,SUCCESS,1,1784973841,1785021300,186.301356,SXR,
0x86fe23c5fbe75236ed06263249ddb404fd05a95032b44cb49bb879642cc2e212,0x8268feC8dCb0D284343054BDf2b649286c9aA0a1,1,56.0,1.315,,,Major League Soccer,New York Red Bulls vs Charlotte FC,New York Red Bulls,Charlotte FC,0x540d94ac1a4a314bad8c7a8c1e255047c5a03885e805c878cdc3ef52c44d4130,L19460456,1,0,SUCCESS,1,1784973654,1785018600,179.416032,SXR,
0x1f18dccfc340f95dcd62b54961971afe403be293a3d3724df558be5d0410f9d5,0xE4DD6165bFF7EE73D7932C3b478f7E22431e85E7,1,14.0,1.3162,,,Major League Soccer,New York Red Bulls vs Charlotte FC,New York Red Bulls,Charlotte FC,0x540d94ac1a4a314bad8c7a8c1e255047c5a03885e805c878cdc3ef52c44d4130,L19460456,1,0,SUCCESS,1,1784973653,1785018600,44.268775,SXR,
0x6fa219514ef63c63c1d258d73f9d38fe0640c92f7922d8d51368fff21d09aa80,0xF1e5c82790d22aa57B3ec4454818c8e886E9e439,1,185.0,1.4825,,,Major League Soccer,Saint Louis SC vs Colorado Rapids,Saint Louis SC,Colorado Rapids,0xdc13841d80f301b4670d98b39ffdeb76e79509f381b1efd6714745eac47771a6,L19461365,1,0,SUCCESS,1,1784973638,1785025800,383.748788,SXR,
0x128238bfa70a1ce20ca235ed95b760efb0cea7f51a1a016f8f1271da2239050d,0x68E1818FF20BBe84F9be9E0A4A395FB11079Bd35,1,1.0,1.2388,,,Major League Soccer,Minnesota United vs Vancouver Whitecaps,Minnesota United,Vancouver Whitecaps,0x4b4d2661de6901dd571b41abcc7c040b7647409ae7804c3deb4acecfffffec69,L19461369,1,0,SUCCESS,1,1784973598,1785025800,6.055791,SXR,
0x3d99fcbe42b46e38efdc069e080dc62db8a3c2f613183037135b456ed5f49ddd,0xE4DD6165bFF7EE73D7932C3b478f7E22431e85E7,1,15.0,1.2388,,,Major League Soccer,Minnesota United vs Vancouver Whitecaps,Minnesota United,Vancouver Whitecaps,0x4b4d2661de6901dd571b41abcc7c040b7647409ae7804c3deb4acecfffffec69,L19461369,1,0,SUCCESS,1,1784973567,1785025800,66.745466,SXR,
0xb743d2c55d8d809af21606377d1d401ee4427e12f96af036b7f5bb44cf7d280b,0xF1e5c82790d22aa57B3ec4454818c8e886E9e439,1,7.0,1.435,,,Major League Soccer,Orlando City vs Nashville SC,Orlando City,Nashville SC,0xfdd10ed6cc0efb690aeb4007c3281dec99d81756fd8dbfa8cfdf7126e224ae5f,L19460882,1,0,SUCCESS,1,1784973300,1785022200,17.699103,SXR,
0xa6f3461ca29dcea5fa1c8b553f1beb8bbaeb25e02971795f75147973edbe603f,0xF1e5c82790d22aa57B3ec4454818c8e886E9e439,1,1.0,1.435,,,Major League Soccer,Orlando City vs Nashville SC,Orlando City,Nashville SC,0x1d8add698b7d3ca5af37158a19155c7c477bd73085e937b5777870c9019858bf,L19460882,1,0,SUCCESS,1,1784973300,1785022200,2.973448,SXR,
0xf7215d5ba1dcbdc12a89b6182cfaf5a770a5912b3b94abccc120a98a36b1cbcb,0x8268feC8dCb0D284343054BDf2b649286c9aA0a1,1,16.0,1.2388,,,Major League Soccer,Portland Timbers vs Real Salt Lake,Portland Timbers,Real Salt Lake,0x0c1a0f753e35c8393cf5ce9108f743de4b4d250b9f36bc26f07fbd9c112189a9,L19462241,1,0,SUCCESS,1,1784973226,1785033000,70.055791,SXR,
0x2281a39c500e432d2edbfe3e80d6dd64597cd26aea9e1a393cff3092a00c82fa,0x8268feC8dCb0D284343054BDf2b649286c9aA0a1,2,15.0,1.6038,,,Major League Soccer,Portland Timbers vs Real Salt Lake,Portland Timbers,Real Salt Lake,0x3211e67127641cbf701e1f01222641717e762bc86cb6148806703c9793af4c22,L19462241,1,0,SUCCESS,1,1784973172,1785033000,25.236588,SXR,
0x234e4220f02f8f33c7f75eacc49c6db27b0661ef0c98d4ccfe21d23205d391a7,0x8268feC8dCb0D284343054BDf2b649286c9aA0a1,1,29.0,1.6338,,,Major League Soccer,Minnesota United vs Vancouver Whitecaps,Minnesota United,Vancouver Whitecaps,0xadb1e0fa833e49ec4c1f04a9810365022f28597830fe0957eb1a3359f6fb28f4,L19461369,1,0,SUCCESS,1,1784973148,1785025800,46.061428,SXR,
0xf592eb6d1dcadc7b791267c2b0e119ae17d8787e50c94e2ff25670c306f14000,0x7F8CDAF3B3b5de55db9ce39a5742af9b0D2fD8b3,1,24.0,1.73,,,Major League Soccer,New England Revolution vs Atlanta United,New England Revolution,Atlanta United,0x699b7b25fd6bba02c9718fa403c8ecbf3fb47977fe3c12ee0eb9607344a1e922,L19460884,1,0,SUCCESS,1,1784973109,1785022200,33.561644,SXR,
0x9fcbfdba4f730ee018f124d001a183362fff5488ff98f172a03dfd07a7b8005d,0xF1e5c82790d22aa57B3ec4454818c8e886E9e439,1,3.0,1.435,,,Major League Soccer,Orlando City vs Nashville SC,Orlando City,Nashville SC,0xfdd10ed6cc0efb690aeb4007c3281dec99d81756fd8dbfa8cfdf7126e224ae5f,L19460882,1,0,SUCCESS,1,1784972711,1785022200,8.84954,SXR,
0x0d045ddc4c609d8b7f96ac43281d3db0f0961b833a7ae4e3a24afdf4941cbcae,0xF1e5c82790d22aa57B3ec4454818c8e886E9e439,1,3.0,1.435,,,Major League Soccer,Orlando City vs Nashville SC,Orlando City,Nashville SC,0x1d8add698b7d3ca5af37158a19155c7c477bd73085e937b5777870c9019858bf,L19460882,1,0,SUCCESS,1,1784972709,1785022200,8.84954,SXR,
0x782a5a4d7504e8a9ab1b74dc7dc6d997b192c2bac88816397e96ae1cd160400f,0xF1e5c82790d22aa57B3ec4454818c8e886E9e439,1,75.0,1.435,,,Major League Soccer,Orlando City vs Nashville SC,Orlando City,Nashville SC,0xfdd10ed6cc0efb690aeb4007c3281dec99d81756fd8dbfa8cfdf7126e224ae5f,L19460882,1,0,SUCCESS,1,1784972679,1785022200,173.057448,SXR,
0x5e0efa835b64e2ec368625ae967e2b04eb1692e16b08c242bda2885c7eae2766,0xF1e5c82790d22aa57B3ec4454818c8e886E9e439,1,75.0,1.435,,,Major League Soccer,Orlando City vs Nashville SC,Orlando City,Nashville SC,0x1d8add698b7d3ca5af37158a19155c7c477bd73085e937b5777870c9019858bf,L19460882,1,0,SUCCESS,1,1784972679,1785022200,173.057448,SXR,
0x87ab689ad8a7c8b8e0c82962971a952ae5fdc962b386547a9178919a2712e35e,0xF1e5c82790d22aa57B3ec4454818c8e886E9e439,1,3.0,1.435,,,Major League Soccer,Orlando City vs Nashville SC,Orlando City,Nashville SC,0xfdd10ed6cc0efb690aeb4007c3281dec99d81756fd8dbfa8cfdf7126e224ae5f,L19460882,1,0,SUCCESS,1,1784972662,1785022200,8.84954,SXR,
0xb53bc9210a73442499a2cc16880a61e9edfd44823f419f2d01f5909b1a61b8a3,0xF1e5c82790d22aa57B3ec4454818c8e886E9e439,1,3.0,1.435,,,Major League Soccer,Orlando City vs Nashville SC,Orlando City,Nashville SC,0x1d8add698b7d3ca5af37158a19155c7c477bd73085e937b5777870c9019858bf,L19460882,1,0,SUCCESS,1,1784972661,1785022200,8.84954,SXR,
0xf8147313f3d67fd33d0d20e8d2c18edfdb9adabfa57e5736e7a1a0f7c4f75e7e,0xF1e5c82790d22aa57B3ec4454818c8e886E9e439,1,10.0,1.435,,,Major League Soccer,Orlando City vs Nashville SC,Orlando City,Nashville SC,0xfdd10ed6cc0efb690aeb4007c3281dec99d81756fd8dbfa8cfdf7126e224ae5f,L19460882,1,0,SUCCESS,1,1784972626,1785022200,23.701126,SXR,
0x29bffcb94a4869265f790f74217c1205de6cbca0ce0bf821d60fc652cc67ea95,0xF1e5c82790d22aa57B3ec4454818c8e886E9e439,1,10.0,1.435,,,Major League Soccer,Orlando City vs Nashville SC,Orlando City,Nashville SC,0x1d8add698b7d3ca5af37158a19155c7c477bd73085e937b5777870c9019858bf,L19460882,1,0,SUCCESS,1,1784972626,1785022200,23.701126,SXR,
0xefab2cc826ba08edcaf654fa7d99360a3453aaa31b2c1f223e03eedef3495d20,0xF1e5c82790d22aa57B3ec4454818c8e886E9e439,2,5.0,1.535,,,Major League Soccer,New England Revolution vs Atlanta United,New England Revolution,Atlanta United,0xdd5f11572eab92c1a6e5f2de06f5b6cb821afba59f168ceeed1096ebba34fde6,L19460884,1,0,SUCCESS,1,1784972551,1785022200,10.752673,SXR,
0xdd42e0df50da58f4e7cc1fc251b7fa85d39fc6bcf533d17552dfb0311067c14b,0xF1e5c82790d22aa57B3ec4454818c8e886E9e439,2,16.0,1.535,,,Major League Soccer,New England Revolution vs Atlanta United,New England Revolution,Atlanta United,0xdd5f11572eab92c1a6e5f2de06f5b6cb821afba59f168ceeed1096ebba34fde6,L19460884,1,0,SUCCESS,1,1784972541,1785022200,30.086019,SXR,
0xfbcc1e92c9bd9f77b3e9dc196fe06b6d8a57feb8431746eab1e6ba94701391ee,0x8268feC8dCb0D284343054BDf2b649286c9aA0a1,2,13.0,1.7525,,,Major League Soccer,Saint Louis SC vs Colorado Rapids,Saint Louis SC,Colorado Rapids,0xb4442fce2a147b18ce54591184eaec5b2df12cd9d827898af07d77e4fcfb64dd,L19461365,1,0,SUCCESS,1,1784972540,1785025800,18.545449,SXR,
0xb39dd5a97fe8091295cf20b054fd0bded4745fb987bcac9e9a2aaf4519476ce8,0xF1e5c82790d22aa57B3ec4454818c8e886E9e439,2,5.0,1.535,,,Major League Soccer,New England Revolution vs Atlanta United,New England Revolution,Atlanta United,0xdd5f11572eab92c1a6e5f2de06f5b6cb821afba59f168ceeed1096ebba34fde6,L19460884,1,0,SUCCESS,1,1784972453,1785022200,10.752673,SXR,
0xbd30a295e91a6268557bfb8efea8695a0cd3403d5c90ed9a2de8201409b1dce6,0x8268feC8dCb0D284343054BDf2b649286c9aA0a1,1,7.0,1.315,,,Major League Soccer,New York Red Bulls vs Charlotte FC,New York Red Bulls,Charlotte FC,0x540d94ac1a4a314bad8c7a8c1e255047c5a03885e805c878cdc3ef52c44d4130,L19460456,1,0,SUCCESS,1,1784972434,1785018600,23.824794,SXR,
0x5a92ece23fae1ac13370a5a092cd67fdc2f325d0ca7200511f38eec9158833ee,0x68E1818FF20BBe84F9be9E0A4A395FB11079Bd35,1,17.0,1.3162,,,Major League Soccer,New York Red Bulls vs Charlotte FC,New York Red Bulls,Charlotte FC,0x540d94ac1a4a314bad8c7a8c1e255047c5a03885e805c878cdc3ef52c44d4130,L19460456,1,0,SUCCESS,1,1784972433,1785018600,53.860743,SXR,
0x97ac4447dae06f420e9f552d7bf8145c650ea97bc39b2a61701edf1a0aac12e3,0xF1e5c82790d22aa57B3ec4454818c8e886E9e439,2,60.0,1.535,,,Major League Soccer,New England Revolution vs Atlanta United,New England Revolution,Atlanta United,0xdd5f11572eab92c1a6e5f2de06f5b6cb821afba59f168ceeed1096ebba34fde6,L19460884,1,0,SUCCESS,1,1784972419,1785022200,113.698916,SXR,
0xf433db7e352c1df8dd3ea6539ff801c0577866bfcacd5626603dc1362cbec154,0xF1e5c82790d22aa57B3ec4454818c8e886E9e439,2,25.0,1.535,,,Major League Soccer,New England Revolution vs Atlanta United,New England Revolution,Atlanta United,0xdd5f11572eab92c1a6e5f2de06f5b6cb821afba59f168ceeed1096ebba34fde6,L19460884,1,0,SUCCESS,1,1784972411,1785022200,47.483869,SXR,
0x848b63b3c28838b93f4be03266f15e09f26acb883d044985ff8e687f142efbac,0x68E1818FF20BBe84F9be9E0A4A395FB11079Bd35,1,8.0,1.3575,,,Major League Soccer,FC New York vs Chicago Fire,FC New York,Chicago Fire,0xbfcc03c8cdf4af17ebc09f5509671d8683b69295797afbe2808b134fb445944c,L19460873,1,0,SUCCESS,1,1784972304,1785022200,24.980531,SXR,
0xcd662c7d80d75f9dd81de49207465cd981749386e683217d25a949d328be0b3f,0x68E1818FF20BBe84F9be9E0A4A395FB11079Bd35,1,26.0,1.3588,,,Major League Soccer,FC New York vs Chicago Fire,FC New York,Chicago Fire,0xbfcc03c8cdf4af17ebc09f5509671d8683b69295797afbe2808b134fb445944c,L19460873,1,0,SUCCESS,1,1784972303,1785022200,72.873282,SXR,
0x42bd0d820d2df27ce496b88791a493a358e9acf540d76f7af58bd4df944ac8a6,0x68E1818FF20BBe84F9be9E0A4A395FB11079Bd35,2,11.0,1.73,,,Major League Soccer,DC United vs Toronto FC,DC United,Toronto FC,0xb1371c8440185734fb7318ab5e832184263a3f9d096f644759411b8188f00cfd,L19460872,1,0,SUCCESS,1,1784972177,1785022200,16.222219,SXR,
0x04a45c5c144e20b361413f398478c006e0040af7df166ad3def9a8386aad3300,0x8268feC8dCb0D284343054BDf2b649286c9aA0a1,1,56.0,1.45,,,Major League Soccer,San Diego FC vs FC Dallas,San Diego FC,FC Dallas,0x842aac86f048739b3c1b3797e28a2b7bdbfe087151a7bee5aadbec607fa152e5,L19461808,1,0,SUCCESS,1,1784972046,1785029400,125.395978,SXR,
0x3015c461c551a683f07ef653dd6d93d271a0fbeec9fc54422142a78087c08ae7,0x8268feC8dCb0D284343054BDf2b649286c9aA0a1,1,11.0,1.45,,,Major League Soccer,San Diego FC vs FC Dallas,San Diego FC,FC Dallas,0x842aac86f048739b3c1b3797e28a2b7bdbfe087151a7bee5aadbec607fa152e5,L19461808,1,0,SUCCESS,1,1784972045,1785029400,26.5818,SXR,
0x38d1b6253ca137548d49c723ee771aeafb096ac7e3b2050069fefa658bbde391,0x68E1818FF20BBe84F9be9E0A4A395FB11079Bd35,1,8.0,1.3588,,,Major League Soccer,FC New York vs Chicago Fire,FC New York,Chicago Fire,0xbfcc03c8cdf4af17ebc09f5509671d8683b69295797afbe2808b134fb445944c,L19460873,1,0,SUCCESS,1,1784972004,1785022200,24.686132,SXR,
0x8905b978f85ab3689542cf7f0a382b3fc982dc88d4d5332fb1ccfb37ebda695d,0x68E1818FF20BBe84F9be9E0A4A395FB11079Bd35,1,5.0,1.3162,,,Major League Soccer,New York Red Bulls vs Charlotte FC,New York Red Bulls,Charlotte FC,0x540d94ac1a4a314bad8c7a8c1e255047c5a03885e805c878cdc3ef52c44d4130,L19460456,1,0,SUCCESS,1,1784971929,1785018600,18.86653,SXR,
0x152b7234b390963616581820fa1a29a5518b87d2e616c64c7cf5c3e4e44f0aa3,0xE4DD6165bFF7EE73D7932C3b478f7E22431e85E7,1,22.0,1.3175,,,Major League Soccer,New York Red Bulls vs Charlotte FC,New York Red Bulls,Charlotte FC,0x540d94ac1a4a314bad8c7a8c1e255047c5a03885e805c878cdc3ef52c44d4130,L19460456,1,0,SUCCESS,1,1784971929,1785018600,69.858268,SXR,
0xbfca5b475e055728f9e277e17bcb40863166c77266884b879f8b0fc5dbce61ee,0x68E1818FF20BBe84F9be9E0A4A395FB11079Bd35,1,18.0,1.1912,,,Major League Soccer,Houston Dynamo vs Austin FC,Houston Dynamo,Austin FC,0xcda1d3a08f3a82b9216d945aa27f92eff039b60b932337610cb0a918fb7905da,L19461357,1,0,SUCCESS,1,1784971603,1785025800,94.117647,SXR,
0xb699ca4a5521b00eca5a1d06b6c79e6d31dbfd8c6d7ebb6ccf070f3b7f0b31a6,0x8268feC8dCb0D284343054BDf2b649286c9aA0a1,1,5.0,1.19,,,Major League Soccer,Houston Dynamo vs Austin FC,Houston Dynamo,Austin FC,0xcda1d3a08f3a82b9216d945aa27f92eff039b60b932337610cb0a918fb7905da,L19461357,1,0,SUCCESS,1,1784971603,1785025800,29.617263,SXR,
0x82f81cd123e67180f5adf5ba9f3b32b092b0321cc3f813d94fce114f37e9189e,0xF1e5c82790d22aa57B3ec4454818c8e886E9e439,1,84.0,1.4825,,,Major League Soccer,Saint Louis SC vs Colorado Rapids,Saint Louis SC,Colorado Rapids,0xae02af3849520136da700e743d22875f73e85e9b2e9f55914a2ad82b78fff91b,L19461365,1,0,SUCCESS,1,1784971554,1785025800,174.183565,SXR,
0xf3a548435f0ee2e3b707a5aef0619b9079888a228530082302e5cefea23f3ca5,0xE4DD6165bFF7EE73D7932C3b478f7E22431e85E7,2,12.0,1.56,,,Major League Soccer,New York Red Bulls vs Charlotte FC,New York Red Bulls,Charlotte FC,0x24434c1af1b463375db4a810b798b123eaff9377e7ac6b7fedad77a74316aa9f,L19460456,1,0,SUCCESS,1,1784971348,1785018600,22.727268,SXR,
0xd1bfdd810623fe8a9b04627cdc958e7f025183beb4dfbfcefda761f084b5ed42,0xE4DD6165bFF7EE73D7932C3b478f7E22431e85E7,2,65.0,1.6987,,,Major League Soccer,DC United vs Toronto FC,DC United,Toronto FC,0x409d28ba7c34586c0d12e13947409331f5aaec8bdf3cd7faa706e8c734142ef9,L19460872,1,0,SUCCESS,1,1784971288,1785022200,93.775928,SXR,
0xb28938812c42263a9ca1424ada85962f2d2313129d801ccac1779af871b68071,0xF1e5c82790d22aa57B3ec4454818c8e886E9e439,1,90.0,1.5275,,,Major League Soccer,DC United vs Toronto FC,DC United,Toronto FC,0xc4a8723c040c6da4d468caa983944c003651cec99d6098687c362d6409aa8821,L19460872,1,0,SUCCESS,1,1784971288,1785022200,170.984114,SXR,
0xb184729d4f96112d7700305b267dc6f512c2c1ccb7d71ab33c3bb878ac193695,0x8268feC8dCb0D284343054BDf2b649286c9aA0a1,1,0.0,1.4275,,,Major League Soccer,New York Red Bulls vs Charlotte FC,New York Red Bulls,Charlotte FC,0x9598c39fb0af72486063252b2d379bf7b5c93580887080ca0eaed20c6d78a146,L19460456,1,0,SUCCESS,1,1784971169,1785018600,1.799111,SXR,
0x7a95473ac016fe22364339884ea0daaef5d5266285bb3def17e9c663cba548bc,0xF1e5c82790d22aa57B3ec4454818c8e886E9e439,2,3.0,1.4425,,,Major League Soccer,San Diego FC vs FC Dallas,San Diego FC,FC Dallas,0x5f69e88308d044d841a3f428eac335ed82b7d6e0cfbe86f82956564bdc76eaff,L19461808,1,0,SUCCESS,1,1784970772,1785029400,8.968588,SXR,
0x048c0722f015ad10d8ec5ae31d406c15882ce50a1851275e73d7b3fc8c63b530,0xF1e5c82790d22aa57B3ec4454818c8e886E9e439,2,12.0,1.4425,,,Major League Soccer,San Diego FC vs FC Dallas,San Diego FC,FC Dallas,0x5f69e88308d044d841a3f428eac335ed82b7d6e0cfbe86f82956564bdc76eaff,L19461808,1,0,SUCCESS,1,1784970744,1785029400,28.807164,SXR,
0x49c7e5bcf04bc8383d7618e89488d11ca5a1c2f59926b6c4f00932165ff53e91,0xF1e5c82790d22aa57B3ec4454818c8e886E9e439,1,5.0,1.5275,,,Major League Soccer,DC United vs Toronto FC,DC United,Toronto FC,0xc4a8723c040c6da4d468caa983944c003651cec99d6098687c362d6409aa8821,L19460872,1,0,SUCCESS,1,1784970563,1785022200,10.582009,SXR,
0xb354be89e1ae873a5334f11dbf26a4a17550f401d62fc4c6d7544194f65c2aae,0xF1e5c82790d22aa57B3ec4454818c8e886E9e439,1,5.0,1.5275,,,Major League Soccer,DC United vs Toronto FC,DC United,Toronto FC,0xc4a8723c040c6da4d468caa983944c003651cec99d6098687c362d6409aa8821,L19460872,1,0,SUCCESS,1,1784970561,1785022200,10.582009,SXR,
0xc0dd723ff82902ac983d0170c9950ffa2d20404aed095d55a2bc784f1fc5c6d9,0xF1e5c82790d22aa57B3ec4454818c8e886E9e439,1,20.0,1.5275,,,Major League Soccer,DC United vs Toronto FC,DC United,Toronto FC,0xc4a8723c040c6da4d468caa983944c003651cec99d6098687c362d6409aa8821,L19460872,1,0,SUCCESS,1,1784970527,1785022200,38.312777,SXR,
0x4c7a1c587f08fb7b14686babb9a8708f9af9056944f8871f2ecf8ab3d4c40229,0xF1e5c82790d22aa57B3ec4454818c8e886E9e439,1,15.0,1.5275,,,Major League Soccer,DC United vs Toronto FC,DC United,Toronto FC,0xc4a8723c040c6da4d468caa983944c003651cec99d6098687c362d6409aa8821,L19460872,1,0,SUCCESS,1,1784970526,1785022200,29.744057,SXR,
0x0c66d10ba35a3b61be927a50571262e4911a72badf04aa9193d93a4479d42464,0xF1e5c82790d22aa57B3ec4454818c8e886E9e439,1,5.0,1.5275,,,Major League Soccer,DC United vs Toronto FC,DC United,Toronto FC,0xc4a8723c040c6da4d468caa983944c003651cec99d6098687c362d6409aa8821,L19460872,1,0,SUCCESS,1,1784970241,1785022200,10.582009,SXR,
0x86b7df0bcf0c8b95a53f6f4072839520aeed1f6cc420626c139aa18eb3450a44,0xF1e5c82790d22aa57B3ec4454818c8e886E9e439,1,5.0,1.5275,,,Major League Soccer,DC United vs Toronto FC,DC United,Toronto FC,0xc4a8723c040c6da4d468caa983944c003651cec99d6098687c362d6409aa8821,L19460872,1,0,SUCCESS,1,1784970239,1785022200,10.582009,SXR,
0x85dc7d12a0aa8663a0bffc702268ae1827cddf2099cf6c58bd84cba1c17e543b,0xF1e5c82790d22aa57B3ec4454818c8e886E9e439,1,28.0,1.5275,,,Major League Soccer,DC United vs Toronto FC,DC United,Toronto FC,0xc4a8723c040c6da4d468caa983944c003651cec99d6098687c362d6409aa8821,L19460872,1,0,SUCCESS,1,1784970219,1785022200,53.554483,SXR,
0x5aee19d2a6af344e70f16bba1f0175ca62de304fa055e7e4354b385380e82fcd,0xF1e5c82790d22aa57B3ec4454818c8e886E9e439,1,5.0,1.5275,,,Major League Soccer,DC United vs Toronto FC,DC United,Toronto FC,0xc4a8723c040c6da4d468caa983944c003651cec99d6098687c362d6409aa8821,L19460872,1,0,SUCCESS,1,1784970210,1785022200,10.582009,SXR,
0xd23814d3e3f3118e7bf7d0b6d87862320febe2a4f81af3d326d8536902a0beb0,0xF1e5c82790d22aa57B3ec4454818c8e886E9e439,1,15.0,1.5275,,,Major League Soccer,DC United vs Toronto FC,DC United,Toronto FC,0xc4a8723c040c6da4d468caa983944c003651cec99d6098687c362d6409aa8821,L19460872,1,0,SUCCESS,1,1784970207,1785022200,28.644531,SXR,
0x5b9a5d387d03c06253d6fa3443e44a1be10d30cc92ed60097ace1691baa502d9,0xF1e5c82790d22aa57B3ec4454818c8e886E9e439,1,5.0,1.5275,,,Major League Soccer,DC United vs Toronto FC,DC United,Toronto FC,0xc4a8723c040c6da4d468caa983944c003651cec99d6098687c362d6409aa8821,L19460872,1,0,SUCCESS,1,1784970174,1785022200,10.582009,SXR,
0x0bc6f109d04826e3b43685ffc820ef56664233897d3a6166b9c5556fe5bddc0a,0xF1e5c82790d22aa57B3ec4454818c8e886E9e439,1,5.0,1.5275,,,Major League Soccer,DC United vs Toronto FC,DC United,Toronto FC,0xc4a8723c040c6da4d468caa983944c003651cec99d6098687c362d6409aa8821,L19460872,1,0,SUCCESS,1,1784970172,1785022200,10.582009,SXR,
0x6ea425131387845633b8fbad080dc80e0ac0d340e5dfc780dc3dba62865f8918,0xF1e5c82790d22aa57B3ec4454818c8e886E9e439,1,5.0,1.5275,,,Major League Soccer,DC United vs Toronto FC,DC United,Toronto FC,0xc4a8723c040c6da4d468caa983944c003651cec99d6098687c362d6409aa8821,L19460872,1,0,SUCCESS,1,1784970170,1785022200,10.582009,SXR,
0xee8e244d6a31344dbe1de12b4a65b0a734baae2602e576718f4ca5a6772cdd23,0xF1e5c82790d22aa57B3ec4454818c8e886E9e439,1,17.0,1.5275,,,Major League Soccer,DC United vs Toronto FC,DC United,Toronto FC,0xc4a8723c040c6da4d468caa983944c003651cec99d6098687c362d6409aa8821,L19460872,1,0,SUCCESS,1,1784970161,1785022200,32.303299,SXR,
0xe6023444afb23ae5484082ca1cfe4c2b88ab046a4778d07caab0e90d2cb218db,0xF1e5c82790d22aa57B3ec4454818c8e886E9e439,1,15.0,1.5275,,,Major League Soccer,DC United vs Toronto FC,DC United,Toronto FC,0xc4a8723c040c6da4d468caa983944c003651cec99d6098687c362d6409aa8821,L19460872,1,0,SUCCESS,1,1784970155,1785022200,28.606616,SXR,
0xc8c6971e2f93110d8ecb62bab6ba326eca3fbf2e2c0c324377a34d4785e2429b,0xF1e5c82790d22aa57B3ec4454818c8e886E9e439,1,15.0,1.5275,,,Major League Soccer,DC United vs Toronto FC,DC United,Toronto FC,0xc4a8723c040c6da4d468caa983944c003651cec99d6098687c362d6409aa8821,L19460872,1,0,SUCCESS,1,1784970150,1785022200,29.042635,SXR,
0x953e8933e7a25ddba81c2d1032efdc67c972244c731a37ac746c069b20d1babb,0xF1e5c82790d22aa57B3ec4454818c8e886E9e439,1,5.0,1.5275,,,Major League Soccer,DC United vs Toronto FC,DC United,Toronto FC,0xc4a8723c040c6da4d468caa983944c003651cec99d6098687c362d6409aa8821,L19460872,1,0,SUCCESS,1,1784970134,1785022200,10.582009,SXR,
0xe49b394c5cfcf62f9682bb10f1cd21b40bb805a6ef059ed4f2c7e9ec6e257a2a,0xE4DD6165bFF7EE73D7932C3b478f7E22431e85E7,2,22.0,1.8275,,,Major League Soccer,DC United vs Toronto FC,DC United,Toronto FC,0x5375815c2a73803d9cc894698d477c1ab833472752323eb7054d643ea061fee9,L19460872,1,0,SUCCESS,1,1784970123,1785022200,27.130429,SXR,
0x7f0621f01d3ee0557db96a8db413b73607c4c00578c18ea267239bf1567bd712,0xF1e5c82790d22aa57B3ec4454818c8e886E9e439,1,76.0,1.5275,,,Major League Soccer,DC United vs Toronto FC,DC United,Toronto FC,0xc4a8723c040c6da4d468caa983944c003651cec99d6098687c362d6409aa8821,L19460872,1,0,SUCCESS,1,1784970123,1785022200,145.121687,SXR,
0x58a7c9ca669da0d72741de01d9d411f4aa28c7823a15014151eb85b907aaa929,0xE4DD6165bFF7EE73D7932C3b478f7E22431e85E7,2,9.0,1.61,,,Major League Soccer,DC United vs Toronto FC,DC United,Toronto FC,0x9fbc0ff48e977f1a0f2e83a202fbbeee528ca3396a4785641b1d3febcdfddf8e,L19460872,1,0,SUCCESS,1,1784970123,1785022200,14.846148,SXR,
0x757d0fe168f3aea8d126213ad504a6e649c1f699e25ec7f06b9de1cd3a5e3d8e,0xF1e5c82790d22aa57B3ec4454818c8e886E9e439,1,239.0,1.5275,,,Major League Soccer,DC United vs Toronto FC,DC United,Toronto FC,0xc4a8723c040c6da4d468caa983944c003651cec99d6098687c362d6409aa8821,L19460872,1,0,SUCCESS,1,1784970112,1785022200,454.201043,SXR,
0x8f01fd9aeece12864f92aaff22383980039aac5cb71b47e0f5b350634bc1315f,0xF1e5c82790d22aa57B3ec4454818c8e886E9e439,1,21.0,1.5275,,,Major League Soccer,DC United vs Toronto FC,DC United,Toronto FC,0xc4a8723c040c6da4d468caa983944c003651cec99d6098687c362d6409aa8821,L19460872,1,0,SUCCESS,1,1784970110,1785022200,40.094768,SXR,
0x583101b2fe1dd1c63f394aba632dffb86d7effcb1f98b41f04524aa48ca8e4f2,0xF1e5c82790d22aa57B3ec4454818c8e886E9e439,2,5.0,1.5275,,,Major League Soccer,New England Revolution vs Atlanta United,New England Revolution,Atlanta United,0xdd5f11572eab92c1a6e5f2de06f5b6cb821afba59f168ceeed1096ebba34fde6,L19460884,1,0,SUCCESS,1,1784970023,1785022200,10.582009,SXR,
0x1f9485acd9263be925c05bff5e4d9a171468c9f498404d068cb03650545ea79f,0xF1e5c82790d22aa57B3ec4454818c8e886E9e439,2,72.0,1.5275,,,Major League Soccer,New England Revolution vs Atlanta United,New England Revolution,Atlanta United,0xdd5f11572eab92c1a6e5f2de06f5b6cb821afba59f168ceeed1096ebba34fde6,L19460884,1,0,SUCCESS,1,1784970014,1785022200,137.481479,SXR,
0xcbb12c905de0b08f6f6d5ed4662e669f80af00c0a31cfbc97679eaa5f9caf0e8,0x8268feC8dCb0D284343054BDf2b649286c9aA0a1,1,20.0,1.1912,,,Major League Soccer,Houston Dynamo vs Austin FC,Houston Dynamo,Austin FC,0xcda1d3a08f3a82b9216d945aa27f92eff039b60b932337610cb0a918fb7905da,L19461357,1,0,SUCCESS,1,1784969945,1785025800,107.375529,SXR,
0x6aa0b388b14d6b270011c71a233481e0bc8edaaf0285c0efb6ea7e2fca8e92dc,0xF1e5c82790d22aa57B3ec4454818c8e886E9e439,1,10.0,1.52,,,Major League Soccer,DC United vs Toronto FC,DC United,Toronto FC,0xc4a8723c040c6da4d468caa983944c003651cec99d6098687c362d6409aa8821,L19460872,1,0,SUCCESS,1,1784969932,1785022200,20.833327,SXR,
0x5beff092ca4cbcec66a03ec849db5a4e0732254c99fe010e231d8db235e37396,0x68E1818FF20BBe84F9be9E0A4A395FB11079Bd35,1,27.0,1.4712,,,Major League Soccer,New England Revolution vs Atlanta United,New England Revolution,Atlanta United,0xb588b78200a622178ddc15d65de4da5742b99c19cc0e9da2328ae98b202ac80a,L19460884,1,0,SUCCESS,1,1784969822,1785022200,58.763501,SXR,
0x48889c4a185c1bab0cc646da13fe05eb7ab9bc0a11c00f26ac496d2b3d82afc8,0x68E1818FF20BBe84F9be9E0A4A395FB11079Bd35,2,6.0,1.735,,,Major League Soccer,New England Revolution vs Atlanta United,New England Revolution,Atlanta United,0xa736351cf9eec045bae98f3eab773fd2b6493e9d119d3f6587e23a1afbf7cd38,L19460884,1,0,SUCCESS,1,1784969822,1785022200,9.056599,SXR,
0x4509e305b2309587e11730682dd655fb7e1d729a4a9720c150da2d6f2ceca0b2,0xF1e5c82790d22aa57B3ec4454818c8e886E9e439,1,52.0,1.525,,,Major League Soccer,DC United vs Toronto FC,DC United,Toronto FC,0xc4a8723c040c6da4d468caa983944c003651cec99d6098687c362d6409aa8821,L19460872,1,0,SUCCESS,1,1784969665,1785022200,99.466648,SXR,
0xa3fd6ad28c279237dbcf667700bb27d2ce6d928273bb255b169809e9bff89ea4,0xE4DD6165bFF7EE73D7932C3b478f7E22431e85E7,2,11.0,1.5175,,,Major League Soccer,Philadelphia Union FC vs Seattle Sounders,Philadelphia Union FC,Seattle Sounders,0x81ddcc191407a7b5d3934236f00639e855b2153d657ba7616627d7da772fce58,L19460883,1,0,SUCCESS,1,1784969646,1785022200,21.699478,SXR,
0x9b60c179c1d91edce1430853773723a83732c20893cc46f71a1f74a8874ff924,0xF1e5c82790d22aa57B3ec4454818c8e886E9e439,1,98.0,1.4825,,,Major League Soccer,Philadelphia Union FC vs Seattle Sounders,Philadelphia Union FC,Seattle Sounders,0x81ddcc191407a7b5d3934236f00639e855b2153d657ba7616627d7da772fce58,L19460883,1,0,SUCCESS,1,1784969646,1785022200,204.057969,SXR,
0xbecdeb2e8a8065d7f06c4c307ee7f80f63193d9899c3854ae1a4b46ba17957b0,0xE4DD6165bFF7EE73D7932C3b478f7E22431e85E7,2,12.0,1.4112,,,Major League Soccer,FC New York vs Chicago Fire,FC New York,Chicago Fire,0xd0e4f4fef8e2a5a73b711de95afe9bfdfeaffc70e151036337dfd40964c4da7a,L19460873,1,0,SUCCESS,1,1784969300,1785022200,29.825897,SXR,
0x803de21d72b72e10649ec464df2c7da9a4d15f84517a0c9209a985f664342275,0xE4DD6165bFF7EE73D7932C3b478f7E22431e85E7,2,15.0,1.4512,,,Major League Soccer,New England Revolution vs Atlanta United,New England Revolution,Atlanta United,0x93d6e7159f1476317dc614529418504ddb0cc5c1a84f4d7aea88b5ab64c2b1dc,L19460884,1,0,SUCCESS,1,1784969038,1785022200,33.476078,SXR,
0xd0b21ce9727f0f9de3c6fc729aab01270ac36edd2f5eb8abbc3f603b6d618e38,0x68E1818FF20BBe84F9be9E0A4A395FB11079Bd35,2,101.0,1.91,,,Major League Soccer,Los Angeles FC vs Sporting Kansas City,Los Angeles FC,Sporting Kansas City,0x8a2559bf0372e5013335914ae6cf194bd2c4b1b5f2340e27dc6df7708f98eab4,L19462240,1,0,SUCCESS,1,1784969037,1785033000,111.098901,SXR,
0x758120108ce97f17e47a60d6702f9bc4d5fff702c05c072c6a7049ae5b6c86c4,0xE4DD6165bFF7EE73D7932C3b478f7E22431e85E7,2,29.0,1.58,,,Major League Soccer,New England Revolution vs Atlanta United,New England Revolution,Atlanta United,0x3e5acc372d3e61545fc637d21a30025f7b81ab3593171845c8deffa19f722f53,L19460884,1,0,SUCCESS,1,1784969037,1785022200,51.619034,SXR,
0x099a42957cf2d89a855c4c3627afc9690522ee22df269a2db6cac71629cd7343,0xE4DD6165bFF7EE73D7932C3b478f7E22431e85E7,2,31.0,1.6738,,,Major League Soccer,New England Revolution vs Atlanta United,New England Revolution,Atlanta United,0x869d55697f475eb5ef6852e10a092b6d005b72e87474e0054d118c9f461a59fb,L19460884,1,0,SUCCESS,1,1784969037,1785022200,46.620675,SXR,
0x6a31d74c9148a68abe0539e8d8e4f13b6e17844eb38bc07a964269c795294096,0xF1e5c82790d22aa57B3ec4454818c8e886E9e439,1,2.0,1.48,,,Major League Soccer,Philadelphia Union FC vs Seattle Sounders,Philadelphia Union FC,Seattle Sounders,0x81ddcc191407a7b5d3934236f00639e855b2153d657ba7616627d7da772fce58,L19460883,1,0,SUCCESS,1,1784968937,1785022200,4.365375,SXR,
0xc14d9b36a65e1a3c3195e0a86f74de30793347b98fd5902b6c66e1d0701e0a76,0xF1e5c82790d22aa57B3ec4454818c8e886E9e439,1,4.0,1.48,,,Major League Soccer,Philadelphia Union FC vs Seattle Sounders,Philadelphia Union FC,Seattle Sounders,0x81ddcc191407a7b5d3934236f00639e855b2153d657ba7616627d7da772fce58,L19460883,1,0,SUCCESS,1,1784968914,1785022200,9.615375,SXR,
0x384b45d209e95730d2985e9355e4e9652ca7adcc1319a01bef3916ddc81594d1,0xF1e5c82790d22aa57B3ec4454818c8e886E9e439,1,13.0,1.48,,,Major League Soccer,Philadelphia Union FC vs Seattle Sounders,Philadelphia Union FC,Seattle Sounders,0x81ddcc191407a7b5d3934236f00639e855b2153d657ba7616627d7da772fce58,L19460883,1,0,SUCCESS,1,1784968894,1785022200,28.604146,SXR,
0x285f0abbc32bef7e8a4d0444345711bb80ba5fcbe0ef6429dd55c7cff3064afe,0xF1e5c82790d22aa57B3ec4454818c8e886E9e439,2,6.0,1.5575,,,Major League Soccer,CF Montreal vs Inter Miami CF,CF Montreal,Inter Miami CF,0x3390afb147696e3e01fd766347941f9138101935ba7c9286377dfdded65526b6,L19460871,1,0,SUCCESS,1,1784968680,1785022200,11.299426,SXR,
0x70f59f591b011c56cefea9ec414185f5cd5677a8ffb8abca4f34473caa61d8ad,0xF1e5c82790d22aa57B3ec4454818c8e886E9e439,1,6.0,1.5575,,,Major League Soccer,CF Montreal vs Inter Miami CF,CF Montreal,Inter Miami CF,0x328c495027392a9e92e3935603e10995d6f337b42138d7d59f3668f89a2ba0b9,L19460871,1,0,SUCCESS,1,1784968678,1785022200,11.299426,SXR,
0x6841aebef7778f0d59ece65f761aedd2ec015ad5aa75503dda7e1ed47334a6ad,0xF1e5c82790d22aa57B3ec4454818c8e886E9e439,1,6.0,1.5575,,,Major League Soccer,CF Montreal vs Inter Miami CF,CF Montreal,Inter Miami CF,0x328c495027392a9e92e3935603e10995d6f337b42138d7d59f3668f89a2ba0b9,L19460871,1,0,SUCCESS,1,1784968676,1785022200,11.299426,SXR,
0x42c973a52d59e27717bcdfeb97344cd200d6ea6e4407dbe4001a228d1717f61b,0xF1e5c82790d22aa57B3ec4454818c8e886E9e439,2,6.0,1.5575,,,Major League Soccer,CF Montreal vs Inter Miami CF,CF Montreal,Inter Miami CF,0x3390afb147696e3e01fd766347941f9138101935ba7c9286377dfdded65526b6,L19460871,1,0,SUCCESS,1,1784968674,1785022200,11.299426,SXR,
0x5cb8e3332af33cb6faedd387f2e11e6bf2daf988e81642417685b0858416d395,0xF1e5c82790d22aa57B3ec4454818c8e886E9e439,2,18.0,1.5575,,,Major League Soccer,CF Montreal vs Inter Miami CF,CF Montreal,Inter Miami CF,0x3390afb147696e3e01fd766347941f9138101935ba7c9286377dfdded65526b6,L19460871,1,0,SUCCESS,1,1784968656,1785022200,33.853094,SXR,
0x03ed1770f73fece937b89fb46c3f5e1c3d6f2e549d6e026cb476cac8ecb7604b,0xF1e5c82790d22aa57B3ec4454818c8e886E9e439,1,18.0,1.5575,,,Major League Soccer,CF Montreal vs Inter Miami CF,CF Montreal,Inter Miami CF,0x328c495027392a9e92e3935603e10995d6f337b42138d7d59f3668f89a2ba0b9,L19460871,1,0,SUCCESS,1,1784968655,1785022200,33.865453,SXR,
0x7d10a1873b9e987a665babe483167a6f2466c365262d040953309ac0d539d513,0xF1e5c82790d22aa57B3ec4454818c8e886E9e439,1,40.0,1.5575,,,Major League Soccer,CF Montreal vs Inter Miami CF,CF Montreal,Inter Miami CF,0x328c495027392a9e92e3935603e10995d6f337b42138d7d59f3668f89a2ba0b9,L19460871,1,0,SUCCESS,1,1784968653,1785022200,71.928233,SXR,
0x784abec4055d7f3b6ff5b02e33b41aaff0cc454da3b651f33c785ad877a36bc4,0xF1e5c82790d22aa57B3ec4454818c8e886E9e439,2,40.0,1.5575,,,Major League Soccer,CF Montreal vs Inter Miami CF,CF Montreal,Inter Miami CF,0x3390afb147696e3e01fd766347941f9138101935ba7c9286377dfdded65526b6,L19460871,1,0,SUCCESS,1,1784968653,1785022200,71.932197,SXR,
0xacaa4f6ddcef2a3f58962eeac153b38f4d92ae46d9763b459ba6b34f6b7c40d2,0xF1e5c82790d22aa57B3ec4454818c8e886E9e439,2,3.0,1.4425,,,Major League Soccer,San Diego FC vs FC Dallas,San Diego FC,FC Dallas,0x5f69e88308d044d841a3f428eac335ed82b7d6e0cfbe86f82956564bdc76eaff,L19461808,1,0,SUCCESS,1,1784968601,1785029400,8.968588,SXR,
0xf9633125b949aec422d9dbddaa02d8f64bd7eae8b9f5fcdd304d5da880e5807d,0xF1e5c82790d22aa57B3ec4454818c8e886E9e439,2,3.0,1.4425,,,Major League Soccer,San Diego FC vs FC Dallas,San Diego FC,FC Dallas,0x5f69e88308d044d841a3f428eac335ed82b7d6e0cfbe86f82956564bdc76eaff,L19461808,1,0,SUCCESS,1,1784968598,1785029400,8.968588,SXR,
0x8887ff294e2c651b891133deda7c29a9235c9a288e0c5da390b9d354b1665baf,0xF1e5c82790d22aa57B3ec4454818c8e886E9e439,2,3.0,1.4425,,,Major League Soccer,San Diego FC vs FC Dallas,San Diego FC,FC Dallas,0xab0082bcc99b5f516abe310aa5c4faef6e9240a2e9e373a82e20b467066861f3,L19461808,1,0,SUCCESS,1,1784968597,1785029400,8.968588,SXR,
0xff18711680317874d350f48eee153f8a2454730b549f9ce562b778598f5ca92a,0xF1e5c82790d22aa57B3ec4454818c8e886E9e439,2,13.0,1.4425,,,Major League Soccer,San Diego FC vs FC Dallas,San Diego FC,FC Dallas,0x5f69e88308d044d841a3f428eac335ed82b7d6e0cfbe86f82956564bdc76eaff,L19461808,1,0,SUCCESS,1,1784968576,1785029400,30.457379,SXR,
0x4e1b5899564aaf75e741ee4c5c4ca8d59cf14b3116dc2ff1e49be34f71494487,0xF1e5c82790d22aa57B3ec4454818c8e886E9e439,2,13.0,1.4425,,,Major League Soccer,San Diego FC vs FC Dallas,San Diego FC,FC Dallas,0xab0082bcc99b5f516abe310aa5c4faef6e9240a2e9e373a82e20b467066861f3,L19461808,1,0,SUCCESS,1,1784968576,1785029400,30.457379,SXR,
0x405afac076e436ccc03804d24742883fa8930c655a09152bc6529f55338df015,0xF1e5c82790d22aa57B3ec4454818c8e886E9e439,2,20.0,1.4425,,,Major League Soccer,San Diego FC vs FC Dallas,San Diego FC,FC Dallas,0x5f69e88308d044d841a3f428eac335ed82b7d6e0cfbe86f82956564bdc76eaff,L19461808,1,0,SUCCESS,1,1784968574,1785029400,46.582938,SXR,
0x2598243c617a8adfedc606897d6601a3f48365b93ab3688e9b5405f8caf9ded3,0xF1e5c82790d22aa57B3ec4454818c8e886E9e439,2,20.0,1.4425,,,Major League Soccer,San Diego FC vs FC Dallas,San Diego FC,FC Dallas,0xab0082bcc99b5f516abe310aa5c4faef6e9240a2e9e373a82e20b467066861f3,L19461808,1,0,SUCCESS,1,1784968574,1785029400,46.582938,SXR,
0xec534a3dec3f9ee9983f1eaf67001562dad99e08db3dbf8c938fe02adbe6ea53,0xF1e5c82790d22aa57B3ec4454818c8e886E9e439,2,2.0,1.5575,,,Major League Soccer,CF Montreal vs Inter Miami CF,CF Montreal,Inter Miami CF,0x3390afb147696e3e01fd766347941f9138101935ba7c9286377dfdded65526b6,L19460871,1,0,SUCCESS,1,1784968523,1785022200,5.039534,SXR,
0xc9a42c53ecef1f64a83c6404e16db8427f7b2a7744847c4be5b9637da4ea2a2f,0xF1e5c82790d22aa57B3ec4454818c8e886E9e439,2,4.0,1.445,,,Major League Soccer,San Diego FC vs FC Dallas,San Diego FC,FC Dallas,0xab0082bcc99b5f516abe310aa5c4faef6e9240a2e9e373a82e20b467066861f3,L19461808,1,0,SUCCESS,1,1784968504,1785029400,9.92791,SXR,
0x240e76ede44bc23a1c829aae16ae5dc3eafc50d7bc6a572fb8f5615a536501eb,0x68E1818FF20BBe84F9be9E0A4A395FB11079Bd35,1,7.0,1.42,,,Major League Soccer,San Diego FC vs FC Dallas,San Diego FC,FC Dallas,0xa4d9f0fc6af36e5397ac6e31dfc0e9de2b2857e6f300f9d3f398530ad6790a6b,L19461808,1,0,SUCCESS,1,1784968504,1785029400,17.241357,SXR,
0xeb9bceb147e085789a1a18ea4bd517aa8d9a0ed93d9506c82a2b31d385edca5f,0x5B3498Cb20C3107B5B267fabd3601B6425BDeb42,2,375.0,1.7688,,,Major League Soccer,CF Montreal vs Inter Miami CF,CF Montreal,Inter Miami CF,0x94748847168a3aefac986d4d912f42fa5090c1832c43f98e546c3c80f6c79f97,L19460871,1,0,SUCCESS,1,1784968456,1785022200,488.691889,SXR,
0x2023179aa4e65198509ed4cd28d3cf5f685c28f5e1e66a48386a9f49b7cad604,0xF1e5c82790d22aa57B3ec4454818c8e886E9e439,1,6.0,1.5575,,,Major League Soccer,CF Montreal vs Inter Miami CF,CF Montreal,Inter Miami CF,0x328c495027392a9e92e3935603e10995d6f337b42138d7d59f3668f89a2ba0b9,L19460871,1,0,SUCCESS,1,1784968453,1785022200,11.299426,SXR,
0xe06be1754018e4dc70bd9ead443ca909272ac730f9a7c4792dc5ca1e06ce04e9,0xF1e5c82790d22aa57B3ec4454818c8e886E9e439,2,6.0,1.5575,,,Major League Soccer,CF Montreal vs Inter Miami CF,CF Montreal,Inter Miami CF,0x3390afb147696e3e01fd766347941f9138101935ba7c9286377dfdded65526b6,L19460871,1,0,SUCCESS,1,1784968451,1785022200,11.299426,SXR,
0xb40348b24997d7d5ed9f67e877d31485656c6425ce563dec7a7c181bb0e4c60f,0x5B3498Cb20C3107B5B267fabd3601B6425BDeb42,2,101.0,1.7688,,,Major League Soccer,CF Montreal vs Inter Miami CF,CF Montreal,Inter Miami CF,0x94748847168a3aefac986d4d912f42fa5090c1832c43f98e546c3c80f6c79f97,L19460871,1,0,SUCCESS,1,1784968441,1785022200,132.367558,SXR,
0x8fbd7d7bfcb53e477f3fcc7f55173af021814b49375764ac5e24df30228e88c2,0x5B3498Cb20C3107B5B267fabd3601B6425BDeb42,2,51.0,1.7688,,,Major League Soccer,CF Montreal vs Inter Miami CF,CF Montreal,Inter Miami CF,0x94748847168a3aefac986d4d912f42fa5090c1832c43f98e546c3c80f6c79f97,L19460871,1,0,SUCCESS,1,1784968439,1785022200,67.545938,SXR,
0x661cc07bec07b7b3782ae464d7e3d25dd16dc51fcdcd223fea4daebcf89c7f41,0xF1e5c82790d22aa57B3ec4454818c8e886E9e439,1,43.0,1.5575,,,Major League Soccer,CF Montreal vs Inter Miami CF,CF Montreal,Inter Miami CF,0x328c495027392a9e92e3935603e10995d6f337b42138d7d59f3668f89a2ba0b9,L19460871,1,0,SUCCESS,1,1784968437,1785022200,77.686081,SXR,
0x5263e319048a623aa110a80e7eb51a3b4f987fc46c94edb6a5ffe70ff9bc27dd,0xF1e5c82790d22aa57B3ec4454818c8e886E9e439,2,43.0,1.5575,,,Major League Soccer,CF Montreal vs Inter Miami CF,CF Montreal,Inter Miami CF,0x3390afb147696e3e01fd766347941f9138101935ba7c9286377dfdded65526b6,L19460871,1,0,SUCCESS,1,1784968436,1785022200,77.694906,SXR,
0x574ba38d32527efcafb9824925948b3bbcff10f4fae4cc1be0bb3b6646008e90,0xe2C68b7ef85645e47F9b94382c3Db59b046945a2,2,0.0,1.1325,,,Major League Soccer,CF Montreal vs Inter Miami CF,CF Montreal,Inter Miami CF,0xefcd7d701057902d3b898b2deb8ddf6ffe87030f274c008d6ab0828d91a89a19,L19460871,1,0,SUCCESS,1,1784968376,1785022200,5.763623,SXR,
0xfaa81f76b320197098d9c7ba16ee6cd709dc97f4efdb630efbbce4c1f38c3c6e,0xE4DD6165bFF7EE73D7932C3b478f7E22431e85E7,2,1.0,1.275,,,Major League Soccer,Orlando City vs Nashville SC,Orlando City,Nashville SC,0xb3e5e11c7af9083221287c52d7f6d174566b93b49f690879647bb1754cf47524,L19460882,1,0,SUCCESS,1,1784968374,1785022200,6.896545,SXR,
0x4d72398f7ee6237ea68f7a377168da4d939a2bbc467187e05adc6c075332c012,0x68E1818FF20BBe84F9be9E0A4A395FB11079Bd35,2,13.0,1.7275,,,Major League Soccer,Saint Louis SC vs Colorado Rapids,Saint Louis SC,Colorado Rapids,0x39a2e678245637d44afe0d15619634d22891334ec270fb7d8fd0a3fdaa90a581,L19461365,1,0,SUCCESS,1,1784968373,1785025800,18.348619,SXR,
0x5f6ab4dbd5a7806cc104c89bd5d51b2c2a1e5524358b229e1a99f1f902f3c9ed,0x68E1818FF20BBe84F9be9E0A4A395FB11079Bd35,2,13.0,1.7275,,,Major League Soccer,Saint Louis SC vs Colorado Rapids,Saint Louis SC,Colorado Rapids,0x39a2e678245637d44afe0d15619634d22891334ec270fb7d8fd0a3fdaa90a581,L19461365,1,0,SUCCESS,1,1784968371,1785025800,18.348619,SXR,
0x304a924c3bb5c71d71298a835a26b8c9ad8e80a38b38d8c87e7f0a3b233c8c37,0xF1e5c82790d22aa57B3ec4454818c8e886E9e439,1,4.0,1.48,,,Major League Soccer,Philadelphia Union FC vs Seattle Sounders,Philadelphia Union FC,Seattle Sounders,0x81ddcc191407a7b5d3934236f00639e855b2153d657ba7616627d7da772fce58,L19460883,1,0,SUCCESS,1,1784968369,1785022200,9.615375,SXR,
0xebe0efa163096e2c6c58ceeb9f0c093cb01f3ba5608ab5c69303a0d3d4536e30,0xF1e5c82790d22aa57B3ec4454818c8e886E9e439,1,4.0,1.48,,,Major League Soccer,Philadelphia Union FC vs Seattle Sounders,Philadelphia Union FC,Seattle Sounders,0x81ddcc191407a7b5d3934236f00639e855b2153d657ba7616627d7da772fce58,L19460883,1,0,SUCCESS,1,1784968368,1785022200,9.615375,SXR,
0xe72e5804b69cff346788294c0f7cb22a7958e27c42042e9d67c52943dc68f213,0x68E1818FF20BBe84F9be9E0A4A395FB11079Bd35,1,2.0,1.2862,,,Major League Soccer,DC United vs Toronto FC,DC United,Toronto FC,0x666019dff45719f0c694391d575b1bcdefd8246beb568e0a35f96d918b302c26,L19460872,1,0,SUCCESS,1,1784968366,1785022200,7.00524,SXR,
0x0b6b3dd9449c24f83e3c54564c5d8c164420fdff01d1acc34397e3a823deb26b,0x68E1818FF20BBe84F9be9E0A4A395FB11079Bd35,1,2.0,1.2862,,,Major League Soccer,DC United vs Toronto FC,DC United,Toronto FC,0x666019dff45719f0c694391d575b1bcdefd8246beb568e0a35f96d918b302c26,L19460872,1,0,SUCCESS,1,1784968364,1785022200,7.00524,SXR,
0x9e0cb708ca228a1981f8ffde1283faae9c22ab6a51f4a1abf21674eae5ffcb79,0x68E1818FF20BBe84F9be9E0A4A395FB11079Bd35,1,2.0,1.2862,,,Major League Soccer,DC United vs Toronto FC,DC United,Toronto FC,0x666019dff45719f0c694391d575b1bcdefd8246beb568e0a35f96d918b302c26,L19460872,1,0,SUCCESS,1,1784968363,1785022200,7.00524,SXR,
0x1a38fd2705dc80240c7d679f69b16a6813ea8679bf55882e1ff817b94cb6ca30,0xe2C68b7ef85645e47F9b94382c3Db59b046945a2,2,9.0,1.1338,,,Major League Soccer,CF Montreal vs Inter Miami CF,CF Montreal,Inter Miami CF,0xefcd7d701057902d3b898b2deb8ddf6ffe87030f274c008d6ab0828d91a89a19,L19460871,1,0,SUCCESS,1,1784968353,1785022200,71.24957,SXR,
0xa9aff82e24c3e5d0a80757dad83582e35964b3caee07f1fd3e681857bc7fd145,0xE4DD6165bFF7EE73D7932C3b478f7E22431e85E7,2,8.0,1.28,,,Major League Soccer,Orlando City vs Nashville SC,Orlando City,Nashville SC,0xb3e5e11c7af9083221287c52d7f6d174566b93b49f690879647bb1754cf47524,L19460882,1,0,SUCCESS,1,1784968345,1785022200,30.069429,SXR,
0x7c8ac68b9968164b4fc06c9bf06a74289d1063b8fd6526a864cab6326e3282de,0x68E1818FF20BBe84F9be9E0A4A395FB11079Bd35,2,46.0,1.7275,,,Major League Soccer,Saint Louis SC vs Colorado Rapids,Saint Louis SC,Colorado Rapids,0x39a2e678245637d44afe0d15619634d22891334ec270fb7d8fd0a3fdaa90a581,L19461365,1,0,SUCCESS,1,1784968333,1785025800,63.828247,SXR,
0x53ee9927015213d8864e43a7dc231442e0d95ac15ee06394dcdc5ec2fa221ffb,0x68E1818FF20BBe84F9be9E0A4A395FB11079Bd35,2,36.0,1.7275,,,Major League Soccer,Saint Louis SC vs Colorado Rapids,Saint Louis SC,Colorado Rapids,0x39a2e678245637d44afe0d15619634d22891334ec270fb7d8fd0a3fdaa90a581,L19461365,1,0,SUCCESS,1,1784968332,1785025800,49.944948,SXR,
0x2aa7830119e2294e7bc3b821ad84c88810124d6304fb08de5a072d4ca75cd827,0xF1e5c82790d22aa57B3ec4454818c8e886E9e439,1,105.0,1.48,,,Major League Soccer,Philadelphia Union FC vs Seattle Sounders,Philadelphia Union FC,Seattle Sounders,0x81ddcc191407a7b5d3934236f00639e855b2153d657ba7616627d7da772fce58,L19460883,1,0,SUCCESS,1,1784968331,1785022200,219.5625,SXR,
0xc5e0b0e822af62f82cc2298320ee9b8646f176506ef8b9fc05edc54c058a9a0a,0xF1e5c82790d22aa57B3ec4454818c8e886E9e439,1,165.0,1.48,,,Major League Soccer,Philadelphia Union FC vs Seattle Sounders,Philadelphia Union FC,Seattle Sounders,0x81ddcc191407a7b5d3934236f00639e855b2153d657ba7616627d7da772fce58,L19460883,1,0,SUCCESS,1,1784968326,1785022200,345.729146,SXR,
0xc8608eedffa90ca5d6ea8e21bf7eaee944be5a3109af97f3bd896899164ca2f0,0xF1e5c82790d22aa57B3ec4454818c8e886E9e439,2,5.0,1.5225,,,Major League Soccer,New England Revolution vs Atlanta United,New England Revolution,Atlanta United,0xdd5f11572eab92c1a6e5f2de06f5b6cb821afba59f168ceeed1096ebba34fde6,L19460884,1,0,SUCCESS,1,1784968325,1785022200,10.471196,SXR,
0xa0aa9d3a7aecc9b4042c4d06d56959b5cd4e5a3552c243b32a751822d9828fb7,0xF1e5c82790d22aa57B3ec4454818c8e886E9e439,2,5.0,1.5225,,,Major League Soccer,New England Revolution vs Atlanta United,New England Revolution,Atlanta United,0xb588b78200a622178ddc15d65de4da5742b99c19cc0e9da2328ae98b202ac80a,L19460884,1,0,SUCCESS,1,1784968324,1785022200,10.471196,SXR,
0x96de47d4a484b5a9535f4e1caafd949c7059da130fd496998af0ff1eb81ee1b2,0x68E1818FF20BBe84F9be9E0A4A395FB11079Bd35,1,19.0,1.2862,,,Major League Soccer,DC United vs Toronto FC,DC United,Toronto FC,0x666019dff45719f0c694391d575b1bcdefd8246beb568e0a35f96d918b302c26,L19460872,1,0,SUCCESS,1,1784968324,1785022200,69.24014,SXR,
0xb8e589252264c102f4e424551b7456b9e0b4c04f806ef327523a977f1471495d,0xF1e5c82790d22aa57B3ec4454818c8e886E9e439,2,5.0,1.5225,,,Major League Soccer,New England Revolution vs Atlanta United,New England Revolution,Atlanta United,0xdd5f11572eab92c1a6e5f2de06f5b6cb821afba59f168ceeed1096ebba34fde6,L19460884,1,0,SUCCESS,1,1784968321,1785022200,10.471196,SXR,
0xce252b6ad8dc24982806028384c05f2454a3700d9e9e6563aea6162f76fbd78a,0x68E1818FF20BBe84F9be9E0A4A395FB11079Bd35,1,9.0,1.2875,,,Major League Soccer,DC United vs Toronto FC,DC United,Toronto FC,0x666019dff45719f0c694391d575b1bcdefd8246beb568e0a35f96d918b302c26,L19460872,1,0,SUCCESS,1,1784968319,1785022200,33.947826,SXR,
0xbccf7bb97ccd39d62cd2bd0093493efa959277a7a2a23cc2ced902f47d611114,0xF1e5c82790d22aa57B3ec4454818c8e886E9e439,2,5.0,1.5225,,,Major League Soccer,New England Revolution vs Atlanta United,New England Revolution,Atlanta United,0xb588b78200a622178ddc15d65de4da5742b99c19cc0e9da2328ae98b202ac80a,L19460884,1,0,SUCCESS,1,1784968319,1785022200,10.471196,SXR,
0xeacb30abf280356e0352e4ea364f129122e0e0344a7c7adce646b8c8f8cb413e,0x68E1818FF20BBe84F9be9E0A4A395FB11079Bd35,1,10.0,1.2875,,,Major League Soccer,DC United vs Toronto FC,DC United,Toronto FC,0x666019dff45719f0c694391d575b1bcdefd8246beb568e0a35f96d918b302c26,L19460872,1,0,SUCCESS,1,1784968318,1785022200,35.617357,SXR,
0x9d08e262d10df3bd51f31ae7598db7a9e8b05f46462deec50693f3e8ecc76ecb,0xF1e5c82790d22aa57B3ec4454818c8e886E9e439,1,4.0,1.48,,,Major League Soccer,Philadelphia Union FC vs Seattle Sounders,Philadelphia Union FC,Seattle Sounders,0x81ddcc191407a7b5d3934236f00639e855b2153d657ba7616627d7da772fce58,L19460883,1,0,SUCCESS,1,1784968318,1785022200,9.615375,SXR,
0x7b64dc4a4e2af6192a1d982ca67446730bb122c62fd52c5ae1f62290d69a806f,0xe2C68b7ef85645e47F9b94382c3Db59b046945a2,1,72.0,1.7412,,,Major League Soccer,Houston Dynamo vs Austin FC,Houston Dynamo,Austin FC,0x052f7b74701444f8a2e38e9f3c6a824355f4c3f3aff75c75d6469cf1d813d8c0,L19461357,1,0,SUCCESS,1,1784968311,1785025800,97.942651,SXR,
0x2eb9dc6a0f323585166649500da43c7187de39d65a1e3d9ee3c766dcf19554cc,0xF1e5c82790d22aa57B3ec4454818c8e886E9e439,2,6.0,1.5575,,,Major League Soccer,CF Montreal vs Inter Miami CF,CF Montreal,Inter Miami CF,0x3390afb147696e3e01fd766347941f9138101935ba7c9286377dfdded65526b6,L19460871,1,0,SUCCESS,1,1784968305,1785022200,11.299426,SXR,
0x652d9dbeb530ca398673146fe42e27a2812b78efea04b29ae183add4916ca4b1,0xF1e5c82790d22aa57B3ec4454818c8e886E9e439,1,6.0,1.5575,,,Major League Soccer,CF Montreal vs Inter Miami CF,CF Montreal,Inter Miami CF,0x328c495027392a9e92e3935603e10995d6f337b42138d7d59f3668f89a2ba0b9,L19460871,1,0,SUCCESS,1,1784968303,1785022200,11.299426,SXR,
0x438600ae357a176d4551dbea34b56b9dcc5bb00b8d68cbf99ff189ae7f01781e,0xF1e5c82790d22aa57B3ec4454818c8e886E9e439,2,6.0,1.5575,,,Major League Soccer,CF Montreal vs Inter Miami CF,CF Montreal,Inter Miami CF,0x3390afb147696e3e01fd766347941f9138101935ba7c9286377dfdded65526b6,L19460871,1,0,SUCCESS,1,1784968301,1785022200,11.299426,SXR,
0xb95efe119e30ed323e85ee38d4bd97f7187c96024ffb633ac85ab5da3b2aaa64,0xF1e5c82790d22aa57B3ec4454818c8e886E9e439,2,20.0,1.5225,,,Major League Soccer,New England Revolution vs Atlanta United,New England Revolution,Atlanta United,0xdd5f11572eab92c1a6e5f2de06f5b6cb821afba59f168ceeed1096ebba34fde6,L19460884,1,0,SUCCESS,1,1784968298,1785022200,39.518316,SXR,
0x38becf4f5488293f2f7c3500bb48719d8a8d00daef922e293943fdb84c5f1a35,0xF1e5c82790d22aa57B3ec4454818c8e886E9e439,2,20.0,1.5225,,,Major League Soccer,New England Revolution vs Atlanta United,New England Revolution,Atlanta United,0xb588b78200a622178ddc15d65de4da5742b99c19cc0e9da2328ae98b202ac80a,L19460884,1,0,SUCCESS,1,1784968298,1785022200,39.518316,SXR,
0x31a3adf607200f5325e22928f57b101efe7e0c89be578ca0264f488e9febdefd,0xF1e5c82790d22aa57B3ec4454818c8e886E9e439,1,6.0,1.5575,,,Major League Soccer,CF Montreal vs Inter Miami CF,CF Montreal,Inter Miami CF,0x328c495027392a9e92e3935603e10995d6f337b42138d7d59f3668f89a2ba0b9,L19460871,1,0,SUCCESS,1,1784968298,1785022200,11.299426,SXR,
0xf5e5b075e3e4ae77e2c06e6a207c66e3d3105bf548ee1f2ee61eba9a3e20a915,0xF1e5c82790d22aa57B3ec4454818c8e886E9e439,2,6.0,1.5575,,,Major League Soccer,CF Montreal vs Inter Miami CF,CF Montreal,Inter Miami CF,0x3390afb147696e3e01fd766347941f9138101935ba7c9286377dfdded65526b6,L19460871,1,0,SUCCESS,1,1784968296,1785022200,11.299426,SXR,
0x8a10e73bdc62b92e42f66329c5107cff66df8d2b0ee97d5ddb76ac69be8ae765,0xF1e5c82790d22aa57B3ec4454818c8e886E9e439,2,17.0,1.5225,,,Major League Soccer,New England Revolution vs Atlanta United,New England Revolution,Atlanta United,0xb588b78200a622178ddc15d65de4da5742b99c19cc0e9da2328ae98b202ac80a,L19460884,1,0,SUCCESS,1,1784968296,1785022200,34.26178,SXR,
0x0c903723d85e85670ba83cf5a56fafe52e70923c9e47a30c0ef4ba0adecd6330,0xF1e5c82790d22aa57B3ec4454818c8e886E9e439,2,17.0,1.5225,,,Major League Soccer,New England Revolution vs Atlanta United,New England Revolution,Atlanta United,0xdd5f11572eab92c1a6e5f2de06f5b6cb821afba59f168ceeed1096ebba34fde6,L19460884,1,0,SUCCESS,1,1784968296,1785022200,34.26178,SXR,
0x3fdabf77cdca5c06bca5c9c1f30ed645ff5a17adbd6ae0f76d1c37c2b8caba37,0xF1e5c82790d22aa57B3ec4454818c8e886E9e439,1,14.0,1.48,,,Major League Soccer,Philadelphia Union FC vs Seattle Sounders,Philadelphia Union FC,Seattle Sounders,0x81ddcc191407a7b5d3934236f00639e855b2153d657ba7616627d7da772fce58,L19460883,1,0,SUCCESS,1,1784968295,1785022200,29.833313,SXR,
0x01774aca869604bd89bf3127c984da45797eef477d33e2e73c7018e8395cbcd5,0xF1e5c82790d22aa57B3ec4454818c8e886E9e439,2,6.0,1.5575,,,Major League Soccer,CF Montreal vs Inter Miami CF,CF Montreal,Inter Miami CF,0x3390afb147696e3e01fd766347941f9138101935ba7c9286377dfdded65526b6,L19460871,1,0,SUCCESS,1,1784968295,1785022200,11.299426,SXR,
0x829522edb584aa7c350e11e3aaf97499fcff17b08882560eb6aa9434b938f737,0xF1e5c82790d22aa57B3ec4454818c8e886E9e439,1,6.0,1.5575,,,Major League Soccer,CF Montreal vs Inter Miami CF,CF Montreal,Inter Miami CF,0x328c495027392a9e92e3935603e10995d6f337b42138d7d59f3668f89a2ba0b9,L19460871,1,0,SUCCESS,1,1784968293,1785022200,11.299426,SXR,
0xdbdb30b6a14df4ba4b2e8cb48e3aac50f711d42f0d2b557a4c4d76dcfcb824d8,0xF1e5c82790d22aa57B3ec4454818c8e886E9e439,1,6.0,1.5575,,,Major League Soccer,CF Montreal vs Inter Miami CF,CF Montreal,Inter Miami CF,0x328c495027392a9e92e3935603e10995d6f337b42138d7d59f3668f89a2ba0b9,L19460871,1,0,SUCCESS,1,1784968291,1785022200,11.299426,SXR,
0x0769946da7c8f852d5d0de5d64f138bb3af301e3e227f0178a25193b721909b4,0xF1e5c82790d22aa57B3ec4454818c8e886E9e439,2,6.0,1.5575,,,Major League Soccer,CF Montreal vs Inter Miami CF,CF Montreal,Inter Miami CF,0x3390afb147696e3e01fd766347941f9138101935ba7c9286377dfdded65526b6,L19460871,1,0,SUCCESS,1,1784968288,1785022200,11.299426,SXR,
0xaf0160022040410160ee778401bf582f073ebce7e39a676f402ad3920dfde39f,0xF1e5c82790d22aa57B3ec4454818c8e886E9e439,2,6.0,1.5575,,,Major League Soccer,CF Montreal vs Inter Miami CF,CF Montreal,Inter Miami CF,0x3390afb147696e3e01fd766347941f9138101935ba7c9286377dfdded65526b6,L19460871,1,0,SUCCESS,1,1784968286,1785022200,11.299426,SXR,
0x7141601772eed545f2de4a99efe0affc2cd0a2f5d97f67b3578179678a5892ea,0xF1e5c82790d22aa57B3ec4454818c8e886E9e439,1,6.0,1.5575,,,Major League Soccer,CF Montreal vs Inter Miami CF,CF Montreal,Inter Miami CF,0x328c495027392a9e92e3935603e10995d6f337b42138d7d59f3668f89a2ba0b9,L19460871,1,0,SUCCESS,1,1784968285,1785022200,11.299426,SXR,
0xda3f390064d6f94289c710dbd6b7682365003bd23ea1ca968fb1725d454ebd7c,0xF1e5c82790d22aa57B3ec4454818c8e886E9e439,2,6.0,1.5575,,,Major League Soccer,CF Montreal vs Inter Miami CF,CF Montreal,Inter Miami CF,0x3390afb147696e3e01fd766347941f9138101935ba7c9286377dfdded65526b6,L19460871,1,0,SUCCESS,1,1784968283,1785022200,11.299426,SXR,
0xe9ecf6fe6d4317a1d18fbb45e09352aaab40362db115efb2e2f30e6341815b17,0xF1e5c82790d22aa57B3ec4454818c8e886E9e439,2,80.0,1.5575,,,Major League Soccer,CF Montreal vs Inter Miami CF,CF Montreal,Inter Miami CF,0x3390afb147696e3e01fd766347941f9138101935ba7c9286377dfdded65526b6,L19460871,1,0,SUCCESS,1,1784968280,1785022200,144.632753,SXR,
0xc463085e2ba23cc9e510d079df6f916be100b0546c5fb13c50c98f82cf63e42d,0xF1e5c82790d22aa57B3ec4454818c8e886E9e439,1,253.0,1.5575,,,Major League Soccer,CF Montreal vs Inter Miami CF,CF Montreal,Inter Miami CF,0x328c495027392a9e92e3935603e10995d6f337b42138d7d59f3668f89a2ba0b9,L19460871,1,0,SUCCESS,1,1784968279,1785022200,454.170386,SXR,
0xc10d643200e1a1a9d7a5d904119df8cb68d2394a7b09a7164e18ba93fdd3e141,0xF1e5c82790d22aa57B3ec4454818c8e886E9e439,2,253.0,1.5575,,,Major League Soccer,CF Montreal vs Inter Miami CF,CF Montreal,Inter Miami CF,0x3390afb147696e3e01fd766347941f9138101935ba7c9286377dfdded65526b6,L19460871,1,0,SUCCESS,1,1784968279,1785022200,454.169489,SXR,
0xab7c4afa9cf494b57a859aa96a3acc9eaada7ce0886c27b1fd40561c486adc0f,0xF1e5c82790d22aa57B3ec4454818c8e886E9e439,1,18.0,1.5575,,,Major League Soccer,CF Montreal vs Inter Miami CF,CF Montreal,Inter Miami CF,0x328c495027392a9e92e3935603e10995d6f337b42138d7d59f3668f89a2ba0b9,L19460871,1,0,SUCCESS,1,1784968277,1785022200,33.75783,SXR,
0x6545a4124dc3d82126e22c2ed3c28f9ac6cd270c366df7cf7e98f694c57facbb,0xF1e5c82790d22aa57B3ec4454818c8e886E9e439,2,18.0,1.5575,,,Major League Soccer,CF Montreal vs Inter Miami CF,CF Montreal,Inter Miami CF,0x3390afb147696e3e01fd766347941f9138101935ba7c9286377dfdded65526b6,L19460871,1,0,SUCCESS,1,1784968277,1785022200,33.762709,SXR,
0x4c08f9b77cce42e841845e2919ce7241d95bdf4a5c710a67100bba07e58700c5,0xF1e5c82790d22aa57B3ec4454818c8e886E9e439,1,14.0,1.48,,,Major League Soccer,Philadelphia Union FC vs Seattle Sounders,Philadelphia Union FC,Seattle Sounders,0x81ddcc191407a7b5d3934236f00639e855b2153d657ba7616627d7da772fce58,L19460883,1,0,SUCCESS,1,1784968277,1785022200,30.125,SXR,
0x1c7f80edb706d55a43dc1e7ab90895c40fa2c31ad34fb24c9e5710965b5baf58,0xF1e5c82790d22aa57B3ec4454818c8e886E9e439,1,6.0,1.5575,,,Major League Soccer,CF Montreal vs Inter Miami CF,CF Montreal,Inter Miami CF,0x328c495027392a9e92e3935603e10995d6f337b42138d7d59f3668f89a2ba0b9,L19460871,1,0,SUCCESS,1,1784968277,1785022200,11.299426,SXR,
0x5cbbb1e946d5c63d28e402f7d36f8d25d5cd2cdb65cdb3c5511b074a9684c17a,0xF1e5c82790d22aa57B3ec4454818c8e886E9e439,2,6.0,1.5575,,,Major League Soccer,CF Montreal vs Inter Miami CF,CF Montreal,Inter Miami CF,0x3390afb147696e3e01fd766347941f9138101935ba7c9286377dfdded65526b6,L19460871,1,0,SUCCESS,1,1784968276,1785022200,11.299426,SXR,
0xbccea4e8f9c9da40597992d1f04fa75d5c553d80b0a354d7784d4dd81038dc43,0xF1e5c82790d22aa57B3ec4454818c8e886E9e439,1,31.0,1.48,,,Major League Soccer,Philadelphia Union FC vs Seattle Sounders,Philadelphia Union FC,Seattle Sounders,0x81ddcc191407a7b5d3934236f00639e855b2153d657ba7616627d7da772fce58,L19460883,1,0,SUCCESS,1,1784968274,1785022200,65.583313,SXR,
0x980a831c970b706f3e991a7d0e5c799196bb252605e2e3a6424ad813752bd6e6,0xF1e5c82790d22aa57B3ec4454818c8e886E9e439,1,4.0,1.48,,,Major League Soccer,Philadelphia Union FC vs Seattle Sounders,Philadelphia Union FC,Seattle Sounders,0x81ddcc191407a7b5d3934236f00639e855b2153d657ba7616627d7da772fce58,L19460883,1,0,SUCCESS,1,1784968274,1785022200,9.211521,SXR,
0x01f946951e9e7db655be4bf2a66fe0e543e596aefadffc1ecf384e6a0d0a3726,0xF1e5c82790d22aa57B3ec4454818c8e886E9e439,1,6.0,1.5575,,,Major League Soccer,CF Montreal vs Inter Miami CF,CF Montreal,Inter Miami CF,0x328c495027392a9e92e3935603e10995d6f337b42138d7d59f3668f89a2ba0b9,L19460871,1,0,SUCCESS,1,1784968274,1785022200,11.299426,SXR,
0xd5309169b9f24f12809e3994ee899ead3c876c1fcb3c5d11dc44ec82244f51ce,0xF1e5c82790d22aa57B3ec4454818c8e886E9e439,1,28.0,1.5575,,,Major League Soccer,CF Montreal vs Inter Miami CF,CF Montreal,Inter Miami CF,0x328c495027392a9e92e3935603e10995d6f337b42138d7d59f3668f89a2ba0b9,L19460871,1,0,SUCCESS,1,1784968269,1785022200,50.744377,SXR,
0x6060ab67362e1070443d0e3102a0bd752c93545a56eca118a0ece09e9933708f,0xF1e5c82790d22aa57B3ec4454818c8e886E9e439,2,28.0,1.5575,,,Major League Soccer,CF Montreal vs Inter Miami CF,CF Montreal,Inter Miami CF,0x3390afb147696e3e01fd766347941f9138101935ba7c9286377dfdded65526b6,L19460871,1,0,SUCCESS,1,1784968269,1785022200,50.757058,SXR,
0x598c875f7d471e7807fb6274f4b65a96cff7aed11105ca1876558894560bf98b,0xF1e5c82790d22aa57B3ec4454818c8e886E9e439,1,58.0,1.5575,,,Major League Soccer,CF Montreal vs Inter Miami CF,CF Montreal,Inter Miami CF,0x328c495027392a9e92e3935603e10995d6f337b42138d7d59f3668f89a2ba0b9,L19460871,1,0,SUCCESS,1,1784968268,1785022200,105.56052,SXR,
0xe3e88c97884fe31fdc04d974db51518db6fd9d06d6fd614069a7b718fbe5633a,0xF1e5c82790d22aa57B3ec4454818c8e886E9e439,1,23.0,1.5575,,,Major League Soccer,CF Montreal vs Inter Miami CF,CF Montreal,Inter Miami CF,0x328c495027392a9e92e3935603e10995d6f337b42138d7d59f3668f89a2ba0b9,L19460871,1,0,SUCCESS,1,1784968267,1785022200,42.493256,SXR,
0xd471a462c173204a96167edce5595b1dba1d70fb3bf2b7b12adbe34a495bfccd,0xF1e5c82790d22aa57B3ec4454818c8e886E9e439,1,267.0,1.5575,,,Major League Soccer,CF Montreal vs Inter Miami CF,CF Montreal,Inter Miami CF,0x328c495027392a9e92e3935603e10995d6f337b42138d7d59f3668f89a2ba0b9,L19460871,1,0,SUCCESS,1,1784968267,1785022200,479.480215,SXR,
0xce8b134821bad4e55fea7a61275371f85833e1f355ea7a6b0a149d4edc9eaa9c,0xF1e5c82790d22aa57B3ec4454818c8e886E9e439,2,23.0,1.5575,,,Major League Soccer,CF Montreal vs Inter Miami CF,CF Montreal,Inter Miami CF,0x3390afb147696e3e01fd766347941f9138101935ba7c9286377dfdded65526b6,L19460871,1,0,SUCCESS,1,1784968267,1785022200,42.508466,SXR,
0x95f3ce9a60f7a6860caefb8b053d5ebf2c2da6e4f580efb7ccdf9769128465a9,0xF1e5c82790d22aa57B3ec4454818c8e886E9e439,2,58.0,1.5575,,,Major League Soccer,CF Montreal vs Inter Miami CF,CF Montreal,Inter Miami CF,0x3390afb147696e3e01fd766347941f9138101935ba7c9286377dfdded65526b6,L19460871,1,0,SUCCESS,1,1784968267,1785022200,105.559318,SXR,
0xd4066730554f5779d5b86b18c12271eca13f936178927b8ca783426a3efae148,0xE4DD6165bFF7EE73D7932C3b478f7E22431e85E7,2,34.0,1.675,,,Major League Soccer,CF Montreal vs Inter Miami CF,CF Montreal,Inter Miami CF,0x3a2bd917a897d4e0b119285b866cc743f8a5693ccf6513adca47a5259d7f3747,L19460871,1,0,SUCCESS,1,1784968266,1785022200,51.022222,SXR,
0x8654d212b590452e57fd9c0ae4295c66d7c088c9bcdd99a31789f83cea41e7a4,0xE4DD6165bFF7EE73D7932C3b478f7E22431e85E7,2,22.0,1.645,,,Major League Soccer,CF Montreal vs Inter Miami CF,CF Montreal,Inter Miami CF,0x6f15cecbc93739c3ac80eddaa5111fd2759a9c858d9ea609b65a69ca8fc84a80,L19460871,1,0,SUCCESS,1,1784968266,1785022200,35.098589,SXR,
0x63903f8f81117ea671f4dde1c857c0ef1de6d007480ed9bde0c64fd575374eb7,0x8268feC8dCb0D284343054BDf2b649286c9aA0a1,2,117.0,1.8075,,,Major League Soccer,CF Montreal vs Inter Miami CF,CF Montreal,Inter Miami CF,0xce1cae8a91d066a344598894c8e841a9049c6dfada086403f42319dc50c8b8e8,L19460871,1,0,SUCCESS,1,1784968266,1785022200,146.12987,SXR,
0x290301abc3417b88e4f5e25b049316c22ce82a2bc205724d5261f881e800f15d,0x5B3498Cb20C3107B5B267fabd3601B6425BDeb42,2,756.0,1.7688,,,Major League Soccer,CF Montreal vs Inter Miami CF,CF Montreal,Inter Miami CF,0x94748847168a3aefac986d4d912f42fa5090c1832c43f98e546c3c80f6c79f97,L19460871,1,0,SUCCESS,1,1784968266,1785022200,983.567558,SXR,
0x006a052475fc459066f7d25414361cf4cb35d9d32ccaab9d9cb167ef07e6b6ec,0xF1e5c82790d22aa57B3ec4454818c8e886E9e439,2,267.0,1.5575,,,Major League Soccer,CF Montreal vs Inter Miami CF,CF Montreal,Inter Miami CF,0x3390afb147696e3e01fd766347941f9138101935ba7c9286377dfdded65526b6,L19460871,1,0,SUCCESS,1,1784968266,1785022200,478.960448,SXR,
0xca589ad8c15bde6926575c7240b40ddc2cbf87e8d294b3a6013487590c7c6c3f,0xE4DD6165bFF7EE73D7932C3b478f7E22431e85E7,2,15.0,1.5762,,,Major League Soccer,CF Montreal vs Inter Miami CF,CF Montreal,Inter Miami CF,0x5cd199db4af89a36d070c453d1045f98372caaa4e3f0a9443912b87d99579466,L19460871,1,0,SUCCESS,1,1784968265,1785022200,26.548668,SXR,
0xb539dc034bd46f5355434d5345bb86f82dfe5d5bab15b8a626692a4f703d6ffd,0xF1e5c82790d22aa57B3ec4454818c8e886E9e439,1,26.0,1.5575,,,Major League Soccer,CF Montreal vs Inter Miami CF,CF Montreal,Inter Miami CF,0x328c495027392a9e92e3935603e10995d6f337b42138d7d59f3668f89a2ba0b9,L19460871,1,0,SUCCESS,1,1784968262,1785022200,46.816126,SXR,
0xa2535574dca238213007bd20a8c0e6a17a723c586a0cfdecb9f06a21e8d7777d,0xF1e5c82790d22aa57B3ec4454818c8e886E9e439,2,26.0,1.5575,,,Major League Soccer,CF Montreal vs Inter Miami CF,CF Montreal,Inter Miami CF,0x3390afb147696e3e01fd766347941f9138101935ba7c9286377dfdded65526b6,L19460871,1,0,SUCCESS,1,1784968262,1785022200,46.802242,SXR,
0xb1833b281868715ac52881093c81ee1a992fe13a2df753b38a00e46357e85957,0xF1e5c82790d22aa57B3ec4454818c8e886E9e439,2,17.0,1.5575,,,Major League Soccer,CF Montreal vs Inter Miami CF,CF Montreal,Inter Miami CF,0x3390afb147696e3e01fd766347941f9138101935ba7c9286377dfdded65526b6,L19460871,1,0,SUCCESS,1,1784968260,1785022200,31.886996,SXR,
0x1b1c173762bc46f833a36533aae53153199a74b1c46a7d878b0453f4e64119b0,0xF1e5c82790d22aa57B3ec4454818c8e886E9e439,1,17.0,1.5575,,,Major League Soccer,CF Montreal vs Inter Miami CF,CF Montreal,Inter Miami CF,0x328c495027392a9e92e3935603e10995d6f337b42138d7d59f3668f89a2ba0b9,L19460871,1,0,SUCCESS,1,1784968260,1785022200,31.892359,SXR,
0x95938b044564740529dd2ae499d3b957064fdd318f79bea90845e56de3fc96f3,0xF1e5c82790d22aa57B3ec4454818c8e886E9e439,1,16.0,1.5575,,,Major League Soccer,CF Montreal vs Inter Miami CF,CF Montreal,Inter Miami CF,0x328c495027392a9e92e3935603e10995d6f337b42138d7d59f3668f89a2ba0b9,L19460871,1,0,SUCCESS,1,1784968256,1785022200,30.242135,SXR,
0x8cb846f75dfab55f9a099c74efc084c80045ed7bca98f983e71b0fc0250a50da,0xF1e5c82790d22aa57B3ec4454818c8e886E9e439,2,16.0,1.5575,,,Major League Soccer,CF Montreal vs Inter Miami CF,CF Montreal,Inter Miami CF,0x3390afb147696e3e01fd766347941f9138101935ba7c9286377dfdded65526b6,L19460871,1,0,SUCCESS,1,1784968256,1785022200,30.237274,SXR,
0xccde9a3eeae76dbce8cda0bc3ac62d185e543b921171dd41b088a35adb70aa15,0xF1e5c82790d22aa57B3ec4454818c8e886E9e439,2,19.0,1.5575,,,Major League Soccer,CF Montreal vs Inter Miami CF,CF Montreal,Inter Miami CF,0x3390afb147696e3e01fd766347941f9138101935ba7c9286377dfdded65526b6,L19460871,1,0,SUCCESS,1,1784968253,1785022200,35.050834,SXR,
0x717b1cebb850e33c93936a7f2f71cc20bba44eef87cd5c2610b9ec7a57f12dd4,0xF1e5c82790d22aa57B3ec4454818c8e886E9e439,1,19.0,1.5575,,,Major League Soccer,CF Montreal vs Inter Miami CF,CF Montreal,Inter Miami CF,0x328c495027392a9e92e3935603e10995d6f337b42138d7d59f3668f89a2ba0b9,L19460871,1,0,SUCCESS,1,1784968253,1785022200,35.049309,SXR,
0xc2d946c7b1243192211ef1d62fa43debf4aabafe3a15477c42419e5dd88a1991,0xF1e5c82790d22aa57B3ec4454818c8e886E9e439,2,25.0,1.5575,,,Major League Soccer,CF Montreal vs Inter Miami CF,CF Montreal,Inter Miami CF,0x3390afb147696e3e01fd766347941f9138101935ba7c9286377dfdded65526b6,L19460871,1,0,SUCCESS,1,1784968240,1785022200,45.898296,SXR,
0x19cbf3dbad04a35e28c8a2a396e601008c60c2b45a121ccaf5018dfc4f935d55,0xF1e5c82790d22aa57B3ec4454818c8e886E9e439,2,16.0,1.5575,,,Major League Soccer,CF Montreal vs Inter Miami CF,CF Montreal,Inter Miami CF,0x3390afb147696e3e01fd766347941f9138101935ba7c9286377dfdded65526b6,L19460871,1,0,SUCCESS,1,1784968237,1785022200,30.372879,SXR,
0x02d13bca00ad137f0515e7aea8d4a6f2668ad8410b81efc7535f0c1973360b1e,0xF1e5c82790d22aa57B3ec4454818c8e886E9e439,1,16.0,1.5575,,,Major League Soccer,CF Montreal vs Inter Miami CF,CF Montreal,Inter Miami CF,0x328c495027392a9e92e3935603e10995d6f337b42138d7d59f3668f89a2ba0b9,L19460871,1,0,SUCCESS,1,1784968237,1785022200,30.385632,SXR,
0xe5ec606b7053fc9226586570444ee1a06b4b309441d1e828bc1ffe085541d18e,0xF1e5c82790d22aa57B3ec4454818c8e886E9e439,2,16.0,1.5575,,,Major League Soccer,CF Montreal vs Inter Miami CF,CF Montreal,Inter Miami CF,0x3390afb147696e3e01fd766347941f9138101935ba7c9286377dfdded65526b6,L19460871,1,0,SUCCESS,1,1784968235,1785022200,30.327677,SXR,
0x4245521e747b009dcd4ccb7879f8a5bff433ef84a3924a1bf90bfd75361a4bcc,0xF1e5c82790d22aa57B3ec4454818c8e886E9e439,2,6.0,1.5575,,,Major League Soccer,CF Montreal vs Inter Miami CF,CF Montreal,Inter Miami CF,0x3390afb147696e3e01fd766347941f9138101935ba7c9286377dfdded65526b6,L19460871,1,0,SUCCESS,1,1784968235,1785022200,11.299426,SXR,
0x0abf705b822e61c2c03f193553715b9d1c2694468e78ef472fe0157f2b74662c,0xF1e5c82790d22aa57B3ec4454818c8e886E9e439,1,16.0,1.5575,,,Major League Soccer,CF Montreal vs Inter Miami CF,CF Montreal,Inter Miami CF,0x328c495027392a9e92e3935603e10995d6f337b42138d7d59f3668f89a2ba0b9,L19460871,1,0,SUCCESS,1,1784968234,1785022200,30.331821,SXR,
0x0b428cafb962e6d031a8fe1e017051b1328eac399b6b4af374a76cb4de7968f1,0xF1e5c82790d22aa57B3ec4454818c8e886E9e439,2,2.0,1.5575,,,Major League Soccer,CF Montreal vs Inter Miami CF,CF Montreal,Inter Miami CF,0x3390afb147696e3e01fd766347941f9138101935ba7c9286377dfdded65526b6,L19460871,1,0,SUCCESS,1,1784968223,1785022200,5.039534,SXR,
0xaa0045143071f4ee1d8b21684689eb09f665f1ef50398cbbcb7422fb0250402b,0xF1e5c82790d22aa57B3ec4454818c8e886E9e439,2,79.0,1.5575,,,Major League Soccer,CF Montreal vs Inter Miami CF,CF Montreal,Inter Miami CF,0x3390afb147696e3e01fd766347941f9138101935ba7c9286377dfdded65526b6,L19460871,1,0,SUCCESS,1,1784968222,1785022200,142.372879,SXR,
0x7b80922e29227515b4c6eb6667206217db73d77bcf0b36193b5ab1d1099432a3,0xF1e5c82790d22aa57B3ec4454818c8e886E9e439,2,84.0,1.5575,,,Major League Soccer,CF Montreal vs Inter Miami CF,CF Montreal,Inter Miami CF,0x3390afb147696e3e01fd766347941f9138101935ba7c9286377dfdded65526b6,L19460871,1,0,SUCCESS,1,1784968221,1785022200,151.412413,SXR,
0xb9dcf2e1ab42ecd49fa4dd58412302a951f9e29a4e140ecd29e2237abc464efb,0xF1e5c82790d22aa57B3ec4454818c8e886E9e439,2,81.0,1.5575,,,Major League Soccer,CF Montreal vs Inter Miami CF,CF Montreal,Inter Miami CF,0x3390afb147696e3e01fd766347941f9138101935ba7c9286377dfdded65526b6,L19460871,1,0,SUCCESS,1,1784968220,1785022200,146.892646,SXR,
0x42af825a8ea5ccf4770b897d7ac9903e111d486b31502535d9f60c62282b8777,0xF1e5c82790d22aa57B3ec4454818c8e886E9e439,2,200.0,1.5575,,,Major League Soccer,CF Montreal vs Inter Miami CF,CF Montreal,Inter Miami CF,0x3390afb147696e3e01fd766347941f9138101935ba7c9286377dfdded65526b6,L19460871,1,0,SUCCESS,1,1784968219,1785022200,359.886996,SXR,
0xf4e91f0890a77e357e4e6d74f8cd6baa43080b7f63a2bd1a54eaa2a308f486fe,0xF1e5c82790d22aa57B3ec4454818c8e886E9e439,2,85.0,1.5575,,,Major League Soccer,CF Montreal vs Inter Miami CF,CF Montreal,Inter Miami CF,0x3390afb147696e3e01fd766347941f9138101935ba7c9286377dfdded65526b6,L19460871,1,0,SUCCESS,1,1784968218,1785022200,153.672305,SXR,
0x9e9909aec42c28eb2fa4831071ead5e2e6243cd55f214e41104ac581488a4c59,0xF1e5c82790d22aa57B3ec4454818c8e886E9e439,2,75.0,1.5575,,,Major League Soccer,CF Montreal vs Inter Miami CF,CF Montreal,Inter Miami CF,0x3390afb147696e3e01fd766347941f9138101935ba7c9286377dfdded65526b6,L19460871,1,0,SUCCESS,1,1784968217,1785022200,135.728807,SXR,
0xa24d609e8287f3261b0ad0c4296a26db3e9a1e2238ec96a2ac583b4819e728a0,0xF1e5c82790d22aa57B3ec4454818c8e886E9e439,2,82.0,1.555,,,Major League Soccer,CF Montreal vs Inter Miami CF,CF Montreal,Inter Miami CF,0x3390afb147696e3e01fd766347941f9138101935ba7c9286377dfdded65526b6,L19460871,1,0,SUCCESS,1,1784968216,1785022200,148.314595,SXR,
0x8a89d2799cc415c37a3ab64107eb829a230355c6d89ce1012b2755468d6feb25,0xF1e5c82790d22aa57B3ec4454818c8e886E9e439,2,18.0,1.555,,,Major League Soccer,CF Montreal vs Inter Miami CF,CF Montreal,Inter Miami CF,0x3390afb147696e3e01fd766347941f9138101935ba7c9286377dfdded65526b6,L19460871,1,0,SUCCESS,1,1784968216,1785022200,32.808973,SXR,
0x21285897a0487085767a0e276576e8aa83dce883e4b4324d475fc0c7e17c55a2,0x68E1818FF20BBe84F9be9E0A4A395FB11079Bd35,1,2.0,1.36,,,Major League Soccer,FC New York vs Chicago Fire,FC New York,Chicago Fire,0xbfcc03c8cdf4af17ebc09f5509671d8683b69295797afbe2808b134fb445944c,L19460873,1,0,SUCCESS,1,1784968208,1785022200,7.546861,SXR,
0x9f62fb38a5021d3c7b55e6c919f62b3d0152e87b2bb6a14c487e2c436ddb8d23,0x68E1818FF20BBe84F9be9E0A4A395FB11079Bd35,1,25.0,1.2512,,,Major League Soccer,Philadelphia Union FC vs Seattle Sounders,Philadelphia Union FC,Seattle Sounders,0x65e53e2f84927085468e4fcf15c17061c50a5e9b39dda066d4b300a4d68a0221,L19460883,1,0,SUCCESS,1,1784968108,1785022200,103.479124,SXR,
0x3842902652a8cefe68cd3b2aa1196497697f7b2ddbaa17f2252a669aebdfb2f9,0xE4DD6165bFF7EE73D7932C3b478f7E22431e85E7,2,60.0,1.735,,,Major League Soccer,New England Revolution vs Atlanta United,New England Revolution,Atlanta United,0x873866902ed1ae3f290a6099ed2dae35a36680a96bc16b3682e29fe77a8e5b60,L19460884,1,0,SUCCESS,1,1784967870,1785022200,82.598639,SXR,
0xf4d84bac78bc33009270fff066d6ce1629c88f73df4386053f1e961a6f3922d8,0xE4DD6165bFF7EE73D7932C3b478f7E22431e85E7,2,14.0,1.5025,,,Major League Soccer,Minnesota United vs Vancouver Whitecaps,Minnesota United,Vancouver Whitecaps,0xcd64c82734bbabe706f07f61661c5d78c119a37262f6b77f8d0c54a6a6c54adf,L19461369,1,0,SUCCESS,1,1784967780,1785025800,28.7839,SXR,
0x399d244d4c9cffbf5f3ff3e565f2262866f69f8b95acef25250b74865c435170,0xE4DD6165bFF7EE73D7932C3b478f7E22431e85E7,2,2.0,1.6675,,,Major League Soccer,Minnesota United vs Vancouver Whitecaps,Minnesota United,Vancouver Whitecaps,0x05520072e2699313ef358b4ff6887de81acc656c2ce1252de588ecf333578e98,L19461369,1,0,SUCCESS,1,1784967765,1785025800,3.428569,SXR,
0x23f4a4a231ef138cd40b85057d1c714024ee54da9d79b0a6e99715a4d2b4bd07,0x68E1818FF20BBe84F9be9E0A4A395FB11079Bd35,2,9.0,1.4937,,,Major League Soccer,Philadelphia Union FC vs Seattle Sounders,Philadelphia Union FC,Seattle Sounders,0x580a1e0b5be56de0676ade7320f80a33e7aee51d33c084d434f86217a2cbe129,L19460883,1,0,SUCCESS,1,1784967706,1785022200,20.069124,SXR,
0xe17611ebf30b083e8894be817744fff7236e2275b989b7078cb7b7f9aff13e83,0x68E1818FF20BBe84F9be9E0A4A395FB11079Bd35,1,2.0,1.2525,,,Major League Soccer,Philadelphia Union FC vs Seattle Sounders,Philadelphia Union FC,Seattle Sounders,0x65e53e2f84927085468e4fcf15c17061c50a5e9b39dda066d4b300a4d68a0221,L19460883,1,0,SUCCESS,1,1784967705,1785022200,10.68895,SXR,
0x602c98dafc50ca6be05dca893fe8ec04f5fb212d3575771a131418f9b907f6f3,0x0dE776fe723F8121F0cEAF1C9B03f774320c3ef5,1,59.0,1.2525,,,Major League Soccer,Philadelphia Union FC vs Seattle Sounders,Philadelphia Union FC,Seattle Sounders,0x65e53e2f84927085468e4fcf15c17061c50a5e9b39dda066d4b300a4d68a0221,L19460883,1,0,SUCCESS,1,1784967680,1785022200,236.080238,SXR,
0x05e6d605695ff38ac2880867a6fbb627365f9a67cb33dea4f8f3979d4a272c93,0x68E1818FF20BBe84F9be9E0A4A395FB11079Bd35,1,24.0,1.2537,,,Major League Soccer,Philadelphia Union FC vs Seattle Sounders,Philadelphia Union FC,Seattle Sounders,0x65e53e2f84927085468e4fcf15c17061c50a5e9b39dda066d4b300a4d68a0221,L19460883,1,0,SUCCESS,1,1784967680,1785022200,98.519251,SXR,
0x069585cccaf59aaa960af87c658f34e61f8ce5e1f25ce0edf59213e055210a17,0xF1e5c82790d22aa57B3ec4454818c8e886E9e439,2,27.0,1.5225,,,Major League Soccer,New England Revolution vs Atlanta United,New England Revolution,Atlanta United,0xb588b78200a622178ddc15d65de4da5742b99c19cc0e9da2328ae98b202ac80a,L19460884,1,0,SUCCESS,1,1784967657,1785022200,52.188478,SXR,
0x32c5de25fe12187eb8ea4102bb51129e6a2f1dec29468c5510c6ab7b0807df95,0x0dE776fe723F8121F0cEAF1C9B03f774320c3ef5,1,31.0,1.2575,,,Major League Soccer,Philadelphia Union FC vs Seattle Sounders,Philadelphia Union FC,Seattle Sounders,0x65e53e2f84927085468e4fcf15c17061c50a5e9b39dda066d4b300a4d68a0221,L19460883,1,0,SUCCESS,1,1784967646,1785022200,122.787845,SXR,
0x0a8273ce51aed6469d5960404bbb8bba8e366166657c6772e3ed642d1120d3eb,0xE4DD6165bFF7EE73D7932C3b478f7E22431e85E7,2,21.0,1.7288,,,Major League Soccer,Philadelphia Union FC vs Seattle Sounders,Philadelphia Union FC,Seattle Sounders,0x22350d93ac6e7a09fe8bc38bad46ec99e9edc6296f565e54237d016a13e0fb2f,L19460883,1,0,SUCCESS,1,1784967646,1785022200,29.529949,SXR,
0x8c2f5d02fde5f493309c5845aeb7b6e0375bc520db7c2897ce12b0dd0f9268d0,0xE4DD6165bFF7EE73D7932C3b478f7E22431e85E7,2,36.0,1.5025,,,Major League Soccer,Philadelphia Union FC vs Seattle Sounders,Philadelphia Union FC,Seattle Sounders,0x580a1e0b5be56de0676ade7320f80a33e7aee51d33c084d434f86217a2cbe129,L19460883,1,0,SUCCESS,1,1784967645,1785022200,72.935323,SXR,
0x36ac07dda3577cc1afaf731922be10bf11f324c5ac8a9a7d15e692b66a927e86,0xE4DD6165bFF7EE73D7932C3b478f7E22431e85E7,2,15.0,1.5025,,,Major League Soccer,Philadelphia Union FC vs Seattle Sounders,Philadelphia Union FC,Seattle Sounders,0x1eada7a3f2ba3ee83c4e9dff5f87b58e40abf15d9bcee36a08ac284a51be4d45,L19460883,1,0,SUCCESS,1,1784967645,1785022200,30.149254,SXR,
0xfca845f5668522bc611b50cfc76406fc89133a187f57568c802cf4f6062bc71f,0xF1e5c82790d22aa57B3ec4454818c8e886E9e439,2,22.0,1.5225,,,Major League Soccer,New England Revolution vs Atlanta United,New England Revolution,Atlanta United,0xdd5f11572eab92c1a6e5f2de06f5b6cb821afba59f168ceeed1096ebba34fde6,L19460884,1,0,SUCCESS,1,1784967626,1785022200,42.366488,SXR,
0x106501addb98a932546273195bd74ff02c21d7c99091c722e97565571b1aef24,0x8268feC8dCb0D284343054BDf2b649286c9aA0a1,1,20.0,1.6025,,,Major League Soccer,DC United vs Toronto FC,DC United,Toronto FC,0x069541648cf94f0b8329d2eee3e6f6e88c5b13c5368e69206a232878e6e7deef,L19460872,1,0,SUCCESS,1,1784967472,1785022200,33.308166,SXR,
0xaa6a1179bba65582950b392e4ad638f3ec6c71ee092babaedea524b57ab15683,0xE4DD6165bFF7EE73D7932C3b478f7E22431e85E7,1,15.0,1.605,,,Major League Soccer,DC United vs Toronto FC,DC United,Toronto FC,0x069541648cf94f0b8329d2eee3e6f6e88c5b13c5368e69206a232878e6e7deef,L19460872,1,0,SUCCESS,1,1784967471,1785022200,25.685934,SXR,
0xa755a682b50e44a9b7026a18749ce06a98f5561a0dca204b67533d6111a50898,0x68E1818FF20BBe84F9be9E0A4A395FB11079Bd35,1,8.0,1.2537,,,Major League Soccer,SJ Earthquakes vs LA Galaxy,SJ Earthquakes,LA Galaxy,0x569f613f63dec50a8f1935b3389046e26997fac68af9a7eae27682c39fb439a9,L19462238,1,0,SUCCESS,1,1784967426,1785033000,32.509202,SXR,
0xa2e0e55b50e1a867bf8e9db13651329d3d921127fe80ddb321882d85b4104429,0x68E1818FF20BBe84F9be9E0A4A395FB11079Bd35,2,28.0,1.7712,,,Major League Soccer,SJ Earthquakes vs LA Galaxy,SJ Earthquakes,LA Galaxy,0x53779f808d46fc620f52e25cd6907ab51b65eb70fcfe0019ac6d877790f4d23c,L19462238,1,0,SUCCESS,1,1784967426,1785033000,37.114749,SXR,
0xc6261d1375ccd9793ad8a231e6f3ee66274353ff455d5897ac980a6eb1d224f2,0xE4DD6165bFF7EE73D7932C3b478f7E22431e85E7,2,15.0,1.5425,,,Major League Soccer,SJ Earthquakes vs LA Galaxy,SJ Earthquakes,LA Galaxy,0x323afcc9f86f3afe1de7d07390457954c8b0389b77852edab8f77e18eda5566f,L19462238,1,0,SUCCESS,1,1784967425,1785033000,27.650267,SXR,
0x4d81cd4c0ca5a93517e01acab2c6ef72116dfae60b1444d7491243f384f710e7,0x8268feC8dCb0D284343054BDf2b649286c9aA0a1,2,2.0,1.3538,,,Major League Soccer,Saint Louis SC vs Colorado Rapids,Saint Louis SC,Colorado Rapids,0x884195407a41a4de2ec6198d51b0b5da11302c985f48402a0510c9db1de33737,L19461365,1,0,SUCCESS,1,1784967386,1785025800,7.736933,SXR,
0xc41435e93401f5e1aac80541af0401b1a03bd10123d32eb29de19cdc90b0bca7,0x68E1818FF20BBe84F9be9E0A4A395FB11079Bd35,2,85.0,1.5488,,,Major League Soccer,DC United vs Toronto FC,DC United,Toronto FC,0x81dbdca8c016ea1ed1d823a85db4fc0700e5959a4dd466b9b629253c3cbddc90,L19460872,1,0,SUCCESS,1,1784967353,1785022200,155.124647,SXR,
0xb05c318752b6f7e32fc69cd8887b003873ae6eee95e8455ec31a648bd5f1f0c1,0xE4DD6165bFF7EE73D7932C3b478f7E22431e85E7,2,3.0,1.6475,,,Major League Soccer,CF Montreal vs Inter Miami CF,CF Montreal,Inter Miami CF,0x6f15cecbc93739c3ac80eddaa5111fd2759a9c858d9ea609b65a69ca8fc84a80,L19460871,1,0,SUCCESS,1,1784967166,1785022200,5.673745,SXR,
0x8169d22478c1b05fe1ee66dcacf60cde6e26038f4952b027995ca0252d2723b2,0x68E1818FF20BBe84F9be9E0A4A395FB11079Bd35,1,4.0,1.49,,,Major League Soccer,Philadelphia Union FC vs Seattle Sounders,Philadelphia Union FC,Seattle Sounders,0x580a1e0b5be56de0676ade7320f80a33e7aee51d33c084d434f86217a2cbe129,L19460883,1,0,SUCCESS,1,1784966789,1785022200,9.803918,SXR,
0xe149b5d13d88fd2ecea138f3afb23c6921125b77e0c9c0ec64f9eaf9729ac851,0x68E1818FF20BBe84F9be9E0A4A395FB11079Bd35,1,4.0,1.49,,,Major League Soccer,Philadelphia Union FC vs Seattle Sounders,Philadelphia Union FC,Seattle Sounders,0x580a1e0b5be56de0676ade7320f80a33e7aee51d33c084d434f86217a2cbe129,L19460883,1,0,SUCCESS,1,1784966787,1785022200,9.803918,SXR,
0xf270cafcaa3e4f0091423177e6f58909bde6e65511aaf5c8bff2078aca7d177d,0x68E1818FF20BBe84F9be9E0A4A395FB11079Bd35,1,31.0,1.4925,,,Major League Soccer,Philadelphia Union FC vs Seattle Sounders,Philadelphia Union FC,Seattle Sounders,0x580a1e0b5be56de0676ade7320f80a33e7aee51d33c084d434f86217a2cbe129,L19460883,1,0,SUCCESS,1,1784966761,1785022200,63.939107,SXR,
0x231b63021873a5eb82b207dec13483c863e936fb1215bf873fdc8211e3ef38bd,0x68E1818FF20BBe84F9be9E0A4A395FB11079Bd35,1,57.0,1.4925,,,Major League Soccer,Philadelphia Union FC vs Seattle Sounders,Philadelphia Union FC,Seattle Sounders,0x580a1e0b5be56de0676ade7320f80a33e7aee51d33c084d434f86217a2cbe129,L19460883,1,0,SUCCESS,1,1784966760,1785022200,116.771553,SXR,
0xe099ca3010806b31f531a6af1e84df44b259fc9ddffb966cc3616e9998fe7d8a,0x8268feC8dCb0D284343054BDf2b649286c9aA0a1,2,15.0,1.8037,,,Major League Soccer,Philadelphia Union FC vs Seattle Sounders,Philadelphia Union FC,Seattle Sounders,0x33e27c7198289729f45f88516c7a9f82e8e79fe7cae357386746fbfeee6de6f2,L19460883,1,0,SUCCESS,1,1784966710,1785022200,19.414009,SXR,
0x1c3157d92c70b9ca91c32296b7ab5c4ab25aa5c63f58d532af7feb019a6ecfbc,0x68E1818FF20BBe84F9be9E0A4A395FB11079Bd35,2,18.0,1.7525,,,Major League Soccer,Philadelphia Union FC vs Seattle Sounders,Philadelphia Union FC,Seattle Sounders,0x86990c0d58e3bd4dcc9532cfc876479cbd119b31b16e26b63106943ee2f74f39,L19460883,1,0,SUCCESS,1,1784966710,1785022200,24.242419,SXR,
0x7f460ae6420ea736afc6064b46125077b0499749b05104ab1f29a8fcfe26c91d,0x68E1818FF20BBe84F9be9E0A4A395FB11079Bd35,1,4.0,1.49,,,Major League Soccer,Philadelphia Union FC vs Seattle Sounders,Philadelphia Union FC,Seattle Sounders,0x580a1e0b5be56de0676ade7320f80a33e7aee51d33c084d434f86217a2cbe129,L19460883,1,0,SUCCESS,1,1784966637,1785022200,9.803918,SXR,
0xac649199e6789f3f8d14e9379f44b8c77ed4e8f36b0d7af6cc88dcc2ebf5ff12,0x68E1818FF20BBe84F9be9E0A4A395FB11079Bd35,1,4.0,1.49,,,Major League Soccer,Philadelphia Union FC vs Seattle Sounders,Philadelphia Union FC,Seattle Sounders,0x580a1e0b5be56de0676ade7320f80a33e7aee51d33c084d434f86217a2cbe129,L19460883,1,0,SUCCESS,1,1784966635,1785022200,9.803918,SXR,
0x159c54e4fd580adfb5046c62fa3378f8ffd374bc763642e9e8024b9304b4ca57,0x68E1818FF20BBe84F9be9E0A4A395FB11079Bd35,1,31.0,1.4925,,,Major League Soccer,Philadelphia Union FC vs Seattle Sounders,Philadelphia Union FC,Seattle Sounders,0x580a1e0b5be56de0676ade7320f80a33e7aee51d33c084d434f86217a2cbe129,L19460883,1,0,SUCCESS,1,1784966614,1785022200,64.500142,SXR,
0x413a95abd4ea682c0f7f86bd510a6addb516794a5af29cad34942f2a63b350ea,0x68E1818FF20BBe84F9be9E0A4A395FB11079Bd35,1,15.0,1.4925,,,Major League Soccer,Philadelphia Union FC vs Seattle Sounders,Philadelphia Union FC,Seattle Sounders,0x580a1e0b5be56de0676ade7320f80a33e7aee51d33c084d434f86217a2cbe129,L19460883,1,0,SUCCESS,1,1784966612,1785022200,30.517746,SXR,
0xeb261d99ae1325ba11a0304a6a965d11bb76e879972cfc1285e046c065cfbca0,0x68E1818FF20BBe84F9be9E0A4A395FB11079Bd35,1,12.0,1.4975,,,Major League Soccer,Columbus Crew vs FC Cincinnati,Columbus Crew,FC Cincinnati,0xd980a976a51ef39a9d46f423f84d3b79217f0c7ab10c3ea6f5de99b3e0519a8d,L19460696,1,0,SUCCESS,1,1784966579,1785021300,25.19401,SXR,
0x7400a39e604adc31b84788f4e84049719b344e4090f7357e9e9afcfc7c0fdff1,0xE4DD6165bFF7EE73D7932C3b478f7E22431e85E7,1,33.0,1.4988,,,Major League Soccer,Columbus Crew vs FC Cincinnati,Columbus Crew,FC Cincinnati,0xd980a976a51ef39a9d46f423f84d3b79217f0c7ab10c3ea6f5de99b3e0519a8d,L19460696,1,0,SUCCESS,1,1784966578,1785021300,67.26815,SXR,
0x5ef1a8fad6151c25312c26c02c3bbaa7df4dcf6ac0343641d44651dd2ab3e686,0x68E1818FF20BBe84F9be9E0A4A395FB11079Bd35,1,77.0,1.4975,,,Major League Soccer,Columbus Crew vs FC Cincinnati,Columbus Crew,FC Cincinnati,0xd980a976a51ef39a9d46f423f84d3b79217f0c7ab10c3ea6f5de99b3e0519a8d,L19460696,1,0,SUCCESS,1,1784966578,1785021300,155.701487,SXR,
0x4625c1ebd335c76f366f28147afd7bc60e541aea9e7b10386e46c64593c8830f,0xE4DD6165bFF7EE73D7932C3b478f7E22431e85E7,1,18.0,1.6488,,,Major League Soccer,Columbus Crew vs FC Cincinnati,Columbus Crew,FC Cincinnati,0x62ab873971d2d1237407c3e9c6e003cba1487fc46b9c31c31c5ed9113c6967ed,L19460696,1,0,SUCCESS,1,1784966578,1785021300,28.608863,SXR,
0x41300324a0d4e471b8a74c25ee84c446b9ef3f31a1567102ca11a501797759f7,0x68E1818FF20BBe84F9be9E0A4A395FB11079Bd35,1,44.0,1.4925,,,Major League Soccer,Philadelphia Union FC vs Seattle Sounders,Philadelphia Union FC,Seattle Sounders,0x580a1e0b5be56de0676ade7320f80a33e7aee51d33c084d434f86217a2cbe129,L19460883,1,0,SUCCESS,1,1784966571,1785022200,89.753685,SXR,
0x8608912d9a22b2acc23b1b244a3c64414a060b942bb941d4ee55fd550485607e,0x68E1818FF20BBe84F9be9E0A4A395FB11079Bd35,2,36.0,1.7525,,,Major League Soccer,Philadelphia Union FC vs Seattle Sounders,Philadelphia Union FC,Seattle Sounders,0x86990c0d58e3bd4dcc9532cfc876479cbd119b31b16e26b63106943ee2f74f39,L19460883,1,0,SUCCESS,1,1784966565,1785022200,48.484837,SXR,
0xda89b6721cf81b1cf2310c0a28ce6cb3c5c73391b3ce0f269ba94854f61a8b66,0x0dE776fe723F8121F0cEAF1C9B03f774320c3ef5,2,61.0,1.5075,,,Major League Soccer,Philadelphia Union FC vs Seattle Sounders,Philadelphia Union FC,Seattle Sounders,0x580a1e0b5be56de0676ade7320f80a33e7aee51d33c084d434f86217a2cbe129,L19460883,1,0,SUCCESS,1,1784966436,1785022200,121.827409,SXR,
0x84338ec5d4aac7c74fc4b28c5d62d7831eb81e2a65622532a3601143ed300d29,0x0dE776fe723F8121F0cEAF1C9B03f774320c3ef5,1,29.0,1.2662,,,Major League Soccer,Philadelphia Union FC vs Seattle Sounders,Philadelphia Union FC,Seattle Sounders,0x65e53e2f84927085468e4fcf15c17061c50a5e9b39dda066d4b300a4d68a0221,L19460883,1,0,SUCCESS,1,1784966427,1785022200,109.083455,SXR,
0xf026dcfb3dd33087e81050f5c5ee9fd4537f5e2b6de3c95412ec32f56049a535,0x8268feC8dCb0D284343054BDf2b649286c9aA0a1,2,3.0,1.7063,,,Major League Soccer,DC United vs Toronto FC,DC United,Toronto FC,0x666019dff45719f0c694391d575b1bcdefd8246beb568e0a35f96d918b302c26,L19460872,1,0,SUCCESS,1,1784966411,1785022200,5.651058,SXR,
0xd09560dff9cbf5decddaed1fa4764def6f3aaa2d0b0e8d2e0cbcdc0ac16792b4,0xE4DD6165bFF7EE73D7932C3b478f7E22431e85E7,2,23.0,1.515,,,Major League Soccer,Philadelphia Union FC vs Seattle Sounders,Philadelphia Union FC,Seattle Sounders,0x580a1e0b5be56de0676ade7320f80a33e7aee51d33c084d434f86217a2cbe129,L19460883,1,0,SUCCESS,1,1784966106,1785022200,46.252427,SXR,
0xc86ce7bbd2812eaace8069dab1fbda17e9cc91993fc52d6dc213340b254ae832,0x8268feC8dCb0D284343054BDf2b649286c9aA0a1,1,6.0,1.3787,,,Major League Soccer,Minnesota United vs Vancouver Whitecaps,Minnesota United,Vancouver Whitecaps,0xf20cbacc86ebe34f4efde5eb6e6bc0eb9043e6a6f13d132e2c95644b2d5c7bda,L19461369,1,0,SUCCESS,1,1784966043,1785025800,16.096554,SXR,
0xfaad0701e387eba7e48088d833976fc49a2020ef61db65ada3cd128da87b224c,0xe2C68b7ef85645e47F9b94382c3Db59b046945a2,1,26.0,1.63,,,Major League Soccer,Minnesota United vs Vancouver Whitecaps,Minnesota United,Vancouver Whitecaps,0xadb1e0fa833e49ec4c1f04a9810365022f28597830fe0957eb1a3359f6fb28f4,L19461369,1,0,SUCCESS,1,1784965986,1785025800,42.27027,SXR,
0x3969fcaa1fa416d0be6b73f3d8f24655b2c0ebadc0bc0c0fd1e7af24062cde43,0x68E1818FF20BBe84F9be9E0A4A395FB11079Bd35,2,86.0,1.5188,,,Major League Soccer,Philadelphia Union FC vs Seattle Sounders,Philadelphia Union FC,Seattle Sounders,0x580a1e0b5be56de0676ade7320f80a33e7aee51d33c084d434f86217a2cbe129,L19460883,1,0,SUCCESS,1,1784965905,1785022200,166.545446,SXR,
0xe2b83d35dedf1c87f64f32f2ce9fbae135561d70f9d65643a01524516e65501f,0xe2C68b7ef85645e47F9b94382c3Db59b046945a2,1,26.0,1.63,,,Major League Soccer,Minnesota United vs Vancouver Whitecaps,Minnesota United,Vancouver Whitecaps,0xadb1e0fa833e49ec4c1f04a9810365022f28597830fe0957eb1a3359f6fb28f4,L19461369,1,0,SUCCESS,1,1784965680,1785025800,42.27027,SXR,
0x3abcf475f7c3afba0ad99cb8e088767167c1b451d1936a79db452ae7be0a5bfb,0xE4DD6165bFF7EE73D7932C3b478f7E22431e85E7,1,5.0,1.5137,,,Major League Soccer,Portland Timbers vs Real Salt Lake,Portland Timbers,Real Salt Lake,0xe8388d48e5358ac6f94430202d60a168f7b6ba86c4e0b5016f098e95befb90e6,L19462241,1,0,SUCCESS,1,1784965491,1785033000,10.282764,SXR,
0x33a5202d3e3eec69313cfddbec103dcbad6833859251f64b1ec4eaac69005b24,0x8268feC8dCb0D284343054BDf2b649286c9aA0a1,1,9.0,1.66,,,Major League Soccer,SJ Earthquakes vs LA Galaxy,SJ Earthquakes,LA Galaxy,0x4974085922f35a20e5e3f83543cc7cc6ef9cb670c425aa7cf2cc8c010ff6971a,L19462238,1,0,SUCCESS,1,1784965436,1785033000,14.705879,SXR,
0x28ab109222863eadff13028da01ea1cd1f27901086e0c01002aee22a9a607a54,0x8268feC8dCb0D284343054BDf2b649286c9aA0a1,2,41.0,1.7063,,,Major League Soccer,DC United vs Toronto FC,DC United,Toronto FC,0x666019dff45719f0c694391d575b1bcdefd8246beb568e0a35f96d918b302c26,L19460872,1,0,SUCCESS,1,1784965255,1785022200,58.314888,SXR,
0x3808b6dfed50deea3b3b7e79f7329763b5dcf67e800d7f46c290cd4dd467b590,0xe2C68b7ef85645e47F9b94382c3Db59b046945a2,2,3.0,1.3875,,,Major League Soccer,Columbus Crew vs FC Cincinnati,Columbus Crew,FC Cincinnati,0x599c27d4e10484eb8670445bae22196d1ba721682fcdd3cc8d7fa1dcca4dd940,L19460696,1,0,SUCCESS,1,1784965250,1785021300,8.163252,SXR,
0xf2afebffd315ef8d866972184a3988e2623476c817dde5b37741cb3fe48b3095,0x8268feC8dCb0D284343054BDf2b649286c9aA0a1,2,118.0,1.8113,,,Major League Soccer,CF Montreal vs Inter Miami CF,CF Montreal,Inter Miami CF,0xce1cae8a91d066a344598894c8e841a9049c6dfada086403f42319dc50c8b8e8,L19460871,1,0,SUCCESS,1,1784965098,1785022200,146.437079,SXR,
0x244795eaef1e34855b39ef0c43be81b6f4fc8e6c0b72f716896b5e798b6f1d17,0x8268feC8dCb0D284343054BDf2b649286c9aA0a1,2,19.0,1.8025,,,Major League Soccer,Philadelphia Union FC vs Seattle Sounders,Philadelphia Union FC,Seattle Sounders,0x33e27c7198289729f45f88516c7a9f82e8e79fe7cae357386746fbfeee6de6f2,L19460883,1,0,SUCCESS,1,1784964950,1785022200,24.911389,SXR,
0xfa83396379416af30562e8cc38cf941640b5f2ad184e6036328d7ebff8e58b37,0x68E1818FF20BBe84F9be9E0A4A395FB11079Bd35,1,3.0,1.32,,,Major League Soccer,Orlando City vs Nashville SC,Orlando City,Nashville SC,0x45bb5aae405a06b6b593cc84037694baf61b17052f546acee036f2010e1ff0a9,L19460882,1,0,SUCCESS,1,1784964505,1785022200,10.441156,SXR,
0x6060b3be30d2f3584068544d1dd868eabbe9b037b12930930c55eb49199b22f3,0x0dE776fe723F8121F0cEAF1C9B03f774320c3ef5,2,37.0,1.6375,,,Major League Soccer,FC New York vs Chicago Fire,FC New York,Chicago Fire,0xbfcc03c8cdf4af17ebc09f5509671d8683b69295797afbe2808b134fb445944c,L19460873,1,0,SUCCESS,1,1784964206,1785022200,58.068957,SXR,
0xe17ef6a1a7456687fb3e796a6282fbcb88e435998366ad8777b61a1e6d2957c9,0x0dE776fe723F8121F0cEAF1C9B03f774320c3ef5,2,37.0,1.6375,,,Major League Soccer,FC New York vs Chicago Fire,FC New York,Chicago Fire,0xbfcc03c8cdf4af17ebc09f5509671d8683b69295797afbe2808b134fb445944c,L19460873,1,0,SUCCESS,1,1784964204,1785022200,59.503435,SXR,
0x4c72f7491058162d930ba00975f0a2643029a2b3b2f513e2d4dbea4a177390b0,0xe2C68b7ef85645e47F9b94382c3Db59b046945a2,1,204.0,1.475,,,Major League Soccer,Columbus Crew vs FC Cincinnati,Columbus Crew,FC Cincinnati,0x5e9c16fec7f9c0869c541c22c20e4a6f72822f0d63a93330a76fd098bb79206b,L19460696,1,0,SUCCESS,1,1784963401,1785021300,429.733326,SXR,
0xcec7d046835c3941fe4480bd0499d8365c0d2ac5f72d244a6d84af4b70370571,0xe2C68b7ef85645e47F9b94382c3Db59b046945a2,1,17.0,1.63,,,Major League Soccer,Minnesota United vs Vancouver Whitecaps,Minnesota United,Vancouver Whitecaps,0xadb1e0fa833e49ec4c1f04a9810365022f28597830fe0957eb1a3359f6fb28f4,L19461369,1,0,SUCCESS,1,1784963371,1785025800,28.351349,SXR,
0x638823e5a25c8b1ca47c3ddc1b772f8648e0cf5e98d11fa2764d8eb877c62f63,0xB1854fc8aD8ce649EA80D007Fc67d318a239a5DA,2,65.0,1.6187,,,Major League Soccer,Minnesota United vs Vancouver Whitecaps,Minnesota United,Vancouver Whitecaps,0xf20cbacc86ebe34f4efde5eb6e6bc0eb9043e6a6f13d132e2c95644b2d5c7bda,L19461369,1,0,SUCCESS,1,1784963344,1785025800,105.652444,SXR,
0x76fefcc7d77ff0adb9c7f9b8c29f8dffa7495a229fd03e72772183a29f262d2a,0x68E1818FF20BBe84F9be9E0A4A395FB11079Bd35,2,15.0,1.6763,,,Major League Soccer,CF Montreal vs Inter Miami CF,CF Montreal,Inter Miami CF,0x3a2bd917a897d4e0b119285b866cc743f8a5693ccf6513adca47a5259d7f3747,L19460871,1,0,SUCCESS,1,1784963131,1785022200,23.399142,SXR,
0x177b8b6974eacade34a23248a66873c9a65f6264abf0c3178dc17aaa4173e30a,0x68E1818FF20BBe84F9be9E0A4A395FB11079Bd35,2,40.0,1.6763,,,Major League Soccer,CF Montreal vs Inter Miami CF,CF Montreal,Inter Miami CF,0x3a2bd917a897d4e0b119285b866cc743f8a5693ccf6513adca47a5259d7f3747,L19460871,1,0,SUCCESS,1,1784963130,1785022200,60.046329,SXR,
0x811cfec077a83db080886abd9bda1475ed56f25c71b2ba8912ab80622c7994f3,0xE4DD6165bFF7EE73D7932C3b478f7E22431e85E7,1,21.0,1.2275,,,Major League Soccer,CF Montreal vs Inter Miami CF,CF Montreal,Inter Miami CF,0x94748847168a3aefac986d4d912f42fa5090c1832c43f98e546c3c80f6c79f97,L19460871,1,0,SUCCESS,1,1784963112,1785022200,95.076923,SXR,
0xf6e67f94a46d42222571a38bf3b6902ecb8f350dd5bffb3f390cbb3d7738d202,0xE4DD6165bFF7EE73D7932C3b478f7E22431e85E7,2,19.0,1.67,,,Major League Soccer,Philadelphia Union FC vs Seattle Sounders,Philadelphia Union FC,Seattle Sounders,0x125470ffe85374473a833f5e93c9a1356f9f0f0ef5716b34278feda753ebbcc5,L19460883,1,0,SUCCESS,1,1784962771,1785022200,28.477612,SXR,
0x1eb81c0ff3288890a6bdc18991b8250de2e6fe2bfcb06864c9a597b07972f86c,0xE4DD6165bFF7EE73D7932C3b478f7E22431e85E7,2,23.0,1.765,,,Major League Soccer,Philadelphia Union FC vs Seattle Sounders,Philadelphia Union FC,Seattle Sounders,0x3ab8a4726e42b551129a8882eea25cc111f87065d2a7564cdc26a4db24ed8e30,L19460883,1,0,SUCCESS,1,1784962771,1785022200,30.339869,SXR,
0x06b5d7302f125d51919be56c609ed7be2afa2f8d8484aca36175d9dda52de73e,0x0dE776fe723F8121F0cEAF1C9B03f774320c3ef5,2,16.0,1.52,,,Major League Soccer,Philadelphia Union FC vs Seattle Sounders,Philadelphia Union FC,Seattle Sounders,0x580a1e0b5be56de0676ade7320f80a33e7aee51d33c084d434f86217a2cbe129,L19460883,1,0,SUCCESS,1,1784962771,1785022200,32.479154,SXR,
0x4b7870cb1f5bfa131543755b7a45a320f81d1904c37a7ab417dffe732584bb49,0x8268feC8dCb0D284343054BDf2b649286c9aA0a1,1,16.0,1.2688,,,Major League Soccer,Philadelphia Union FC vs Seattle Sounders,Philadelphia Union FC,Seattle Sounders,0x65e53e2f84927085468e4fcf15c17061c50a5e9b39dda066d4b300a4d68a0221,L19460883,1,0,SUCCESS,1,1784962769,1785022200,61.005098,SXR,
0x5f28ede91ed8f78b787b03bafa93bd4d1d16d0ed5facaae5c181064d578386a8,0x68E1818FF20BBe84F9be9E0A4A395FB11079Bd35,2,2.0,1.7462,,,Major League Soccer,Philadelphia Union FC vs Seattle Sounders,Philadelphia Union FC,Seattle Sounders,0x86990c0d58e3bd4dcc9532cfc876479cbd119b31b16e26b63106943ee2f74f39,L19460883,1,0,SUCCESS,1,1784962134,1785022200,3.940878,SXR,
0x25887288c89d0b259c3490f0e242dd4823ba2148d45cff10e62eadbb75c523e3,0x68E1818FF20BBe84F9be9E0A4A395FB11079Bd35,2,58.0,1.7462,,,Major League Soccer,Philadelphia Union FC vs Seattle Sounders,Philadelphia Union FC,Seattle Sounders,0x86990c0d58e3bd4dcc9532cfc876479cbd119b31b16e26b63106943ee2f74f39,L19460883,1,0,SUCCESS,1,1784962134,1785022200,78.896549,SXR,
0x6a4fb342c713ccfe3dca86cf4a68c7abc2326c5cf4fd9dedccbe57162ecde95f,0x0dE776fe723F8121F0cEAF1C9B03f774320c3ef5,1,58.0,1.4487,,,Major League Soccer,DC United vs Toronto FC,DC United,Toronto FC,0x81dbdca8c016ea1ed1d823a85db4fc0700e5959a4dd466b9b629253c3cbddc90,L19460872,1,0,SUCCESS,1,1784962015,1785022200,131.156457,SXR,
0x3d3abad62cc9b3dca15337d34167d8feb27227c3c1a9cd18acd105c868660ad4,0x68E1818FF20BBe84F9be9E0A4A395FB11079Bd35,1,7.0,1.4425,,,Major League Soccer,CF Montreal vs Inter Miami CF,CF Montreal,Inter Miami CF,0x3390afb147696e3e01fd766347941f9138101935ba7c9286377dfdded65526b6,L19460871,1,0,SUCCESS,1,1784962002,1785022200,17.937198,SXR,
0xa52388c2d79cab29a6a273a1bbe9d22aafafe6b492d6aba7b0a159bfb0497d9e,0xE4DD6165bFF7EE73D7932C3b478f7E22431e85E7,1,5.0,1.4712,,,Major League Soccer,Philadelphia Union FC vs Seattle Sounders,Philadelphia Union FC,Seattle Sounders,0x1eada7a3f2ba3ee83c4e9dff5f87b58e40abf15d9bcee36a08ac284a51be4d45,L19460883,1,0,SUCCESS,1,1784961981,1785022200,11.574451,SXR,
0xbfdbf24298865dfc9a74197986f502ea30eff0a73d97ab53d0718ed7dbfd8393,0x8268feC8dCb0D284343054BDf2b649286c9aA0a1,1,109.0,1.8113,,,Major League Soccer,Philadelphia Union FC vs Seattle Sounders,Philadelphia Union FC,Seattle Sounders,0xd0dfb6a7caa239551c22aa5dd11a89c7117cc50137263ac894be31492ca9fa94,L19460883,1,0,SUCCESS,1,1784961980,1785022200,135.576148,SXR,
0x1843fa8e5d7818e36cd972516cfd525286401485f0c1778684d6aa2a15a9797e,0x8268feC8dCb0D284343054BDf2b649286c9aA0a1,2,51.0,1.745,,,Major League Soccer,Philadelphia Union FC vs Seattle Sounders,Philadelphia Union FC,Seattle Sounders,0x86990c0d58e3bd4dcc9532cfc876479cbd119b31b16e26b63106943ee2f74f39,L19460883,1,0,SUCCESS,1,1784961980,1785022200,68.62745,SXR,
0xdb42037e2579042746b9e8e0ef1013fb5185cc0a61933f4cbe8d6c6a3f327b3f,0x68E1818FF20BBe84F9be9E0A4A395FB11079Bd35,1,0.0,1.2612,,,Major League Soccer,Columbus Crew vs FC Cincinnati,Columbus Crew,FC Cincinnati,0x2822343dc7c2792c8f2ac1027589879d799a1b4fe53f85673647a54cf92b5032,L19460696,1,0,SUCCESS,1,1784961888,1785021300,1.353608,SXR,
0x240aabeff9350247580c1d4d63b687b7c232a112b88c92bc71136935707b01e1,0x0dE776fe723F8121F0cEAF1C9B03f774320c3ef5,2,84.0,1.7375,,,Major League Soccer,Columbus Crew vs FC Cincinnati,Columbus Crew,FC Cincinnati,0x2822343dc7c2792c8f2ac1027589879d799a1b4fe53f85673647a54cf92b5032,L19460696,1,0,SUCCESS,1,1784961888,1785021300,114.285708,SXR,
0xa008fc5461c01134068df227b6266407c8f8aa17199b220fb6e961c50be05aba,0x68E1818FF20BBe84F9be9E0A4A395FB11079Bd35,1,22.0,1.2612,,,Major League Soccer,Columbus Crew vs FC Cincinnati,Columbus Crew,FC Cincinnati,0x2822343dc7c2792c8f2ac1027589879d799a1b4fe53f85673647a54cf92b5032,L19460696,1,0,SUCCESS,1,1784961887,1785021300,84.385761,SXR,
0x38643faeb3c2810ceeb50f574b5a678675ec60333924b062caa442132b5cd58e,0x0dE776fe723F8121F0cEAF1C9B03f774320c3ef5,2,84.0,1.7375,,,Major League Soccer,Columbus Crew vs FC Cincinnati,Columbus Crew,FC Cincinnati,0x2822343dc7c2792c8f2ac1027589879d799a1b4fe53f85673647a54cf92b5032,L19460696,1,0,SUCCESS,1,1784961887,1785021300,114.285708,SXR,
0x217e0759c4ee413e4fbc2109397f5bdecf860e43f7a053eed5c82195df92e686,0x68E1818FF20BBe84F9be9E0A4A395FB11079Bd35,2,116.0,1.9137,,,Major League Soccer,Los Angeles FC vs Sporting Kansas City,Los Angeles FC,Sporting Kansas City,0x8a2559bf0372e5013335914ae6cf194bd2c4b1b5f2340e27dc6df7708f98eab4,L19462240,1,0,SUCCESS,1,1784961650,1785033000,127.485636,SXR,
0x311c172ba6e4444568849566be59f66d4ea56991f9a0604ea9d7bf06892e7886,0xE4DD6165bFF7EE73D7932C3b478f7E22431e85E7,1,19.0,1.6338,,,Major League Soccer,Minnesota United vs Vancouver Whitecaps,Minnesota United,Vancouver Whitecaps,0xadb1e0fa833e49ec4c1f04a9810365022f28597830fe0957eb1a3359f6fb28f4,L19461369,1,0,SUCCESS,1,1784961640,1785025800,31.344694,SXR,
0x62a0a76ca776a31cccbe932b2d6b979aa13136d5508177144cf384d0cf573590,0x8268feC8dCb0D284343054BDf2b649286c9aA0a1,2,34.0,1.62,,,Major League Soccer,Minnesota United vs Vancouver Whitecaps,Minnesota United,Vancouver Whitecaps,0xf20cbacc86ebe34f4efde5eb6e6bc0eb9043e6a6f13d132e2c95644b2d5c7bda,L19461369,1,0,SUCCESS,1,1784961616,1785025800,56.236839,SXR,
0x7fb6b65d95e96964c9a3eb604c7bfee6c562dad945018a46e4dfd382d7230aac,0xE4DD6165bFF7EE73D7932C3b478f7E22431e85E7,2,27.0,1.7525,,,Major League Soccer,Los Angeles FC vs Sporting Kansas City,Los Angeles FC,Sporting Kansas City,0xef4c1b4d0b4f3de28d89e760b29924bb0137ede7d7acca7ca0a0a6de52dd926d,L19462240,1,0,SUCCESS,1,1784961553,1785033000,36.318937,SXR,
0x5893b0876c49689dfd977e26c91ea4993cb1ea34558b99309d47504775ea17de,0x68E1818FF20BBe84F9be9E0A4A395FB11079Bd35,2,116.0,1.9137,,,Major League Soccer,Los Angeles FC vs Sporting Kansas City,Los Angeles FC,Sporting Kansas City,0x8a2559bf0372e5013335914ae6cf194bd2c4b1b5f2340e27dc6df7708f98eab4,L19462240,1,0,SUCCESS,1,1784961510,1785033000,127.485636,SXR,
0x3b885fccf42ca1d450e398120336dc3805e05419f311b58b3b9c630261325e10,0x68E1818FF20BBe84F9be9E0A4A395FB11079Bd35,2,116.0,1.9137,,,Major League Soccer,Los Angeles FC vs Sporting Kansas City,Los Angeles FC,Sporting Kansas City,0x8a2559bf0372e5013335914ae6cf194bd2c4b1b5f2340e27dc6df7708f98eab4,L19462240,1,0,SUCCESS,1,1784961450,1785033000,127.485636,SXR,
0xa618a641e984b7661f8b02ddb3f29973c30d6fbaed9365cd38a2040d507837b1,0xE4DD6165bFF7EE73D7932C3b478f7E22431e85E7,2,1.0,1.5387,,,Major League Soccer,San Diego FC vs FC Dallas,San Diego FC,FC Dallas,0x842aac86f048739b3c1b3797e28a2b7bdbfe087151a7bee5aadbec607fa152e5,L19461808,1,0,SUCCESS,1,1784961244,1785029400,2.168019,SXR,
0x958a3209e07420a29fb24f5f58c0c15db1eebbbd8f2b626d8f6c0dab59be5adb,0xE4DD6165bFF7EE73D7932C3b478f7E22431e85E7,2,24.0,1.8638,,,Major League Soccer,Los Angeles FC vs Sporting Kansas City,Los Angeles FC,Sporting Kansas City,0xdd014c8b140547fdbb91f2dd0a4d24a4067d036c3117cc56c8a1a82d5d7cf054,L19462240,1,0,SUCCESS,1,1784961224,1785033000,28.403658,SXR,
0xc4105e8431bf0781a29714f137be926b5046cdd6fedf504d7f7a118fbd92bbbc,0xE4DD6165bFF7EE73D7932C3b478f7E22431e85E7,2,33.0,1.6763,,,Major League Soccer,Orlando City vs Nashville SC,Orlando City,Nashville SC,0x45bb5aae405a06b6b593cc84037694baf61b17052f546acee036f2010e1ff0a9,L19460882,1,0,SUCCESS,1,1784961193,1785022200,49.111956,SXR,
0xa9c973bb010f66214b5b23f2002ab8e1d347ed76ab20e76af974374ea8c3ece9,0xE4DD6165bFF7EE73D7932C3b478f7E22431e85E7,2,1.0,1.5387,,,Major League Soccer,San Diego FC vs FC Dallas,San Diego FC,FC Dallas,0x842aac86f048739b3c1b3797e28a2b7bdbfe087151a7bee5aadbec607fa152e5,L19461808,1,0,SUCCESS,1,1784961116,1785029400,3.663944,SXR,
0x42c2f1b581efeebe1d7188aca24d5578298770baef60b47fd2876605c73916ac,0x8268feC8dCb0D284343054BDf2b649286c9aA0a1,2,2.0,1.6963,,,Major League Soccer,Columbus Crew vs FC Cincinnati,Columbus Crew,FC Cincinnati,0xc8a1add36bbb970d2da9ff25c2b8aa6836ae20682e027c17e82cd8c61b6a703d,L19460696,1,0,SUCCESS,1,1784961062,1785021300,3.29218,SXR,
0x1749c7980ba03dc180554338507955abd81b6fd01e2c548a3e524733187232e6,0x68E1818FF20BBe84F9be9E0A4A395FB11079Bd35,1,2.0,1.515,,,Major League Soccer,SJ Earthquakes vs LA Galaxy,SJ Earthquakes,LA Galaxy,0xa95eb21fb8f68773598a8c06ce2901843b4c350d1019f5d64e917119abc7abc9,L19462238,1,0,SUCCESS,1,1784961059,1785033000,5.649476,SXR,
0x6feeecccb73767a7bfdd6000576e0d486f27c11d2a51374974b07c46c6772eb6,0xE4DD6165bFF7EE73D7932C3b478f7E22431e85E7,1,12.0,1.8287,,,Major League Soccer,San Diego FC vs FC Dallas,San Diego FC,FC Dallas,0x01c530c5b96b100e58fe4a4cdd59e816303a055e6f3121d21339a04574c24a09,L19461808,1,0,SUCCESS,1,1784961056,1785029400,14.656929,SXR,
0x4f1ebb34560fd32610ec575dfcf606b123b0397fbd2a87d69fbf15e71aacb1b6,0xe2C68b7ef85645e47F9b94382c3Db59b046945a2,2,18.0,1.13,,,Major League Soccer,Columbus Crew vs FC Cincinnati,Columbus Crew,FC Cincinnati,0xd67f82a4ee71936432e51271f10ab1d1fd9e1456f0f2f0fbd7fbfc6fa621862f,L19460696,1,0,SUCCESS,1,1784961024,1785021300,140.551692,SXR,
0xd6c2cd8b942ade871271644f590aeeb16743a38815c7be33dbd9e420fba31dd3,0xe2C68b7ef85645e47F9b94382c3Db59b046945a2,2,3.0,1.13,,,Major League Soccer,Columbus Crew vs FC Cincinnati,Columbus Crew,FC Cincinnati,0xd67f82a4ee71936432e51271f10ab1d1fd9e1456f0f2f0fbd7fbfc6fa621862f,L19460696,1,0,SUCCESS,1,1784961021,1785021300,28.873538,SXR,
0x42803d7e9588c7be908d9a578b97dfa7b40d1eb3b3991b2605ba20d9cb1fb36f,0xe2C68b7ef85645e47F9b94382c3Db59b046945a2,2,2.0,1.13,,,Major League Soccer,Columbus Crew vs FC Cincinnati,Columbus Crew,FC Cincinnati,0xd67f82a4ee71936432e51271f10ab1d1fd9e1456f0f2f0fbd7fbfc6fa621862f,L19460696,1,0,SUCCESS,1,1784961020,1785021300,15.965462,SXR,
0x32fd68fa98b8a6f53d0218e99567d42284118c4c9ddba7790c609c27c14f8caa,0xE4DD6165bFF7EE73D7932C3b478f7E22431e85E7,2,19.0,1.7163,,,Major League Soccer,CF Montreal vs Inter Miami CF,CF Montreal,Inter Miami CF,0x28c7a1b17e5b21764103369ca6b1b5ff0c1a8a02c150b0c902cad3a1d2b4a7b4,L19460871,1,0,SUCCESS,1,1784960970,1785022200,27.911888,SXR,
0xb19e7e44ef6e0f1007f800d57ecd96e5b313a7f93c8c05eeafa16ce995130307,0x68E1818FF20BBe84F9be9E0A4A395FB11079Bd35,1,11.0,1.375,,,Major League Soccer,FC New York vs Chicago Fire,FC New York,Chicago Fire,0x4440d711629b697d023769c7b2ca65e970798b5965d088fb188c5811d07007f1,L19460873,1,0,SUCCESS,1,1784960270,1785022200,31.168,SXR,
0x757a09cda15e22da7808f69cfc57a566b4bf0fc7bd48637b96b974f19842e2f6,0xe2C68b7ef85645e47F9b94382c3Db59b046945a2,1,1.0,1.2825,,,Major League Soccer,DC United vs Toronto FC,DC United,Toronto FC,0x666019dff45719f0c694391d575b1bcdefd8246beb568e0a35f96d918b302c26,L19460872,1,0,SUCCESS,1,1784959972,1785022200,6.968637,SXR,
0x8e90a73c11389e6a671e332eae4e48a977a8af90785cfe226c8c396772bf3a89,0xe2C68b7ef85645e47F9b94382c3Db59b046945a2,1,1.0,1.2825,,,Major League Soccer,DC United vs Toronto FC,DC United,Toronto FC,0x666019dff45719f0c694391d575b1bcdefd8246beb568e0a35f96d918b302c26,L19460872,1,0,SUCCESS,1,1784959963,1785022200,6.968637,SXR,
0x57a632d5dd23f6216ddd83a7d519a4ae95a738539001f8146ea7427a2d593210,0x8268feC8dCb0D284343054BDf2b649286c9aA0a1,1,19.0,1.1925,,,Major League Soccer,Houston Dynamo vs Austin FC,Houston Dynamo,Austin FC,0xcda1d3a08f3a82b9216d945aa27f92eff039b60b932337610cb0a918fb7905da,L19461357,1,0,SUCCESS,1,1784959959,1785025800,99.256935,SXR,
0xc0f929824dce6d736536f373ae1cf92aee53285093f4756d164035e1263cc0a7,0x8268feC8dCb0D284343054BDf2b649286c9aA0a1,1,7.0,1.1925,,,Major League Soccer,Houston Dynamo vs Austin FC,Houston Dynamo,Austin FC,0xcda1d3a08f3a82b9216d945aa27f92eff039b60b932337610cb0a918fb7905da,L19461357,1,0,SUCCESS,1,1784959956,1785025800,36.631532,SXR,
0x568adbcf1e3024a866e6126da629423615833562116bde6426a5207008881f1b,0x8268feC8dCb0D284343054BDf2b649286c9aA0a1,1,10.0,1.1925,,,Major League Soccer,Houston Dynamo vs Austin FC,Houston Dynamo,Austin FC,0xcda1d3a08f3a82b9216d945aa27f92eff039b60b932337610cb0a918fb7905da,L19461357,1,0,SUCCESS,1,1784959953,1785025800,53.981403,SXR,
0xac1cb89f1371deb18d63ef72ee9cd28720b1e69b6407855978d3a8bfb2ec8746,0xe2C68b7ef85645e47F9b94382c3Db59b046945a2,1,11.0,1.2825,,,Major League Soccer,DC United vs Toronto FC,DC United,Toronto FC,0x666019dff45719f0c694391d575b1bcdefd8246beb568e0a35f96d918b302c26,L19460872,1,0,SUCCESS,1,1784959932,1785022200,40.707929,SXR,
0xade92a768d104bcbae5c3a3d86adb58a099d0eedaad29d79622c703f361248f0,0xe2C68b7ef85645e47F9b94382c3Db59b046945a2,1,8.0,1.2825,,,Major League Soccer,DC United vs Toronto FC,DC United,Toronto FC,0x666019dff45719f0c694391d575b1bcdefd8246beb568e0a35f96d918b302c26,L19460872,1,0,SUCCESS,1,1784959930,1785022200,30.796425,SXR,
0x811064f858e64efb840d31144ae5abd20cfa4b211c0e87d08ffab25bcb20b25e,0x68E1818FF20BBe84F9be9E0A4A395FB11079Bd35,2,1.0,1.5112,,,Major League Soccer,New England Revolution vs Atlanta United,New England Revolution,Atlanta United,0xb588b78200a622178ddc15d65de4da5742b99c19cc0e9da2328ae98b202ac80a,L19460884,1,0,SUCCESS,1,1784959788,1785022200,2.046024,SXR,
0x167b5c77154be81065ed60f4dd1e945b1d866f5555033c6db896ad8307e73d3c,0xE4DD6165bFF7EE73D7932C3b478f7E22431e85E7,2,40.0,1.7188,,,Major League Soccer,DC United vs Toronto FC,DC United,Toronto FC,0x666019dff45719f0c694391d575b1bcdefd8246beb568e0a35f96d918b302c26,L19460872,1,0,SUCCESS,1,1784959709,1785022200,56.888877,SXR,
0x432df80a829d41897c549656c54d2bcbdc37d80ff447140f451a72d6fd09979c,0x8268feC8dCb0D284343054BDf2b649286c9aA0a1,1,17.0,1.4463,,,Major League Soccer,CF Montreal vs Inter Miami CF,CF Montreal,Inter Miami CF,0x3390afb147696e3e01fd766347941f9138101935ba7c9286377dfdded65526b6,L19460871,1,0,SUCCESS,1,1784959449,1785022200,39.133176,SXR,
0x87b0e5d580d7dc66f9e0735a2411943f7111d64fdfe950203b54c2ef0a28aadb,0x5B3498Cb20C3107B5B267fabd3601B6425BDeb42,2,89.0,1.7588,,,Major League Soccer,Saint Louis SC vs Colorado Rapids,Saint Louis SC,Colorado Rapids,0xb4442fce2a147b18ce54591184eaec5b2df12cd9d827898af07d77e4fcfb64dd,L19461365,1,0,SUCCESS,1,1784959233,1785025800,118.010359,SXR,
0x78871a2a5f185713c2054561ea13ce7e060046d7a0d9d68abcb9ffb010196da9,0x68E1818FF20BBe84F9be9E0A4A395FB11079Bd35,2,5.0,1.77,,,Major League Soccer,Columbus Crew vs FC Cincinnati,Columbus Crew,FC Cincinnati,0xf8e5c38b0cc675c510b8e2cdc2198eebb1c05e9f3385658ac585673f608dd374,L19460696,1,0,SUCCESS,1,1784958975,1785021300,6.521727,SXR,
0x6cce7aa2fba259547071d78d2710dad5cf80873a47dcbc213e266edd8e94a7b4,0x8268feC8dCb0D284343054BDf2b649286c9aA0a1,2,41.0,1.815,,,Major League Soccer,Columbus Crew vs FC Cincinnati,Columbus Crew,FC Cincinnati,0x76033dfecc346415b3aa1d1b30c2f6c105c68bf9c199a092111c0f4d8734caf0,L19460696,1,0,SUCCESS,1,1784958975,1785021300,50.756748,SXR,
0xfedccce40639b544b55da96e013f9f96de301cdf1ab7c5b44285203bd814adf4,0x68E1818FF20BBe84F9be9E0A4A395FB11079Bd35,2,10.0,1.77,,,Major League Soccer,Columbus Crew vs FC Cincinnati,Columbus Crew,FC Cincinnati,0xf8e5c38b0cc675c510b8e2cdc2198eebb1c05e9f3385658ac585673f608dd374,L19460696,1,0,SUCCESS,1,1784958806,1785021300,13.043468,SXR,
0x50f74920967979471d69a4b09e5b6f7b7ed20434bf4c51498dd3c78dd244606e,0x8268feC8dCb0D284343054BDf2b649286c9aA0a1,2,7.0,1.8137,,,Major League Soccer,Columbus Crew vs FC Cincinnati,Columbus Crew,FC Cincinnati,0x76033dfecc346415b3aa1d1b30c2f6c105c68bf9c199a092111c0f4d8734caf0,L19460696,1,0,SUCCESS,1,1784958806,1785021300,8.966439,SXR,
0x9a909aa2893cd21f7af8922c5883748bc65123906a02a09577d0463086f6b41c,0x8268feC8dCb0D284343054BDf2b649286c9aA0a1,1,30.0,1.2862,,,Major League Soccer,DC United vs Toronto FC,DC United,Toronto FC,0xa94eb77927d9ce0047616540f7a7f02e0cb1cdc1697fa8337219aa8eb7dccb24,L19460872,1,0,SUCCESS,1,1784958756,1785022200,105.257642,SXR,
0x6f769d4ab0dc6bec1a8ad78a2a8632c4d2a8e5bb49ba56ae2ee833c3df0a7f96,0xE4DD6165bFF7EE73D7932C3b478f7E22431e85E7,1,11.0,1.2888,,,Major League Soccer,DC United vs Toronto FC,DC United,Toronto FC,0xa94eb77927d9ce0047616540f7a7f02e0cb1cdc1697fa8337219aa8eb7dccb24,L19460872,1,0,SUCCESS,1,1784958756,1785022200,39.339186,SXR,
0xec951247c7f9536df016163a170693cf86af7ad014854cac6982ba2a77fc4304,0x68E1818FF20BBe84F9be9E0A4A395FB11079Bd35,2,20.0,1.77,,,Major League Soccer,Columbus Crew vs FC Cincinnati,Columbus Crew,FC Cincinnati,0xf8e5c38b0cc675c510b8e2cdc2198eebb1c05e9f3385658ac585673f608dd374,L19460696,1,0,SUCCESS,1,1784958582,1785021300,26.086948,SXR,
0xd06d4cfed80b206840cc94d5e58b17d086a2c70f05241a51676a7789fef6dc5d,0x8268feC8dCb0D284343054BDf2b649286c9aA0a1,2,54.0,1.8137,,,Major League Soccer,Columbus Crew vs FC Cincinnati,Columbus Crew,FC Cincinnati,0x76033dfecc346415b3aa1d1b30c2f6c105c68bf9c199a092111c0f4d8734caf0,L19460696,1,0,SUCCESS,1,1784958582,1785021300,67.114089,SXR,
0xafe7a7360554d2dfc13095b89a95223dcfa8693a5bf3d807ce67d15e09532907,0x68E1818FF20BBe84F9be9E0A4A395FB11079Bd35,2,64.0,1.755,,,Major League Soccer,Houston Dynamo vs Austin FC,Houston Dynamo,Austin FC,0xd440ec151371d9a6591b4116866fe6f8827d6ed88eb20c2b8f6f017ba9db792c,L19461357,1,0,SUCCESS,1,1784957872,1785025800,85.668874,SXR,
0x88d14e1dfc5e456d474f78dae62e17a520e654457a08842cc8e8d188bf4f4d67,0x8268feC8dCb0D284343054BDf2b649286c9aA0a1,2,19.0,1.7462,,,Major League Soccer,Philadelphia Union FC vs Seattle Sounders,Philadelphia Union FC,Seattle Sounders,0x86990c0d58e3bd4dcc9532cfc876479cbd119b31b16e26b63106943ee2f74f39,L19460883,1,0,SUCCESS,1,1784957678,1785022200,26.443337,SXR,
0x354ef0c4daa22929629200eb3099ac8af4db7f1fe09958f8e3bfd2fb95256898,0xE4DD6165bFF7EE73D7932C3b478f7E22431e85E7,1,53.0,1.275,,,Major League Soccer,Philadelphia Union FC vs Seattle Sounders,Philadelphia Union FC,Seattle Sounders,0x65e53e2f84927085468e4fcf15c17061c50a5e9b39dda066d4b300a4d68a0221,L19460883,1,0,SUCCESS,1,1784957678,1785022200,194.137927,SXR,
0x817852c0bab8f71045c503152f1045e37c72e209bd41e493b57a3594127fef07,0xE4DD6165bFF7EE73D7932C3b478f7E22431e85E7,1,6.0,1.275,,,Major League Soccer,Philadelphia Union FC vs Seattle Sounders,Philadelphia Union FC,Seattle Sounders,0x65e53e2f84927085468e4fcf15c17061c50a5e9b39dda066d4b300a4d68a0221,L19460883,1,0,SUCCESS,1,1784957575,1785022200,24.937927,SXR,
0x629501420c901a60379e163bbbb0d020c86623bd13b22577c425eb1f0682f42e,0x8268feC8dCb0D284343054BDf2b649286c9aA0a1,2,82.0,1.7462,,,Major League Soccer,Philadelphia Union FC vs Seattle Sounders,Philadelphia Union FC,Seattle Sounders,0x86990c0d58e3bd4dcc9532cfc876479cbd119b31b16e26b63106943ee2f74f39,L19460883,1,0,SUCCESS,1,1784957574,1785022200,109.950727,SXR,
0x59cf9ededba9e2a6120321a3890eda6718644d68c5948ab2a7581b27326dc9a9,0xE4DD6165bFF7EE73D7932C3b478f7E22431e85E7,1,10.0,1.3013,,,Major League Soccer,Columbus Crew vs FC Cincinnati,Columbus Crew,FC Cincinnati,0xc8a1add36bbb970d2da9ff25c2b8aa6836ae20682e027c17e82cd8c61b6a703d,L19460696,1,0,SUCCESS,1,1784957456,1785021300,33.288,SXR,
0xe2773351bdf912530ef1844418a06850dfcd576245b579db551e6c1cfcacf80e,0x8268feC8dCb0D284343054BDf2b649286c9aA0a1,1,4.0,1.4475,,,Major League Soccer,CF Montreal vs Inter Miami CF,CF Montreal,Inter Miami CF,0x3390afb147696e3e01fd766347941f9138101935ba7c9286377dfdded65526b6,L19460871,1,0,SUCCESS,1,1784957222,1785022200,10.823508,SXR,
0x2b702f0b1b5818ae9ff1ad2cd1181095635bcf5e94889d0ffb74e3ddc522d729,0x68E1818FF20BBe84F9be9E0A4A395FB11079Bd35,2,1.0,1.5137,,,Major League Soccer,New England Revolution vs Atlanta United,New England Revolution,Atlanta United,0xb588b78200a622178ddc15d65de4da5742b99c19cc0e9da2328ae98b202ac80a,L19460884,1,0,SUCCESS,1,1784956737,1785022200,3.886871,SXR,
0x6ef7d1c09490e37bcf1346b15bec3acb1264c861c80cf92722338fe55e3f2a02,0x68E1818FF20BBe84F9be9E0A4A395FB11079Bd35,1,13.0,1.255,,,Major League Soccer,New England Revolution vs Atlanta United,New England Revolution,Atlanta United,0x873866902ed1ae3f290a6099ed2dae35a36680a96bc16b3682e29fe77a8e5b60,L19460884,1,0,SUCCESS,1,1784956734,1785022200,54.429529,SXR,
0x98ebe17914601e200ab8dfbf5939337ad4a6e93ef811d7ee70b83c5538965178,0xE4DD6165bFF7EE73D7932C3b478f7E22431e85E7,2,3.0,1.53,,,Major League Soccer,CF Montreal vs Inter Miami CF,CF Montreal,Inter Miami CF,0xfeef7d49a7d2b44054f7c765bc6c0a926c3c42ccf468e85e9ff7ffb2e7450aee,L19460871,1,0,SUCCESS,1,1784956714,1785022200,6.680849,SXR,
0xcb2e71d802ad76237dcb8885f4de0fe288d31213b4b32cb484f7319666bad40c,0x68E1818FF20BBe84F9be9E0A4A395FB11079Bd35,1,1.0,1.3188,,,Major League Soccer,Orlando City vs Nashville SC,Orlando City,Nashville SC,0x45bb5aae405a06b6b593cc84037694baf61b17052f546acee036f2010e1ff0a9,L19460882,1,0,SUCCESS,1,1784956628,1785022200,3.5376,SXR,
0x29238af92384e84bc47fa0ba958cb046b3bc1985d5e9bd8967996c5e48ad9def,0x68E1818FF20BBe84F9be9E0A4A395FB11079Bd35,2,14.0,1.7412,,,Major League Soccer,SJ Earthquakes vs LA Galaxy,SJ Earthquakes,LA Galaxy,0x569f613f63dec50a8f1935b3389046e26997fac68af9a7eae27682c39fb439a9,L19462238,1,0,SUCCESS,1,1784955547,1785033000,19.323669,SXR,
0x92dd101ebb62fd068acbc7236274a2394d86592da210f6b9f677f039b36646ee,0x68E1818FF20BBe84F9be9E0A4A395FB11079Bd35,2,38.0,1.7412,,,Major League Soccer,SJ Earthquakes vs LA Galaxy,SJ Earthquakes,LA Galaxy,0x569f613f63dec50a8f1935b3389046e26997fac68af9a7eae27682c39fb439a9,L19462238,1,0,SUCCESS,1,1784955537,1785033000,51.826078,SXR,
0x2c6d0f0b760f74e0484862bbe5debb55324787c7af691d5b6afbd8bc68593844,0x7BAa847Bca8D44657e6A3610A17fE245CeF0Cc64,1,20.0,1.7788,,,Major League Soccer,Los Angeles FC vs Sporting Kansas City,Los Angeles FC,Sporting Kansas City,0xa990bfa8a5d8dd5cea50846710f3d34fb702a13bfb5d7828b13f24f1e63ad194,L19462240,1,0,SUCCESS,1,1784954730,1785033000,26.531069,SXR,
0x8f95c0003f521f8c8111822d9349912a32de3aec80b82df97f953f0bfe63f6cf,0xE4DD6165bFF7EE73D7932C3b478f7E22431e85E7,1,36.0,1.5188,,,Major League Soccer,Columbus Crew vs FC Cincinnati,Columbus Crew,FC Cincinnati,0xd980a976a51ef39a9d46f423f84d3b79217f0c7ab10c3ea6f5de99b3e0519a8d,L19460696,1,0,SUCCESS,1,1784954598,1785021300,69.672713,SXR,
0xd679bca3f7b3d408a75642eb7637c9972fd7e433f1e3476d1117363b901d9808,0xE4DD6165bFF7EE73D7932C3b478f7E22431e85E7,2,12.0,1.765,,,Major League Soccer,Philadelphia Union FC vs Seattle Sounders,Philadelphia Union FC,Seattle Sounders,0x3ab8a4726e42b551129a8882eea25cc111f87065d2a7564cdc26a4db24ed8e30,L19460883,1,0,SUCCESS,1,1784954472,1785022200,16.978719,SXR,
0x1d0d4db0813ba4b2afe66c6c60715db06168385b62bac71a61ec2ca5c382f09e,0xE4DD6165bFF7EE73D7932C3b478f7E22431e85E7,1,1.0,1.275,,,Major League Soccer,Philadelphia Union FC vs Seattle Sounders,Philadelphia Union FC,Seattle Sounders,0x65e53e2f84927085468e4fcf15c17061c50a5e9b39dda066d4b300a4d68a0221,L19460883,1,0,SUCCESS,1,1784954472,1785022200,5.2,SXR,
0x64aa5ddd8513f546ce2b364a52b7002f6727d3f6c5f1d3da999fdd9018b9fb08,0xE4DD6165bFF7EE73D7932C3b478f7E22431e85E7,1,23.0,1.5188,,,Major League Soccer,Columbus Crew vs FC Cincinnati,Columbus Crew,FC Cincinnati,0xd980a976a51ef39a9d46f423f84d3b79217f0c7ab10c3ea6f5de99b3e0519a8d,L19460696,1,0,SUCCESS,1,1784954360,1785021300,44.342843,SXR,
0xf1a41d528831ee6ddced1fd94b82c258d6259507a948dc13e57b75c61a88ec61,0x68E1818FF20BBe84F9be9E0A4A395FB11079Bd35,1,2.0,1.3237,,,Major League Soccer,San Diego FC vs FC Dallas,San Diego FC,FC Dallas,0x1c5e7e637a2ca1e92b34dde619518e085854bf5cc658d03fe6efebe9e6218281,L19461808,1,0,SUCCESS,1,1784954011,1785029400,7.393699,SXR,
0xb4c87550b1c17fa3f11b8e5a24ba17e33032b805c90866a1edc5463bf0f6218f,0xE4DD6165bFF7EE73D7932C3b478f7E22431e85E7,1,23.0,1.3275,,,Major League Soccer,San Diego FC vs FC Dallas,San Diego FC,FC Dallas,0x1c5e7e637a2ca1e92b34dde619518e085854bf5cc658d03fe6efebe9e6218281,L19461808,1,0,SUCCESS,1,1784953989,1785029400,72.916,SXR,
0xb93e4d8cfc2147de8f6695bde61df1c396e737279be0693a43fb8202e6aa6c36,0xe2C68b7ef85645e47F9b94382c3Db59b046945a2,2,26.0,1.6338,,,Major League Soccer,Los Angeles FC vs Sporting Kansas City,Los Angeles FC,Sporting Kansas City,0x929c731405c3da78c3a0ade22c472694434851b79135212a74e44ac72f8014c6,L19462240,1,0,SUCCESS,1,1784953270,1785033000,42.020465,SXR,
0xa0f997343d785c0d88acc0d629bbb288d60be1085922ca3ed32528734182cd90,0xe2C68b7ef85645e47F9b94382c3Db59b046945a2,2,26.0,1.4275,,,Major League Soccer,Los Angeles FC vs Sporting Kansas City,Los Angeles FC,Sporting Kansas City,0x6e80a3e7d5f7f2b85cd819198b2ecfdb2284dadd3c2305cfe91500abc5115da5,L19462240,1,0,SUCCESS,1,1784953155,1785033000,62.305661,SXR,
0xb065f756076b48d70854a493de0dbcc265ca16d674335126d588f0f3190234d0,0xe2C68b7ef85645e47F9b94382c3Db59b046945a2,2,20.0,1.54,,,Major League Soccer,Los Angeles FC vs Sporting Kansas City,Los Angeles FC,Sporting Kansas City,0xff7a67f6015ae7d39ea06a03ac753ea7c30d528b650a273203c7b29cddfbc4ee,L19462240,1,0,SUCCESS,1,1784953154,1785033000,38.456519,SXR,
0x99d38158dcf49384b2065e1c96dda23efae3224e480e3e35ebb3e9091fb8ba69,0xe2C68b7ef85645e47F9b94382c3Db59b046945a2,2,4.0,1.28,,,Major League Soccer,Los Angeles FC vs Sporting Kansas City,Los Angeles FC,Sporting Kansas City,0xb460dceb8179bcd853ce22dc50903e9d81e389357429ec0f7379921916b6e087,L19462240,1,0,SUCCESS,1,1784953154,1785033000,15.031786,SXR,
0x07c1f2f10d3269d8cb14d0506d4450340e68ed0d073e971aa797366e054e7349,0xe2C68b7ef85645e47F9b94382c3Db59b046945a2,2,16.0,1.22,,,Major League Soccer,Los Angeles FC vs Sporting Kansas City,Los Angeles FC,Sporting Kansas City,0xebde40b686a439876dac3d46fb6238bee7092bd908779232057b5a7ed47898c5,L19462240,1,0,SUCCESS,1,1784953154,1785033000,77.230727,SXR,
0xa610f9337bd1c26946245b970b5fb598ec8362fff84ffe2e267dbf0892d84b96,0xe2C68b7ef85645e47F9b94382c3Db59b046945a2,2,5.0,1.54,,,Major League Soccer,Los Angeles FC vs Sporting Kansas City,Los Angeles FC,Sporting Kansas City,0xff7a67f6015ae7d39ea06a03ac753ea7c30d528b650a273203c7b29cddfbc4ee,L19462240,1,0,SUCCESS,1,1784953033,1785033000,10.869556,SXR,
0xe5cfa2e917c27e37a04262c2dd61df1d086e2dca80a5f1b3e243fbf558dfc819,0xe2C68b7ef85645e47F9b94382c3Db59b046945a2,2,26.0,1.5413,,,Major League Soccer,Los Angeles FC vs Sporting Kansas City,Los Angeles FC,Sporting Kansas City,0xff7a67f6015ae7d39ea06a03ac753ea7c30d528b650a273203c7b29cddfbc4ee,L19462240,1,0,SUCCESS,1,1784953021,1785033000,49.19891,SXR,
0xbf19671bd76ae5d36909b000788ec4887c156468cbd65d177c2ebe3c8e17be9a,0xe2C68b7ef85645e47F9b94382c3Db59b046945a2,2,1.0,1.28,,,Major League Soccer,Los Angeles FC vs Sporting Kansas City,Los Angeles FC,Sporting Kansas City,0xb460dceb8179bcd853ce22dc50903e9d81e389357429ec0f7379921916b6e087,L19462240,1,0,SUCCESS,1,1784952999,1785033000,6.944429,SXR,
0xdfd2da57d3d8ad2b6834401cb89416afb371d154162d5f44d302b174b6bebe37,0xe2C68b7ef85645e47F9b94382c3Db59b046945a2,2,12.0,1.28,,,Major League Soccer,Los Angeles FC vs Sporting Kansas City,Los Angeles FC,Sporting Kansas City,0xb460dceb8179bcd853ce22dc50903e9d81e389357429ec0f7379921916b6e087,L19462240,1,0,SUCCESS,1,1784952983,1785033000,44.583321,SXR,
0xf21261357022aa69fd437403282c9d879b70ef6289d91cbc4e866ef44d3b19b7,0x8268feC8dCb0D284343054BDf2b649286c9aA0a1,2,30.0,1.7512,,,Major League Soccer,Portland Timbers vs Real Salt Lake,Portland Timbers,Real Salt Lake,0x0c1a0f753e35c8393cf5ce9108f743de4b4d250b9f36bc26f07fbd9c112189a9,L19462241,1,0,SUCCESS,1,1784952907,1785033000,41.045218,SXR,
0x319f8b21a28f4d91737916f102ace7f8ad775f62f36fac4eba3a43fd99f524ad,0x8268feC8dCb0D284343054BDf2b649286c9aA0a1,1,129.0,1.8237,,,Major League Soccer,Portland Timbers vs Real Salt Lake,Portland Timbers,Real Salt Lake,0xdb1e9436ae414f11a6a0478e94554ee28ce39c40ec9958b0219ac3024d01f2bf,L19462241,1,0,SUCCESS,1,1784952907,1785033000,156.879429,SXR,
0xf2831c27fdd8364f9b570cdc0cb817d62ac10d670be004fe941f95fc8d734288,0xe2C68b7ef85645e47F9b94382c3Db59b046945a2,2,8.0,1.28,,,Major League Soccer,Los Angeles FC vs Sporting Kansas City,Los Angeles FC,Sporting Kansas City,0xb460dceb8179bcd853ce22dc50903e9d81e389357429ec0f7379921916b6e087,L19462240,1,0,SUCCESS,1,1784952867,1785033000,28.583321,SXR,
0xc1051c70428f22ca0f132106f1f80a0d8e098a5750002d267cfa4765a3e71125,0xe2C68b7ef85645e47F9b94382c3Db59b046945a2,2,5.0,1.2212,,,Major League Soccer,Los Angeles FC vs Sporting Kansas City,Los Angeles FC,Sporting Kansas City,0xa990bfa8a5d8dd5cea50846710f3d34fb702a13bfb5d7828b13f24f1e63ad194,L19462240,1,0,SUCCESS,1,1784952866,1785033000,24.731932,SXR,
0x6333cdf1f50c6018b4493d4086cf53c701758cc574c6474d77ce44b57bba996f,0xe2C68b7ef85645e47F9b94382c3Db59b046945a2,2,2.0,1.1013,,,Major League Soccer,Los Angeles FC vs Sporting Kansas City,Los Angeles FC,Sporting Kansas City,0xe601608217e06f547f0b833b7050b4940b57386e720ecbdb430a5da8c5887252,L19462240,1,0,SUCCESS,1,1784952864,1785033000,29.32958,SXR,
0xa6ea6caa5b5617717caa4fa008bb5ce3895595c1aaf8252dae86cc0e758a162a,0x68E1818FF20BBe84F9be9E0A4A395FB11079Bd35,2,82.0,1.9112,,,Major League Soccer,Los Angeles FC vs Sporting Kansas City,Los Angeles FC,Sporting Kansas City,0x8a2559bf0372e5013335914ae6cf194bd2c4b1b5f2340e27dc6df7708f98eab4,L19462240,1,0,SUCCESS,1,1784952842,1785033000,90.14084,SXR,
0x84bd81c12a3d707e6fb673cd530de6a81168178a083c6e54201638a06f6a0076,0x68E1818FF20BBe84F9be9E0A4A395FB11079Bd35,2,30.0,1.9112,,,Major League Soccer,Los Angeles FC vs Sporting Kansas City,Los Angeles FC,Sporting Kansas City,0x8a2559bf0372e5013335914ae6cf194bd2c4b1b5f2340e27dc6df7708f98eab4,L19462240,1,0,SUCCESS,1,1784952842,1785033000,33.831726,SXR,
0xf0d90eecf38dea7aa876534c4f193ccee02862c94070f1ae82ee2d694fd4ae59,0xe2C68b7ef85645e47F9b94382c3Db59b046945a2,1,266.0,1.9038,,,Major League Soccer,Los Angeles FC vs Sporting Kansas City,Los Angeles FC,Sporting Kansas City,0xe601608217e06f547f0b833b7050b4940b57386e720ecbdb430a5da8c5887252,L19462240,1,0,SUCCESS,1,1784952782,1785033000,294.760708,SXR,
0xa6b03fe4bc2b69f0e15199300b97b3a52f2f9addd13f4f94be7ebf1fbe917af1,0xe2C68b7ef85645e47F9b94382c3Db59b046945a2,2,266.0,1.9163,,,Major League Soccer,Los Angeles FC vs Sporting Kansas City,Los Angeles FC,Sporting Kansas City,0x8a2559bf0372e5013335914ae6cf194bd2c4b1b5f2340e27dc6df7708f98eab4,L19462240,1,0,SUCCESS,1,1784952782,1785033000,290.626859,SXR,
0x93c66ad4fcf2c65655659ea28429712a52bdc6e6f073c964a4969bef35421cec,0xe2C68b7ef85645e47F9b94382c3Db59b046945a2,1,26.0,1.4688,,,Major League Soccer,Los Angeles FC vs Sporting Kansas City,Los Angeles FC,Sporting Kansas City,0xff7a67f6015ae7d39ea06a03ac753ea7c30d528b650a273203c7b29cddfbc4ee,L19462240,1,0,SUCCESS,1,1784952782,1785033000,56.832,SXR,
0x2a65adab3cb9abe0aa9cb0686db9ff0fdc5e8f471319e34bc826f1b93f790099,0xe2C68b7ef85645e47F9b94382c3Db59b046945a2,1,12.0,1.2488,,,Major League Soccer,Los Angeles FC vs Sporting Kansas City,Los Angeles FC,Sporting Kansas City,0xef4c1b4d0b4f3de28d89e760b29924bb0137ede7d7acca7ca0a0a6de52dd926d,L19462240,1,0,SUCCESS,1,1784952782,1785033000,51.457246,SXR,
0x23f45f1355edc91efca0b8c80586999dbdeb85c82aa66071749dbb688448844c,0xe2C68b7ef85645e47F9b94382c3Db59b046945a2,1,26.0,1.3725,,,Major League Soccer,Los Angeles FC vs Sporting Kansas City,Los Angeles FC,Sporting Kansas City,0x929c731405c3da78c3a0ade22c472694434851b79135212a74e44ac72f8014c6,L19462240,1,0,SUCCESS,1,1784952781,1785033000,71.516779,SXR,
0x1537badff5733b33777bbe3cf6e659b0b77be63ffcb15745ac42a7c3e39c321f,0xE4DD6165bFF7EE73D7932C3b478f7E22431e85E7,2,1.0,1.5212,,,Major League Soccer,Philadelphia Union FC vs Seattle Sounders,Philadelphia Union FC,Seattle Sounders,0x580a1e0b5be56de0676ade7320f80a33e7aee51d33c084d434f86217a2cbe129,L19460883,1,0,SUCCESS,1,1784952699,1785022200,3.154034,SXR,
0xeadbb5321dfd5a6a81cf0b3ba47e83abdc80738452bc862f55bfa1fcf9e86888,0xE4DD6165bFF7EE73D7932C3b478f7E22431e85E7,1,13.0,1.49,,,Major League Soccer,Saint Louis SC vs Colorado Rapids,Saint Louis SC,Colorado Rapids,0x7a925f84984f67f8141763c91a2b6c5a87fe37b45afdd3ee472c35ff5fd5ea1b,L19461365,1,0,SUCCESS,1,1784952645,1785025800,26.632633,SXR,
0xbdf935f4385147050635842ee237614be4b8afcc11d1ed7ead04ffec0617b9f2,0x8268feC8dCb0D284343054BDf2b649286c9aA0a1,1,51.0,1.4438,,,Major League Soccer,CF Montreal vs Inter Miami CF,CF Montreal,Inter Miami CF,0x3390afb147696e3e01fd766347941f9138101935ba7c9286377dfdded65526b6,L19460871,1,0,SUCCESS,1,1784952566,1785022200,115.703369,SXR,
0x664a4e6069351269292db0df8b41af3232d04ad36555dc639774ee6fda5667de,0x68E1818FF20BBe84F9be9E0A4A395FB11079Bd35,2,2.0,1.7462,,,Major League Soccer,Philadelphia Union FC vs Seattle Sounders,Philadelphia Union FC,Seattle Sounders,0x86990c0d58e3bd4dcc9532cfc876479cbd119b31b16e26b63106943ee2f74f39,L19460883,1,0,SUCCESS,1,1784952494,1785022200,3.940878,SXR,
0x817273fedec81b44869e388a694825fb3d51f2a921ba5bb28a771cbe3c76c0e8,0x68E1818FF20BBe84F9be9E0A4A395FB11079Bd35,1,6.0,1.4712,,,Major League Soccer,Philadelphia Union FC vs Seattle Sounders,Philadelphia Union FC,Seattle Sounders,0x580a1e0b5be56de0676ade7320f80a33e7aee51d33c084d434f86217a2cbe129,L19460883,1,0,SUCCESS,1,1784952493,1785022200,13.200934,SXR,
0x61870b2c991e3a27135382f718c30ede0e6c87a1bc5159cca3f6bec6f956b06a,0x68E1818FF20BBe84F9be9E0A4A395FB11079Bd35,2,9.0,1.7475,,,Major League Soccer,Philadelphia Union FC vs Seattle Sounders,Philadelphia Union FC,Seattle Sounders,0x86990c0d58e3bd4dcc9532cfc876479cbd119b31b16e26b63106943ee2f74f39,L19460883,1,0,SUCCESS,1,1784952493,1785022200,12.11299,SXR,
0x2c3b308a8a0ab551c974916076033ac681c9e6e81a359082c0232da16aaa3405,0xE4DD6165bFF7EE73D7932C3b478f7E22431e85E7,2,19.0,1.5038,,,Major League Soccer,Saint Louis SC vs Colorado Rapids,Saint Louis SC,Colorado Rapids,0x7a925f84984f67f8141763c91a2b6c5a87fe37b45afdd3ee472c35ff5fd5ea1b,L19461365,1,0,SUCCESS,1,1784952446,1785025800,37.856079,SXR,
0x6a90c082d28153e196f8e8fe5234559bb5d9463ceeabf18cf9cb9889177ec066,0x8268feC8dCb0D284343054BDf2b649286c9aA0a1,2,1.0,1.6138,,,Major League Soccer,Saint Louis SC vs Colorado Rapids,Saint Louis SC,Colorado Rapids,0xfe979201459265fa3ecf38d45fdabb2a88fa25980391db441dc371c4a040936e,L19461365,1,0,SUCCESS,1,1784952445,1785025800,2.588986,SXR,
0x3e13393764e21871c817b14297addf2a3e58bbafb0b48687cd66cfde68da0885,0x68E1818FF20BBe84F9be9E0A4A395FB11079Bd35,2,20.0,1.7225,,,Major League Soccer,Saint Louis SC vs Colorado Rapids,Saint Louis SC,Colorado Rapids,0x39a2e678245637d44afe0d15619634d22891334ec270fb7d8fd0a3fdaa90a581,L19461365,1,0,SUCCESS,1,1784952445,1785025800,28.788927,SXR,
0xf0c5cf3e83775a2eb9154ced506b17f45991e7fc8a798f3868c3c14c2a94f87a,0x5B3498Cb20C3107B5B267fabd3601B6425BDeb42,2,1104.0,1.7588,,,Major League Soccer,Saint Louis SC vs Colorado Rapids,Saint Louis SC,Colorado Rapids,0xb4442fce2a147b18ce54591184eaec5b2df12cd9d827898af07d77e4fcfb64dd,L19461365,1,0,SUCCESS,1,1784952444,1785025800,1455.336778,SXR,
0xca8e85e788993c8e3fa5cbb4efb681f51303df87c55c1c357f2a3823d690fc9c,0x5B3498Cb20C3107B5B267fabd3601B6425BDeb42,2,96.0,1.7588,,,Major League Soccer,Saint Louis SC vs Colorado Rapids,Saint Louis SC,Colorado Rapids,0xb4442fce2a147b18ce54591184eaec5b2df12cd9d827898af07d77e4fcfb64dd,L19461365,1,0,SUCCESS,1,1784952444,1785025800,127.461127,SXR,
0x1a98cff168661e652b9f81453c76c31447cc7b44f8e4eb2af386ff16292366ad,0xE4DD6165bFF7EE73D7932C3b478f7E22431e85E7,2,16.0,1.615,,,Major League Soccer,Saint Louis SC vs Colorado Rapids,Saint Louis SC,Colorado Rapids,0xfe979201459265fa3ecf38d45fdabb2a88fa25980391db441dc371c4a040936e,L19461365,1,0,SUCCESS,1,1784952444,1785025800,26.285707,SXR,
0xce7702f9cf2ae6b2e0099126ec8703fa73d365f69f1c0e6ab0a6199ab3ed721d,0xE4DD6165bFF7EE73D7932C3b478f7E22431e85E7,2,4.0,1.6325,,,Major League Soccer,Philadelphia Union FC vs Seattle Sounders,Philadelphia Union FC,Seattle Sounders,0x0a7b2b3d22aaeb05b150439e44edf3ddc6e69b3ffb13d07bebf6bf1a88946725,L19460883,1,0,SUCCESS,1,1784952433,1785022200,7.40136,SXR,
0xb41ed289fca434d224fcdb1d03ff3b5fc4e13b94afc613ea70679071cdc7241f,0x68E1818FF20BBe84F9be9E0A4A395FB11079Bd35,2,23.0,1.7475,,,Major League Soccer,Philadelphia Union FC vs Seattle Sounders,Philadelphia Union FC,Seattle Sounders,0x86990c0d58e3bd4dcc9532cfc876479cbd119b31b16e26b63106943ee2f74f39,L19460883,1,0,SUCCESS,1,1784952433,1785022200,31.445538,SXR,
0x6a54af467977d4befd7021c93c6f32db202f014ff734783456fc8fbd4f1335d8,0x8268feC8dCb0D284343054BDf2b649286c9aA0a1,2,75.0,1.7612,,,Major League Soccer,CF Montreal vs Inter Miami CF,CF Montreal,Inter Miami CF,0x94748847168a3aefac986d4d912f42fa5090c1832c43f98e546c3c80f6c79f97,L19460871,1,0,SUCCESS,1,1784952427,1785022200,98.848158,SXR,
0xcacec77b9783263924cc5d131880c8b17d7c3fa5cf7cec34e39d6335230585f8,0x8268feC8dCb0D284343054BDf2b649286c9aA0a1,1,1.0,1.3875,,,Major League Soccer,Portland Timbers vs Real Salt Lake,Portland Timbers,Real Salt Lake,0x3211e67127641cbf701e1f01222641717e762bc86cb6148806703c9793af4c22,L19462241,1,0,SUCCESS,1,1784952388,1785033000,3.297935,SXR,
0x341c47cf2808033399831ecbde0136da87bfa29e6b4d374d1a7aeb6d7cc7942d,0xE4DD6165bFF7EE73D7932C3b478f7E22431e85E7,1,24.0,1.7625,,,Major League Soccer,Minnesota United vs Vancouver Whitecaps,Minnesota United,Vancouver Whitecaps,0x656ea74024a9afed5e5d42ea1916a07e15363411d25d68dbd0aa36df424e3305,L19461369,1,0,SUCCESS,1,1784952369,1785025800,32.294728,SXR,
0x42a6646e10959d3fd8517b5b712773a327b80e2ae41401afe02567eefc56a143,0x8268feC8dCb0D284343054BDf2b649286c9aA0a1,2,37.0,1.7612,,,Major League Soccer,CF Montreal vs Inter Miami CF,CF Montreal,Inter Miami CF,0x94748847168a3aefac986d4d912f42fa5090c1832c43f98e546c3c80f6c79f97,L19460871,1,0,SUCCESS,1,1784952367,1785022200,48.921458,SXR,
0xd90d8e530368bde20b0b55dae3cefc5872ac2663c9ca148270ade4711bbb4d73,0x68E1818FF20BBe84F9be9E0A4A395FB11079Bd35,1,9.0,1.4763,,,Major League Soccer,Saint Louis SC vs Colorado Rapids,Saint Louis SC,Colorado Rapids,0xdc13841d80f301b4670d98b39ffdeb76e79509f381b1efd6714745eac47771a6,L19461365,1,0,SUCCESS,1,1784952329,1785025800,20.792357,SXR,
0x7ee44e475bc36894e1e65052f0d33cd9f7d7418c8d384b9ff9a6d810a0ee1b3a,0xE4DD6165bFF7EE73D7932C3b478f7E22431e85E7,1,26.0,1.4775,,,Major League Soccer,Saint Louis SC vs Colorado Rapids,Saint Louis SC,Colorado Rapids,0xdc13841d80f301b4670d98b39ffdeb76e79509f381b1efd6714745eac47771a6,L19461365,1,0,SUCCESS,1,1784952329,1785025800,55.425822,SXR,
0x8c6eb6ae3568bd6a220b7dddb4133404ac999337a6aeee76a1830b939a19b298,0xE4DD6165bFF7EE73D7932C3b478f7E22431e85E7,2,42.0,1.7225,,,Major League Soccer,Saint Louis SC vs Colorado Rapids,Saint Louis SC,Colorado Rapids,0x39a2e678245637d44afe0d15619634d22891334ec270fb7d8fd0a3fdaa90a581,L19461365,1,0,SUCCESS,1,1784952327,1785025800,58.162159,SXR,
0x8aae02ae1054410ec24377594ecf756b33276815352a1bfe969c800152177d0c,0x8268feC8dCb0D284343054BDf2b649286c9aA0a1,2,74.0,1.7612,,,Major League Soccer,CF Montreal vs Inter Miami CF,CF Montreal,Inter Miami CF,0x94748847168a3aefac986d4d912f42fa5090c1832c43f98e546c3c80f6c79f97,L19460871,1,0,SUCCESS,1,1784952306,1785022200,97.884808,SXR,
0x056801d9727e28d709fa84b0f1abd4b7fc394346022e77b45846c0c9f3f93d6e,0xE4DD6165bFF7EE73D7932C3b478f7E22431e85E7,2,10.0,1.5337,,,Major League Soccer,CF Montreal vs Inter Miami CF,CF Montreal,Inter Miami CF,0xfeef7d49a7d2b44054f7c765bc6c0a926c3c42ccf468e85e9ff7ffb2e7450aee,L19460871,1,0,SUCCESS,1,1784952306,1785022200,20.459016,SXR,
0xdfb32b2011aad87b65cd81763686c1fae6db18c72d6ca2b59068afcba996362f,0xE4DD6165bFF7EE73D7932C3b478f7E22431e85E7,1,13.0,1.4925,,,Major League Soccer,Saint Louis SC vs Colorado Rapids,Saint Louis SC,Colorado Rapids,0x7a925f84984f67f8141763c91a2b6c5a87fe37b45afdd3ee472c35ff5fd5ea1b,L19461365,1,0,SUCCESS,1,1784951960,1785025800,26.923858,SXR,
0x31720389e77618bc4f116d8f298856077c5fa95b0e4502128a38e26351f112ca,0xE4DD6165bFF7EE73D7932C3b478f7E22431e85E7,1,12.0,1.6062,,,Major League Soccer,Saint Louis SC vs Colorado Rapids,Saint Louis SC,Colorado Rapids,0x0e72f341a4b043f73a67661d47967199e6281874e493be38e2172ff3fb4a16f9,L19461365,1,0,SUCCESS,1,1784951960,1785025800,20.057732,SXR,
0x1bac63109c9f7de7a3aebbc4f5b1aae6f53dd4c66c855d5204cb7afae58126f4,0xE4DD6165bFF7EE73D7932C3b478f7E22431e85E7,1,14.0,1.3813,,,Major League Soccer,Saint Louis SC vs Colorado Rapids,Saint Louis SC,Colorado Rapids,0xfe979201459265fa3ecf38d45fdabb2a88fa25980391db441dc371c4a040936e,L19461365,1,0,SUCCESS,1,1784951960,1785025800,38.662269,SXR,
0xc2c5d18bfbed3023c518116670e78d333cd25551de969a8727597c50b8797f18,0xE4DD6165bFF7EE73D7932C3b478f7E22431e85E7,1,42.0,1.8225,,,Major League Soccer,Saint Louis SC vs Colorado Rapids,Saint Louis SC,Colorado Rapids,0xea208ed6dea491a0116725901d4516275f3d42f8b5836083901f65dc7fe5c638,L19461365,1,0,SUCCESS,1,1784951959,1785025800,51.185398,SXR,
0xbfd183e1754af65b953b4fbf77eef53e5c92221a9907f85b29016ecf35f15611,0xE4DD6165bFF7EE73D7932C3b478f7E22431e85E7,1,10.0,1.4587,,,Major League Soccer,CF Montreal vs Inter Miami CF,CF Montreal,Inter Miami CF,0xfeef7d49a7d2b44054f7c765bc6c0a926c3c42ccf468e85e9ff7ffb2e7450aee,L19460871,1,0,SUCCESS,1,1784950846,1785022200,21.798365,SXR,
0xf4a8eaed4e4022d2d0005bff80bf8068f7d1b6ef7f1ce03a63f426fcce9cce64,0xE4DD6165bFF7EE73D7932C3b478f7E22431e85E7,1,17.0,1.805,,,Major League Soccer,FC New York vs Chicago Fire,FC New York,Chicago Fire,0xaf2c1c6370b760fc17c48c71cff6d410e97748031ed8af6221cb34704caf7261,L19460873,1,0,SUCCESS,1,1784950419,1785022200,22.0,SXR,
0x6514a8aac492231294d00a7ab8e25f0cbeb33a11326b4c5aedd22b9ff7266cff,0xB1854fc8aD8ce649EA80D007Fc67d318a239a5DA,2,2.0,1.6175,,,Major League Soccer,FC New York vs Chicago Fire,FC New York,Chicago Fire,0x4440d711629b697d023769c7b2ca65e970798b5965d088fb188c5811d07007f1,L19460873,1,0,SUCCESS,1,1784950417,1785022200,4.187223,SXR,
0xa2cd0e6cc980a019efff9ebf8d6715a2c4a4744b73a6b3816a9cf8623731b6b1,0x68E1818FF20BBe84F9be9E0A4A395FB11079Bd35,1,8.0,1.3762,,,Major League Soccer,FC New York vs Chicago Fire,FC New York,Chicago Fire,0x4440d711629b697d023769c7b2ca65e970798b5965d088fb188c5811d07007f1,L19460873,1,0,SUCCESS,1,1784950414,1785022200,21.306605,SXR,
0xd18150378b1284ea4286852d430be6f0433a951a8c55ac8da0bbe2bca9e0fa62,0xE4DD6165bFF7EE73D7932C3b478f7E22431e85E7,1,2.0,1.725,,,Major League Soccer,Los Angeles FC vs Sporting Kansas City,Los Angeles FC,Sporting Kansas City,0xb460dceb8179bcd853ce22dc50903e9d81e389357429ec0f7379921916b6e087,L19462240,1,0,SUCCESS,1,1784949951,1785033000,3.636359,SXR,
0x93e010958dd44d7b3dda0567805dee0cbcbdf62516f81ebeed79306691190b42,0x8268feC8dCb0D284343054BDf2b649286c9aA0a1,1,61.0,1.7812,,,Major League Soccer,Los Angeles FC vs Sporting Kansas City,Los Angeles FC,Sporting Kansas City,0xebde40b686a439876dac3d46fb6238bee7092bd908779232057b5a7ed47898c5,L19462240,1,0,SUCCESS,1,1784949951,1785033000,78.1568,SXR,
0x93d330993ff48060850449b5ae4b348a06fa0e5b76788c9693c7be7770a93f7a,0xE4DD6165bFF7EE73D7932C3b478f7E22431e85E7,2,3.0,1.7862,,,Major League Soccer,Los Angeles FC vs Sporting Kansas City,Los Angeles FC,Sporting Kansas City,0x0bb8826bac650c830492e412200ac1a901bd1a6c009bddd5ddf9f2b95a287c95,L19462240,1,0,SUCCESS,1,1784949951,1785033000,4.678359,SXR,
0x51cd0713161fc918b8d457cf3ec801fee0e6116d0501c21cca4877d1c9d59e30,0xE4DD6165bFF7EE73D7932C3b478f7E22431e85E7,2,35.0,1.6775,,,Major League Soccer,Orlando City vs Nashville SC,Orlando City,Nashville SC,0x45bb5aae405a06b6b593cc84037694baf61b17052f546acee036f2010e1ff0a9,L19460882,1,0,SUCCESS,1,1784947652,1785022200,52.806199,SXR,
0x7e2ffcedc702392174be3cce7ef827aa05218ee2482bca799440fed669969d65,0x8268feC8dCb0D284343054BDf2b649286c9aA0a1,2,31.0,1.5312,,,Major League Soccer,CF Montreal vs Inter Miami CF,CF Montreal,Inter Miami CF,0xfeef7d49a7d2b44054f7c765bc6c0a926c3c42ccf468e85e9ff7ffb2e7450aee,L19460871,1,0,SUCCESS,1,1784947594,1785022200,59.648,SXR,
0x32c6e6e94a73bb6fd22d4e94fc0a57e7a546401857e3ed396ca24d14a28c940f,0x8268feC8dCb0D284343054BDf2b649286c9aA0a1,2,161.0,1.7512,,,Major League Soccer,New York Red Bulls vs Charlotte FC,New York Red Bulls,Charlotte FC,0xdde324913d536b895d27f10618250da36713bfd237524623889ed654d040e442,L19460456,1,0,SUCCESS,1,1784947384,1785018600,214.954769,SXR,
0xc7167b03f8f0b10c470897875ec1524ef641dd2ac0047c42e6de60ff3589083c,0x8268feC8dCb0D284343054BDf2b649286c9aA0a1,1,7.0,1.4425,,,Major League Soccer,CF Montreal vs Inter Miami CF,CF Montreal,Inter Miami CF,0x3390afb147696e3e01fd766347941f9138101935ba7c9286377dfdded65526b6,L19460871,1,0,SUCCESS,1,1784945968,1785022200,16.179367,SXR,
0x2edf998873889b7feaa8acdc26260ca42dae879be3cd98c7bc408fd1a3f60861,0x8268feC8dCb0D284343054BDf2b649286c9aA0a1,2,35.0,1.5325,,,Major League Soccer,CF Montreal vs Inter Miami CF,CF Montreal,Inter Miami CF,0xfeef7d49a7d2b44054f7c765bc6c0a926c3c42ccf468e85e9ff7ffb2e7450aee,L19460871,1,0,SUCCESS,1,1784945968,1785022200,66.31016,SXR,
0xe57f991b09f45d5db306de1bc44ef2ea8cb42b61693bff561aa342335712c97d,0x8268feC8dCb0D284343054BDf2b649286c9aA0a1,2,105.0,1.7225,,,Major League Soccer,CF Montreal vs Inter Miami CF,CF Montreal,Inter Miami CF,0x28c7a1b17e5b21764103369ca6b1b5ff0c1a8a02c150b0c902cad3a1d2b4a7b4,L19460871,1,0,SUCCESS,1,1784945832,1785022200,146.666657,SXR,
0x2bb12b8c64ad18e2c1193d4abdb8c88067f01af9a36fced648d982278cbbadbc,0x68E1818FF20BBe84F9be9E0A4A395FB11079Bd35,2,4.0,1.4912,,,Major League Soccer,Minnesota United vs Vancouver Whitecaps,Minnesota United,Vancouver Whitecaps,0xfc824d100fc2c18def249c993745091b099a62ce7e626d4389fb82b6e5da03ae,L19461369,1,0,SUCCESS,1,1784945543,1785025800,9.82799,SXR,
0xa182a400cecf4356026563e8d311ff20970571a0104d3ad0acaa223b723f97f4,0x68E1818FF20BBe84F9be9E0A4A395FB11079Bd35,2,46.0,1.4937,,,Major League Soccer,Minnesota United vs Vancouver Whitecaps,Minnesota United,Vancouver Whitecaps,0xfc824d100fc2c18def249c993745091b099a62ce7e626d4389fb82b6e5da03ae,L19461369,1,0,SUCCESS,1,1784945529,1785025800,93.274066,SXR,
0x9f4aa36c2f5bc8b5fb80d65b27a586982befccc950d753c798c2d58aee1f2e5b,0x7F8CDAF3B3b5de55db9ce39a5742af9b0D2fD8b3,2,2.0,1.505,,,Major League Soccer,Minnesota United vs Vancouver Whitecaps,Minnesota United,Vancouver Whitecaps,0xcd64c82734bbabe706f07f61661c5d78c119a37262f6b77f8d0c54a6a6c54adf,L19461369,1,0,SUCCESS,1,1784944864,1785025800,4.019604,SXR,
0xf2754b0a411788e00de5b9931746623f5a25ff587bd4491bd21449191dd2daac,0x7F8CDAF3B3b5de55db9ce39a5742af9b0D2fD8b3,2,46.0,1.505,,,Major League Soccer,Minnesota United vs Vancouver Whitecaps,Minnesota United,Vancouver Whitecaps,0xcd64c82734bbabe706f07f61661c5d78c119a37262f6b77f8d0c54a6a6c54adf,L19461369,1,0,SUCCESS,1,1784944856,1785025800,93.010099,SXR,
0x18455410555937ed90e747636756eb4300c8e1f62bf583ecbf2d3bc7e503a2ad,0x0dE776fe723F8121F0cEAF1C9B03f774320c3ef5,2,10.0,1.6787,,,Major League Soccer,Orlando City vs Nashville SC,Orlando City,Nashville SC,0x45bb5aae405a06b6b593cc84037694baf61b17052f546acee036f2010e1ff0a9,L19460882,1,0,SUCCESS,1,1784944790,1785022200,15.564199,SXR,
0x9d8a6432934b66bd2b2544d04003b0de25894657bfe23829b7f8e87f7314c56c,0x0dE776fe723F8121F0cEAF1C9B03f774320c3ef5,2,10.0,1.6787,,,Major League Soccer,Orlando City vs Nashville SC,Orlando City,Nashville SC,0x45bb5aae405a06b6b593cc84037694baf61b17052f546acee036f2010e1ff0a9,L19460882,1,0,SUCCESS,1,1784944788,1785022200,15.564199,SXR,
0x7120bf2d5133c7988f962ff39ae1233804e75294feef32f2aa883d07f016d705,0x0dE776fe723F8121F0cEAF1C9B03f774320c3ef5,2,42.0,1.6787,,,Major League Soccer,Orlando City vs Nashville SC,Orlando City,Nashville SC,0x45bb5aae405a06b6b593cc84037694baf61b17052f546acee036f2010e1ff0a9,L19460882,1,0,SUCCESS,1,1784944786,1785022200,62.536958,SXR,
0xd5bb0dac61bfba038a60d26947ffc3928958129ac3b6d7d3b43439a373731a4d,0x0dE776fe723F8121F0cEAF1C9B03f774320c3ef5,2,35.0,1.6787,,,Major League Soccer,Orlando City vs Nashville SC,Orlando City,Nashville SC,0x45bb5aae405a06b6b593cc84037694baf61b17052f546acee036f2010e1ff0a9,L19460882,1,0,SUCCESS,1,1784944770,1785022200,53.011669,SXR,
0x0033e2865ee5c5a1c25589b0e96f8bbf4084814d5d8ec87bb3f0535dcf8fa6ab,0x0dE776fe723F8121F0cEAF1C9B03f774320c3ef5,2,44.0,1.6787,,,Major League Soccer,Orlando City vs Nashville SC,Orlando City,Nashville SC,0x45bb5aae405a06b6b593cc84037694baf61b17052f546acee036f2010e1ff0a9,L19460882,1,0,SUCCESS,1,1784944769,1785022200,65.680928,SXR,
0xbc2629517a970632baf1e00ae72cbcb77927eac4d6a32e3451733e5cc6a034c9,0xE4DD6165bFF7EE73D7932C3b478f7E22431e85E7,1,1.0,1.275,,,Major League Soccer,Philadelphia Union FC vs Seattle Sounders,Philadelphia Union FC,Seattle Sounders,0x65e53e2f84927085468e4fcf15c17061c50a5e9b39dda066d4b300a4d68a0221,L19460883,1,0,SUCCESS,1,1784944751,1785022200,6.896545,SXR,
0x39b926ac6e8210bb155cf4cf76ed6425d42a6791c1b6a8cb7894fb369c0f65c3,0xE4DD6165bFF7EE73D7932C3b478f7E22431e85E7,1,3.0,1.275,,,Major League Soccer,Philadelphia Union FC vs Seattle Sounders,Philadelphia Union FC,Seattle Sounders,0x65e53e2f84927085468e4fcf15c17061c50a5e9b39dda066d4b300a4d68a0221,L19460883,1,0,SUCCESS,1,1784944730,1785022200,13.793091,SXR,
0x08b57b9a860be4e0ad90a0727614a7c42a33729c4c8915ad3a20207c675aa76b,0xE4DD6165bFF7EE73D7932C3b478f7E22431e85E7,1,7.0,1.275,,,Major League Soccer,Philadelphia Union FC vs Seattle Sounders,Philadelphia Union FC,Seattle Sounders,0x65e53e2f84927085468e4fcf15c17061c50a5e9b39dda066d4b300a4d68a0221,L19460883,1,0,SUCCESS,1,1784944722,1785022200,27.682727,SXR,
0x60d3100b3b3c0e5230189c76eab2a94e687f052d87149bd266187977b39d822d,0x68E1818FF20BBe84F9be9E0A4A395FB11079Bd35,1,13.0,1.2763,,,Major League Soccer,Philadelphia Union FC vs Seattle Sounders,Philadelphia Union FC,Seattle Sounders,0x65e53e2f84927085468e4fcf15c17061c50a5e9b39dda066d4b300a4d68a0221,L19460883,1,0,SUCCESS,1,1784944721,1785022200,47.529376,SXR,
0x4197dea880420f20f814836ca6455ad8d77bd30cae3414c2eff21e4436a7d969,0x68E1818FF20BBe84F9be9E0A4A395FB11079Bd35,2,6.0,1.5475,,,Major League Soccer,CF Montreal vs Inter Miami CF,CF Montreal,Inter Miami CF,0x3390afb147696e3e01fd766347941f9138101935ba7c9286377dfdded65526b6,L19460871,1,0,SUCCESS,1,1784944593,1785022200,11.049717,SXR,
0x8ae81c445eee6b1d999b26ec2908c38335a14c4757b34865d154c1fc15c74596,0xe2C68b7ef85645e47F9b94382c3Db59b046945a2,2,38.0,1.55,,,Major League Soccer,CF Montreal vs Inter Miami CF,CF Montreal,Inter Miami CF,0x3390afb147696e3e01fd766347941f9138101935ba7c9286377dfdded65526b6,L19460871,1,0,SUCCESS,1,1784944566,1785022200,70.721218,SXR,
0x4ffa7b45d21e510b75de1ef216d83ac2670ca9a10c5caa2d16db774fa6f855ed,0x68E1818FF20BBe84F9be9E0A4A395FB11079Bd35,2,17.0,1.5488,,,Major League Soccer,CF Montreal vs Inter Miami CF,CF Montreal,Inter Miami CF,0x3390afb147696e3e01fd766347941f9138101935ba7c9286377dfdded65526b6,L19460871,1,0,SUCCESS,1,1784944566,1785022200,31.933503,SXR,
0x3934173978d3f688f5d4ad856394012494a3dbca89da97c7e200bc2bd758b200,0xe2C68b7ef85645e47F9b94382c3Db59b046945a2,2,6.0,1.55,,,Major League Soccer,CF Montreal vs Inter Miami CF,CF Montreal,Inter Miami CF,0x3390afb147696e3e01fd766347941f9138101935ba7c9286377dfdded65526b6,L19460871,1,0,SUCCESS,1,1784944555,1785022200,11.111109,SXR,
0x78069c419a601ffa451bd6bd5e68537a74166b2c235d090bf454a804c50bd6f1,0xe2C68b7ef85645e47F9b94382c3Db59b046945a2,2,53.0,1.55,,,Major League Soccer,CF Montreal vs Inter Miami CF,CF Montreal,Inter Miami CF,0x3390afb147696e3e01fd766347941f9138101935ba7c9286377dfdded65526b6,L19460871,1,0,SUCCESS,1,1784944524,1785022200,96.622218,SXR,
0x2e23d447a2a21b060bec9e8a58835141477fbe0141e6512a877786f672008385,0xe2C68b7ef85645e47F9b94382c3Db59b046945a2,1,26.0,1.55,,,Major League Soccer,CF Montreal vs Inter Miami CF,CF Montreal,Inter Miami CF,0x328c495027392a9e92e3935603e10995d6f337b42138d7d59f3668f89a2ba0b9,L19460871,1,0,SUCCESS,1,1784944523,1785022200,48.436345,SXR,
0xe08bf674e735b3d1f83b0b6fbfd143f69963a79d9d40c369fb0aebdb077ef607,0x8268feC8dCb0D284343054BDf2b649286c9aA0a1,1,26.0,1.4387,,,Major League Soccer,CF Montreal vs Inter Miami CF,CF Montreal,Inter Miami CF,0x3390afb147696e3e01fd766347941f9138101935ba7c9286377dfdded65526b6,L19460871,1,0,SUCCESS,1,1784942802,1785022200,60.579054,SXR,
0x381d07681670c32bd58033b9e6f8a8d9ec1647feef451203475633ca7c42b047,0xE4DD6165bFF7EE73D7932C3b478f7E22431e85E7,2,28.0,1.7512,,,Major League Soccer,Minnesota United vs Vancouver Whitecaps,Minnesota United,Vancouver Whitecaps,0x4b4d2661de6901dd571b41abcc7c040b7647409ae7804c3deb4acecfffffec69,L19461369,1,0,SUCCESS,1,1784940796,1785025800,37.62814,SXR,
0x9a99467dcbfbbc5ed5f3cf70df5d8d30ab5dca45c266a3c4f0205fb4974aa595,0x8268feC8dCb0D284343054BDf2b649286c9aA0a1,2,41.0,1.8113,,,Major League Soccer,Columbus Crew vs FC Cincinnati,Columbus Crew,FC Cincinnati,0x76033dfecc346415b3aa1d1b30c2f6c105c68bf9c199a092111c0f4d8734caf0,L19460696,1,0,SUCCESS,1,1784940117,1785021300,50.596018,SXR,
0xee50ba602123846e4c2ad5aab618443f6de40c7618a3b9cfa1e0206347a41083,0xE4DD6165bFF7EE73D7932C3b478f7E22431e85E7,1,12.0,1.2437,,,Major League Soccer,Minnesota United vs Vancouver Whitecaps,Minnesota United,Vancouver Whitecaps,0x84105e7e0e4cd9b5bb1a9e19e38321c5b45b60ab14064451feb26f3083c2272a,L19461369,1,0,SUCCESS,1,1784940048,1785025800,49.428062,SXR,
0xe80e0a688503f0d46bb6fb1c3393ad545f609cffefc4822122946e736e61e4e7,0x8268feC8dCb0D284343054BDf2b649286c9aA0a1,2,4.0,1.8113,,,Major League Soccer,Columbus Crew vs FC Cincinnati,Columbus Crew,FC Cincinnati,0x76033dfecc346415b3aa1d1b30c2f6c105c68bf9c199a092111c0f4d8734caf0,L19460696,1,0,SUCCESS,1,1784939996,1785021300,5.298009,SXR,
0x7e957552bf209a850d5d4aca64cc98467894bfbc2af39c5a274a61c0427dbee3,0x8268feC8dCb0D284343054BDf2b649286c9aA0a1,2,54.0,1.8113,,,Major League Soccer,Columbus Crew vs FC Cincinnati,Columbus Crew,FC Cincinnati,0x76033dfecc346415b3aa1d1b30c2f6c105c68bf9c199a092111c0f4d8734caf0,L19460696,1,0,SUCCESS,1,1784939995,1785021300,67.178798,SXR,
0x8b12084b9623e907db8f665f3f976333cb826f6d8e6c01a650ea62bc5d89b29f,0xe2C68b7ef85645e47F9b94382c3Db59b046945a2,2,26.0,1.81,,,Major League Soccer,Columbus Crew vs FC Cincinnati,Columbus Crew,FC Cincinnati,0x76033dfecc346415b3aa1d1b30c2f6c105c68bf9c199a092111c0f4d8734caf0,L19460696,1,0,SUCCESS,1,1784939935,1785021300,32.888889,SXR,
0x6f49d1564bc2cd2016dc225775c21313b3a122ebaae89f49cdbcef76da5e5b40,0x8268feC8dCb0D284343054BDf2b649286c9aA0a1,1,7.0,1.85,,,Major League Soccer,New York Red Bulls vs Charlotte FC,New York Red Bulls,Charlotte FC,0x8586aa698be59a396df44a458ab1fe49192580c06fed5528ff4d5d1d744374fd,L19460456,1,0,SUCCESS,1,1784939768,1785018600,8.666659,SXR,
0x6e6b1f1e5679853a83593a6e3727f519b7b7cc6d0115f200f198a5c1e7486f8c,0x8268feC8dCb0D284343054BDf2b649286c9aA0a1,1,6.0,1.8137,,,Major League Soccer,New York Red Bulls vs Charlotte FC,New York Red Bulls,Charlotte FC,0xb0accf2fb0282415ee8c50e64014e75e39ebeacb1e77f4e5acb67be2b4261a0d,L19460456,1,0,SUCCESS,1,1784939767,1785018600,7.409389,SXR,
0x88d39b40537cd1401943199bbd9cfed8118a32d688dab7e30cd6e36b31360752,0xE4DD6165bFF7EE73D7932C3b478f7E22431e85E7,2,19.0,1.755,,,Major League Soccer,New York Red Bulls vs Charlotte FC,New York Red Bulls,Charlotte FC,0x051949f9c4f6c4ee94c6c45bfe0321dc0ce30593a7349f4ad302f3e9ed2ce26e,L19460456,1,0,SUCCESS,1,1784939675,1785018600,25.761589,SXR,
0x5da5308ba8f1a5ae9fddd6e3a5e178e321be6648a38d72bf7fc04f3dcb3bd526,0x68E1818FF20BBe84F9be9E0A4A395FB11079Bd35,1,3.0,1.4238,,,Major League Soccer,San Diego FC vs FC Dallas,San Diego FC,FC Dallas,0xa4d9f0fc6af36e5397ac6e31dfc0e9de2b2857e6f300f9d3f398530ad6790a6b,L19461808,1,0,SUCCESS,1,1784939382,1785029400,8.676767,SXR,
0x889f95f67418f7ccc7b89ad4d3fc09926132d65bacee22ff9c233a6aa27f0ed0,0x68E1818FF20BBe84F9be9E0A4A395FB11079Bd35,1,3.0,1.4238,,,Major League Soccer,San Diego FC vs FC Dallas,San Diego FC,FC Dallas,0xa4d9f0fc6af36e5397ac6e31dfc0e9de2b2857e6f300f9d3f398530ad6790a6b,L19461808,1,0,SUCCESS,1,1784939380,1785029400,8.676767,SXR,
0xf8217fe70173adc18b253ffa2888904b759b5a4bbd8273171b38cf73b9d54d32,0x68E1818FF20BBe84F9be9E0A4A395FB11079Bd35,1,16.0,1.4238,,,Major League Soccer,San Diego FC vs FC Dallas,San Diego FC,FC Dallas,0xa4d9f0fc6af36e5397ac6e31dfc0e9de2b2857e6f300f9d3f398530ad6790a6b,L19461808,1,0,SUCCESS,1,1784939360,1785029400,39.339209,SXR,
0xef810bafbc63c16babfd5592580aa7149282566118ac03fbccb186d58a700930,0xE4DD6165bFF7EE73D7932C3b478f7E22431e85E7,1,9.0,1.2862,,,Major League Soccer,San Diego FC vs FC Dallas,San Diego FC,FC Dallas,0xb7a2f28e38a001afe36b5e9503027212a627393e9d5d67656fcab4a9e8b8e724,L19461808,1,0,SUCCESS,1,1784939360,1785029400,34.934463,SXR,
0xd797650db13552a46233fd745f2be4da263e2a049b7c6388b2853b3c818e8def,0x68E1818FF20BBe84F9be9E0A4A395FB11079Bd35,1,14.0,1.425,,,Major League Soccer,San Diego FC vs FC Dallas,San Diego FC,FC Dallas,0xa4d9f0fc6af36e5397ac6e31dfc0e9de2b2857e6f300f9d3f398530ad6790a6b,L19461808,1,0,SUCCESS,1,1784939360,1785029400,35.011741,SXR,
0xf27b8f45752d22196c65dc7e6e5b3e60edc753e35c6db0251650d21bcd4d0e3a,0x8268feC8dCb0D284343054BDf2b649286c9aA0a1,2,76.0,1.8113,,,Major League Soccer,CF Montreal vs Inter Miami CF,CF Montreal,Inter Miami CF,0xce1cae8a91d066a344598894c8e841a9049c6dfada086403f42319dc50c8b8e8,L19460871,1,0,SUCCESS,1,1784939122,1785022200,94.145689,SXR,
0x0da734dd1ad1bd0b60093ae913ce7bc2e9ce547ab414ab17a26507f41708220e,0x68E1818FF20BBe84F9be9E0A4A395FB11079Bd35,2,37.0,1.5575,,,Major League Soccer,CF Montreal vs Inter Miami CF,CF Montreal,Inter Miami CF,0x3390afb147696e3e01fd766347941f9138101935ba7c9286377dfdded65526b6,L19460871,1,0,SUCCESS,1,1784938678,1785022200,67.79661,SXR,
0xedd9f1230abf5910cb0b545bd1803e74c814e6b106ba2bc3aff3e6cd22591d53,0xE4DD6165bFF7EE73D7932C3b478f7E22431e85E7,2,6.0,1.5587,,,Major League Soccer,CF Montreal vs Inter Miami CF,CF Montreal,Inter Miami CF,0x3390afb147696e3e01fd766347941f9138101935ba7c9286377dfdded65526b6,L19460871,1,0,SUCCESS,1,1784938369,1785022200,11.331436,SXR,
0xd9b4e5067cc306eded5486eaee0562ad3381f9388438c76f234dacc6f4c91150,0xe2C68b7ef85645e47F9b94382c3Db59b046945a2,2,110.0,1.5587,,,Major League Soccer,CF Montreal vs Inter Miami CF,CF Montreal,Inter Miami CF,0x3390afb147696e3e01fd766347941f9138101935ba7c9286377dfdded65526b6,L19460871,1,0,SUCCESS,1,1784938353,1785022200,198.11898,SXR,
0xba5192fdf4f0b65ce74db5821391c7267818ca815f395166767a2b119080c867,0xe2C68b7ef85645e47F9b94382c3Db59b046945a2,1,14.0,1.4213,,,Major League Soccer,CF Montreal vs Inter Miami CF,CF Montreal,Inter Miami CF,0x5cd199db4af89a36d070c453d1045f98372caaa4e3f0a9443912b87d99579466,L19460871,1,0,SUCCESS,1,1784938353,1785022200,33.471786,SXR,
0x070849f8ca25d44672153a9e2dc0ed82fe3dc73f20ac57a9ab74fd9269f6075b,0xe2C68b7ef85645e47F9b94382c3Db59b046945a2,1,14.0,1.4213,,,Major League Soccer,CF Montreal vs Inter Miami CF,CF Montreal,Inter Miami CF,0x6ad42fa622feb6b03ecd7bf28c9789506b185985a6820b1e1276cc364659a9dd,L19460871,1,0,SUCCESS,1,1784938353,1785022200,33.471786,SXR,
0x1bec16d88f2e87ba203fdbad33be64e1d9d40d93442c2c678fc1b31581c34778,0xE4DD6165bFF7EE73D7932C3b478f7E22431e85E7,2,19.0,1.5762,,,Major League Soccer,CF Montreal vs Inter Miami CF,CF Montreal,Inter Miami CF,0x5cd199db4af89a36d070c453d1045f98372caaa4e3f0a9443912b87d99579466,L19460871,1,0,SUCCESS,1,1784938251,1785022200,34.301397,SXR,
0x2c93c0801f362b5f53eef03839ad1fe6c8801cb71d5a501c83dfb466b5544b80,0xE4DD6165bFF7EE73D7932C3b478f7E22431e85E7,2,56.0,1.5762,,,Major League Soccer,CF Montreal vs Inter Miami CF,CF Montreal,Inter Miami CF,0x5cd199db4af89a36d070c453d1045f98372caaa4e3f0a9443912b87d99579466,L19460871,1,0,SUCCESS,1,1784938214,1785022200,98.501466,SXR,
0xf982f602a513e85ffe0f74d2f7f308350a06e784ed477c1f287dc21efc405599,0x8173FA90CeD5086aef3705Ad4EB94B72F7a05df8,1,3.0,1.68,,,Major League Soccer,CF Montreal vs Inter Miami CF,CF Montreal,Inter Miami CF,0xdaf5f8cc38a85c5de44d551cd2970b19c6b3eeb043f8fe4ee1eb0caa3e62a456,L19460871,1,0,SUCCESS,1,1784938177,1785022200,5.09375,SXR,
0x6f54cfe60afdabc34570b47c702358870ab6a528e219580e11d512919dd400f4,0x8173FA90CeD5086aef3705Ad4EB94B72F7a05df8,1,30.0,1.68,,,Major League Soccer,CF Montreal vs Inter Miami CF,CF Montreal,Inter Miami CF,0xdaf5f8cc38a85c5de44d551cd2970b19c6b3eeb043f8fe4ee1eb0caa3e62a456,L19460871,1,0,SUCCESS,1,1784938168,1785022200,44.897044,SXR,
0xcea17b16ad09fc037a1da6cff7ec17595afd2d2ec2ad5bc1b692748c18d5e2dd,0x68E1818FF20BBe84F9be9E0A4A395FB11079Bd35,1,0.0,1.2763,,,Major League Soccer,Philadelphia Union FC vs Seattle Sounders,Philadelphia Union FC,Seattle Sounders,0x65e53e2f84927085468e4fcf15c17061c50a5e9b39dda066d4b300a4d68a0221,L19460883,1,0,SUCCESS,1,1784938146,1785022200,3.122606,SXR,
0xc3b573a7c570e46e33bd6da5c0dd4912916f4e5fa47cc9fd0aa946feaf4b22ca,0x68E1818FF20BBe84F9be9E0A4A395FB11079Bd35,2,26.0,1.7725,,,Major League Soccer,Columbus Crew vs FC Cincinnati,Columbus Crew,FC Cincinnati,0xf8e5c38b0cc675c510b8e2cdc2198eebb1c05e9f3385658ac585673f608dd374,L19460696,1,0,SUCCESS,1,1784938136,1785021300,34.241748,SXR,
0xe4c8db9fc3f4cec44224d95ea9534aeb424c6d1567c0e209d9ef58d6b2c147d3,0x5B3498Cb20C3107B5B267fabd3601B6425BDeb42,2,161.0,1.6775,,,Major League Soccer,CF Montreal vs Inter Miami CF,CF Montreal,Inter Miami CF,0x3a2bd917a897d4e0b119285b866cc743f8a5693ccf6513adca47a5259d7f3747,L19460871,1,0,SUCCESS,1,1784938115,1785022200,237.767439,SXR,
0xaa3127be21dd69022a8f11710a111b8eb3541b8eb4e19ac9a40dd18cb784a647,0xE4DD6165bFF7EE73D7932C3b478f7E22431e85E7,2,11.0,1.2988,,,Major League Soccer,CF Montreal vs Inter Miami CF,CF Montreal,Inter Miami CF,0xb851df4ae5db8c889d2b9e2e0f908939338d10b897b988b0af9bab2fbe528b5e,L19460871,1,0,SUCCESS,1,1784938114,1785022200,39.158628,SXR,
0x8bd5df7c471c977047ebcc7c729c71e263bc07fcca38c15b0f4e1eab09897b39,0x5B3498Cb20C3107B5B267fabd3601B6425BDeb42,2,198.0,1.6775,,,Major League Soccer,CF Montreal vs Inter Miami CF,CF Montreal,Inter Miami CF,0x3a2bd917a897d4e0b119285b866cc743f8a5693ccf6513adca47a5259d7f3747,L19460871,1,0,SUCCESS,1,1784938114,1785022200,292.744177,SXR,
0x072d9f0a3d12809f37e91272e3d6deab97f9e0d10b1f03aa6dca85254e2adea4,0xE4DD6165bFF7EE73D7932C3b478f7E22431e85E7,2,16.0,1.5775,,,Major League Soccer,CF Montreal vs Inter Miami CF,CF Montreal,Inter Miami CF,0x5cd199db4af89a36d070c453d1045f98372caaa4e3f0a9443912b87d99579466,L19460871,1,0,SUCCESS,1,1784938114,1785022200,28.398268,SXR,
0xdbb348a776f3636424dfb2b97dae4385574bea625919af37f9aca5595f3e3735,0xE4DD6165bFF7EE73D7932C3b478f7E22431e85E7,2,16.0,1.5775,,,Major League Soccer,CF Montreal vs Inter Miami CF,CF Montreal,Inter Miami CF,0x6ad42fa622feb6b03ecd7bf28c9789506b185985a6820b1e1276cc364659a9dd,L19460871,1,0,SUCCESS,1,1784938113,1785022200,28.398268,SXR,
0x0db151107c4129d857026ac34c409f367d35c2ee424b603fa1bf51e831598d41,0x68E1818FF20BBe84F9be9E0A4A395FB11079Bd35,2,3.0,1.7725,,,Major League Soccer,Columbus Crew vs FC Cincinnati,Columbus Crew,FC Cincinnati,0xf8e5c38b0cc675c510b8e2cdc2198eebb1c05e9f3385658ac585673f608dd374,L19460696,1,0,SUCCESS,1,1784938067,1785021300,4.395599,SXR,
0xc7ec5569d2d15bc05b51f0945b68046abf75ceee9f8b005e7e7540c409fba180,0xE4DD6165bFF7EE73D7932C3b478f7E22431e85E7,1,11.0,1.4763,,,Major League Soccer,Columbus Crew vs FC Cincinnati,Columbus Crew,FC Cincinnati,0x5e9c16fec7f9c0869c541c22c20e4a6f72822f0d63a93330a76fd098bb79206b,L19460696,1,0,SUCCESS,1,1784938066,1785021300,25.145575,SXR,
0x73efb05f510856bc8bb28bc09fac5325f960c9b88466db35cb03521c594354e2,0x68E1818FF20BBe84F9be9E0A4A395FB11079Bd35,2,23.0,1.7738,,,Major League Soccer,Columbus Crew vs FC Cincinnati,Columbus Crew,FC Cincinnati,0xf8e5c38b0cc675c510b8e2cdc2198eebb1c05e9f3385658ac585673f608dd374,L19460696,1,0,SUCCESS,1,1784938066,1785021300,30.939218,SXR,
0xef491fcbd6c461c172442d0c806986e965bccdc5bcdde39c113df55723fb9be2,0xE4DD6165bFF7EE73D7932C3b478f7E22431e85E7,1,7.0,1.4013,,,Major League Soccer,Columbus Crew vs FC Cincinnati,Columbus Crew,FC Cincinnati,0x3dfb9d4c1beef97cb60696499fa17a17ccf709383737d167d3d7befd6f1094f2,L19460696,1,0,SUCCESS,1,1784938042,1785021300,19.022953,SXR,
0x8f7d56b99ec80413f3a261ffa8de64696f08811ff0d3e46e7d55b6dab6dd3307,0x0dE776fe723F8121F0cEAF1C9B03f774320c3ef5,2,75.0,1.75,,,Major League Soccer,Columbus Crew vs FC Cincinnati,Columbus Crew,FC Cincinnati,0x2822343dc7c2792c8f2ac1027589879d799a1b4fe53f85673647a54cf92b5032,L19460696,1,0,SUCCESS,1,1784938042,1785021300,100.28,SXR,
0xb0dfa0a64bf3ebdb5ac368dc43053ffb56636d0a07d56f2b6ce59a9371d49a84,0x5B3498Cb20C3107B5B267fabd3601B6425BDeb42,2,449.0,1.75,,,Major League Soccer,Orlando City vs Nashville SC,Orlando City,Nashville SC,0xcb4fcc3835f8ab578985267c9bb8974e241f8651e2cbb5d5b6b96acd072bb1fe,L19460882,1,0,SUCCESS,1,1784937362,1785022200,598.72,SXR,
0xfa433af3020f41d1dea595365f2d643e8bab25f9c3f2f74badf7d48ab83c97da,0xE4DD6165bFF7EE73D7932C3b478f7E22431e85E7,1,10.0,1.5312,,,Major League Soccer,Columbus Crew vs FC Cincinnati,Columbus Crew,FC Cincinnati,0xfee78066fc5439d341a9ebcb6794b14dcb269edf1159ef234abad1d51f5a2e4f,L19460696,1,0,SUCCESS,1,1784937083,1785021300,20.329412,SXR,
0x1c7022746568d504cc17c63d1af8c790589a69561e96c271839e3c078298ccfe,0xE4DD6165bFF7EE73D7932C3b478f7E22431e85E7,1,27.0,1.5312,,,Major League Soccer,Columbus Crew vs FC Cincinnati,Columbus Crew,FC Cincinnati,0xd980a976a51ef39a9d46f423f84d3b79217f0c7ab10c3ea6f5de99b3e0519a8d,L19460696,1,0,SUCCESS,1,1784937083,1785021300,51.312941,SXR,
0x57baee96ca3579eecb9f7212bd73f656467c1c292cc5145450c9a5e970344867,0x68E1818FF20BBe84F9be9E0A4A395FB11079Bd35,2,6.0,1.555,,,Major League Soccer,CF Montreal vs Inter Miami CF,CF Montreal,Inter Miami CF,0x3390afb147696e3e01fd766347941f9138101935ba7c9286377dfdded65526b6,L19460871,1,0,SUCCESS,1,1784936820,1785022200,11.88764,SXR,
0xb0d86f9c090e3621c85c8336e122090c66184abd1ae20e88b276ef3e337be4ac,0x68E1818FF20BBe84F9be9E0A4A395FB11079Bd35,1,9.0,1.3175,,,Major League Soccer,CF Montreal vs Inter Miami CF,CF Montreal,Inter Miami CF,0x3a2bd917a897d4e0b119285b866cc743f8a5693ccf6513adca47a5259d7f3747,L19460871,1,0,SUCCESS,1,1784936746,1785022200,28.996315,SXR,
0x88740e52eb44cc5bde28df68cad8bd1c454fe866e3b61d93c41bcbfb888e9f4f,0x68E1818FF20BBe84F9be9E0A4A395FB11079Bd35,2,28.0,1.5575,,,Major League Soccer,CF Montreal vs Inter Miami CF,CF Montreal,Inter Miami CF,0x3390afb147696e3e01fd766347941f9138101935ba7c9286377dfdded65526b6,L19460871,1,0,SUCCESS,1,1784936655,1785022200,51.982063,SXR,
0xba2fc381b38668abcbcc14b51176dac1995970ff0282c45b22d2c4cfdec28149,0xe2C68b7ef85645e47F9b94382c3Db59b046945a2,1,26.0,1.4213,,,Major League Soccer,CF Montreal vs Inter Miami CF,CF Montreal,Inter Miami CF,0x6ad42fa622feb6b03ecd7bf28c9789506b185985a6820b1e1276cc364659a9dd,L19460871,1,0,SUCCESS,1,1784936654,1785022200,63.240332,SXR,
0x8af2ca4584e168bc9e686c724978fafbfb2e02eb71ca8fdcfda817a1a59321e5,0xB1854fc8aD8ce649EA80D007Fc67d318a239a5DA,1,22.0,1.32,,,Major League Soccer,CF Montreal vs Inter Miami CF,CF Montreal,Inter Miami CF,0xc697716942cf6bc38fc67276ebe6c8e09acbc7c67ea392e2ae746f0c4d561efc,L19460871,1,0,SUCCESS,1,1784936653,1785022200,70.249969,SXR,
0x6d1ffeabac4e06f5f64a3d496d7cc9abcef6820c79fe4d54d45484312feeffce,0xe2C68b7ef85645e47F9b94382c3Db59b046945a2,1,26.0,1.5575,,,Major League Soccer,CF Montreal vs Inter Miami CF,CF Montreal,Inter Miami CF,0x328c495027392a9e92e3935603e10995d6f337b42138d7d59f3668f89a2ba0b9,L19460871,1,0,SUCCESS,1,1784936653,1785022200,47.784753,SXR,
0x522f1599cf701623ce67bbc710b4b2f389ff7ef4dee954943a72951e115eab99,0xB1854fc8aD8ce649EA80D007Fc67d318a239a5DA,2,101.0,1.5587,,,Major League Soccer,CF Montreal vs Inter Miami CF,CF Montreal,Inter Miami CF,0x3390afb147696e3e01fd766347941f9138101935ba7c9286377dfdded65526b6,L19460871,1,0,SUCCESS,1,1784936653,1785022200,181.565996,SXR,
0x06d63a14f0936a0c957e1e752c306f19452600a8b2a8bbb4634cd7c41cc8bafd,0xe2C68b7ef85645e47F9b94382c3Db59b046945a2,1,128.0,1.4225,,,Major League Soccer,CF Montreal vs Inter Miami CF,CF Montreal,Inter Miami CF,0x5cd199db4af89a36d070c453d1045f98372caaa4e3f0a9443912b87d99579466,L19460871,1,0,SUCCESS,1,1784936652,1785022200,303.952639,SXR,
0x14dd8619b87a999ecbb29368a5d107adc981b605f71cf034e44c9381521336e5,0x68E1818FF20BBe84F9be9E0A4A395FB11079Bd35,2,31.0,1.5625,,,Major League Soccer,CF Montreal vs Inter Miami CF,CF Montreal,Inter Miami CF,0x3390afb147696e3e01fd766347941f9138101935ba7c9286377dfdded65526b6,L19460871,1,0,SUCCESS,1,1784936257,1785022200,56.297138,SXR,
0x2b47892ca6362183775b7b75c77d9f1cd9337f960910cacff1f40019e718e1fa,0xE4DD6165bFF7EE73D7932C3b478f7E22431e85E7,2,8.0,1.825,,,Major League Soccer,Columbus Crew vs FC Cincinnati,Columbus Crew,FC Cincinnati,0xbbadb76604afb3f5abfb843e30be54ca560abd731ec101724f1fc6e4e9e55320,L19460696,1,0,SUCCESS,1,1784936091,1785021300,10.114279,SXR,
0x498223a1aa96dbfce5b9db46b968ad9cbdd7c153a459bdc3dcd20452ac986506,0x5B3498Cb20C3107B5B267fabd3601B6425BDeb42,2,76.0,1.6775,,,Major League Soccer,CF Montreal vs Inter Miami CF,CF Montreal,Inter Miami CF,0x3a2bd917a897d4e0b119285b866cc743f8a5693ccf6513adca47a5259d7f3747,L19460871,1,0,SUCCESS,1,1784935806,1785022200,113.085269,SXR,
0x0e3ba13d50eeec168a848550fe6270e8d0224525dbc70580c95d55d54bf9d672,0x68E1818FF20BBe84F9be9E0A4A395FB11079Bd35,1,2.0,1.3775,,,Major League Soccer,FC New York vs Chicago Fire,FC New York,Chicago Fire,0x4440d711629b697d023769c7b2ca65e970798b5965d088fb188c5811d07007f1,L19460873,1,0,SUCCESS,1,1784935806,1785022200,5.879497,SXR,
0x523b4c8f76f19d4f568b4fc5dbfa4deba27f617fedebbe7c5fd32f2785341114,0x5B3498Cb20C3107B5B267fabd3601B6425BDeb42,2,27.0,1.6775,,,Major League Soccer,CF Montreal vs Inter Miami CF,CF Montreal,Inter Miami CF,0x3a2bd917a897d4e0b119285b866cc743f8a5693ccf6513adca47a5259d7f3747,L19460871,1,0,SUCCESS,1,1784935805,1785022200,40.310066,SXR,
0xb933c228287914f996e431021e28f80c5f046371dfbf92ca83089b491a6416fd,0xE4DD6165bFF7EE73D7932C3b478f7E22431e85E7,1,4.0,1.4325,,,Major League Soccer,CF Montreal vs Inter Miami CF,CF Montreal,Inter Miami CF,0x3390afb147696e3e01fd766347941f9138101935ba7c9286377dfdded65526b6,L19460871,1,0,SUCCESS,1,1784935804,1785022200,9.251098,SXR,
0xe2bcf9d14b7a51d91ee5effeb106260eabc1e0765c491da6792fd113c872be72,0x68E1818FF20BBe84F9be9E0A4A395FB11079Bd35,2,6.0,1.5625,,,Major League Soccer,CF Montreal vs Inter Miami CF,CF Montreal,Inter Miami CF,0x3390afb147696e3e01fd766347941f9138101935ba7c9286377dfdded65526b6,L19460871,1,0,SUCCESS,1,1784935731,1785022200,11.428569,SXR,
0xdf7212f5b9bb706f6aa62e0ddc3029a7a16f6cdf05d23688023ec47b7f4035e4,0x68E1818FF20BBe84F9be9E0A4A395FB11079Bd35,2,20.0,1.5625,,,Major League Soccer,CF Montreal vs Inter Miami CF,CF Montreal,Inter Miami CF,0x3390afb147696e3e01fd766347941f9138101935ba7c9286377dfdded65526b6,L19460871,1,0,SUCCESS,1,1784935714,1785022200,36.8,SXR,
0xa3650b4c05e465e39ba158cc19cfff054727c1ba94039b209e620ccce31ca7b5,0x68E1818FF20BBe84F9be9E0A4A395FB11079Bd35,2,6.0,1.5625,,,Major League Soccer,CF Montreal vs Inter Miami CF,CF Montreal,Inter Miami CF,0x3390afb147696e3e01fd766347941f9138101935ba7c9286377dfdded65526b6,L19460871,1,0,SUCCESS,1,1784935387,1785022200,11.428569,SXR,
0x42b1484353a882c85979019ae073c50af6195fd66c2468ee5b24fba2dd973bac,0x68E1818FF20BBe84F9be9E0A4A395FB11079Bd35,1,2.0,1.3237,,,Major League Soccer,CF Montreal vs Inter Miami CF,CF Montreal,Inter Miami CF,0x3a2bd917a897d4e0b119285b866cc743f8a5693ccf6513adca47a5259d7f3747,L19460871,1,0,SUCCESS,1,1784935385,1785022200,7.393699,SXR,
0xfcf7e68c1e9ffa224b9d1643edd626ad5ac91ec5c7d33a169d3b333941e21e99,0x68E1818FF20BBe84F9be9E0A4A395FB11079Bd35,2,6.0,1.5625,,,Major League Soccer,CF Montreal vs Inter Miami CF,CF Montreal,Inter Miami CF,0x3390afb147696e3e01fd766347941f9138101935ba7c9286377dfdded65526b6,L19460871,1,0,SUCCESS,1,1784935381,1785022200,11.428569,SXR,
0xfc36cfc52799414db94b09f94c78c8647498c59521a5449299356817112a817a,0x68E1818FF20BBe84F9be9E0A4A395FB11079Bd35,2,6.0,1.5625,,,Major League Soccer,CF Montreal vs Inter Miami CF,CF Montreal,Inter Miami CF,0x3390afb147696e3e01fd766347941f9138101935ba7c9286377dfdded65526b6,L19460871,1,0,SUCCESS,1,1784935379,1785022200,11.428569,SXR,
0xcf29057ad6fa94b2c0c56b2d302e6b576aade018b69bc46013ce9ddc23d943ac,0x68E1818FF20BBe84F9be9E0A4A395FB11079Bd35,1,2.0,1.3237,,,Major League Soccer,CF Montreal vs Inter Miami CF,CF Montreal,Inter Miami CF,0x3a2bd917a897d4e0b119285b866cc743f8a5693ccf6513adca47a5259d7f3747,L19460871,1,0,SUCCESS,1,1784935378,1785022200,7.393699,SXR,
0xd8b34b60a54ed3d6eb5136af6c40d046e46d2228c000d553c8737fe2bdc32b0d,0x68E1818FF20BBe84F9be9E0A4A395FB11079Bd35,2,38.0,1.5613,,,Major League Soccer,CF Montreal vs Inter Miami CF,CF Montreal,Inter Miami CF,0x3390afb147696e3e01fd766347941f9138101935ba7c9286377dfdded65526b6,L19460871,1,0,SUCCESS,1,1784935362,1785022200,68.39886,SXR,
0x0bbf49cc7360015d78169e9d43c1ebb7e18e0cf94e02a9250c343b74b8bd8684,0xe2C68b7ef85645e47F9b94382c3Db59b046945a2,1,26.0,1.4263,,,Major League Soccer,CF Montreal vs Inter Miami CF,CF Montreal,Inter Miami CF,0x6ad42fa622feb6b03ecd7bf28c9789506b185985a6820b1e1276cc364659a9dd,L19460871,1,0,SUCCESS,1,1784935362,1785022200,62.49851,SXR,
0x91dd9cc14e495ff73b5d2664f7de7c7ee8321a7ea0e836b4170a438923055392,0xE4DD6165bFF7EE73D7932C3b478f7E22431e85E7,1,16.0,1.4275,,,Major League Soccer,CF Montreal vs Inter Miami CF,CF Montreal,Inter Miami CF,0x6ad42fa622feb6b03ecd7bf28c9789506b185985a6820b1e1276cc364659a9dd,L19460871,1,0,SUCCESS,1,1784935361,1785022200,39.157871,SXR,
0x75c22b818d596ded7a3700862e4059d612c59b9c0030dfc29be7556d2468068e,0xe2C68b7ef85645e47F9b94382c3Db59b046945a2,1,16.0,1.3262,,,Major League Soccer,CF Montreal vs Inter Miami CF,CF Montreal,Inter Miami CF,0xc697716942cf6bc38fc67276ebe6c8e09acbc7c67ea392e2ae746f0c4d561efc,L19460871,1,0,SUCCESS,1,1784935361,1785022200,50.635985,SXR,
0x758c24626d28dc1d445b6ad47ffe2ac4aaae16650cbe681f73b6e94039c8be98,0x68E1818FF20BBe84F9be9E0A4A395FB11079Bd35,2,38.0,1.5625,,,Major League Soccer,CF Montreal vs Inter Miami CF,CF Montreal,Inter Miami CF,0x3390afb147696e3e01fd766347941f9138101935ba7c9286377dfdded65526b6,L19460871,1,0,SUCCESS,1,1784935361,1785022200,68.8,SXR,
0x60b818a036e9da8a5f36544da376eadda2ec9cc4fc88039946a8a53e2741e0af,0xe2C68b7ef85645e47F9b94382c3Db59b046945a2,1,50.0,1.3262,,,Major League Soccer,CF Montreal vs Inter Miami CF,CF Montreal,Inter Miami CF,0x3a2bd917a897d4e0b119285b866cc743f8a5693ccf6513adca47a5259d7f3747,L19460871,1,0,SUCCESS,1,1784935361,1785022200,154.114973,SXR,
0x3e2403df1d9a85a0e47ead5c2ae56d44a22567192bc65cbbcfea1f37c63e1ef3,0xe2C68b7ef85645e47F9b94382c3Db59b046945a2,1,10.0,1.3262,,,Major League Soccer,CF Montreal vs Inter Miami CF,CF Montreal,Inter Miami CF,0xc697716942cf6bc38fc67276ebe6c8e09acbc7c67ea392e2ae746f0c4d561efc,L19460871,1,0,SUCCESS,1,1784935361,1785022200,30.988475,SXR,
0x2a2b8a3d800604b0e27d55408c1f0db5cbffd0827029f30704321f27e8c6cbdf,0xE4DD6165bFF7EE73D7932C3b478f7E22431e85E7,2,58.0,1.5637,,,Major League Soccer,CF Montreal vs Inter Miami CF,CF Montreal,Inter Miami CF,0x3390afb147696e3e01fd766347941f9138101935ba7c9286377dfdded65526b6,L19460871,1,0,SUCCESS,1,1784935360,1785022200,103.679078,SXR,
0x2cf9bfb17a7d7e61d60f1b8703877e7ec8f4b403289e93716c5c924b8e64ae06,0xe2C68b7ef85645e47F9b94382c3Db59b046945a2,1,10.0,1.3262,,,Major League Soccer,CF Montreal vs Inter Miami CF,CF Montreal,Inter Miami CF,0x3a2bd917a897d4e0b119285b866cc743f8a5693ccf6513adca47a5259d7f3747,L19460871,1,0,SUCCESS,1,1784935359,1785022200,30.988475,SXR,
0xa3860384881005e40da2214ff0c9ac7673b57f6f46e479db5c652bfa39ed8269,0x5B3498Cb20C3107B5B267fabd3601B6425BDeb42,1,32.0,1.435,,,Major League Soccer,CF Montreal vs Inter Miami CF,CF Montreal,Inter Miami CF,0x3390afb147696e3e01fd766347941f9138101935ba7c9286377dfdded65526b6,L19460871,1,0,SUCCESS,1,1784935293,1785022200,73.628299,SXR,
0x38ef198b3c328513ac00adddf3c7d6d42f6fffb2596a8158a3abb500b66e0127,0x8268feC8dCb0D284343054BDf2b649286c9aA0a1,1,0.0,1.2275,,,Major League Soccer,CF Montreal vs Inter Miami CF,CF Montreal,Inter Miami CF,0x94748847168a3aefac986d4d912f42fa5090c1832c43f98e546c3c80f6c79f97,L19460871,1,0,SUCCESS,1,1784932575,1785022200,1.294462,SXR,
0xa922aa318dfb75defdd4d7c8937ed7a6d70e3b2509b03aed46cd4c2f17e92489,0x0dE776fe723F8121F0cEAF1C9B03f774320c3ef5,2,31.0,1.525,,,Major League Soccer,New England Revolution vs Atlanta United,New England Revolution,Atlanta United,0xb588b78200a622178ddc15d65de4da5742b99c19cc0e9da2328ae98b202ac80a,L19460884,1,0,SUCCESS,1,1784930455,1785022200,59.578933,SXR,
0xe09cb948a1f345d17dbdf6617c659077cd8ba2035580b011a07fee14a3d88f60,0xE4DD6165bFF7EE73D7932C3b478f7E22431e85E7,2,10.0,1.3675,,,Major League Soccer,Philadelphia Union FC vs Seattle Sounders,Philadelphia Union FC,Seattle Sounders,0xdeb41a24b135230bdb9b27f87ca924d2b7df8cd84c01cd4aaaee93725c8a6ec2,L19460883,1,0,SUCCESS,1,1784929821,1785022200,27.414993,SXR,
0x0e783326b2a606acde4642f1f976d2831c6ca700effd02f4014677111ddf949e,0xE4DD6165bFF7EE73D7932C3b478f7E22431e85E7,2,30.0,1.525,,,Major League Soccer,Philadelphia Union FC vs Seattle Sounders,Philadelphia Union FC,Seattle Sounders,0x580a1e0b5be56de0676ade7320f80a33e7aee51d33c084d434f86217a2cbe129,L19460883,1,0,SUCCESS,1,1784929821,1785022200,57.368419,SXR,
0xbe3eb12eb33d8dac3082eef943fadf44afbb123fa6423f948c7868f9e4e4ba70,0xE4DD6165bFF7EE73D7932C3b478f7E22431e85E7,2,10.0,1.3675,,,Major League Soccer,Philadelphia Union FC vs Seattle Sounders,Philadelphia Union FC,Seattle Sounders,0xff90f589dd6294317bffffb5d41cf6f70b50d7fedda5dcba34a8b85ca06d79aa,L19460883,1,0,SUCCESS,1,1784929820,1785022200,27.414993,SXR,
0xfef82c75746801cd8e99eab7ca42e9a26d4c28bd63e5599bd47e5a5addd8434a,0x68E1818FF20BBe84F9be9E0A4A395FB11079Bd35,1,3.0,1.4275,,,Major League Soccer,San Diego FC vs FC Dallas,San Diego FC,FC Dallas,0xa4d9f0fc6af36e5397ac6e31dfc0e9de2b2857e6f300f9d3f398530ad6790a6b,L19461808,1,0,SUCCESS,1,1784929512,1785029400,8.733614,SXR,
0x106445b0354c742053a62bca8413fd72676269b2170e7dd2d3817318f153aa57,0x68E1818FF20BBe84F9be9E0A4A395FB11079Bd35,1,10.0,1.4275,,,Major League Soccer,San Diego FC vs FC Dallas,San Diego FC,FC Dallas,0xa4d9f0fc6af36e5397ac6e31dfc0e9de2b2857e6f300f9d3f398530ad6790a6b,L19461808,1,0,SUCCESS,1,1784929502,1785029400,23.649099,SXR,
0xfd29411dab697e42040b26dc09adc0359fb5ae359120abd1de29893b3f3916c8,0xe2C68b7ef85645e47F9b94382c3Db59b046945a2,2,57.0,1.6012,,,Major League Soccer,Houston Dynamo vs Austin FC,Houston Dynamo,Austin FC,0x2896fccc3ba499c30319626cf81d20cc999e524ab2a3eff7dce6e60bf73462ea,L19461357,1,0,SUCCESS,1,1784928721,1785025800,95.37304,SXR,
0xce8b6a370098b25bb31f210efd34df44475cbd7627ff547d5b986c15714e4293,0xE4DD6165bFF7EE73D7932C3b478f7E22431e85E7,1,24.0,1.655,,,Major League Soccer,New York Red Bulls vs Charlotte FC,New York Red Bulls,Charlotte FC,0xdd1071b3db95bde7ec0bdb222b00544aff5f1075e17c23b83398138b2e3a2476,L19460456,1,0,SUCCESS,1,1784927205,1785018600,37.275359,SXR,
0x99ad6044488523a2f8968a41d275ede11ba4087a6d9c65c212a11aa5f4557c6f,0x5B3498Cb20C3107B5B267fabd3601B6425BDeb42,2,50.0,1.7688,,,Major League Soccer,CF Montreal vs Inter Miami CF,CF Montreal,Inter Miami CF,0x94748847168a3aefac986d4d912f42fa5090c1832c43f98e546c3c80f6c79f97,L19460871,1,0,SUCCESS,1,1784926989,1785022200,66.205398,SXR,
0x780ad3b59092eaff68eb4a48dc898f8d3365a68aca292d2e8766ae3f5910417d,0x5B3498Cb20C3107B5B267fabd3601B6425BDeb42,2,293.0,1.7688,,,Major League Soccer,CF Montreal vs Inter Miami CF,CF Montreal,Inter Miami CF,0x94748847168a3aefac986d4d912f42fa5090c1832c43f98e546c3c80f6c79f97,L19460871,1,0,SUCCESS,1,1784926000,1785022200,382.313509,SXR,
0xe2ba7d522dbf2f555ae59cd99e551d69b7cc50ed66cc8f1e6ef6cc8e5d0c7a8f,0x68E1818FF20BBe84F9be9E0A4A395FB11079Bd35,1,3.0,1.4275,,,Major League Soccer,San Diego FC vs FC Dallas,San Diego FC,FC Dallas,0xa4d9f0fc6af36e5397ac6e31dfc0e9de2b2857e6f300f9d3f398530ad6790a6b,L19461808,1,0,SUCCESS,1,1784925342,1785029400,8.733614,SXR,
0xd9da93216d4f9fa48ac077945f8fc75b9cbc26861b4002e4fb9c92e4db9d68eb,0x68E1818FF20BBe84F9be9E0A4A395FB11079Bd35,1,19.0,1.4287,,,Major League Soccer,San Diego FC vs FC Dallas,San Diego FC,FC Dallas,0xa4d9f0fc6af36e5397ac6e31dfc0e9de2b2857e6f300f9d3f398530ad6790a6b,L19461808,1,0,SUCCESS,1,1784925328,1785029400,45.457703,SXR,
0x9c91cd09ca476c3c9976f044bf0e363c49d5b9488433c79929914d5ad365bb4d,0x0dE776fe723F8121F0cEAF1C9B03f774320c3ef5,1,32.0,1.535,,,Major League Soccer,Columbus Crew vs FC Cincinnati,Columbus Crew,FC Cincinnati,0xd980a976a51ef39a9d46f423f84d3b79217f0c7ab10c3ea6f5de99b3e0519a8d,L19460696,1,0,SUCCESS,1,1784924626,1785021300,60.934561,SXR,
0x6940b5796fbb6396236682d6fef4462c4d495657fb274994c163a20df2a240e3,0x8268feC8dCb0D284343054BDf2b649286c9aA0a1,1,45.0,1.7288,,,Major League Soccer,Los Angeles FC vs Sporting Kansas City,Los Angeles FC,Sporting Kansas City,0x7541c53f1ef5af7998d27e620463c84d1b0e1c51d4f13a16b0af911637413cd1,L19462240,1,0,SUCCESS,1,1784924325,1785033000,62.156679,SXR,
0xab6d3ce15ca80d90da540857ecc0b28a5385379f3f72557b8881978206291ab1,0x68E1818FF20BBe84F9be9E0A4A395FB11079Bd35,1,5.0,1.5075,,,Major League Soccer,Minnesota United vs Vancouver Whitecaps,Minnesota United,Vancouver Whitecaps,0xfc824d100fc2c18def249c993745091b099a62ce7e626d4389fb82b6e5da03ae,L19461369,1,0,SUCCESS,1,1784923830,1785025800,10.152276,SXR,
0x2bf1df373ea1e008d35a88ffd53fe167ec30a0f3a34e01da49cae05f9f20ff02,0x68E1818FF20BBe84F9be9E0A4A395FB11079Bd35,1,14.0,1.5075,,,Major League Soccer,Minnesota United vs Vancouver Whitecaps,Minnesota United,Vancouver Whitecaps,0xfc824d100fc2c18def249c993745091b099a62ce7e626d4389fb82b6e5da03ae,L19461369,1,0,SUCCESS,1,1784923826,1785025800,28.472887,SXR,
0xddf10f6e6d626cf64ee81e0b54e2ca64261a360b1b0a98cbd1a646ee867a844d,0x8268feC8dCb0D284343054BDf2b649286c9aA0a1,1,20.0,1.6825,,,Major League Soccer,CF Montreal vs Inter Miami CF,CF Montreal,Inter Miami CF,0xdaf5f8cc38a85c5de44d551cd2970b19c6b3eeb043f8fe4ee1eb0caa3e62a456,L19460871,1,0,SUCCESS,1,1784923439,1785022200,29.921245,SXR,
0x520b99e815b95e1e9aa9a0588b07b84943130a1246576dda782be09e5800b226,0x68E1818FF20BBe84F9be9E0A4A395FB11079Bd35,1,3.0,1.4287,,,Major League Soccer,San Diego FC vs FC Dallas,San Diego FC,FC Dallas,0xa4d9f0fc6af36e5397ac6e31dfc0e9de2b2857e6f300f9d3f398530ad6790a6b,L19461808,1,0,SUCCESS,1,1784921751,1785029400,8.752723,SXR,
0x4358b9c10c1a2b037a1a97851cc7b013c5fd00520d2bd89eb41b103af265f7bd,0x68E1818FF20BBe84F9be9E0A4A395FB11079Bd35,1,3.0,1.4287,,,Major League Soccer,San Diego FC vs FC Dallas,San Diego FC,FC Dallas,0xa4d9f0fc6af36e5397ac6e31dfc0e9de2b2857e6f300f9d3f398530ad6790a6b,L19461808,1,0,SUCCESS,1,1784921749,1785029400,8.752723,SXR,
0x323f3a0aff17654f556c10476359470538985d257930da9ac12b3c563638d2ad,0x68E1818FF20BBe84F9be9E0A4A395FB11079Bd35,1,3.0,1.4312,,,Major League Soccer,San Diego FC vs FC Dallas,San Diego FC,FC Dallas,0xa4d9f0fc6af36e5397ac6e31dfc0e9de2b2857e6f300f9d3f398530ad6790a6b,L19461808,1,0,SUCCESS,1,1784921726,1785029400,7.347988,SXR,
0xef0c17bfa3e251442ec27d7fedeb7a518c78331a57eabcf0e7276f81acde7848,0x68E1818FF20BBe84F9be9E0A4A395FB11079Bd35,1,10.0,1.4312,,,Major League Soccer,San Diego FC vs FC Dallas,San Diego FC,FC Dallas,0xa4d9f0fc6af36e5397ac6e31dfc0e9de2b2857e6f300f9d3f398530ad6790a6b,L19461808,1,0,SUCCESS,1,1784921725,1785029400,25.205774,SXR,
0x2877832aad35e6681b444b8cbfe9b4f76f9c2dd21018bdf971967dc7a1d8316d,0x68E1818FF20BBe84F9be9E0A4A395FB11079Bd35,1,3.0,1.4312,,,Major League Soccer,San Diego FC vs FC Dallas,San Diego FC,FC Dallas,0xa4d9f0fc6af36e5397ac6e31dfc0e9de2b2857e6f300f9d3f398530ad6790a6b,L19461808,1,0,SUCCESS,1,1784921613,1785029400,8.791188,SXR,
0xc25c9631ba418a6b30b246179ff172e6eacbcc37374c244ace2bc376781f04a3,0x68E1818FF20BBe84F9be9E0A4A395FB11079Bd35,1,13.0,1.4312,,,Major League Soccer,San Diego FC vs FC Dallas,San Diego FC,FC Dallas,0xa4d9f0fc6af36e5397ac6e31dfc0e9de2b2857e6f300f9d3f398530ad6790a6b,L19461808,1,0,SUCCESS,1,1784921608,1785029400,30.539107,SXR,
0x2621f82ae5fe795fc2708d0b1c4b59ddf22b24b1d05ee2734f0509a596fa4955,0x68E1818FF20BBe84F9be9E0A4A395FB11079Bd35,1,3.0,1.5075,,,Major League Soccer,Minnesota United vs Vancouver Whitecaps,Minnesota United,Vancouver Whitecaps,0xfc824d100fc2c18def249c993745091b099a62ce7e626d4389fb82b6e5da03ae,L19461369,1,0,SUCCESS,1,1784920076,1785025800,6.434384,SXR,
0xa845d03803d6c8abec2586e0532112c42328c90663c53dfcb68a44d346d46009,0x68E1818FF20BBe84F9be9E0A4A395FB11079Bd35,1,5.0,1.5075,,,Major League Soccer,Minnesota United vs Vancouver Whitecaps,Minnesota United,Vancouver Whitecaps,0xfc824d100fc2c18def249c993745091b099a62ce7e626d4389fb82b6e5da03ae,L19461369,1,0,SUCCESS,1,1784920074,1785025800,10.152276,SXR,
0x41ae23864c774e3e1eb22274f33de3f1dbdd29681171fd7f55c79a1d3de86e48,0x68E1818FF20BBe84F9be9E0A4A395FB11079Bd35,1,5.0,1.5075,,,Major League Soccer,Minnesota United vs Vancouver Whitecaps,Minnesota United,Vancouver Whitecaps,0xfc824d100fc2c18def249c993745091b099a62ce7e626d4389fb82b6e5da03ae,L19461369,1,0,SUCCESS,1,1784920049,1785025800,10.152276,SXR,
0xed6dc272deaf2d04c23d0c4e3e635cfba084ebe93a981153a03033bf3c1765b3,0x68E1818FF20BBe84F9be9E0A4A395FB11079Bd35,1,35.0,1.5075,,,Major League Soccer,Minnesota United vs Vancouver Whitecaps,Minnesota United,Vancouver Whitecaps,0xfc824d100fc2c18def249c993745091b099a62ce7e626d4389fb82b6e5da03ae,L19461369,1,0,SUCCESS,1,1784920048,1785025800,69.812788,SXR,
0xc12f02b04dc2d6583583526e8956080011b7cc6fb7b38e907d20d189adc49b56,0x68E1818FF20BBe84F9be9E0A4A395FB11079Bd35,1,46.0,1.5075,,,Major League Soccer,Minnesota United vs Vancouver Whitecaps,Minnesota United,Vancouver Whitecaps,0xfc824d100fc2c18def249c993745091b099a62ce7e626d4389fb82b6e5da03ae,L19461369,1,0,SUCCESS,1,1784920040,1785025800,92.610818,SXR,
0xb472a46450ec6babba96a332346db6ef17237929bdc136cbd7e83b9503e80c61,0x8d9542eb7e03DD72150EF36D9F57E6C901519415,2,6.0,1.565,,,Major League Soccer,Orlando City vs Nashville SC,Orlando City,Nashville SC,0x4e9a9aed682f6d4028541946a0d9a307a260b664db923c9c7a43d0cb77d5170d,L19460882,1,0,SUCCESS,1,1784919914,1785022200,11.494248,SXR,
0x1c51741d0259bc9834e5209633f185b364e0c38c0ece939d78b5d0dc95da3f30,0x8d9542eb7e03DD72150EF36D9F57E6C901519415,2,26.0,1.565,,,Major League Soccer,Orlando City vs Nashville SC,Orlando City,Nashville SC,0x4e9a9aed682f6d4028541946a0d9a307a260b664db923c9c7a43d0cb77d5170d,L19460882,1,0,SUCCESS,1,1784919890,1785022200,46.712637,SXR,
0xe1a674d54f52b774a2621d3d054c2c48211103b47e845deb08b5b76a2e64fd74,0xe2C68b7ef85645e47F9b94382c3Db59b046945a2,2,164.0,1.835,,,Major League Soccer,CF Montreal vs Inter Miami CF,CF Montreal,Inter Miami CF,0x91747ee8f7422f569330be9584304e6e9a08e03dd64ad3b2d69b0032e3d1124b,L19460871,1,0,SUCCESS,1,1784914864,1785022200,196.666659,SXR,
0x787e1d8ea38f5781d5d614aa1f94e11459d822d36adfa035345da05c7192592d,0x68E1818FF20BBe84F9be9E0A4A395FB11079Bd35,2,10.0,1.6713,,,Major League Soccer,San Diego FC vs FC Dallas,San Diego FC,FC Dallas,0x1c5e7e637a2ca1e92b34dde619518e085854bf5cc658d03fe6efebe9e6218281,L19461808,1,0,SUCCESS,1,1784913517,1785029400,15.209117,SXR,
0x39c605668526859a1492c5ccff150bb5f623f0bc7b69e2bc3e165ce17e61982e,0x68E1818FF20BBe84F9be9E0A4A395FB11079Bd35,1,3.0,1.4325,,,Major League Soccer,San Diego FC vs FC Dallas,San Diego FC,FC Dallas,0xa4d9f0fc6af36e5397ac6e31dfc0e9de2b2857e6f300f9d3f398530ad6790a6b,L19461808,1,0,SUCCESS,1,1784913515,1785029400,8.810566,SXR,
0xf7a433867301235a264c52cd653c32400a8001085d8a0333342fc85650117b95,0x68E1818FF20BBe84F9be9E0A4A395FB11079Bd35,1,28.0,1.4325,,,Major League Soccer,San Diego FC vs FC Dallas,San Diego FC,FC Dallas,0xa4d9f0fc6af36e5397ac6e31dfc0e9de2b2857e6f300f9d3f398530ad6790a6b,L19461808,1,0,SUCCESS,1,1784913499,1785029400,67.052,SXR,
0x83b798a77a08f5f342749449e3e25d9a2e23a100adea5adc910e892489023eef,0x68E1818FF20BBe84F9be9E0A4A395FB11079Bd35,2,28.0,1.6725,,,Major League Soccer,San Diego FC vs FC Dallas,San Diego FC,FC Dallas,0x1c5e7e637a2ca1e92b34dde619518e085854bf5cc658d03fe6efebe9e6218281,L19461808,1,0,SUCCESS,1,1784913499,1785029400,42.656476,SXR,
0x3fd41005fecc50631c77528d820809b5417a9fb4b3f854e2527d579aa01584d9,0x68E1818FF20BBe84F9be9E0A4A395FB11079Bd35,2,28.0,1.6713,,,Major League Soccer,San Diego FC vs FC Dallas,San Diego FC,FC Dallas,0x1c5e7e637a2ca1e92b34dde619518e085854bf5cc658d03fe6efebe9e6218281,L19461808,1,0,SUCCESS,1,1784913499,1785029400,42.524708,SXR,
0x23ef9809989623d8975e01e9bb3c8d0cbca3f0eb9b49d825da36563402168066,0x68E1818FF20BBe84F9be9E0A4A395FB11079Bd35,1,32.0,1.4537,,,Major League Soccer,CF Montreal vs Inter Miami CF,CF Montreal,Inter Miami CF,0x3390afb147696e3e01fd766347941f9138101935ba7c9286377dfdded65526b6,L19460871,1,0,SUCCESS,1,1784913451,1785022200,72.727251,SXR,
0xa6ff263329c54c234e39cbf644dad3f42d64cfc7e030c2ada0fc7924dbfa1c52,0xE4DD6165bFF7EE73D7932C3b478f7E22431e85E7,1,2.0,1.3475,,,Major League Soccer,FC New York vs Chicago Fire,FC New York,Chicago Fire,0xbfcc03c8cdf4af17ebc09f5509671d8683b69295797afbe2808b134fb445944c,L19460873,1,0,SUCCESS,1,1784913158,1785022200,7.66282,SXR,
0x8e9dd3a9528859eb1d9081a0876f863f6ae15ddf068e78fac783477b9e290d6a,0xE4DD6165bFF7EE73D7932C3b478f7E22431e85E7,2,4.0,1.4688,,,Major League Soccer,FC New York vs Chicago Fire,FC New York,Chicago Fire,0x3300b9659535e4b1dff979f73dc651883ca4b66af25c3dd88905722169f40da1,L19460873,1,0,SUCCESS,1,1784913156,1785022200,9.411755,SXR,
0x9b74f634d76002acbe85d466e46f3545386e0088aeed75b645070284be9370d0,0xE4DD6165bFF7EE73D7932C3b478f7E22431e85E7,1,7.0,1.3462,,,Major League Soccer,FC New York vs Chicago Fire,FC New York,Chicago Fire,0xbfcc03c8cdf4af17ebc09f5509671d8683b69295797afbe2808b134fb445944c,L19460873,1,0,SUCCESS,1,1784913118,1785022200,21.111884,SXR,
0x11039770a3ae0aec4f47d76ee4e36746af8acfb572c8b062bd2d90debe713f81,0xE4DD6165bFF7EE73D7932C3b478f7E22431e85E7,2,12.0,1.4688,,,Major League Soccer,FC New York vs Chicago Fire,FC New York,Chicago Fire,0x3300b9659535e4b1dff979f73dc651883ca4b66af25c3dd88905722169f40da1,L19460873,1,0,SUCCESS,1,1784913118,1785022200,26.032939,SXR,
0xb5921b4de7491d6f005bf0875c2cb51a8b6a81e64a7ba9e9d9b7e914b502f455,0x8d9542eb7e03DD72150EF36D9F57E6C901519415,1,42.0,1.4663,,,Major League Soccer,Philadelphia Union FC vs Seattle Sounders,Philadelphia Union FC,Seattle Sounders,0x580a1e0b5be56de0676ade7320f80a33e7aee51d33c084d434f86217a2cbe129,L19460883,1,0,SUCCESS,1,1784913117,1785022200,90.916869,SXR,
0x96b756b092c3336ea8b614fce7895bd979f7cc5074f16c0844a307f6995808b9,0x8d9542eb7e03DD72150EF36D9F57E6C901519415,1,18.0,1.4663,,,Major League Soccer,Philadelphia Union FC vs Seattle Sounders,Philadelphia Union FC,Seattle Sounders,0x580a1e0b5be56de0676ade7320f80a33e7aee51d33c084d434f86217a2cbe129,L19460883,1,0,SUCCESS,1,1784911629,1785022200,40.543314,SXR,
0x7609b8553f2e30334726a31ade059acc17e4217d98321980c788cfd72a3be6ac,0x68E1818FF20BBe84F9be9E0A4A395FB11079Bd35,1,4.0,1.4475,,,Major League Soccer,CF Montreal vs Inter Miami CF,CF Montreal,Inter Miami CF,0x3390afb147696e3e01fd766347941f9138101935ba7c9286377dfdded65526b6,L19460871,1,0,SUCCESS,1,1784910835,1785022200,9.049765,SXR,
0xbe3fc82889ce6eba3566b4b37f737425e7908965bc9b2ea75d5f7ecdf16bd653,0x68E1818FF20BBe84F9be9E0A4A395FB11079Bd35,1,34.0,1.45,,,Major League Soccer,CF Montreal vs Inter Miami CF,CF Montreal,Inter Miami CF,0x3390afb147696e3e01fd766347941f9138101935ba7c9286377dfdded65526b6,L19460871,1,0,SUCCESS,1,1784910808,1785022200,77.777756,SXR,
0x2f111a282d535a4eeb8d088b366134cbc29cc15117b352601a4de21573a87ae8,0x68E1818FF20BBe84F9be9E0A4A395FB11079Bd35,1,32.0,1.4525,,,Major League Soccer,CF Montreal vs Inter Miami CF,CF Montreal,Inter Miami CF,0x3390afb147696e3e01fd766347941f9138101935ba7c9286377dfdded65526b6,L19460871,1,0,SUCCESS,1,1784910807,1785022200,72.928155,SXR,
0xdbffa931454283fb5775d6a72410813a25993961e77ff0deb18b156b3a967bca,0xE4DD6165bFF7EE73D7932C3b478f7E22431e85E7,2,54.0,1.6875,,,Major League Soccer,Orlando City vs Nashville SC,Orlando City,Nashville SC,0x45bb5aae405a06b6b593cc84037694baf61b17052f546acee036f2010e1ff0a9,L19460882,1,0,SUCCESS,1,1784910227,1785022200,78.592,SXR,
0xbabd6502dc1332de0ac9c31ffa8b064017e1051ab6ed56bc6daf37e37b65647a,0xE4DD6165bFF7EE73D7932C3b478f7E22431e85E7,1,13.0,1.4163,,,Major League Soccer,Columbus Crew vs FC Cincinnati,Columbus Crew,FC Cincinnati,0x3dfb9d4c1beef97cb60696499fa17a17ccf709383737d167d3d7befd6f1094f2,L19460696,1,0,SUCCESS,1,1784910059,1785021300,31.327303,SXR,
0xa4e313df2adfc9e8c07054d054c68374b30eef37ed6eb33c48880c7a730105c8,0xe2C68b7ef85645e47F9b94382c3Db59b046945a2,2,4.0,1.4688,,,Major League Soccer,FC New York vs Chicago Fire,FC New York,Chicago Fire,0x3300b9659535e4b1dff979f73dc651883ca4b66af25c3dd88905722169f40da1,L19460873,1,0,SUCCESS,1,1784909564,1785022200,9.411755,SXR,
0xb3baec756a3b2f2bebdd4b190a1ea39429e91523cb6b7ef896116fb97deebecc,0xe2C68b7ef85645e47F9b94382c3Db59b046945a2,2,14.0,1.4688,,,Major League Soccer,FC New York vs Chicago Fire,FC New York,Chicago Fire,0x3300b9659535e4b1dff979f73dc651883ca4b66af25c3dd88905722169f40da1,L19460873,1,0,SUCCESS,1,1784909542,1785022200,30.08,SXR,
0xd0a47a399548407b0498d17015a328f05669cf049aca578c8dd026d1fbf1a29c,0x68E1818FF20BBe84F9be9E0A4A395FB11079Bd35,2,26.0,1.6725,,,Major League Soccer,San Diego FC vs FC Dallas,San Diego FC,FC Dallas,0x1c5e7e637a2ca1e92b34dde619518e085854bf5cc658d03fe6efebe9e6218281,L19461808,1,0,SUCCESS,1,1784908385,1785029400,39.603048,SXR,
0x72745439df449dc3bd6147d417f7132674c875b7d4a83b16c1b68e8df7a76c01,0xe2C68b7ef85645e47F9b94382c3Db59b046945a2,1,112.0,1.4275,,,Major League Soccer,New York Red Bulls vs Charlotte FC,New York Red Bulls,Charlotte FC,0x24434c1af1b463375db4a810b798b123eaff9377e7ac6b7fedad77a74316aa9f,L19460456,1,0,SUCCESS,1,1784907953,1785018600,262.008725,SXR,
0x75bbe757027aeb840a67adc2863a3559d64f474828e60292e6f10b4e011aafe9,0xE4DD6165bFF7EE73D7932C3b478f7E22431e85E7,1,19.0,1.65,,,Major League Soccer,New York Red Bulls vs Charlotte FC,New York Red Bulls,Charlotte FC,0xdd1071b3db95bde7ec0bdb222b00544aff5f1075e17c23b83398138b2e3a2476,L19460456,1,0,SUCCESS,1,1784907784,1785018600,29.942846,SXR,
0x44e645ccdbcd7064f15a01bd0e274d05b298d00826d10bd8e2aa7971d1b81f67,0x8d9542eb7e03DD72150EF36D9F57E6C901519415,1,1.0,1.25,,,Major League Soccer,Orlando City vs Nashville SC,Orlando City,Nashville SC,0xcb4fcc3835f8ab578985267c9bb8974e241f8651e2cbb5d5b6b96acd072bb1fe,L19460882,1,0,SUCCESS,1,1784907412,1785022200,6.66664,SXR,
0x28ac3b5db57aba026f129bd1549ff4254f1b2212ccb0dc9acf55a9a25937eee6,0x8d9542eb7e03DD72150EF36D9F57E6C901519415,1,8.0,1.25,,,Major League Soccer,Orlando City vs Nashville SC,Orlando City,Nashville SC,0xcb4fcc3835f8ab578985267c9bb8974e241f8651e2cbb5d5b6b96acd072bb1fe,L19460882,1,0,SUCCESS,1,1784907405,1785022200,33.36,SXR,
0xf57fdfbf0ba0099e9c5e919366542e4c6c66c4644d9e4e13405f2005b30dc588,0x0dE776fe723F8121F0cEAF1C9B03f774320c3ef5,2,148.0,1.7125,,,Major League Soccer,Philadelphia Union FC vs Seattle Sounders,Philadelphia Union FC,Seattle Sounders,0x65e53e2f84927085468e4fcf15c17061c50a5e9b39dda066d4b300a4d68a0221,L19460883,1,0,SUCCESS,1,1784907009,1785022200,208.695649,SXR,
0x764b44bd80c56e379ec7d614042f656e34bcf75c24cbe8d00b201180bf5ad708,0xe2C68b7ef85645e47F9b94382c3Db59b046945a2,1,4.0,1.4587,,,Major League Soccer,Philadelphia Union FC vs Seattle Sounders,Philadelphia Union FC,Seattle Sounders,0x580a1e0b5be56de0676ade7320f80a33e7aee51d33c084d434f86217a2cbe129,L19460883,1,0,SUCCESS,1,1784906098,1785022200,9.237864,SXR,
0x2f6460ae0d58ee97737951d289fae21e0c6a1c7b4a2f2c82076dde27e8d1b679,0xe2C68b7ef85645e47F9b94382c3Db59b046945a2,1,4.0,1.4587,,,Major League Soccer,Philadelphia Union FC vs Seattle Sounders,Philadelphia Union FC,Seattle Sounders,0x580a1e0b5be56de0676ade7320f80a33e7aee51d33c084d434f86217a2cbe129,L19460883,1,0,SUCCESS,1,1784906096,1785022200,9.237864,SXR,
0x7432abd735f4523ac3a8fcc896be1c3575e741030fa742b62a758fb661d8d86b,0x68E1818FF20BBe84F9be9E0A4A395FB11079Bd35,1,14.0,1.46,,,Major League Soccer,Philadelphia Union FC vs Seattle Sounders,Philadelphia Union FC,Seattle Sounders,0x580a1e0b5be56de0676ade7320f80a33e7aee51d33c084d434f86217a2cbe129,L19460883,1,0,SUCCESS,1,1784906058,1785022200,31.260848,SXR,
0xd2143e5104d2fa35c676fb480c0e414de63e8adc1387689222e1c03f0c75e233,0x68E1818FF20BBe84F9be9E0A4A395FB11079Bd35,1,15.0,1.46,,,Major League Soccer,Philadelphia Union FC vs Seattle Sounders,Philadelphia Union FC,Seattle Sounders,0x580a1e0b5be56de0676ade7320f80a33e7aee51d33c084d434f86217a2cbe129,L19460883,1,0,SUCCESS,1,1784906057,1785022200,34.478239,SXR,
0x74224132da981ca74b17a358ba18d6a4e0633b7b6afb344b679e7a6cd1490d1c,0x68E1818FF20BBe84F9be9E0A4A395FB11079Bd35,2,44.0,1.71,,,Major League Soccer,Philadelphia Union FC vs Seattle Sounders,Philadelphia Union FC,Seattle Sounders,0x65e53e2f84927085468e4fcf15c17061c50a5e9b39dda066d4b300a4d68a0221,L19460883,1,0,SUCCESS,1,1784906050,1785022200,62.448268,SXR,
0x00c900fd2447f3682ccbc3b968939b29343cd207e32a832c61fa54ff2d63e7d7,0x68E1818FF20BBe84F9be9E0A4A395FB11079Bd35,2,25.0,1.71,,,Major League Soccer,Philadelphia Union FC vs Seattle Sounders,Philadelphia Union FC,Seattle Sounders,0x65e53e2f84927085468e4fcf15c17061c50a5e9b39dda066d4b300a4d68a0221,L19460883,1,0,SUCCESS,1,1784906043,1785022200,36.555099,SXR,
0x40e4d2648cc9a1b250fd5be903a316e3175306f5396cea4b05667da001bd3d9c,0x68E1818FF20BBe84F9be9E0A4A395FB11079Bd35,2,22.0,1.7113,,,Major League Soccer,Philadelphia Union FC vs Seattle Sounders,Philadelphia Union FC,Seattle Sounders,0x65e53e2f84927085468e4fcf15c17061c50a5e9b39dda066d4b300a4d68a0221,L19460883,1,0,SUCCESS,1,1784906040,1785022200,31.128295,SXR,
0xec3a2639853859ba601b5deb5ff1c72f7e9665a76fee626876ce00cf2fc93869,0x68E1818FF20BBe84F9be9E0A4A395FB11079Bd35,2,42.0,1.7125,,,Major League Soccer,Philadelphia Union FC vs Seattle Sounders,Philadelphia Union FC,Seattle Sounders,0x65e53e2f84927085468e4fcf15c17061c50a5e9b39dda066d4b300a4d68a0221,L19460883,1,0,SUCCESS,1,1784905995,1785022200,59.165207,SXR,
0x6dd880029b09f448df699d8127cb729f8efc759656dbd9c0d387ec24b88f2773,0x68E1818FF20BBe84F9be9E0A4A395FB11079Bd35,1,12.0,1.465,,,Major League Soccer,Philadelphia Union FC vs Seattle Sounders,Philadelphia Union FC,Seattle Sounders,0x580a1e0b5be56de0676ade7320f80a33e7aee51d33c084d434f86217a2cbe129,L19460883,1,0,SUCCESS,1,1784905986,1785022200,26.666645,SXR,
0x9350bd01f19aadfb0866e313c4f636f0e16656f5beb00cb128f62cd768cbae49,0xe2C68b7ef85645e47F9b94382c3Db59b046945a2,2,3.0,1.4187,,,Major League Soccer,San Diego FC vs FC Dallas,San Diego FC,FC Dallas,0xab0082bcc99b5f516abe310aa5c4faef6e9240a2e9e373a82e20b467066861f3,L19461808,1,0,SUCCESS,1,1784905985,1785029400,8.602149,SXR,
0x7dea659a235a6235866f1898be2a4b7e494927be23e0f17508ada87f587bd5de,0x68E1818FF20BBe84F9be9E0A4A395FB11079Bd35,1,18.0,1.465,,,Major League Soccer,Philadelphia Union FC vs Seattle Sounders,Philadelphia Union FC,Seattle Sounders,0x580a1e0b5be56de0676ade7320f80a33e7aee51d33c084d434f86217a2cbe129,L19460883,1,0,SUCCESS,1,1784905985,1785022200,39.354817,SXR,
0xec89708977363b441341ebaa43713139df40b303aa81cf71469d7d0996b3d424,0xE4DD6165bFF7EE73D7932C3b478f7E22431e85E7,1,9.0,1.285,,,Major League Soccer,Philadelphia Union FC vs Seattle Sounders,Philadelphia Union FC,Seattle Sounders,0x65e53e2f84927085468e4fcf15c17061c50a5e9b39dda066d4b300a4d68a0221,L19460883,1,0,SUCCESS,1,1784905983,1785022200,31.720246,SXR,
0xa36e3967cddc2b0f1f228e087a83ebf3317943f9c50530272d4032eae0969cf4,0xE4DD6165bFF7EE73D7932C3b478f7E22431e85E7,1,7.0,1.285,,,Major League Soccer,Philadelphia Union FC vs Seattle Sounders,Philadelphia Union FC,Seattle Sounders,0x65e53e2f84927085468e4fcf15c17061c50a5e9b39dda066d4b300a4d68a0221,L19460883,1,0,SUCCESS,1,1784905983,1785022200,25.227123,SXR,
0x7b4834b63734d71c84cd525bd406d8fc54103b9d127f3259ce5600000f3f634f,0x8d9542eb7e03DD72150EF36D9F57E6C901519415,1,2.0,1.3462,,,Major League Soccer,FC New York vs Chicago Fire,FC New York,Chicago Fire,0xbfcc03c8cdf4af17ebc09f5509671d8683b69295797afbe2808b134fb445944c,L19460873,1,0,SUCCESS,1,1784905981,1785022200,7.648173,SXR,
0x49aa6f9cd85a88875d1ce6a8d6db025b1de46e3a9fe33af4e7019286a2aa4e3f,0x68E1818FF20BBe84F9be9E0A4A395FB11079Bd35,1,23.0,1.3213,,,Major League Soccer,San Diego FC vs FC Dallas,San Diego FC,FC Dallas,0x1c5e7e637a2ca1e92b34dde619518e085854bf5cc658d03fe6efebe9e6218281,L19461808,1,0,SUCCESS,1,1784905944,1785029400,74.70814,SXR,
0x15c878b86cff1ed7181ef74f1e01b15c2dc505a70cef4fa9b9b3fbf6811266f1,0x8d9542eb7e03DD72150EF36D9F57E6C901519415,2,68.0,1.5575,,,Major League Soccer,San Diego FC vs FC Dallas,San Diego FC,FC Dallas,0xa4d9f0fc6af36e5397ac6e31dfc0e9de2b2857e6f300f9d3f398530ad6790a6b,L19461808,1,0,SUCCESS,1,1784905944,1785029400,122.440664,SXR,
0x696b84445a6e5c8534991365257c44c9f4d1efaaa529f6fbd7380d3b1474653b,0xE4DD6165bFF7EE73D7932C3b478f7E22431e85E7,2,15.0,1.42,,,Major League Soccer,San Diego FC vs FC Dallas,San Diego FC,FC Dallas,0xab0082bcc99b5f516abe310aa5c4faef6e9240a2e9e373a82e20b467066861f3,L19461808,1,0,SUCCESS,1,1784905943,1785029400,36.206881,SXR,
0x6724442878c6b0400ffbac15b0f9ecf39261da27e2bd0ca7a64bb7fe70f19e06,0xE4DD6165bFF7EE73D7932C3b478f7E22431e85E7,1,37.0,1.3462,,,Major League Soccer,FC New York vs Chicago Fire,FC New York,Chicago Fire,0xbfcc03c8cdf4af17ebc09f5509671d8683b69295797afbe2808b134fb445944c,L19460873,1,0,SUCCESS,1,1784905943,1785022200,109.660621,SXR,
0x18261ec9fb20fe24efb21e8c4385e8ae95aaa2b8af6cd52f71d2b7f5ce502bce,0xE4DD6165bFF7EE73D7932C3b478f7E22431e85E7,2,47.0,1.7087,,,Major League Soccer,Philadelphia Union FC vs Seattle Sounders,Philadelphia Union FC,Seattle Sounders,0x65e53e2f84927085468e4fcf15c17061c50a5e9b39dda066d4b300a4d68a0221,L19460883,1,0,SUCCESS,1,1784905767,1785022200,67.53648,SXR,
0xd36d00576f3744dde82cdfcd5d0bb9aaa638c3b86d22fde3a5427e78f5f98330,0x8268feC8dCb0D284343054BDf2b649286c9aA0a1,2,4.0,1.4525,,,Major League Soccer,Houston Dynamo vs Austin FC,Houston Dynamo,Austin FC,0x0e40d4d8d08d7264a1a3e1ddb25c5934d7ccd19b25354dcf69422d42967f6075,L19461357,1,0,SUCCESS,1,1784905637,1785025800,9.13242,SXR,
0x7aa74f38111086fa15788b5a861d002bbe76d37b6816217e5f2e683cd8f8c465,0xe2C68b7ef85645e47F9b94382c3Db59b046945a2,2,6.0,1.56,,,Major League Soccer,San Diego FC vs FC Dallas,San Diego FC,FC Dallas,0xa4d9f0fc6af36e5397ac6e31dfc0e9de2b2857e6f300f9d3f398530ad6790a6b,L19461808,1,0,SUCCESS,1,1784905631,1785029400,11.363625,SXR,
0x58e989ad3347e56bfbe096bfe0cfd674cb0498a23ba48324c6c321717bf7ba4b,0xe2C68b7ef85645e47F9b94382c3Db59b046945a2,2,6.0,1.56,,,Major League Soccer,San Diego FC vs FC Dallas,San Diego FC,FC Dallas,0xa4d9f0fc6af36e5397ac6e31dfc0e9de2b2857e6f300f9d3f398530ad6790a6b,L19461808,1,0,SUCCESS,1,1784905628,1785029400,11.363625,SXR,
0x617b1dc896f7cd9ede0e91fdf3dafd8671cfef5658226e2af67378e5954d83c9,0xe2C68b7ef85645e47F9b94382c3Db59b046945a2,2,6.0,1.56,,,Major League Soccer,San Diego FC vs FC Dallas,San Diego FC,FC Dallas,0xa4d9f0fc6af36e5397ac6e31dfc0e9de2b2857e6f300f9d3f398530ad6790a6b,L19461808,1,0,SUCCESS,1,1784905625,1785029400,11.363625,SXR,
0x802e103985541a7c967fc82d5723c6933af5c842412e1b9716eb6d984e984544,0xe2C68b7ef85645e47F9b94382c3Db59b046945a2,2,6.0,1.56,,,Major League Soccer,San Diego FC vs FC Dallas,San Diego FC,FC Dallas,0xa4d9f0fc6af36e5397ac6e31dfc0e9de2b2857e6f300f9d3f398530ad6790a6b,L19461808,1,0,SUCCESS,1,1784905623,1785029400,11.363625,SXR,
0x4888747f333354e3852897d3f5ae3436a41e1131e6b5b6f323acdf398c85f78a,0xe2C68b7ef85645e47F9b94382c3Db59b046945a2,2,4.0,1.56,,,Major League Soccer,San Diego FC vs FC Dallas,San Diego FC,FC Dallas,0xa4d9f0fc6af36e5397ac6e31dfc0e9de2b2857e6f300f9d3f398530ad6790a6b,L19461808,1,0,SUCCESS,1,1784905622,1785029400,8.886357,SXR,
0xef290301f8fc562057d6b9b44e0486d8d275fb6e33a4bb3514b5d0eed72d35b2,0x68E1818FF20BBe84F9be9E0A4A395FB11079Bd35,2,5.0,1.5613,,,Major League Soccer,San Diego FC vs FC Dallas,San Diego FC,FC Dallas,0xa4d9f0fc6af36e5397ac6e31dfc0e9de2b2857e6f300f9d3f398530ad6790a6b,L19461808,1,0,SUCCESS,1,1784905620,1785029400,8.910165,SXR,
0x92ce64f3ce18c33e70bdad0f6c4fbcabeabff3bdafc947aa4124ccb6e5f38d23,0x68E1818FF20BBe84F9be9E0A4A395FB11079Bd35,2,34.0,1.5613,,,Major League Soccer,San Diego FC vs FC Dallas,San Diego FC,FC Dallas,0xa4d9f0fc6af36e5397ac6e31dfc0e9de2b2857e6f300f9d3f398530ad6790a6b,L19461808,1,0,SUCCESS,1,1784905606,1785029400,61.789167,SXR,
0xea30d8c36f0624150b40fe5130c5f61bbe118504806f11fb6ee835f06a02c8f1,0xe2C68b7ef85645e47F9b94382c3Db59b046945a2,2,76.0,1.7075,,,Major League Soccer,Philadelphia Union FC vs Seattle Sounders,Philadelphia Union FC,Seattle Sounders,0x65e53e2f84927085468e4fcf15c17061c50a5e9b39dda066d4b300a4d68a0221,L19460883,1,0,SUCCESS,1,1784905600,1785022200,107.521357,SXR,
0x55478bcf72673472801f8d95e9d88c60fc47b07a2eea7d58dbede631c179348e,0x68E1818FF20BBe84F9be9E0A4A395FB11079Bd35,2,37.0,1.5613,,,Major League Soccer,San Diego FC vs FC Dallas,San Diego FC,FC Dallas,0xa4d9f0fc6af36e5397ac6e31dfc0e9de2b2857e6f300f9d3f398530ad6790a6b,L19461808,1,0,SUCCESS,1,1784905599,1785029400,66.119644,SXR,
0x263a6eb90883931999f0d22beb36123b16a52e145a05ca46de0b71b3f1bb2bff,0xe2C68b7ef85645e47F9b94382c3Db59b046945a2,2,61.0,1.7075,,,Major League Soccer,Philadelphia Union FC vs Seattle Sounders,Philadelphia Union FC,Seattle Sounders,0x65e53e2f84927085468e4fcf15c17061c50a5e9b39dda066d4b300a4d68a0221,L19460883,1,0,SUCCESS,1,1784905599,1785022200,87.282049,SXR,
0x859d20f542437e688c74854009b4564633be817196ddfe6e8c02dfefaef42929,0xe2C68b7ef85645e47F9b94382c3Db59b046945a2,2,39.0,1.7075,,,Major League Soccer,Philadelphia Union FC vs Seattle Sounders,Philadelphia Union FC,Seattle Sounders,0x65e53e2f84927085468e4fcf15c17061c50a5e9b39dda066d4b300a4d68a0221,L19460883,1,0,SUCCESS,1,1784905597,1785022200,55.726488,SXR,
0xf2232333fbb0b7ce1bc7f976ef247b1f3170c66ecfea7f5165e7f61dac0f5311,0x68E1818FF20BBe84F9be9E0A4A395FB11079Bd35,2,39.0,1.5613,,,Major League Soccer,San Diego FC vs FC Dallas,San Diego FC,FC Dallas,0xa4d9f0fc6af36e5397ac6e31dfc0e9de2b2857e6f300f9d3f398530ad6790a6b,L19461808,1,0,SUCCESS,1,1784905592,1785029400,70.678058,SXR,
0x74ac7210c71055f44d50d8cd29bdcb16931f5c6c163781a760f4905d62536a3d,0x68E1818FF20BBe84F9be9E0A4A395FB11079Bd35,2,3.0,1.5613,,,Major League Soccer,San Diego FC vs FC Dallas,San Diego FC,FC Dallas,0xa4d9f0fc6af36e5397ac6e31dfc0e9de2b2857e6f300f9d3f398530ad6790a6b,L19461808,1,0,SUCCESS,1,1784905588,1785029400,6.425853,SXR,
0x47a0c15ab43221e1cf1210bad577260be67237a74bef2bd356eb01eb8324311c,0x68E1818FF20BBe84F9be9E0A4A395FB11079Bd35,2,18.0,1.5613,,,Major League Soccer,San Diego FC vs FC Dallas,San Diego FC,FC Dallas,0xa4d9f0fc6af36e5397ac6e31dfc0e9de2b2857e6f300f9d3f398530ad6790a6b,L19461808,1,0,SUCCESS,1,1784905586,1785029400,33.413096,SXR,
0x247dc98f60b6ce5376c839a8400da4d423ff6dad1c1f582e8a89e49868b31cb6,0xe2C68b7ef85645e47F9b94382c3Db59b046945a2,2,7.0,1.6038,,,Major League Soccer,Houston Dynamo vs Austin FC,Houston Dynamo,Austin FC,0x2896fccc3ba499c30319626cf81d20cc999e524ab2a3eff7dce6e60bf73462ea,L19461357,1,0,SUCCESS,1,1784905585,1785025800,12.618286,SXR,
0x16eb8a7cb25765a7dc0e97cb2c68ad5b98e9dcd91a566154a04aaa0c9dfa6d6c,0x68E1818FF20BBe84F9be9E0A4A395FB11079Bd35,2,17.0,1.5613,,,Major League Soccer,San Diego FC vs FC Dallas,San Diego FC,FC Dallas,0xa4d9f0fc6af36e5397ac6e31dfc0e9de2b2857e6f300f9d3f398530ad6790a6b,L19461808,1,0,SUCCESS,1,1784905585,1785029400,30.860383,SXR,
0x7019b7f3c6551a29f9bf3be7c6bd30a46303415b91366d16c26b36ef83661130,0xe2C68b7ef85645e47F9b94382c3Db59b046945a2,2,98.0,1.6038,,,Major League Soccer,Houston Dynamo vs Austin FC,Houston Dynamo,Austin FC,0x2896fccc3ba499c30319626cf81d20cc999e524ab2a3eff7dce6e60bf73462ea,L19461357,1,0,SUCCESS,1,1784905571,1785025800,163.861184,SXR,
0x46ac6df345121e600aa88075556c96bff88b0b3c437d2c256791d8fe8938a4f0,0x68E1818FF20BBe84F9be9E0A4A395FB11079Bd35,2,3.0,1.5613,,,Major League Soccer,San Diego FC vs FC Dallas,San Diego FC,FC Dallas,0xa4d9f0fc6af36e5397ac6e31dfc0e9de2b2857e6f300f9d3f398530ad6790a6b,L19461808,1,0,SUCCESS,1,1784905532,1785029400,6.811884,SXR,
0xd4393de8e179c34e220d9df5d9f73d3f1784e71faf2c9e838bd0aebb388530eb,0x68E1818FF20BBe84F9be9E0A4A395FB11079Bd35,2,21.0,1.5613,,,Major League Soccer,San Diego FC vs FC Dallas,San Diego FC,FC Dallas,0xa4d9f0fc6af36e5397ac6e31dfc0e9de2b2857e6f300f9d3f398530ad6790a6b,L19461808,1,0,SUCCESS,1,1784905520,1785029400,38.814806,SXR,
0xddcd9d7ca338d2b7eddceb5b50dcd9763d3288c6d190b15a176a39b96e397365,0x68E1818FF20BBe84F9be9E0A4A395FB11079Bd35,2,6.0,1.5613,,,Major League Soccer,San Diego FC vs FC Dallas,San Diego FC,FC Dallas,0xa4d9f0fc6af36e5397ac6e31dfc0e9de2b2857e6f300f9d3f398530ad6790a6b,L19461808,1,0,SUCCESS,1,1784905046,1785029400,11.396009,SXR,
0xdc4103486122f995e3a1844228e197a682461102331a51344777b1ee5219eda1,0x68E1818FF20BBe84F9be9E0A4A395FB11079Bd35,2,6.0,1.5613,,,Major League Soccer,San Diego FC vs FC Dallas,San Diego FC,FC Dallas,0xa4d9f0fc6af36e5397ac6e31dfc0e9de2b2857e6f300f9d3f398530ad6790a6b,L19461808,1,0,SUCCESS,1,1784905044,1785029400,11.396009,SXR,
0xbf39cb16ea54d2de5485128527fbd04997ac0d34b790e20523036883f98113b9,0xe2C68b7ef85645e47F9b94382c3Db59b046945a2,2,18.0,1.5625,,,Major League Soccer,San Diego FC vs FC Dallas,San Diego FC,FC Dallas,0xa4d9f0fc6af36e5397ac6e31dfc0e9de2b2857e6f300f9d3f398530ad6790a6b,L19461808,1,0,SUCCESS,1,1784905016,1785029400,32.182844,SXR,
0x5169aaf4596d270fcb6edaa3f439043f935ce6744a740a9245a39137e53f067a,0xe2C68b7ef85645e47F9b94382c3Db59b046945a2,2,17.0,1.5625,,,Major League Soccer,San Diego FC vs FC Dallas,San Diego FC,FC Dallas,0xa4d9f0fc6af36e5397ac6e31dfc0e9de2b2857e6f300f9d3f398530ad6790a6b,L19461808,1,0,SUCCESS,1,1784905011,1785029400,31.702844,SXR,
0x13908068c992bb532ee325bebd0da1ca68351af49344a797650fe56661c71e79,0xe2C68b7ef85645e47F9b94382c3Db59b046945a2,2,6.0,1.5625,,,Major League Soccer,San Diego FC vs FC Dallas,San Diego FC,FC Dallas,0xa4d9f0fc6af36e5397ac6e31dfc0e9de2b2857e6f300f9d3f398530ad6790a6b,L19461808,1,0,SUCCESS,1,1784905009,1785029400,11.428569,SXR,
0x2827d89f3d7882a6d8abf643669175aa3e77f2732ec4207328853c1c62d2f5a0,0xe2C68b7ef85645e47F9b94382c3Db59b046945a2,2,6.0,1.5625,,,Major League Soccer,San Diego FC vs FC Dallas,San Diego FC,FC Dallas,0xa4d9f0fc6af36e5397ac6e31dfc0e9de2b2857e6f300f9d3f398530ad6790a6b,L19461808,1,0,SUCCESS,1,1784905008,1785029400,11.428569,SXR,
0x8addcd053b3a1dc56c7196d1fd1a6fbc4ac054ac2b142880ebbc5aecbd673b4d,0xe2C68b7ef85645e47F9b94382c3Db59b046945a2,2,6.0,1.5625,,,Major League Soccer,San Diego FC vs FC Dallas,San Diego FC,FC Dallas,0xa4d9f0fc6af36e5397ac6e31dfc0e9de2b2857e6f300f9d3f398530ad6790a6b,L19461808,1,0,SUCCESS,1,1784905006,1785029400,11.428569,SXR,
0x470d127747f1d97b6b9ea09d44df12e049f67cc9372dae597ef9244575cef230,0xe2C68b7ef85645e47F9b94382c3Db59b046945a2,2,30.0,1.5625,,,Major League Soccer,San Diego FC vs FC Dallas,San Diego FC,FC Dallas,0xa4d9f0fc6af36e5397ac6e31dfc0e9de2b2857e6f300f9d3f398530ad6790a6b,L19461808,1,0,SUCCESS,1,1784904999,1785029400,53.92,SXR,
0x13dd7534f8b84caf7d54510ac3b7b985dd8af36889c0c0339284e4c67c17e91f,0xe2C68b7ef85645e47F9b94382c3Db59b046945a2,2,24.0,1.5625,,,Major League Soccer,San Diego FC vs FC Dallas,San Diego FC,FC Dallas,0xa4d9f0fc6af36e5397ac6e31dfc0e9de2b2857e6f300f9d3f398530ad6790a6b,L19461808,1,0,SUCCESS,1,1784904997,1785029400,44.205707,SXR,
0x6f3d388d6e90a313ee7417fcd111c5ab33425344ac3e871dc08778c922c12454,0xe2C68b7ef85645e47F9b94382c3Db59b046945a2,2,26.0,1.5625,,,Major League Soccer,San Diego FC vs FC Dallas,San Diego FC,FC Dallas,0xa4d9f0fc6af36e5397ac6e31dfc0e9de2b2857e6f300f9d3f398530ad6790a6b,L19461808,1,0,SUCCESS,1,1784904992,1785029400,46.742844,SXR,
0x712f08752325a0cfd34cff8b98e1fa3e286d12e8de290c92f46d3146dbd2d7eb,0xe2C68b7ef85645e47F9b94382c3Db59b046945a2,2,26.0,1.6,,,Major League Soccer,Houston Dynamo vs Austin FC,Houston Dynamo,Austin FC,0x2896fccc3ba499c30319626cf81d20cc999e524ab2a3eff7dce6e60bf73462ea,L19461357,1,0,SUCCESS,1,1784904871,1785025800,43.7,SXR,
0xada7d3ad3963fafd118d862b7910f8f38703b38c7e2de1e19d6a3dccbdac4074,0xe2C68b7ef85645e47F9b94382c3Db59b046945a2,2,44.0,1.3,,,Major League Soccer,Houston Dynamo vs Austin FC,Houston Dynamo,Austin FC,0xebf47e45a1975663c9792c310cdfdd2e1ae1d0c82bb88d97e565d35911771ee3,L19461357,1,0,SUCCESS,1,1784904671,1785025800,148.942833,SXR,
0x2fab204e853c642cfc2e5edf25e1a54f3c9e8123bf223343468b6ba81d97330a,0xe2C68b7ef85645e47F9b94382c3Db59b046945a2,2,42.0,1.6925,,,Major League Soccer,Houston Dynamo vs Austin FC,Houston Dynamo,Austin FC,0xdaaeee43327db506bdea5a9061984b4975eb00a55690f1e32ec1bed76d502c12,L19461357,1,0,SUCCESS,1,1784904670,1785025800,61.691047,SXR,
0x3c0afd1710f9b0ff01394a22e5afdd96967ba56b25bf13658662a325a948e9cc,0xe2C68b7ef85645e47F9b94382c3Db59b046945a2,2,13.0,1.3,,,Major League Soccer,Houston Dynamo vs Austin FC,Houston Dynamo,Austin FC,0xebf47e45a1975663c9792c310cdfdd2e1ae1d0c82bb88d97e565d35911771ee3,L19461357,1,0,SUCCESS,1,1784904669,1785025800,44.128567,SXR,
0xa546563f3df152d50b44a6ad4dfd8233250235f2bb9c66aa8cb3476ebbb7be5a,0x68E1818FF20BBe84F9be9E0A4A395FB11079Bd35,1,30.0,1.4425,,,Major League Soccer,San Diego FC vs FC Dallas,San Diego FC,FC Dallas,0xa4d9f0fc6af36e5397ac6e31dfc0e9de2b2857e6f300f9d3f398530ad6790a6b,L19461808,1,0,SUCCESS,1,1784904633,1785029400,70.056475,SXR,
0x0a76df92c563e66b7ce4ca0635bb3b165ef0d9ed3a7bf564f3317317076be0d9,0x68E1818FF20BBe84F9be9E0A4A395FB11079Bd35,2,51.0,1.68,,,Major League Soccer,San Diego FC vs FC Dallas,San Diego FC,FC Dallas,0x1c5e7e637a2ca1e92b34dde619518e085854bf5cc658d03fe6efebe9e6218281,L19461808,1,0,SUCCESS,1,1784904633,1785029400,75.15625,SXR,
0x0ab88a88f370cbda31f7787ae612d5345a3f00921c35e02316b7b286e5f3bd54,0x68E1818FF20BBe84F9be9E0A4A395FB11079Bd35,1,8.0,1.4463,,,Major League Soccer,San Diego FC vs FC Dallas,San Diego FC,FC Dallas,0xa4d9f0fc6af36e5397ac6e31dfc0e9de2b2857e6f300f9d3f398530ad6790a6b,L19461808,1,0,SUCCESS,1,1784904614,1785029400,20.033636,SXR,
0x5a6ba3dc9e13c0f0776836cd1549fb5105d75e602e7aea0ea863464e8fa7c301,0x68E1818FF20BBe84F9be9E0A4A395FB11079Bd35,1,23.0,1.4463,,,Major League Soccer,San Diego FC vs FC Dallas,San Diego FC,FC Dallas,0xa4d9f0fc6af36e5397ac6e31dfc0e9de2b2857e6f300f9d3f398530ad6790a6b,L19461808,1,0,SUCCESS,1,1784904612,1785029400,51.675048,SXR,
0xc0dfe31aa223602662f3a974a1aeebbcda0b84e7d23552fc58015c1a23fdcf2c,0xE4DD6165bFF7EE73D7932C3b478f7E22431e85E7,2,5.0,1.5188,,,Major League Soccer,Saint Louis SC vs Colorado Rapids,Saint Louis SC,Colorado Rapids,0xdc13841d80f301b4670d98b39ffdeb76e79509f381b1efd6714745eac47771a6,L19461365,1,0,SUCCESS,1,1784904550,1785025800,10.38961,SXR,
0x6dc12773a685371e50a303dc15efc864a5a2d68b15fbe8291f16dedcbc970d69,0xe2C68b7ef85645e47F9b94382c3Db59b046945a2,1,26.0,1.5888,,,Major League Soccer,San Diego FC vs FC Dallas,San Diego FC,FC Dallas,0x5f69e88308d044d841a3f428eac335ed82b7d6e0cfbe86f82956564bdc76eaff,L19461808,1,0,SUCCESS,1,1784904505,1785029400,45.21442,SXR,
0xc65a1cbbd98dbc168a5f51124712e4e92d0c7971f8206d8b2fe22a5f964f7bce,0x7F8CDAF3B3b5de55db9ce39a5742af9b0D2fD8b3,1,48.0,1.5387,,,Major League Soccer,Houston Dynamo vs Austin FC,Houston Dynamo,Austin FC,0x0e40d4d8d08d7264a1a3e1ddb25c5934d7ccd19b25354dcf69422d42967f6075,L19461357,1,0,SUCCESS,1,1784904458,1785025800,90.951258,SXR,
0xe0a104f5aff20f728b0d0268b0e01484dc4ebf753bf52264f24182a9492e76e0,0xE4DD6165bFF7EE73D7932C3b478f7E22431e85E7,2,54.0,1.7437,,,Major League Soccer,Minnesota United vs Vancouver Whitecaps,Minnesota United,Vancouver Whitecaps,0x84105e7e0e4cd9b5bb1a9e19e38321c5b45b60ab14064451feb26f3083c2272a,L19461369,1,0,SUCCESS,1,1784904016,1785025800,73.287798,SXR,
0xda705207794284d455f0fe6b5234067287232c0540072938c185b8aabb2230d6,0xE4DD6165bFF7EE73D7932C3b478f7E22431e85E7,1,1.0,1.41,,,Major League Soccer,New York Red Bulls vs Charlotte FC,New York Red Bulls,Charlotte FC,0x24434c1af1b463375db4a810b798b123eaff9377e7ac6b7fedad77a74316aa9f,L19460456,1,0,SUCCESS,1,1784903019,1785018600,3.389829,SXR,
0xf4320880f1b1fbdf51c11ff9ca68f01efc1aec4d6be9176ac9076828e2852e7d,0x8d9542eb7e03DD72150EF36D9F57E6C901519415,2,69.0,1.5488,,,Major League Soccer,CF Montreal vs Inter Miami CF,CF Montreal,Inter Miami CF,0x3390afb147696e3e01fd766347941f9138101935ba7c9286377dfdded65526b6,L19460871,1,0,SUCCESS,1,1784902289,1785022200,127.246524,SXR,
0xd3f4a5941942c11f30f5e13a8e3de63a84020532fb3a7ea40f5914c8e0b100d4,0xE4DD6165bFF7EE73D7932C3b478f7E22431e85E7,2,79.0,1.6787,,,Major League Soccer,CF Montreal vs Inter Miami CF,CF Montreal,Inter Miami CF,0x3a2bd917a897d4e0b119285b866cc743f8a5693ccf6513adca47a5259d7f3747,L19460871,1,0,SUCCESS,1,1784900515,1785022200,116.581952,SXR,
0x5060f2c07b9c4fab438c364b990b03724914d4b9192e868fda65e2025e2e96cb,0x68E1818FF20BBe84F9be9E0A4A395FB11079Bd35,1,34.0,1.45,,,Major League Soccer,CF Montreal vs Inter Miami CF,CF Montreal,Inter Miami CF,0x3390afb147696e3e01fd766347941f9138101935ba7c9286377dfdded65526b6,L19460871,1,0,SUCCESS,1,1784899569,1785022200,77.763622,SXR,
0xd110504a3d9601335734617b190cac17ba7f7638d0a47f44b5f2c5777c1e5bc2,0xE4DD6165bFF7EE73D7932C3b478f7E22431e85E7,1,6.0,1.5475,,,Major League Soccer,CF Montreal vs Inter Miami CF,CF Montreal,Inter Miami CF,0x328c495027392a9e92e3935603e10995d6f337b42138d7d59f3668f89a2ba0b9,L19460871,1,0,SUCCESS,1,1784898784,1785022200,11.049717,SXR,
0x7b5e2ddcc33e8fc7fd41a876e2d949b09d8f0d3b6ff832d8f546363341bb5156,0x7F8CDAF3B3b5de55db9ce39a5742af9b0D2fD8b3,1,45.0,1.5475,,,Major League Soccer,CF Montreal vs Inter Miami CF,CF Montreal,Inter Miami CF,0x328c495027392a9e92e3935603e10995d6f337b42138d7d59f3668f89a2ba0b9,L19460871,1,0,SUCCESS,1,1784898744,1785022200,83.488566,SXR,
0xa4fdc2e74cb734bd05ecf39080b1f6fda28a4788cebb555a036b37952227d248,0x68E1818FF20BBe84F9be9E0A4A395FB11079Bd35,2,27.0,1.68,,,Major League Soccer,CF Montreal vs Inter Miami CF,CF Montreal,Inter Miami CF,0x3a2bd917a897d4e0b119285b866cc743f8a5693ccf6513adca47a5259d7f3747,L19460871,1,0,SUCCESS,1,1784896497,1785022200,40.5625,SXR,
0xe7dada844d3817bb10f063e2c913f4b558e99fac0e233d9b3008e037579b5299,0x5B3498Cb20C3107B5B267fabd3601B6425BDeb42,2,440.0,1.6875,,,Major League Soccer,CF Montreal vs Inter Miami CF,CF Montreal,Inter Miami CF,0x3a2bd917a897d4e0b119285b866cc743f8a5693ccf6513adca47a5259d7f3747,L19460871,1,0,SUCCESS,1,1784892979,1785022200,640.0,SXR,
0x8537ab541df66bd18190185003e98f8d2c4c7cac09547519c8d84371f28c62bb,0x8173FA90CeD5086aef3705Ad4EB94B72F7a05df8,2,4.0,1.69,,,Major League Soccer,CF Montreal vs Inter Miami CF,CF Montreal,Inter Miami CF,0x3a2bd917a897d4e0b119285b866cc743f8a5693ccf6513adca47a5259d7f3747,L19460871,1,0,SUCCESS,1,1784892731,1785022200,6.677406,SXR,
0xe727bf762aa323435e2a7aa46dea259dad212bba42913155ca850ef088807116,0x8173FA90CeD5086aef3705Ad4EB94B72F7a05df8,2,29.0,1.69,,,Major League Soccer,CF Montreal vs Inter Miami CF,CF Montreal,Inter Miami CF,0x3a2bd917a897d4e0b119285b866cc743f8a5693ccf6513adca47a5259d7f3747,L19460871,1,0,SUCCESS,1,1784892722,1785022200,43.32258,SXR,
0xa48e6893a40f3ec25d2f0ecc4d346ca0dd6ea702462ba2038708bee23ee931e9,0x68E1818FF20BBe84F9be9E0A4A395FB11079Bd35,2,5.0,1.5275,,,Major League Soccer,New England Revolution vs Atlanta United,New England Revolution,Atlanta United,0xb588b78200a622178ddc15d65de4da5742b99c19cc0e9da2328ae98b202ac80a,L19460884,1,0,SUCCESS,1,1784892679,1785022200,10.582009,SXR,
0xbede79ed8cf5ed800f5698bfcd99f8357092b0c169ba3320f0c75da49773f0c6,0x5B3498Cb20C3107B5B267fabd3601B6425BDeb42,2,19.0,1.6875,,,Major League Soccer,CF Montreal vs Inter Miami CF,CF Montreal,Inter Miami CF,0x3a2bd917a897d4e0b119285b866cc743f8a5693ccf6513adca47a5259d7f3747,L19460871,1,0,SUCCESS,1,1784892633,1785022200,28.502022,SXR,
0xe85591e5ade389f574b1fa8988b5ddb0cf9e323c1947d2c408a3d16400c1be71,0x8173FA90CeD5086aef3705Ad4EB94B72F7a05df8,2,34.0,1.69,,,Major League Soccer,CF Montreal vs Inter Miami CF,CF Montreal,Inter Miami CF,0x3a2bd917a897d4e0b119285b866cc743f8a5693ccf6513adca47a5259d7f3747,L19460871,1,0,SUCCESS,1,1784892625,1785022200,50.0,SXR,
0x91b0feabc2aaf6ba583fa5a27984746c5a190c1db9b0278ba5839b7893ac7170,0x68E1818FF20BBe84F9be9E0A4A395FB11079Bd35,1,15.0,1.4712,,,Major League Soccer,Saint Louis SC vs Colorado Rapids,Saint Louis SC,Colorado Rapids,0xdc13841d80f301b4670d98b39ffdeb76e79509f381b1efd6714745eac47771a6,L19461365,1,0,SUCCESS,1,1784890359,1785025800,32.756499,SXR,
0x948cd11ecea2a0b858fd8289a7d9952d378e834c64352f3f24cc8bb70474fc74,0xe2C68b7ef85645e47F9b94382c3Db59b046945a2,1,26.0,1.6975,,,Major League Soccer,Orlando City vs Nashville SC,Orlando City,Nashville SC,0xb3e5e11c7af9083221287c52d7f6d174566b93b49f690879647bb1754cf47524,L19460882,1,0,SUCCESS,1,1784889877,1785022200,37.619828,SXR,
0x02baf2ab5b11669f9c2b552567c23335dc5d8bff6b79cc1e95aa4d3cb9b69093,0x68E1818FF20BBe84F9be9E0A4A395FB11079Bd35,1,4.0,1.4525,,,Major League Soccer,CF Montreal vs Inter Miami CF,CF Montreal,Inter Miami CF,0x3390afb147696e3e01fd766347941f9138101935ba7c9286377dfdded65526b6,L19460871,1,0,SUCCESS,1,1784887393,1785022200,9.13242,SXR,
0x3daa435c5352e3f4063aab8aed0d3c26877ea0478603b3c70b42cc0198e92430,0x68E1818FF20BBe84F9be9E0A4A395FB11079Bd35,1,18.0,1.4525,,,Major League Soccer,CF Montreal vs Inter Miami CF,CF Montreal,Inter Miami CF,0x3390afb147696e3e01fd766347941f9138101935ba7c9286377dfdded65526b6,L19460871,1,0,SUCCESS,1,1784887362,1785022200,41.723735,SXR,
0x8dfc7d2ffdf4a7431a974a9d58f99f1c0d947c5927d56ec5e14bd396a94249a7,0x68E1818FF20BBe84F9be9E0A4A395FB11079Bd35,2,12.0,1.6837,,,Major League Soccer,CF Montreal vs Inter Miami CF,CF Montreal,Inter Miami CF,0x3a2bd917a897d4e0b119285b866cc743f8a5693ccf6513adca47a5259d7f3747,L19460871,1,0,SUCCESS,1,1784885223,1785022200,17.865609,SXR,
0x7e4e5b989c5eb114aa08b6f8fe4c839c26eed4f7c7784f1d8f6d546e9facfe65,0x68E1818FF20BBe84F9be9E0A4A395FB11079Bd35,2,29.0,1.5425,,,Major League Soccer,Philadelphia Union FC vs Seattle Sounders,Philadelphia Union FC,Seattle Sounders,0x580a1e0b5be56de0676ade7320f80a33e7aee51d33c084d434f86217a2cbe129,L19460883,1,0,SUCCESS,1,1784881292,1785022200,54.819668,SXR,
0x34bb1358739bfd6c6428be5473b338bbb48ffe3b7e3653b5a7f5fb312524a055,0xE4DD6165bFF7EE73D7932C3b478f7E22431e85E7,1,20.0,1.5925,,,Major League Soccer,CF Montreal vs Inter Miami CF,CF Montreal,Inter Miami CF,0x7b69ed7b782dc141607dae24c135e74a41a14564797e4448ebc8c10523b0ad88,L19460871,1,0,SUCCESS,1,1784877663,1785022200,34.177198,SXR,
0xa8c0c9a3dba1ed08f9d256195f340635e82a79c42f4f4548d16e520a8c93d032,0xe2C68b7ef85645e47F9b94382c3Db59b046945a2,2,8.0,1.1275,,,Major League Soccer,SJ Earthquakes vs LA Galaxy,SJ Earthquakes,LA Galaxy,0xbefa6ed4e198c58ef7dc37aa51dbf1ab0431684157e5ce377425a84d8ee07480,L19462238,1,0,SUCCESS,1,1784869511,1785033000,70.487059,SXR,
0xbc5fc5e2d7137b479b47ff8d0476fbd3f442128d1d0da06780336c92e6a2d119,0xE4DD6165bFF7EE73D7932C3b478f7E22431e85E7,1,24.0,1.4512,,,Major League Soccer,Orlando City vs Nashville SC,Orlando City,Nashville SC,0x4e9a9aed682f6d4028541946a0d9a307a260b664db923c9c7a43d0cb77d5170d,L19460882,1,0,SUCCESS,1,1784869266,1785022200,53.357629,SXR,
0xf952e8999c40c5194fa16e1bb6687b84a8a8a1bdd95d93bf813e17d2a2a834c2,0xe2C68b7ef85645e47F9b94382c3Db59b046945a2,1,101.0,1.4963,,,Major League Soccer,Orlando City vs Nashville SC,Orlando City,Nashville SC,0x60ae8f6cafc706a648c4ae66d1b1a38550bce30e7db0ca8bfc7c72dae07be451,L19460882,1,0,SUCCESS,1,1784868132,1785022200,205.121572,SXR,
0x179dcb52b305ccad426e144f9a29f88f99b94541ee8e4f468ea811976950bc1b,0xE4DD6165bFF7EE73D7932C3b478f7E22431e85E7,2,17.0,1.5437,,,Major League Soccer,CF Montreal vs Inter Miami CF,CF Montreal,Inter Miami CF,0x3390afb147696e3e01fd766347941f9138101935ba7c9286377dfdded65526b6,L19460871,1,0,SUCCESS,1,1784863359,1785022200,32.021903,SXR,
0x83aac86ac6a903ac6a343fb1b44ea2ae972266e329d51bd85bb3e48bf84e9d22,0xE4DD6165bFF7EE73D7932C3b478f7E22431e85E7,1,19.0,1.6825,,,Major League Soccer,CF Montreal vs Inter Miami CF,CF Montreal,Inter Miami CF,0xdaf5f8cc38a85c5de44d551cd2970b19c6b3eeb043f8fe4ee1eb0caa3e62a456,L19460871,1,0,SUCCESS,1,1784862532,1785022200,29.03937,SXR,
0xf349a4a60c3f0ef6b320f497fef2b3e3d35021d632815c3a9abc690ac0d8e3fc,0xe2C68b7ef85645e47F9b94382c3Db59b046945a2,2,65.0,1.7925,,,Major League Soccer,Orlando City vs Nashville SC,Orlando City,Nashville SC,0x4e544b88481a53823d48a54dc4eb8a364e88c4c574045e5d83320cce76cd9d14,L19460882,1,0,SUCCESS,1,1784851834,1785022200,83.036139,SXR,
0x3e0b0c72f954858f9ec8105e724bd625269d8a1d43435005f11d86baaabfe445,0xE4DD6165bFF7EE73D7932C3b478f7E22431e85E7,1,26.0,1.26,,,Major League Soccer,DC United vs Toronto FC,DC United,Toronto FC,0xb1371c8440185734fb7318ab5e832184263a3f9d096f644759411b8188f00cfd,L19460872,1,0,SUCCESS,1,1784847681,1785022200,102.689154,SXR,
0xfcbafd0350d814d62eb1f260a90be750ae5eb5c8449cf06ee9e2230dd253effd,0x7F8CDAF3B3b5de55db9ce39a5742af9b0D2fD8b3,1,36.0,1.4312,,,Major League Soccer,New York Red Bulls vs Charlotte FC,New York Red Bulls,Charlotte FC,0x9598c39fb0af72486063252b2d379bf7b5c93580887080ca0eaed20c6d78a146,L19460456,1,0,SUCCESS,1,1784842070,1785018600,85.345043,SXR,
0x29ac744a2562e7f385a11168fcb16e1b180b8333baa06e50b57e7d663230f18e,0x7F8CDAF3B3b5de55db9ce39a5742af9b0D2fD8b3,1,25.0,1.4087,,,Major League Soccer,FC New York vs Chicago Fire,FC New York,Chicago Fire,0x4440d711629b697d023769c7b2ca65e970798b5965d088fb188c5811d07007f1,L19460873,1,0,SUCCESS,1,1784840861,1785022200,63.086679,SXR,
0x190859e5bbd8966c72db8d17939b0d94174c2df716b6539bf332eb1a400fe2b2,0x7F8CDAF3B3b5de55db9ce39a5742af9b0D2fD8b3,2,18.0,1.405,,,Major League Soccer,Philadelphia Union FC vs Seattle Sounders,Philadelphia Union FC,Seattle Sounders,0x9d21b8e8742babf16de308945a9f73f77785ae12490ee1740ce0bbd11f142cb0,L19460883,1,0,SUCCESS,1,1784836821,1785022200,45.96637,SXR,
0x982120494a18488166b17a7c894a23953ea9ca8da078cbe58884e7bc963e35c8,0x7F8CDAF3B3b5de55db9ce39a5742af9b0D2fD8b3,2,9.0,1.4075,,,Major League Soccer,FC New York vs Chicago Fire,FC New York,Chicago Fire,0xd0e4f4fef8e2a5a73b711de95afe9bfdfeaffc70e151036337dfd40964c4da7a,L19460873,1,0,SUCCESS,1,1784833131,1785022200,23.645546,SXR,
0xfe619ae502d69031bddb728395be22736aee13dae73db3f425968422beb91844,0x7F8CDAF3B3b5de55db9ce39a5742af9b0D2fD8b3,2,15.0,1.3575,,,Major League Soccer,New York Red Bulls vs Charlotte FC,New York Red Bulls,Charlotte FC,0xdd1071b3db95bde7ec0bdb222b00544aff5f1075e17c23b83398138b2e3a2476,L19460456,1,0,SUCCESS,1,1784833116,1785018600,43.98442,SXR,
0xf1498d48c4dc39594c6d9e2e36644780199a7caa36cc8d2c637f2a8711e80c65,0xe2C68b7ef85645e47F9b94382c3Db59b046945a2,2,26.0,1.765,,,Major League Soccer,DC United vs Toronto FC,DC United,Toronto FC,0xc93ef55cd32f10d1918994734bd30d2af9dfcf7176107dd33155b92f7c5c4d8e,L19460872,1,0,SUCCESS,1,1784832121,1785022200,34.893608,SXR,
0x41c22b2fd443c4bcd8f944de6aba86d272d0319638a1e984c5080a68bd5ebc08,0xE4DD6165bFF7EE73D7932C3b478f7E22431e85E7,1,16.0,1.32,,,Major League Soccer,CF Montreal vs Inter Miami CF,CF Montreal,Inter Miami CF,0xc697716942cf6bc38fc67276ebe6c8e09acbc7c67ea392e2ae746f0c4d561efc,L19460871,1,0,SUCCESS,1,1784831918,1785022200,52.058813,SXR,
0x5c8f201b2432e7422cae20123b75743cba4183fa1ebd569fce534958d77fb617,0x7F8CDAF3B3b5de55db9ce39a5742af9b0D2fD8b3,2,9.0,1.4075,,,Major League Soccer,FC New York vs Chicago Fire,FC New York,Chicago Fire,0xd0e4f4fef8e2a5a73b711de95afe9bfdfeaffc70e151036337dfd40964c4da7a,L19460873,1,0,SUCCESS,1,1784826962,1785022200,22.464123,SXR,
0x9585d2ec0d8b0e719143f4cbfd6c7bc4a16288807e9f915051e9bd73db5611bb,0x7F8CDAF3B3b5de55db9ce39a5742af9b0D2fD8b3,1,46.0,1.4087,,,Major League Soccer,FC New York vs Chicago Fire,FC New York,Chicago Fire,0x4440d711629b697d023769c7b2ca65e970798b5965d088fb188c5811d07007f1,L19460873,1,0,SUCCESS,1,1784826261,1785022200,112.845651,SXR,
0x9f83f428c1a53660118d3bbd86076d525c0ab0ec0ff3068b0bdad11e5d9af14b,0x7F8CDAF3B3b5de55db9ce39a5742af9b0D2fD8b3,2,16.0,1.5325,,,Major League Soccer,DC United vs Toronto FC,DC United,Toronto FC,0x5ffd1349e3b23cbdc4cc4047ce2fec1587bf4ed690bb966c3de5de0434d237b4,L19460872,1,0,SUCCESS,1,1784816241,1785022200,31.187155,SXR,
0xb1c2d29d7bfec69c6e10fcc5dd02454df9517fa7f94cd13f1c71011ae9558d13,0x7F8CDAF3B3b5de55db9ce39a5742af9b0D2fD8b3,1,4.0,1.46,,,Major League Soccer,DC United vs Toronto FC,DC United,Toronto FC,0x81dbdca8c016ea1ed1d823a85db4fc0700e5959a4dd466b9b629253c3cbddc90,L19460872,1,0,SUCCESS,1,1784814634,1785022200,9.259239,SXR,
0xd48fd7eed1ee3703404eb2bee9e0bd07f2f7ba81833ae31485628565aacfafb5,0x7F8CDAF3B3b5de55db9ce39a5742af9b0D2fD8b3,1,4.0,1.46,,,Major League Soccer,DC United vs Toronto FC,DC United,Toronto FC,0x81dbdca8c016ea1ed1d823a85db4fc0700e5959a4dd466b9b629253c3cbddc90,L19460872,1,0,SUCCESS,1,1784814632,1785022200,9.259239,SXR,
0xe211c3763bd7868e213df9abc19cecbc062ecd3e33c3e2fadb492ed09d747574,0xE4DD6165bFF7EE73D7932C3b478f7E22431e85E7,1,15.0,1.4612,,,Major League Soccer,DC United vs Toronto FC,DC United,Toronto FC,0x81dbdca8c016ea1ed1d823a85db4fc0700e5959a4dd466b9b629253c3cbddc90,L19460872,1,0,SUCCESS,1,1784814628,1785022200,33.972921,SXR,
0xcfe62cad3521af4d3ed1f3d9c11400c702456c5480c62564c115cbada347bd7e,0xE4DD6165bFF7EE73D7932C3b478f7E22431e85E7,1,12.0,1.4612,,,Major League Soccer,DC United vs Toronto FC,DC United,Toronto FC,0x81dbdca8c016ea1ed1d823a85db4fc0700e5959a4dd466b9b629253c3cbddc90,L19460872,1,0,SUCCESS,1,1784814626,1785022200,26.644965,SXR,
0x8482fd66853d66eaef1a074f30bfd94c06792bd8019965da4d94578353958ca5,0xe2C68b7ef85645e47F9b94382c3Db59b046945a2,2,7.0,1.4812,,,Major League Soccer,DC United vs Toronto FC,DC United,Toronto FC,0xc4a8723c040c6da4d468caa983944c003651cec99d6098687c362d6409aa8821,L19460872,1,0,SUCCESS,1,1784812625,1785022200,16.250597,SXR,
0xfe83f0871f03c88c36b2cb0fa4b403085be8cce987a4c26c8a5b4d4c2782b483,0x8268feC8dCb0D284343054BDf2b649286c9aA0a1,2,51.0,1.3137,,,Major League Soccer,New York Red Bulls vs Charlotte FC,New York Red Bulls,Charlotte FC,0xaf055a3e07d77c99f182a2a17caa4a48ac378558639f8a32226907edac484aae,L19460456,1,0,SUCCESS,1,1784810966,1785018600,162.84153,SXR,
0x36dfc405ec38d9ee8f96423ceb3071411c25902e5207e43466454c3b28fa0fcd,0xe2C68b7ef85645e47F9b94382c3Db59b046945a2,2,2.0,1.3075,,,Major League Soccer,Columbus Crew vs FC Cincinnati,Columbus Crew,FC Cincinnati,0x867ef0c264537d32280ace3c5086944758b9c2c508919fc115a14a5950e5056e,L19460696,1,0,SUCCESS,1,1784807751,1785021300,7.220195,SXR,
0x9c6cf3906d9bafb2283d41684b546aa105b8aec95451d82f9e31ff77c885ea59,0xe2C68b7ef85645e47F9b94382c3Db59b046945a2,2,14.0,1.3075,,,Major League Soccer,Columbus Crew vs FC Cincinnati,Columbus Crew,FC Cincinnati,0x867ef0c264537d32280ace3c5086944758b9c2c508919fc115a14a5950e5056e,L19460696,1,0,SUCCESS,1,1784807730,1785021300,46.194927,SXR,
0x834bcc188b4cbf3f411bbb6e0ee6fde1c515a2c20674b5973d622befeddf1ca7,0xE4DD6165bFF7EE73D7932C3b478f7E22431e85E7,1,16.0,1.4675,,,Major League Soccer,CF Montreal vs Inter Miami CF,CF Montreal,Inter Miami CF,0xfeef7d49a7d2b44054f7c765bc6c0a926c3c42ccf468e85e9ff7ffb2e7450aee,L19460871,1,0,SUCCESS,1,1784791518,1785022200,35.624406,SXR,
0xeb87ee319dd9288ef030e6296b854db91fb481fca525b7e0d0d06a4efd158ac6,0xE4DD6165bFF7EE73D7932C3b478f7E22431e85E7,1,47.0,1.3162,,,Major League Soccer,CF Montreal vs Inter Miami CF,CF Montreal,Inter Miami CF,0x3a2bd917a897d4e0b119285b866cc743f8a5693ccf6513adca47a5259d7f3747,L19460871,1,0,SUCCESS,1,1784782850,1785022200,150.766767,SXR,
0x4d4fb25a69f8873990b6c538886a526547bc6c78738cc5ec64f9f5a503557757,0x7F8CDAF3B3b5de55db9ce39a5742af9b0D2fD8b3,2,36.0,1.6787,,,Major League Soccer,CF Montreal vs Inter Miami CF,CF Montreal,Inter Miami CF,0x3a2bd917a897d4e0b119285b866cc743f8a5693ccf6513adca47a5259d7f3747,L19460871,1,0,SUCCESS,1,1784782818,1785022200,53.571978,SXR,
0x0749e3eb143686e6090a6f2cf50ec5133b774e994e689e902195c0c942026dc7,0x7F8CDAF3B3b5de55db9ce39a5742af9b0D2fD8b3,2,24.0,1.6825,,,Major League Soccer,CF Montreal vs Inter Miami CF,CF Montreal,Inter Miami CF,0xc697716942cf6bc38fc67276ebe6c8e09acbc7c67ea392e2ae746f0c4d561efc,L19460871,1,0,SUCCESS,1,1784782813,1785022200,35.874007,SXR,
0xd779673371d7379ea1bb4d9d5c4a87979036ffcecc020f87dca2ecccd3087043,0xE4DD6165bFF7EE73D7932C3b478f7E22431e85E7,1,33.0,1.3,,,Major League Soccer,CF Montreal vs Inter Miami CF,CF Montreal,Inter Miami CF,0xc697716942cf6bc38fc67276ebe6c8e09acbc7c67ea392e2ae746f0c4d561efc,L19460871,1,0,SUCCESS,1,1784782273,1785022200,110.5333,SXR,
0xf59d9043b97a4a47212c5908a65dc5bb4582f7088efe86529857ff048ec7adcf,0xe2C68b7ef85645e47F9b94382c3Db59b046945a2,1,9.0,1.48,,,Major League Soccer,CF Montreal vs Inter Miami CF,CF Montreal,Inter Miami CF,0xfeef7d49a7d2b44054f7c765bc6c0a926c3c42ccf468e85e9ff7ffb2e7450aee,L19460871,1,0,SUCCESS,1,1784782172,1785022200,20.0,SXR,
0x93b7eba63cd9094aa6fe488270857c4baf316d2c6e4a1a7122b9ecd4fc319d12,0xe2C68b7ef85645e47F9b94382c3Db59b046945a2,1,31.0,1.4737,,,Major League Soccer,CF Montreal vs Inter Miami CF,CF Montreal,Inter Miami CF,0xfeef7d49a7d2b44054f7c765bc6c0a926c3c42ccf468e85e9ff7ffb2e7450aee,L19460871,1,0,SUCCESS,1,1784768605,1785022200,67.420412,SXR,
0x49a4f3f55f1b38667ed8e7c31102f575cb67d4fcb8f5e59371d116f10809193a,0xe2C68b7ef85645e47F9b94382c3Db59b046945a2,1,90.0,1.4737,,,Major League Soccer,CF Montreal vs Inter Miami CF,CF Montreal,Inter Miami CF,0xfeef7d49a7d2b44054f7c765bc6c0a926c3c42ccf468e85e9ff7ffb2e7450aee,L19460871,1,0,SUCCESS,1,1784768269,1785022200,190.014206,SXR,
0x85ca3f1b55746ecf6ef8ee8b706140aa3410622e4c2b00b8596ca70313c07531,0xe2C68b7ef85645e47F9b94382c3Db59b046945a2,1,6.0,1.4725,,,Major League Soccer,CF Montreal vs Inter Miami CF,CF Montreal,Inter Miami CF,0xfeef7d49a7d2b44054f7c765bc6c0a926c3c42ccf468e85e9ff7ffb2e7450aee,L19460871,1,0,SUCCESS,1,1784767735,1785022200,14.814265,SXR,
