gameDate,game,competition,bet,market,betValue,betTime,betAmount,odds,isMarketMaker,wallet
2026-06-27 03:00:00 UTC,Egypt vs Iran,FIFA World Cup ,Over 2.5,Under/Over (2.5),18.0,2026-06-25 16:47:05 UTC,18.0,1.315,Yes,0x8268feC8dCb0D284343054BDf2b649286c9aA0a1
2026-06-25 20:00:00 UTC,Curaçao vs Ivory Coast,FIFA World Cup ,Over 3.0,Under/Over (3),6.0,2026-06-25 16:46:30 UTC,6.0,1.5713,Yes,0xC88F614A48f8A705d7465b03aAF62ddaca0c3754
2026-06-26 02:00:00 UTC,Turkey vs USA,FIFA World Cup ,USA,1X2,2.0,2026-06-25 16:45:27 UTC,2.0,1.5238,Yes,0x8268feC8dCb0D284343054BDf2b649286c9aA0a1
2026-06-27 03:00:00 UTC,Egypt vs Iran,FIFA World Cup ,Egypt -1.5,Asian Handicap (-1.5),0.0,2026-06-25 16:45:23 UTC,0.0,1.1187,Yes,0x8268feC8dCb0D284343054BDf2b649286c9aA0a1
2026-06-27 03:00:00 UTC,Egypt vs Iran,FIFA World Cup ,Over 2.5,Under/Over (2.5),1.0,2026-06-25 16:45:20 UTC,1.0,1.3137,Yes,0x740d5718a79A8559fEeE8B00922F8Cd773A81D84
2026-06-27 23:30:00 UTC,Colombia vs Portugal,FIFA World Cup ,Under 5.5,Under/Over (5.5),58.0,2026-06-25 16:45:14 UTC,58.0,1.9387,Yes,0x740d5718a79A8559fEeE8B00922F8Cd773A81D84
2026-06-28 02:00:00 UTC,Algeria vs Austria,FIFA World Cup ,Over 2.5,Under/Over (2.5),1.0,2026-06-25 16:45:10 UTC,1.0,1.305,Yes,0x8268feC8dCb0D284343054BDf2b649286c9aA0a1
2026-06-28 02:00:00 UTC,Algeria vs Austria,FIFA World Cup ,Over 0.5,Under/Over (0.5),16.0,2026-06-25 16:45:07 UTC,16.0,1.81,Yes,0x8268feC8dCb0D284343054BDf2b649286c9aA0a1
2026-06-28 02:00:00 UTC,Algeria vs Austria,FIFA World Cup ,Over 1.5,Under/Over (1.5),5.0,2026-06-25 16:45:03 UTC,5.0,1.595,Yes,0x8268feC8dCb0D284343054BDf2b649286c9aA0a1
2026-06-28 02:00:00 UTC,Algeria vs Austria,FIFA World Cup ,Austria -1.5,Asian Handicap (1.5),0.0,2026-06-25 16:44:59 UTC,0.0,1.1187,Yes,0x8268feC8dCb0D284343054BDf2b649286c9aA0a1
2026-06-25 23:00:00 UTC,Japan vs Sweden,FIFA World Cup ,Over 2.5,Under/Over (2.5),1.0,2026-06-25 16:44:57 UTC,1.0,1.5012,Yes,0x8268feC8dCb0D284343054BDf2b649286c9aA0a1
2026-06-28 02:00:00 UTC,Algeria vs Austria,FIFA World Cup ,Over 2.5,Under/Over (2.5),1.0,2026-06-25 16:44:56 UTC,1.0,1.305,Yes,0x8268feC8dCb0D284343054BDf2b649286c9aA0a1
2026-06-28 02:00:00 UTC,Algeria vs Austria,FIFA World Cup ,Austria -1.5,Asian Handicap (1.5),0.0,2026-06-25 16:44:53 UTC,0.0,1.1187,Yes,0x8268feC8dCb0D284343054BDf2b649286c9aA0a1
2026-06-27 03:00:00 UTC,Egypt vs Iran,FIFA World Cup ,Over 1.5,Under/Over (1.5),48.0,2026-06-25 16:44:36 UTC,48.0,1.6075,Yes,0x8268feC8dCb0D284343054BDf2b649286c9aA0a1
2026-06-28 02:00:00 UTC,Algeria vs Austria,FIFA World Cup ,Algeria +1.5,Asian Handicap (1.5),49.0,2026-06-25 16:41:31 UTC,49.0,1.8938,Yes,0x85488156a1675CE39D29f15418b1bf15eA79a2a6
2026-06-27 21:00:00 UTC,Panama vs England,FIFA World Cup ,England -5.5,Asian Handicap (5.5),49.0,2026-06-25 16:41:16 UTC,49.0,1.0475,Yes,0x85488156a1675CE39D29f15418b1bf15eA79a2a6
2026-06-25 23:00:00 UTC,Japan vs Sweden,FIFA World Cup ,Not Sweden,1X2,3.0,2026-06-25 16:41:05 UTC,3.0,1.7775,Yes,0x68E1818FF20BBe84F9be9E0A4A395FB11079Bd35
2026-06-25 23:00:00 UTC,Japan vs Sweden,FIFA World Cup ,Not Sweden,1X2,39.0,2026-06-25 16:40:44 UTC,39.0,1.78,Yes,0x81b0690435A7b77c1fE50f311506934127e9De73
2026-06-28 02:00:00 UTC,Algeria vs Austria,FIFA World Cup ,Under 2.5,Under/Over (2.5),49.0,2026-06-25 16:40:43 UTC,49.0,1.885,Yes,0x85488156a1675CE39D29f15418b1bf15eA79a2a6
2026-06-28 02:00:00 UTC,Algeria vs Austria,FIFA World Cup ,Algeria +1.5,Asian Handicap (1.5),48.0,2026-06-25 16:40:21 UTC,48.0,1.8925,Yes,0x85488156a1675CE39D29f15418b1bf15eA79a2a6
2026-06-27 03:00:00 UTC,Egypt vs Iran,FIFA World Cup ,Under 0.5,Under/Over (0.5),0.0,2026-06-25 16:40:20 UTC,0.0,1.235,Yes,0x85488156a1675CE39D29f15418b1bf15eA79a2a6
2026-06-27 00:00:00 UTC,Cape Verde vs Saudi Arabia,FIFA World Cup ,Cape Verde,1X2,0.0,2026-06-25 16:40:12 UTC,0.0,1.3638,Yes,0x68E1818FF20BBe84F9be9E0A4A395FB11079Bd35
2026-06-26 02:00:00 UTC,Turkey vs USA,FIFA World Cup ,Not USA,1X2,0.0,2026-06-25 16:40:09 UTC,0.0,1.4688,Yes,0x0dE776fe723F8121F0cEAF1C9B03f774320c3ef5
2026-06-27 03:00:00 UTC,Egypt vs Iran,FIFA World Cup ,Egypt -1.5,Asian Handicap (-1.5),0.0,2026-06-25 16:39:32 UTC,0.0,1.1475,Yes,0x85488156a1675CE39D29f15418b1bf15eA79a2a6
2026-06-27 23:30:00 UTC,Colombia vs Portugal,FIFA World Cup ,Over 5.5,Under/Over (5.5),49.0,2026-06-25 16:39:31 UTC,49.0,1.09,Yes,0x85488156a1675CE39D29f15418b1bf15eA79a2a6
2026-06-27 03:00:00 UTC,Egypt vs Iran,FIFA World Cup ,Under 2.5,Under/Over (2.5),49.0,2026-06-25 16:39:30 UTC,49.0,1.8363,Yes,0x85488156a1675CE39D29f15418b1bf15eA79a2a6
2026-06-27 23:30:00 UTC,Congo DR vs Uzbekistan,FIFA World Cup ,Congo DR -3.5,Asian Handicap (-3.5),49.0,2026-06-25 16:39:29 UTC,49.0,1.0525,Yes,0x85488156a1675CE39D29f15418b1bf15eA79a2a6
2026-06-27 00:00:00 UTC,Cape Verde vs Saudi Arabia,FIFA World Cup ,Cape Verde,1X2,10.0,2026-06-25 16:39:29 UTC,10.0,1.365,Yes,0x81b0690435A7b77c1fE50f311506934127e9De73
2026-06-27 03:00:00 UTC,Egypt vs Iran,FIFA World Cup ,Egypt -1.5,Asian Handicap (-1.5),0.0,2026-06-25 16:39:27 UTC,0.0,1.1475,Yes,0x85488156a1675CE39D29f15418b1bf15eA79a2a6
2026-06-27 03:00:00 UTC,Egypt vs Iran,FIFA World Cup ,Over 0.5,Under/Over (0.5),18.0,2026-06-25 16:39:22 UTC,18.0,1.8363,Yes,0x740d5718a79A8559fEeE8B00922F8Cd773A81D84
2026-06-26 02:00:00 UTC,Turkey vs USA,FIFA World Cup ,Not USA,1X2,28.0,2026-06-25 16:39:20 UTC,28.0,1.47,Yes,0x85488156a1675CE39D29f15418b1bf15eA79a2a6
2026-06-27 03:00:00 UTC,Egypt vs Iran,FIFA World Cup ,Over 1.5,Under/Over (1.5),5.0,2026-06-25 16:39:19 UTC,5.0,1.6038,Yes,0x740d5718a79A8559fEeE8B00922F8Cd773A81D84
2026-06-27 23:30:00 UTC,Colombia vs Portugal,FIFA World Cup ,Under 5.5,Under/Over (5.5),58.0,2026-06-25 16:39:15 UTC,58.0,1.9387,Yes,0x740d5718a79A8559fEeE8B00922F8Cd773A81D84
2026-06-28 02:00:00 UTC,Algeria vs Austria,FIFA World Cup ,Over 1.5,Under/Over (1.5),5.0,2026-06-25 16:39:08 UTC,5.0,1.5938,Yes,0x740d5718a79A8559fEeE8B00922F8Cd773A81D84
2026-06-25 20:00:00 UTC,Ecuador vs Germany,FIFA World Cup ,Ecuador +2,Asian Handicap (2),38.0,2026-06-25 16:39:07 UTC,38.0,1.7763,Yes,0xC88F614A48f8A705d7465b03aAF62ddaca0c3754
2026-06-28 02:00:00 UTC,Algeria vs Austria,FIFA World Cup ,Over 0.5,Under/Over (0.5),15.0,2026-06-25 16:39:04 UTC,15.0,1.8062,Yes,0x740d5718a79A8559fEeE8B00922F8Cd773A81D84
2026-06-28 02:00:00 UTC,Algeria vs Austria,FIFA World Cup ,Over 2.5,Under/Over (2.5),1.0,2026-06-25 16:39:01 UTC,1.0,1.3037,Yes,0x740d5718a79A8559fEeE8B00922F8Cd773A81D84
2026-06-28 02:00:00 UTC,Algeria vs Austria,FIFA World Cup ,Austria -1.5,Asian Handicap (1.5),0.0,2026-06-25 16:38:57 UTC,0.0,1.1175,Yes,0x740d5718a79A8559fEeE8B00922F8Cd773A81D84
2026-06-27 03:00:00 UTC,Egypt vs Iran,FIFA World Cup ,Iran +1.5,Asian Handicap (-1.5),48.0,2026-06-25 16:38:51 UTC,48.0,1.8613,Yes,0x85488156a1675CE39D29f15418b1bf15eA79a2a6
2026-06-28 02:00:00 UTC,Algeria vs Austria,FIFA World Cup ,Under 1.5,Under/Over (1.5),49.0,2026-06-25 16:38:38 UTC,49.0,1.7075,Yes,0x85488156a1675CE39D29f15418b1bf15eA79a2a6
2026-06-28 02:00:00 UTC,Algeria vs Austria,FIFA World Cup ,Under 0.5,Under/Over (0.5),49.0,2026-06-25 16:38:37 UTC,49.0,1.3113,Yes,0x85488156a1675CE39D29f15418b1bf15eA79a2a6
2026-06-28 02:00:00 UTC,Algeria vs Austria,FIFA World Cup ,Under 2.5,Under/Over (2.5),49.0,2026-06-25 16:38:33 UTC,49.0,1.8875,Yes,0x85488156a1675CE39D29f15418b1bf15eA79a2a6
2026-06-27 03:00:00 UTC,Egypt vs Iran,FIFA World Cup ,Under 1.5,Under/Over (1.5),49.0,2026-06-25 16:38:26 UTC,49.0,1.6225,Yes,0x85488156a1675CE39D29f15418b1bf15eA79a2a6
2026-06-25 20:00:00 UTC,Curaçao vs Ivory Coast,FIFA World Cup ,Under 4.0,Under/Over (4),33.0,2026-06-25 16:38:24 UTC,33.0,1.6887,Yes,0xC88F614A48f8A705d7465b03aAF62ddaca0c3754
2026-06-28 02:00:00 UTC,Algeria vs Austria,FIFA World Cup ,Algeria +1.5,Asian Handicap (1.5),48.0,2026-06-25 16:38:22 UTC,48.0,1.8938,Yes,0x85488156a1675CE39D29f15418b1bf15eA79a2a6
2026-06-27 23:30:00 UTC,Colombia vs Portugal,FIFA World Cup ,Over 5.5,Under/Over (5.5),49.0,2026-06-25 16:38:21 UTC,49.0,1.09,Yes,0x85488156a1675CE39D29f15418b1bf15eA79a2a6
2026-06-27 03:00:00 UTC,Egypt vs Iran,FIFA World Cup ,Under 0.5,Under/Over (0.5),47.0,2026-06-25 16:38:21 UTC,47.0,1.235,Yes,0x85488156a1675CE39D29f15418b1bf15eA79a2a6
2026-06-25 20:00:00 UTC,Curaçao vs Ivory Coast,FIFA World Cup ,Under 3.0,Under/Over (3),21.0,2026-06-25 16:38:18 UTC,21.0,1.4325,Yes,0xC88F614A48f8A705d7465b03aAF62ddaca0c3754
2026-06-27 03:00:00 UTC,Egypt vs Iran,FIFA World Cup ,Under 2.5,Under/Over (2.5),49.0,2026-06-25 16:37:22 UTC,49.0,1.8363,Yes,0x85488156a1675CE39D29f15418b1bf15eA79a2a6
2026-06-27 03:00:00 UTC,Egypt vs Iran,FIFA World Cup ,Iran +1.5,Asian Handicap (-1.5),49.0,2026-06-25 16:37:19 UTC,49.0,1.8613,Yes,0x85488156a1675CE39D29f15418b1bf15eA79a2a6
2026-06-27 03:00:00 UTC,Egypt vs Iran,FIFA World Cup ,Under 1.5,Under/Over (1.5),49.0,2026-06-25 16:37:03 UTC,49.0,1.6225,Yes,0x85488156a1675CE39D29f15418b1bf15eA79a2a6
2026-06-25 20:00:00 UTC,Curaçao vs Ivory Coast,FIFA World Cup ,Curaçao +2,Asian Handicap (2),4.0,2026-06-25 16:36:42 UTC,4.0,1.4412,Yes,0xC88F614A48f8A705d7465b03aAF62ddaca0c3754
2026-06-28 02:00:00 UTC,Algeria vs Austria,FIFA World Cup ,Under 2.5,Under/Over (2.5),49.0,2026-06-25 16:36:40 UTC,49.0,1.8875,Yes,0x85488156a1675CE39D29f15418b1bf15eA79a2a6
2026-06-25 23:00:00 UTC,Tunisia vs Netherlands,FIFA World Cup ,Over 3.5,Under/Over (3.5),0.0,2026-06-25 16:36:40 UTC,0.0,1.5225,Yes,0xF1e5c82790d22aa57B3ec4454818c8e886E9e439
2026-06-25 23:00:00 UTC,Tunisia vs Netherlands,FIFA World Cup ,Over 3.0,Under/Over (3),0.0,2026-06-25 16:36:39 UTC,0.0,1.5225,Yes,0xF1e5c82790d22aa57B3ec4454818c8e886E9e439
2026-06-28 02:00:00 UTC,Algeria vs Austria,FIFA World Cup ,Under 0.5,Under/Over (0.5),49.0,2026-06-25 16:36:35 UTC,49.0,1.3113,Yes,0x85488156a1675CE39D29f15418b1bf15eA79a2a6
2026-06-28 02:00:00 UTC,Algeria vs Austria,FIFA World Cup ,Under 1.5,Under/Over (1.5),49.0,2026-06-25 16:36:30 UTC,49.0,1.7063,Yes,0x85488156a1675CE39D29f15418b1bf15eA79a2a6
2026-06-27 03:00:00 UTC,Egypt vs Iran,FIFA World Cup ,Under 0.5,Under/Over (0.5),2.0,2026-06-25 16:36:19 UTC,2.0,1.235,Yes,0x85488156a1675CE39D29f15418b1bf15eA79a2a6
2026-06-28 02:00:00 UTC,Algeria vs Austria,FIFA World Cup ,Algeria +1.5,Asian Handicap (1.5),49.0,2026-06-25 16:35:59 UTC,49.0,1.8938,Yes,0x85488156a1675CE39D29f15418b1bf15eA79a2a6
2026-06-26 02:00:00 UTC,Turkey vs USA,FIFA World Cup ,USA,1X2,437.0,2026-06-25 16:35:47 UTC,437.0,1.5225,Yes,0x68E1818FF20BBe84F9be9E0A4A395FB11079Bd35
2026-06-27 03:00:00 UTC,Egypt vs Iran,FIFA World Cup ,Iran +1.5,Asian Handicap (-1.5),49.0,2026-06-25 16:35:23 UTC,49.0,1.8613,Yes,0x85488156a1675CE39D29f15418b1bf15eA79a2a6
2026-06-28 02:00:00 UTC,Algeria vs Austria,FIFA World Cup ,Under 0.5,Under/Over (0.5),49.0,2026-06-25 16:35:18 UTC,49.0,1.3113,Yes,0x85488156a1675CE39D29f15418b1bf15eA79a2a6
2026-06-28 02:00:00 UTC,Algeria vs Austria,FIFA World Cup ,Under 2.5,Under/Over (2.5),49.0,2026-06-25 16:35:15 UTC,49.0,1.8875,Yes,0x85488156a1675CE39D29f15418b1bf15eA79a2a6
2026-06-27 03:00:00 UTC,Egypt vs Iran,FIFA World Cup ,Under 2.5,Under/Over (2.5),49.0,2026-06-25 16:35:11 UTC,49.0,1.8363,Yes,0x85488156a1675CE39D29f15418b1bf15eA79a2a6
2026-06-28 02:00:00 UTC,Algeria vs Austria,FIFA World Cup ,Under 1.5,Under/Over (1.5),49.0,2026-06-25 16:35:08 UTC,49.0,1.7063,Yes,0x85488156a1675CE39D29f15418b1bf15eA79a2a6
2026-06-27 03:00:00 UTC,Egypt vs Iran,FIFA World Cup ,Under 1.5,Under/Over (1.5),49.0,2026-06-25 16:35:06 UTC,49.0,1.6225,Yes,0x85488156a1675CE39D29f15418b1bf15eA79a2a6
2026-06-27 03:00:00 UTC,Egypt vs Iran,FIFA World Cup ,Under 0.5,Under/Over (0.5),49.0,2026-06-25 16:35:02 UTC,49.0,1.235,Yes,0x85488156a1675CE39D29f15418b1bf15eA79a2a6
2026-06-26 02:00:00 UTC,Turkey vs USA,FIFA World Cup ,Not USA,1X2,0.0,2026-06-25 16:32:42 UTC,0.0,1.4688,Yes,0x0dE776fe723F8121F0cEAF1C9B03f774320c3ef5
2026-06-25 20:00:00 UTC,Ecuador vs Germany,FIFA World Cup ,Ecuador +1,Asian Handicap (1),1.0,2026-06-25 16:32:40 UTC,1.0,1.5112,Yes,0xC88F614A48f8A705d7465b03aAF62ddaca0c3754
2026-06-25 23:00:00 UTC,Tunisia vs Netherlands,FIFA World Cup ,Tie,1X2,0.0,2026-06-25 16:32:38 UTC,0.0,1.075,Yes,0x8268feC8dCb0D284343054BDf2b649286c9aA0a1
2026-06-28 02:00:00 UTC,Algeria vs Austria,FIFA World Cup ,Tie,1X2,1300.0,2026-06-25 16:31:51 UTC,1300.0,1.4175,Yes,0x8268feC8dCb0D284343054BDf2b649286c9aA0a1
2026-06-26 02:00:00 UTC,Turkey vs USA,FIFA World Cup ,Not USA,1X2,660.0,2026-06-25 16:31:47 UTC,660.0,1.4688,Yes,0xe2C68b7ef85645e47F9b94382c3Db59b046945a2
2026-06-25 20:00:00 UTC,Ecuador vs Germany,FIFA World Cup ,Ecuador +1,Asian Handicap (1),3303.0,2026-06-25 16:31:47 UTC,3303.0,1.5112,Yes,0xB1854fc8aD8ce649EA80D007Fc67d318a239a5DA
2026-06-26 19:00:00 UTC,Norway vs France,FIFA World Cup ,Norway,1X2,0.0,2026-06-25 16:31:45 UTC,0.0,1.1812,Yes,0x68E1818FF20BBe84F9be9E0A4A395FB11079Bd35
2026-06-26 19:00:00 UTC,Norway vs France,FIFA World Cup ,Norway -1.5,Asian Handicap (-1.5),0.0,2026-06-25 16:31:42 UTC,0.0,1.055,Yes,0x8268feC8dCb0D284343054BDf2b649286c9aA0a1
2026-06-26 19:00:00 UTC,Norway vs France,FIFA World Cup ,Norway,1X2,0.0,2026-06-25 16:31:37 UTC,0.0,1.1812,Yes,0x68E1818FF20BBe84F9be9E0A4A395FB11079Bd35
2026-06-26 19:00:00 UTC,Norway vs France,FIFA World Cup ,Not Norway,1X2,4.0,2026-06-25 16:31:36 UTC,4.0,1.815,Yes,0xe2C68b7ef85645e47F9b94382c3Db59b046945a2
2026-06-25 23:00:00 UTC,Tunisia vs Netherlands,FIFA World Cup ,Tie,1X2,10.0,2026-06-25 16:31:33 UTC,10.0,1.08,Yes,0x81b0690435A7b77c1fE50f311506934127e9De73
2026-06-26 19:00:00 UTC,Norway vs France,FIFA World Cup ,Not Norway,1X2,4.0,2026-06-25 16:31:31 UTC,4.0,1.815,Yes,0xe2C68b7ef85645e47F9b94382c3Db59b046945a2
2026-06-26 19:00:00 UTC,Norway vs France,FIFA World Cup ,Norway,1X2,0.0,2026-06-25 16:31:29 UTC,0.0,1.1875,Yes,0x68E1818FF20BBe84F9be9E0A4A395FB11079Bd35
2026-06-26 19:00:00 UTC,Norway vs France,FIFA World Cup ,Norway -1.5,Asian Handicap (-1.5),50.0,2026-06-25 16:31:28 UTC,50.0,1.0625,Yes,0x85488156a1675CE39D29f15418b1bf15eA79a2a6
2026-06-26 19:00:00 UTC,Norway vs France,FIFA World Cup ,Not France,1X2,0.0,2026-06-25 16:31:28 UTC,0.0,1.3912,Yes,0x81b0690435A7b77c1fE50f311506934127e9De73
2026-06-26 19:00:00 UTC,Norway vs France,FIFA World Cup ,Not France,1X2,10.0,2026-06-25 16:31:27 UTC,10.0,1.3912,Yes,0x81b0690435A7b77c1fE50f311506934127e9De73
2026-06-26 19:00:00 UTC,Norway vs France,FIFA World Cup ,Norway,1X2,0.0,2026-06-25 16:31:27 UTC,0.0,1.1912,Yes,0x81b0690435A7b77c1fE50f311506934127e9De73
2026-06-26 19:00:00 UTC,Norway vs France,FIFA World Cup ,Norway,1X2,0.0,2026-06-25 16:31:27 UTC,0.0,1.19,Yes,0x68E1818FF20BBe84F9be9E0A4A395FB11079Bd35
2026-06-26 19:00:00 UTC,Norway vs France,FIFA World Cup ,Norway,1X2,0.0,2026-06-25 16:31:27 UTC,0.0,1.1887,Yes,0x68E1818FF20BBe84F9be9E0A4A395FB11079Bd35
2026-06-26 19:00:00 UTC,Norway vs France,FIFA World Cup ,Norway,1X2,10.0,2026-06-25 16:31:26 UTC,10.0,1.1912,Yes,0x81b0690435A7b77c1fE50f311506934127e9De73
2026-06-26 02:00:00 UTC,Paraguay vs Australia,FIFA World Cup ,Paraguay,1X2,0.0,2026-06-25 16:30:44 UTC,0.0,1.3588,Yes,0x8268feC8dCb0D284343054BDf2b649286c9aA0a1
2026-06-26 02:00:00 UTC,Paraguay vs Australia,FIFA World Cup ,Paraguay,12,30.0,2026-06-25 16:29:55 UTC,30.0,1.6238,Yes,0xC88F614A48f8A705d7465b03aAF62ddaca0c3754
2026-06-26 02:00:00 UTC,Paraguay vs Australia,FIFA World Cup ,Paraguay,1X2,10.0,2026-06-25 16:29:55 UTC,10.0,1.3613,Yes,0x81b0690435A7b77c1fE50f311506934127e9De73
2026-06-26 19:00:00 UTC,Senegal vs Iraq,FIFA World Cup ,Over 6.5,Under/Over (6.5),49.0,2026-06-25 16:28:32 UTC,49.0,1.0788,Yes,0x85488156a1675CE39D29f15418b1bf15eA79a2a6
2026-06-27 23:30:00 UTC,Congo DR vs Uzbekistan,FIFA World Cup ,Congo DR -3.5,Asian Handicap (-3.5),49.0,2026-06-25 16:26:58 UTC,49.0,1.0525,Yes,0x85488156a1675CE39D29f15418b1bf15eA79a2a6
2026-06-27 23:30:00 UTC,Colombia vs Portugal,FIFA World Cup ,Over 5.5,Under/Over (5.5),49.0,2026-06-25 16:26:49 UTC,49.0,1.0875,Yes,0x85488156a1675CE39D29f15418b1bf15eA79a2a6
2026-06-25 20:00:00 UTC,Curaçao vs Ivory Coast,FIFA World Cup ,Under 0.5,Under/Over (0.5),32.0,2026-06-25 16:19:57 UTC,32.0,1.0375,Yes,0xB1854fc8aD8ce649EA80D007Fc67d318a239a5DA
2026-06-25 23:00:00 UTC,Tunisia vs Netherlands,FIFA World Cup ,Tunisia +1.5,Asian Handicap (1.5),10.0,2026-06-25 16:17:55 UTC,10.0,1.2725,Yes,0xe2C68b7ef85645e47F9b94382c3Db59b046945a2
2026-06-26 02:00:00 UTC,Paraguay vs Australia,FIFA World Cup ,Over 1.0,Under/Over (1),20.0,2026-06-25 16:17:41 UTC,20.0,1.7288,Yes,0xC88F614A48f8A705d7465b03aAF62ddaca0c3754
2026-06-26 02:00:00 UTC,Turkey vs USA,FIFA World Cup ,Not Turkey,1X2,37.0,2026-06-25 16:15:42 UTC,37.0,1.7538,Yes,0x68E1818FF20BBe84F9be9E0A4A395FB11079Bd35
2026-06-26 02:00:00 UTC,Turkey vs USA,FIFA World Cup ,Not Turkey,1X2,167.0,2026-06-25 16:15:32 UTC,167.0,1.7538,Yes,0x68E1818FF20BBe84F9be9E0A4A395FB11079Bd35
2026-06-26 02:00:00 UTC,Paraguay vs Australia,FIFA World Cup ,Over 1.0,Under/Over (1),34.0,2026-06-25 16:14:48 UTC,34.0,1.72,Yes,0xC88F614A48f8A705d7465b03aAF62ddaca0c3754
2026-06-25 23:00:00 UTC,Japan vs Sweden,FIFA World Cup ,Sweden,1X2,10.0,2026-06-25 16:09:28 UTC,10.0,1.215,Yes,0x81b0690435A7b77c1fE50f311506934127e9De73
2026-06-25 20:00:00 UTC,Ecuador vs Germany,FIFA World Cup ,Germany -1.5,Asian Handicap (1.5),17.0,2026-06-25 16:09:23 UTC,17.0,1.3625,Yes,0xC88F614A48f8A705d7465b03aAF62ddaca0c3754
2026-06-25 20:00:00 UTC,Ecuador vs Germany,FIFA World Cup ,Germany,12,25.0,2026-06-25 16:08:51 UTC,25.0,1.7625,Yes,0xe2C68b7ef85645e47F9b94382c3Db59b046945a2
2026-06-25 20:00:00 UTC,Curaçao vs Ivory Coast,FIFA World Cup ,Ivory Coast,1X2,29.0,2026-06-25 16:08:44 UTC,29.0,1.8262,Yes,0x81b0690435A7b77c1fE50f311506934127e9De73
2026-06-25 20:00:00 UTC,Ecuador vs Germany,FIFA World Cup ,Ecuador +1.5,Asian Handicap (1.5),222.0,2026-06-25 16:08:41 UTC,222.0,1.6325,Yes,0x8268feC8dCb0D284343054BDf2b649286c9aA0a1
2026-06-25 23:00:00 UTC,Tunisia vs Netherlands,FIFA World Cup ,Netherlands -3,Asian Handicap (3),0.0,2026-06-25 16:08:26 UTC,0.0,1.3575,Yes,0xF1e5c82790d22aa57B3ec4454818c8e886E9e439
2026-06-25 23:00:00 UTC,Tunisia vs Netherlands,FIFA World Cup ,Netherlands -3,Asian Handicap (3),0.0,2026-06-25 16:08:24 UTC,0.0,1.3575,Yes,0xF1e5c82790d22aa57B3ec4454818c8e886E9e439
2026-06-25 23:00:00 UTC,Tunisia vs Netherlands,FIFA World Cup ,Netherlands -3,Asian Handicap (3),0.0,2026-06-25 16:08:08 UTC,0.0,1.3575,Yes,0xF1e5c82790d22aa57B3ec4454818c8e886E9e439
2026-06-25 23:00:00 UTC,Tunisia vs Netherlands,FIFA World Cup ,Netherlands -3,Asian Handicap (3),4639.0,2026-06-25 16:08:07 UTC,4639.0,1.3575,Yes,0xF1e5c82790d22aa57B3ec4454818c8e886E9e439
2026-06-25 20:00:00 UTC,Curaçao vs Ivory Coast,FIFA World Cup ,Ivory Coast,1X2,4.0,2026-06-25 16:04:13 UTC,4.0,1.8262,Yes,0x81b0690435A7b77c1fE50f311506934127e9De73
2026-06-25 20:00:00 UTC,Ecuador vs Germany,FIFA World Cup ,Under 3.0,Under/Over (3),25.0,2026-06-25 16:03:50 UTC,25.0,1.52,Yes,0xC88F614A48f8A705d7465b03aAF62ddaca0c3754
2026-06-25 20:00:00 UTC,Curaçao vs Ivory Coast,FIFA World Cup ,Ivory Coast,1X2,4.0,2026-06-25 16:03:31 UTC,4.0,1.8262,Yes,0x81b0690435A7b77c1fE50f311506934127e9De73
2026-06-25 20:00:00 UTC,Curaçao vs Ivory Coast,FIFA World Cup ,Ivory Coast -3,Asian Handicap (3),66.0,2026-06-25 16:03:26 UTC,66.0,1.2875,Yes,0xe2C68b7ef85645e47F9b94382c3Db59b046945a2
2026-06-25 20:00:00 UTC,Curaçao vs Ivory Coast,FIFA World Cup ,Ivory Coast -3.5,Asian Handicap (3.5),66.0,2026-06-25 16:03:26 UTC,66.0,1.2338,Yes,0xe2C68b7ef85645e47F9b94382c3Db59b046945a2
2026-06-25 20:00:00 UTC,Curaçao vs Ivory Coast,FIFA World Cup ,Over 3.0,Under/Over (3),27.0,2026-06-25 16:03:26 UTC,27.0,1.5625,Yes,0xC88F614A48f8A705d7465b03aAF62ddaca0c3754
2026-06-25 20:00:00 UTC,Curaçao vs Ivory Coast,FIFA World Cup ,Ivory Coast -4.5,Asian Handicap (4.5),65.0,2026-06-25 16:03:25 UTC,65.0,1.1087,Yes,0xe2C68b7ef85645e47F9b94382c3Db59b046945a2
2026-06-25 20:00:00 UTC,Curaçao vs Ivory Coast,FIFA World Cup ,Ivory Coast,1X2,46.0,2026-06-25 16:03:24 UTC,46.0,1.83,Yes,0x29c4c7668B1f9E7B037b36080Ea8682510C66b0e
2026-06-25 20:00:00 UTC,Curaçao vs Ivory Coast,FIFA World Cup ,Not Ivory Coast,1X2,0.0,2026-06-25 16:02:11 UTC,0.0,1.1687,Yes,0x5B3498Cb20C3107B5B267fabd3601B6425BDeb42
2026-06-25 20:00:00 UTC,Curaçao vs Ivory Coast,FIFA World Cup ,Curaçao,1X2,9.0,2026-06-25 15:59:11 UTC,9.0,1.055,Yes,0xB1854fc8aD8ce649EA80D007Fc67d318a239a5DA
2026-06-25 20:00:00 UTC,Curaçao vs Ivory Coast,FIFA World Cup ,Ivory Coast,1X2,15.0,2026-06-25 15:58:19 UTC,15.0,1.83,Yes,0x29c4c7668B1f9E7B037b36080Ea8682510C66b0e
2026-06-25 20:00:00 UTC,Ecuador vs Germany,FIFA World Cup ,Ecuador +1,Asian Handicap (1),10.0,2026-06-25 15:58:03 UTC,10.0,1.5238,Yes,0x57918a3Aa089C9d5364532eDA0fb8821Ab244c39
2026-06-27 00:00:00 UTC,Uruguay vs Spain,FIFA World Cup ,Over 2.5,Under/Over (2.5),0.0,2026-06-25 15:57:44 UTC,0.0,1.4875,Yes,0x85488156a1675CE39D29f15418b1bf15eA79a2a6
2026-06-27 00:00:00 UTC,Uruguay vs Spain,FIFA World Cup ,Over 2.5,Under/Over (2.5),754.0,2026-06-25 15:57:21 UTC,754.0,1.4912,Yes,0x29c4c7668B1f9E7B037b36080Ea8682510C66b0e
2026-06-27 00:00:00 UTC,Uruguay vs Spain,FIFA World Cup ,Over 2.5,Under/Over (2.5),207.0,2026-06-25 15:57:12 UTC,207.0,1.4912,Yes,0x29c4c7668B1f9E7B037b36080Ea8682510C66b0e
2026-06-27 00:00:00 UTC,Uruguay vs Spain,FIFA World Cup ,Over 2.5,Under/Over (2.5),997.0,2026-06-25 15:57:08 UTC,997.0,1.49,Yes,0x0dE776fe723F8121F0cEAF1C9B03f774320c3ef5
2026-06-25 20:00:00 UTC,Curaçao vs Ivory Coast,FIFA World Cup ,Ivory Coast,1X2,62.0,2026-06-25 15:57:04 UTC,62.0,1.8287,Yes,0x85488156a1675CE39D29f15418b1bf15eA79a2a6
2026-06-25 20:00:00 UTC,Ecuador vs Germany,FIFA World Cup ,Not Ecuador,1X2,1027.0,2026-06-25 15:56:06 UTC,1027.0,1.8087,Yes,0x68E1818FF20BBe84F9be9E0A4A395FB11079Bd35
2026-06-26 02:00:00 UTC,Paraguay vs Australia,FIFA World Cup ,Not tie,1X2,1288.0,2026-06-25 15:53:25 UTC,1288.0,1.5737,Yes,0x8268feC8dCb0D284343054BDf2b649286c9aA0a1
2026-06-27 23:30:00 UTC,Colombia vs Portugal,FIFA World Cup ,Under 5.5,Under/Over (5.5),48.0,2026-06-25 15:51:38 UTC,48.0,1.9263,Yes,0xdFC5342F5d4bF9F317c0CBf71121AC6FA92d8fbf
2026-06-25 23:00:00 UTC,Japan vs Sweden,FIFA World Cup ,Not Sweden,1X2,25.0,2026-06-25 15:51:06 UTC,25.0,1.7812,Yes,0x81b0690435A7b77c1fE50f311506934127e9De73
2026-06-27 23:30:00 UTC,Colombia vs Portugal,FIFA World Cup ,Over 5.5,Under/Over (5.5),49.0,2026-06-25 15:50:00 UTC,49.0,1.085,Yes,0x85488156a1675CE39D29f15418b1bf15eA79a2a6
2026-06-26 19:00:00 UTC,Senegal vs Iraq,FIFA World Cup ,Over 6.5,Under/Over (6.5),49.0,2026-06-25 15:48:15 UTC,49.0,1.0788,Yes,0x85488156a1675CE39D29f15418b1bf15eA79a2a6
2026-06-25 20:00:00 UTC,Ecuador vs Germany,FIFA World Cup ,Not Ecuador,1X2,48.0,2026-06-25 15:46:15 UTC,48.0,1.8113,Yes,0x81b0690435A7b77c1fE50f311506934127e9De73
2026-06-25 23:00:00 UTC,Tunisia vs Netherlands,FIFA World Cup ,Over 3.5,Under/Over (3.5),1.0,2026-06-25 15:43:41 UTC,1.0,1.5225,Yes,0xF1e5c82790d22aa57B3ec4454818c8e886E9e439
2026-06-25 23:00:00 UTC,Tunisia vs Netherlands,FIFA World Cup ,Over 3.0,Under/Over (3),1.0,2026-06-25 15:43:41 UTC,1.0,1.5225,Yes,0xF1e5c82790d22aa57B3ec4454818c8e886E9e439
2026-06-25 23:00:00 UTC,Japan vs Sweden,FIFA World Cup ,Over 0.5,Under/Over (0.5),5542.0,2026-06-25 15:40:31 UTC,5542.0,1.93,Yes,0x6d2848aFaa0a22b7E04d8F369d7D2e0317e0a620
2026-06-27 23:30:00 UTC,Colombia vs Portugal,FIFA World Cup ,Over 5.5,Under/Over (5.5),49.0,2026-06-25 15:37:35 UTC,49.0,1.085,Yes,0x85488156a1675CE39D29f15418b1bf15eA79a2a6
2026-06-26 02:00:00 UTC,Turkey vs USA,FIFA World Cup ,Not Turkey,1X2,607.0,2026-06-25 15:34:29 UTC,607.0,1.7512,Yes,0x68E1818FF20BBe84F9be9E0A4A395FB11079Bd35
2026-06-26 19:00:00 UTC,Senegal vs Iraq,FIFA World Cup ,Over 6.5,Under/Over (6.5),49.0,2026-06-25 15:33:59 UTC,49.0,1.0788,Yes,0x85488156a1675CE39D29f15418b1bf15eA79a2a6
2026-06-28 02:00:00 UTC,Algeria vs Austria,FIFA World Cup ,Tie,1X2,358.0,2026-06-25 15:33:07 UTC,358.0,1.4175,Yes,0x5B3498Cb20C3107B5B267fabd3601B6425BDeb42
2026-06-27 00:00:00 UTC,Cape Verde vs Saudi Arabia,FIFA World Cup ,Saudi Arabia,1X2,0.0,2026-06-25 15:32:44 UTC,0.0,1.3413,Yes,0x8268feC8dCb0D284343054BDf2b649286c9aA0a1
2026-06-27 00:00:00 UTC,Cape Verde vs Saudi Arabia,FIFA World Cup ,Saudi Arabia,1X2,0.0,2026-06-25 15:32:43 UTC,0.0,1.3413,Yes,0x8268feC8dCb0D284343054BDf2b649286c9aA0a1
2026-06-28 02:00:00 UTC,Jordan vs Argentina,FIFA World Cup ,Jordan,1X2,1.0,2026-06-25 15:32:02 UTC,1.0,1.0488,Yes,0x68E1818FF20BBe84F9be9E0A4A395FB11079Bd35
2026-06-27 00:00:00 UTC,Cape Verde vs Saudi Arabia,FIFA World Cup ,Saudi Arabia,1X2,214.0,2026-06-25 15:31:49 UTC,214.0,1.345,Yes,0x68E1818FF20BBe84F9be9E0A4A395FB11079Bd35
2026-06-27 00:00:00 UTC,Cape Verde vs Saudi Arabia,FIFA World Cup ,Saudi Arabia,1X2,220.0,2026-06-25 15:31:49 UTC,220.0,1.3438,Yes,0x68E1818FF20BBe84F9be9E0A4A395FB11079Bd35
2026-06-27 00:00:00 UTC,Cape Verde vs Saudi Arabia,FIFA World Cup ,Not Cape Verde,1X2,19.0,2026-06-25 15:31:48 UTC,19.0,1.635,Yes,0x81b0690435A7b77c1fE50f311506934127e9De73
2026-06-28 02:00:00 UTC,Jordan vs Argentina,FIFA World Cup ,Argentina,1X2,292.0,2026-06-25 15:31:22 UTC,292.0,1.825,Yes,0x8268feC8dCb0D284343054BDf2b649286c9aA0a1
2026-06-25 23:00:00 UTC,Tunisia vs Netherlands,FIFA World Cup ,Tunisia +2.5,Asian Handicap (2.5),4.0,2026-06-25 15:30:41 UTC,4.0,1.495,Yes,0x8268feC8dCb0D284343054BDf2b649286c9aA0a1
2026-06-25 23:00:00 UTC,Tunisia vs Netherlands,FIFA World Cup ,Under 2.5,Under/Over (2.5),2.0,2026-06-25 15:30:37 UTC,2.0,1.2963,Yes,0x8268feC8dCb0D284343054BDf2b649286c9aA0a1
2026-06-25 23:00:00 UTC,Japan vs Sweden,FIFA World Cup ,Not Sweden,1X2,14.0,2026-06-25 15:30:34 UTC,14.0,1.7812,Yes,0x81b0690435A7b77c1fE50f311506934127e9De73
2026-06-25 23:00:00 UTC,Tunisia vs Netherlands,FIFA World Cup ,Under 3.5,Under/Over (3.5),5.0,2026-06-25 15:30:31 UTC,5.0,1.5212,Yes,0x8268feC8dCb0D284343054BDf2b649286c9aA0a1
2026-06-25 23:00:00 UTC,Japan vs Sweden,FIFA World Cup ,Not tie,1X2,12.0,2026-06-25 15:30:29 UTC,12.0,1.7188,Yes,0x8268feC8dCb0D284343054BDf2b649286c9aA0a1
2026-06-25 23:00:00 UTC,Japan vs Sweden,FIFA World Cup ,Japan,1X2,4.0,2026-06-25 15:30:26 UTC,4.0,1.5012,Yes,0x8268feC8dCb0D284343054BDf2b649286c9aA0a1
2026-06-25 23:00:00 UTC,Japan vs Sweden,FIFA World Cup ,Not tie,1X2,12.0,2026-06-25 15:30:23 UTC,12.0,1.72,Yes,0x5B3498Cb20C3107B5B267fabd3601B6425BDeb42
2026-06-25 23:00:00 UTC,Japan vs Sweden,FIFA World Cup ,Tie,1X2,0.0,2026-06-25 15:30:02 UTC,0.0,1.275,Yes,0x81b0690435A7b77c1fE50f311506934127e9De73
2026-06-25 23:00:00 UTC,Japan vs Sweden,FIFA World Cup ,Not Japan,1X2,0.0,2026-06-25 15:29:59 UTC,0.0,1.49,Yes,0xF1e5c82790d22aa57B3ec4454818c8e886E9e439
2026-06-25 23:00:00 UTC,Japan vs Sweden,FIFA World Cup ,Tie,1X2,62.0,2026-06-25 15:29:14 UTC,62.0,1.2788,Yes,0x85488156a1675CE39D29f15418b1bf15eA79a2a6
2026-06-25 23:00:00 UTC,Japan vs Sweden,FIFA World Cup ,Not Japan,1X2,841.0,2026-06-25 15:29:14 UTC,841.0,1.4912,Yes,0x68E1818FF20BBe84F9be9E0A4A395FB11079Bd35
2026-06-25 20:00:00 UTC,Ecuador vs Germany,FIFA World Cup ,Ecuador,1X2,131.0,2026-06-25 15:28:15 UTC,131.0,1.18,Yes,0x8268feC8dCb0D284343054BDf2b649286c9aA0a1
2026-06-27 23:30:00 UTC,Colombia vs Portugal,FIFA World Cup ,Over 5.5,Under/Over (5.5),49.0,2026-06-25 15:27:35 UTC,49.0,1.09,Yes,0x85488156a1675CE39D29f15418b1bf15eA79a2a6
2026-06-26 19:00:00 UTC,Senegal vs Iraq,FIFA World Cup ,Over 6.5,Under/Over (6.5),49.0,2026-06-25 15:27:32 UTC,49.0,1.0788,Yes,0x85488156a1675CE39D29f15418b1bf15eA79a2a6
2026-06-25 23:00:00 UTC,Japan vs Sweden,FIFA World Cup ,Tie,1X2,0.0,2026-06-25 15:26:35 UTC,0.0,1.275,Yes,0x81b0690435A7b77c1fE50f311506934127e9De73
2026-06-25 23:00:00 UTC,Tunisia vs Netherlands,FIFA World Cup ,Over 3.5,Under/Over (3.5),0.0,2026-06-25 15:26:32 UTC,0.0,1.465,Yes,0xF1e5c82790d22aa57B3ec4454818c8e886E9e439
2026-06-25 23:00:00 UTC,Tunisia vs Netherlands,FIFA World Cup ,Over 3.5,Under/Over (3.5),0.0,2026-06-25 15:26:31 UTC,0.0,1.465,Yes,0xF1e5c82790d22aa57B3ec4454818c8e886E9e439
2026-06-25 23:00:00 UTC,Japan vs Sweden,FIFA World Cup ,Sweden,1X2,0.0,2026-06-25 15:26:28 UTC,0.0,1.2138,Yes,0x68E1818FF20BBe84F9be9E0A4A395FB11079Bd35
2026-06-25 23:00:00 UTC,Japan vs Sweden,FIFA World Cup ,Sweden,1X2,0.0,2026-06-25 15:26:26 UTC,0.0,1.2138,Yes,0x68E1818FF20BBe84F9be9E0A4A395FB11079Bd35
2026-06-26 19:00:00 UTC,Senegal vs Iraq,FIFA World Cup ,Over 6.5,Under/Over (6.5),49.0,2026-06-25 15:26:22 UTC,49.0,1.0788,Yes,0x85488156a1675CE39D29f15418b1bf15eA79a2a6
2026-06-25 23:00:00 UTC,Japan vs Sweden,FIFA World Cup ,Tie,1X2,62.0,2026-06-25 15:26:13 UTC,62.0,1.2788,Yes,0x85488156a1675CE39D29f15418b1bf15eA79a2a6
2026-06-25 20:00:00 UTC,Curaçao vs Ivory Coast,FIFA World Cup ,Not Ivory Coast,1X2,2.0,2026-06-25 15:26:00 UTC,2.0,1.1675,Yes,0x8268feC8dCb0D284343054BDf2b649286c9aA0a1
2026-06-25 23:00:00 UTC,Tunisia vs Netherlands,FIFA World Cup ,Over 3.5,Under/Over (3.5),62.0,2026-06-25 15:25:58 UTC,62.0,1.4675,Yes,0x29c4c7668B1f9E7B037b36080Ea8682510C66b0e
2026-06-25 23:00:00 UTC,Tunisia vs Netherlands,FIFA World Cup ,Over 3.5,Under/Over (3.5),62.0,2026-06-25 15:25:52 UTC,62.0,1.4663,Yes,0x85488156a1675CE39D29f15418b1bf15eA79a2a6
2026-06-25 23:00:00 UTC,Japan vs Sweden,FIFA World Cup ,Not Sweden,1X2,221.0,2026-06-25 15:25:43 UTC,221.0,1.78,Yes,0x8268feC8dCb0D284343054BDf2b649286c9aA0a1
2026-06-25 23:00:00 UTC,Japan vs Sweden,FIFA World Cup ,Sweden,1X2,51.0,2026-06-25 15:25:41 UTC,51.0,1.2188,Yes,0x85488156a1675CE39D29f15418b1bf15eA79a2a6
2026-06-25 23:00:00 UTC,Japan vs Sweden,FIFA World Cup ,Sweden,1X2,10.0,2026-06-25 15:25:39 UTC,10.0,1.2188,Yes,0x85488156a1675CE39D29f15418b1bf15eA79a2a6
2026-06-25 23:00:00 UTC,Tunisia vs Netherlands,FIFA World Cup ,Over 2.5,Under/Over (2.5),62.0,2026-06-25 15:25:31 UTC,62.0,1.6913,Yes,0x29c4c7668B1f9E7B037b36080Ea8682510C66b0e
2026-06-25 23:00:00 UTC,Tunisia vs Netherlands,FIFA World Cup ,Over 2.5,Under/Over (2.5),62.0,2026-06-25 15:25:28 UTC,62.0,1.69,Yes,0x85488156a1675CE39D29f15418b1bf15eA79a2a6
2026-06-25 23:00:00 UTC,Tunisia vs Netherlands,FIFA World Cup ,Netherlands -2.5,Asian Handicap (2.5),62.0,2026-06-25 15:25:27 UTC,62.0,1.4875,Yes,0x85488156a1675CE39D29f15418b1bf15eA79a2a6
2026-06-25 20:00:00 UTC,Curaçao vs Ivory Coast,FIFA World Cup ,Under 2.5,Under/Over (2.5),2.0,2026-06-25 15:25:05 UTC,2.0,1.335,Yes,0x8268feC8dCb0D284343054BDf2b649286c9aA0a1
2026-06-25 23:00:00 UTC,Japan vs Sweden,FIFA World Cup ,Not tie,1X2,12.0,2026-06-25 15:25:02 UTC,12.0,1.72,Yes,0x5B3498Cb20C3107B5B267fabd3601B6425BDeb42
2026-06-25 20:00:00 UTC,Curaçao vs Ivory Coast,FIFA World Cup ,Curaçao,1X2,11.0,2026-06-25 15:25:02 UTC,11.0,1.0575,Yes,0xB1854fc8aD8ce649EA80D007Fc67d318a239a5DA
2026-06-25 20:00:00 UTC,Ecuador vs Germany,FIFA World Cup ,Ecuador +3,Asian Handicap (3),65.0,2026-06-25 15:24:55 UTC,65.0,1.9062,Yes,0xe2C68b7ef85645e47F9b94382c3Db59b046945a2
2026-06-25 20:00:00 UTC,Ecuador vs Germany,FIFA World Cup ,Under 3.0,Under/Over (3),9.0,2026-06-25 15:24:22 UTC,9.0,1.5162,Yes,0x8268feC8dCb0D284343054BDf2b649286c9aA0a1
2026-06-25 20:00:00 UTC,Ecuador vs Germany,FIFA World Cup ,Germany -1,Asian Handicap (1),23.0,2026-06-25 15:24:09 UTC,23.0,1.4737,Yes,0xB1854fc8aD8ce649EA80D007Fc67d318a239a5DA
2026-06-25 20:00:00 UTC,Curaçao vs Ivory Coast,FIFA World Cup ,Not Curaçao,1X2,37.0,2026-06-25 15:23:55 UTC,37.0,1.9413,Yes,0x81b0690435A7b77c1fE50f311506934127e9De73
2026-06-26 19:00:00 UTC,Senegal vs Iraq,FIFA World Cup ,Over 6.5,Under/Over (6.5),49.0,2026-06-25 15:23:22 UTC,49.0,1.0788,Yes,0x85488156a1675CE39D29f15418b1bf15eA79a2a6
2026-06-25 20:00:00 UTC,Ecuador vs Germany,FIFA World Cup ,Under 5.5,Under/Over (5.5),4500.0,2026-06-25 15:23:16 UTC,4500.0,1.9087,Yes,0x92A743B3Bd65F4B27721f66421fBAEaA68c9d7bC
2026-06-25 23:00:00 UTC,Japan vs Sweden,FIFA World Cup ,Tie,1X2,0.0,2026-06-25 15:22:53 UTC,0.0,1.2737,Yes,0x81b0690435A7b77c1fE50f311506934127e9De73
2026-06-27 21:00:00 UTC,Panama vs England,FIFA World Cup ,Panama,1X2,0.0,2026-06-25 15:22:49 UTC,0.0,1.0437,Yes,0xe2C68b7ef85645e47F9b94382c3Db59b046945a2
2026-06-25 20:00:00 UTC,Ecuador vs Germany,FIFA World Cup ,Not Germany,1X2,77.0,2026-06-25 15:22:43 UTC,77.0,1.3825,Yes,0xCA4D33FDc027b726Cf77C1B3E542BBD64183c4eD
2026-06-25 23:00:00 UTC,Japan vs Sweden,FIFA World Cup ,Tie,1X2,62.0,2026-06-25 15:22:20 UTC,62.0,1.2788,Yes,0x85488156a1675CE39D29f15418b1bf15eA79a2a6
2026-06-27 21:00:00 UTC,Panama vs England,FIFA World Cup ,Not England,1X2,0.0,2026-06-25 15:22:17 UTC,0.0,1.1562,Yes,0x8268feC8dCb0D284343054BDf2b649286c9aA0a1
2026-06-25 20:00:00 UTC,Curaçao vs Ivory Coast,FIFA World Cup ,Over 2.5,Under/Over (2.5),7.0,2026-06-25 15:21:19 UTC,7.0,1.6587,Yes,0x29c4c7668B1f9E7B037b36080Ea8682510C66b0e
2026-06-25 20:00:00 UTC,Curaçao vs Ivory Coast,FIFA World Cup ,Over 2.5,Under/Over (2.5),31.0,2026-06-25 15:21:04 UTC,31.0,1.6587,Yes,0x29c4c7668B1f9E7B037b36080Ea8682510C66b0e
2026-06-25 20:00:00 UTC,Curaçao vs Ivory Coast,FIFA World Cup ,Over 2.5,Under/Over (2.5),21.0,2026-06-25 15:21:01 UTC,21.0,1.6562,Yes,0x29c4c7668B1f9E7B037b36080Ea8682510C66b0e
2026-06-25 20:00:00 UTC,Curaçao vs Ivory Coast,FIFA World Cup ,Over 2.5,Under/Over (2.5),62.0,2026-06-25 15:21:00 UTC,62.0,1.6575,Yes,0x85488156a1675CE39D29f15418b1bf15eA79a2a6
2026-06-25 23:00:00 UTC,Japan vs Sweden,FIFA World Cup ,Not Sweden,1X2,20.0,2026-06-25 15:20:58 UTC,20.0,1.78,Yes,0x81b0690435A7b77c1fE50f311506934127e9De73
2026-06-25 20:00:00 UTC,Curaçao vs Ivory Coast,FIFA World Cup ,Under 4.5,Under/Over (4.5),13.0,2026-06-25 15:19:46 UTC,13.0,1.74,Yes,0x8268feC8dCb0D284343054BDf2b649286c9aA0a1
2026-06-25 20:00:00 UTC,Curaçao vs Ivory Coast,FIFA World Cup ,Under 2.5,Under/Over (2.5),2.0,2026-06-25 15:19:43 UTC,2.0,1.3362,Yes,0xC88F614A48f8A705d7465b03aAF62ddaca0c3754
2026-06-25 23:00:00 UTC,Japan vs Sweden,FIFA World Cup ,Japan,1X2,3.0,2026-06-25 15:19:39 UTC,3.0,1.5025,Yes,0x4A9D959770C77f6A06aAEC44f296f4dCDE2CAdc3
2026-06-25 20:00:00 UTC,Curaçao vs Ivory Coast,FIFA World Cup ,Over 5.5,Under/Over (5.5),0.0,2026-06-25 15:19:32 UTC,0.0,1.1238,Yes,0xB1854fc8aD8ce649EA80D007Fc67d318a239a5DA
2026-06-25 20:00:00 UTC,Curaçao vs Ivory Coast,FIFA World Cup ,Over 2.5,Under/Over (2.5),1.0,2026-06-25 15:19:30 UTC,1.0,1.6562,Yes,0x29c4c7668B1f9E7B037b36080Ea8682510C66b0e
2026-06-25 20:00:00 UTC,Curaçao vs Ivory Coast,FIFA World Cup ,Over 4.5,Under/Over (4.5),0.0,2026-06-25 15:19:27 UTC,0.0,1.2463,Yes,0xC88F614A48f8A705d7465b03aAF62ddaca0c3754
2026-06-25 20:00:00 UTC,Curaçao vs Ivory Coast,FIFA World Cup ,Not tie,1X2,14.0,2026-06-25 15:19:13 UTC,14.0,1.8813,Yes,0xe2C68b7ef85645e47F9b94382c3Db59b046945a2
2026-06-25 20:00:00 UTC,Curaçao vs Ivory Coast,FIFA World Cup ,Over 5.5,Under/Over (5.5),37.0,2026-06-25 15:18:40 UTC,37.0,1.125,Yes,0x85488156a1675CE39D29f15418b1bf15eA79a2a6
2026-06-25 20:00:00 UTC,Curaçao vs Ivory Coast,FIFA World Cup ,Over 2.5,Under/Over (2.5),51.0,2026-06-25 15:18:40 UTC,51.0,1.655,Yes,0x85488156a1675CE39D29f15418b1bf15eA79a2a6
2026-06-25 20:00:00 UTC,Curaçao vs Ivory Coast,FIFA World Cup ,Over 4.5,Under/Over (4.5),62.0,2026-06-25 15:18:39 UTC,62.0,1.2512,Yes,0x85488156a1675CE39D29f15418b1bf15eA79a2a6
2026-06-25 20:00:00 UTC,Curaçao vs Ivory Coast,FIFA World Cup ,Over 3.0,Under/Over (3),27.0,2026-06-25 15:18:39 UTC,27.0,1.5663,Yes,0xC88F614A48f8A705d7465b03aAF62ddaca0c3754
2026-06-25 20:00:00 UTC,Curaçao vs Ivory Coast,FIFA World Cup ,Not tie,1X2,19.0,2026-06-25 15:18:06 UTC,19.0,1.8813,Yes,0xe2C68b7ef85645e47F9b94382c3Db59b046945a2
2026-06-25 23:00:00 UTC,Tunisia vs Netherlands,FIFA World Cup ,Tunisia,1X2,0.0,2026-06-25 15:17:52 UTC,0.0,1.0288,Yes,0x68E1818FF20BBe84F9be9E0A4A395FB11079Bd35
2026-06-25 23:00:00 UTC,Japan vs Sweden,FIFA World Cup ,Sweden +0.5,Asian Handicap (-0.5),0.0,2026-06-25 15:17:43 UTC,0.0,1.49,Yes,0xF1e5c82790d22aa57B3ec4454818c8e886E9e439
2026-06-25 23:00:00 UTC,Japan vs Sweden,FIFA World Cup ,Not Japan,1X2,0.0,2026-06-25 15:17:40 UTC,0.0,1.49,Yes,0xF1e5c82790d22aa57B3ec4454818c8e886E9e439
2026-06-25 23:00:00 UTC,Japan vs Sweden,FIFA World Cup ,Not Japan,1X2,21.0,2026-06-25 15:17:24 UTC,21.0,1.49,Yes,0xF1e5c82790d22aa57B3ec4454818c8e886E9e439
2026-06-25 23:00:00 UTC,Tunisia vs Netherlands,FIFA World Cup ,Netherlands -4.5,Asian Handicap (4.5),0.0,2026-06-25 15:17:13 UTC,0.0,1.1338,Yes,0xe2C68b7ef85645e47F9b94382c3Db59b046945a2
2026-06-25 20:00:00 UTC,Ecuador vs Germany,FIFA World Cup ,Not tie,1X2,197.0,2026-06-25 15:17:08 UTC,197.0,1.8062,Yes,0x482F6e1660743ed7ba8dE917Df36835BB5e1aA00
2026-06-25 23:00:00 UTC,Japan vs Sweden,FIFA World Cup ,Not Japan,1X2,226.0,2026-06-25 15:17:03 UTC,226.0,1.4912,Yes,0xe2C68b7ef85645e47F9b94382c3Db59b046945a2
2026-06-25 23:00:00 UTC,Japan vs Sweden,FIFA World Cup ,Not Japan,1X2,348.0,2026-06-25 15:17:03 UTC,348.0,1.4912,Yes,0xe2C68b7ef85645e47F9b94382c3Db59b046945a2
2026-06-25 23:00:00 UTC,Japan vs Sweden,FIFA World Cup ,Sweden +0.5,Asian Handicap (-0.5),66.0,2026-06-25 15:17:03 UTC,66.0,1.4912,Yes,0xe2C68b7ef85645e47F9b94382c3Db59b046945a2
2026-06-25 23:00:00 UTC,Japan vs Sweden,FIFA World Cup ,Under 5.5,Under/Over (5.5),65.0,2026-06-25 15:16:30 UTC,65.0,1.935,Yes,0xe2C68b7ef85645e47F9b94382c3Db59b046945a2
2026-06-25 23:00:00 UTC,Japan vs Sweden,FIFA World Cup ,Not Japan,1X2,36.0,2026-06-25 15:16:27 UTC,36.0,1.4912,Yes,0xe2C68b7ef85645e47F9b94382c3Db59b046945a2
2026-06-25 23:00:00 UTC,Japan vs Sweden,FIFA World Cup ,Not tie,1X2,12.0,2026-06-25 15:14:20 UTC,12.0,1.72,Yes,0x8268feC8dCb0D284343054BDf2b649286c9aA0a1
2026-06-25 20:00:00 UTC,Curaçao vs Ivory Coast,FIFA World Cup ,Curaçao,1X2,5.0,2026-06-25 15:14:06 UTC,5.0,1.055,Yes,0x740d5718a79A8559fEeE8B00922F8Cd773A81D84
2026-06-25 23:00:00 UTC,Japan vs Sweden,FIFA World Cup ,Not Japan,1X2,24.0,2026-06-25 15:13:51 UTC,24.0,1.4912,Yes,0xe2C68b7ef85645e47F9b94382c3Db59b046945a2
2026-06-25 23:00:00 UTC,Japan vs Sweden,FIFA World Cup ,Not Japan,1X2,24.0,2026-06-25 15:13:08 UTC,24.0,1.4912,Yes,0xe2C68b7ef85645e47F9b94382c3Db59b046945a2
2026-06-25 20:00:00 UTC,Curaçao vs Ivory Coast,FIFA World Cup ,Ivory Coast,1X2,53.0,2026-06-25 15:11:52 UTC,53.0,1.8313,Yes,0x81b0690435A7b77c1fE50f311506934127e9De73
2026-06-25 20:00:00 UTC,Ecuador vs Germany,FIFA World Cup ,Under 3.0,Under/Over (3),18.0,2026-06-25 15:11:33 UTC,18.0,1.5188,Yes,0xC88F614A48f8A705d7465b03aAF62ddaca0c3754
2026-06-25 20:00:00 UTC,Ecuador vs Germany,FIFA World Cup ,Not Germany,1X2,0.0,2026-06-25 15:11:09 UTC,0.0,1.3762,Yes,0xe2C68b7ef85645e47F9b94382c3Db59b046945a2
2026-06-25 23:00:00 UTC,Japan vs Sweden,FIFA World Cup ,Tie,1X2,0.0,2026-06-25 15:10:21 UTC,0.0,1.2775,Yes,0x81b0690435A7b77c1fE50f311506934127e9De73
2026-06-25 23:00:00 UTC,Japan vs Sweden,FIFA World Cup ,Tie,1X2,62.0,2026-06-25 15:10:08 UTC,62.0,1.2788,Yes,0x85488156a1675CE39D29f15418b1bf15eA79a2a6
2026-06-25 23:00:00 UTC,Japan vs Sweden,FIFA World Cup ,Not Japan,1X2,15.0,2026-06-25 15:09:29 UTC,15.0,1.4912,Yes,0xe2C68b7ef85645e47F9b94382c3Db59b046945a2
2026-06-25 20:00:00 UTC,Curaçao vs Ivory Coast,FIFA World Cup ,Not Ivory Coast,1X2,3.0,2026-06-25 15:09:20 UTC,3.0,1.17,Yes,0x81b0690435A7b77c1fE50f311506934127e9De73
2026-06-25 20:00:00 UTC,Curaçao vs Ivory Coast,FIFA World Cup ,Not Ivory Coast,1X2,7.0,2026-06-25 15:09:13 UTC,7.0,1.17,Yes,0x81b0690435A7b77c1fE50f311506934127e9De73
2026-06-25 23:00:00 UTC,Japan vs Sweden,FIFA World Cup ,Not tie,1X2,12.0,2026-06-25 15:09:05 UTC,12.0,1.72,Yes,0x5B3498Cb20C3107B5B267fabd3601B6425BDeb42
2026-06-25 20:00:00 UTC,Curaçao vs Ivory Coast,FIFA World Cup ,Under 6.5,Under/Over (6.5),96.0,2026-06-25 15:07:52 UTC,96.0,1.9387,Yes,0x8268feC8dCb0D284343054BDf2b649286c9aA0a1
2026-06-25 23:00:00 UTC,Japan vs Sweden,FIFA World Cup ,Tie,1X2,62.0,2026-06-25 15:07:13 UTC,62.0,1.2788,Yes,0x85488156a1675CE39D29f15418b1bf15eA79a2a6
2026-06-25 20:00:00 UTC,Ecuador vs Germany,FIFA World Cup ,Ecuador +1,Asian Handicap (1),25.0,2026-06-25 15:05:20 UTC,25.0,1.5188,Yes,0xC88F614A48f8A705d7465b03aAF62ddaca0c3754
2026-06-25 20:00:00 UTC,Ecuador vs Germany,FIFA World Cup ,Germany -0.5,Asian Handicap (0.5),2.0,2026-06-25 15:04:49 UTC,2.0,1.6138,Yes,0xC88F614A48f8A705d7465b03aAF62ddaca0c3754
2026-06-25 20:00:00 UTC,Ecuador vs Germany,FIFA World Cup ,Germany -0.5,Asian Handicap (0.5),19.0,2026-06-25 15:04:23 UTC,19.0,1.6138,Yes,0xC88F614A48f8A705d7465b03aAF62ddaca0c3754
2026-06-25 20:00:00 UTC,Ecuador vs Germany,FIFA World Cup ,Germany -0.5,Asian Handicap (0.5),9.0,2026-06-25 15:03:56 UTC,9.0,1.6138,Yes,0xC88F614A48f8A705d7465b03aAF62ddaca0c3754
2026-06-25 20:00:00 UTC,Curaçao vs Ivory Coast,FIFA World Cup ,Curaçao,1X2,0.0,2026-06-25 15:03:49 UTC,0.0,1.0525,Yes,0x8268feC8dCb0D284343054BDf2b649286c9aA0a1
2026-06-25 20:00:00 UTC,Curaçao vs Ivory Coast,FIFA World Cup ,Curaçao,1X2,0.0,2026-06-25 15:03:47 UTC,0.0,1.0525,Yes,0x8268feC8dCb0D284343054BDf2b649286c9aA0a1
2026-06-25 20:00:00 UTC,Ecuador vs Germany,FIFA World Cup ,Germany -0.5,Asian Handicap (0.5),19.0,2026-06-25 15:03:46 UTC,19.0,1.6138,Yes,0xC88F614A48f8A705d7465b03aAF62ddaca0c3754
2026-06-25 23:00:00 UTC,Japan vs Sweden,FIFA World Cup ,Not tie,1X2,12.0,2026-06-25 15:03:45 UTC,12.0,1.72,Yes,0x8268feC8dCb0D284343054BDf2b649286c9aA0a1
2026-06-25 23:00:00 UTC,Japan vs Sweden,FIFA World Cup ,Japan,1X2,2.0,2026-06-25 15:03:43 UTC,2.0,1.5038,Yes,0x8268feC8dCb0D284343054BDf2b649286c9aA0a1
2026-06-25 23:00:00 UTC,Japan vs Sweden,FIFA World Cup ,Not Japan,1X2,30.0,2026-06-25 15:03:30 UTC,30.0,1.49,Yes,0x85488156a1675CE39D29f15418b1bf15eA79a2a6
2026-06-25 23:00:00 UTC,Tunisia vs Netherlands,FIFA World Cup ,Not tie,1X2,57.0,2026-06-25 15:03:27 UTC,57.0,1.9163,Yes,0x81b0690435A7b77c1fE50f311506934127e9De73
2026-06-25 20:00:00 UTC,Ecuador vs Germany,FIFA World Cup ,Ecuador,1X2,10.0,2026-06-25 15:02:54 UTC,10.0,1.1825,Yes,0x81b0690435A7b77c1fE50f311506934127e9De73
2026-06-25 20:00:00 UTC,Curaçao vs Ivory Coast,FIFA World Cup ,Not Curaçao,1X2,21.0,2026-06-25 15:02:40 UTC,21.0,1.945,Yes,0x85488156a1675CE39D29f15418b1bf15eA79a2a6
2026-06-25 20:00:00 UTC,Curaçao vs Ivory Coast,FIFA World Cup ,Not Curaçao,1X2,41.0,2026-06-25 15:02:39 UTC,41.0,1.945,Yes,0x85488156a1675CE39D29f15418b1bf15eA79a2a6
2026-06-25 20:00:00 UTC,Curaçao vs Ivory Coast,FIFA World Cup ,Over 3.0,Under/Over (3),28.0,2026-06-25 15:02:31 UTC,28.0,1.5787,Yes,0xC88F614A48f8A705d7465b03aAF62ddaca0c3754
2026-06-25 20:00:00 UTC,Curaçao vs Ivory Coast,FIFA World Cup ,Under 3.5,Under/Over (3.5),0.0,2026-06-25 15:02:29 UTC,0.0,1.4825,Yes,0xe2C68b7ef85645e47F9b94382c3Db59b046945a2
2026-06-25 20:00:00 UTC,Curaçao vs Ivory Coast,FIFA World Cup ,Under 3.0,Under/Over (3),0.0,2026-06-25 15:02:29 UTC,0.0,1.4825,Yes,0xe2C68b7ef85645e47F9b94382c3Db59b046945a2
2026-06-27 03:00:00 UTC,New Zealand vs Belgium,FIFA World Cup ,Belgium -4,Asian Handicap (4),0.0,2026-06-25 15:01:31 UTC,0.0,1.125,Yes,0xe2C68b7ef85645e47F9b94382c3Db59b046945a2
2026-06-27 03:00:00 UTC,New Zealand vs Belgium,FIFA World Cup ,Belgium -4,Asian Handicap (4),65.0,2026-06-25 15:01:20 UTC,65.0,1.1313,Yes,0xe2C68b7ef85645e47F9b94382c3Db59b046945a2
2026-06-25 20:00:00 UTC,Curaçao vs Ivory Coast,FIFA World Cup ,Ivory Coast,1X2,4.0,2026-06-25 15:00:24 UTC,4.0,1.8262,Yes,0x81b0690435A7b77c1fE50f311506934127e9De73
2026-06-25 20:00:00 UTC,Curaçao vs Ivory Coast,FIFA World Cup ,Ivory Coast,1X2,4.0,2026-06-25 15:00:18 UTC,4.0,1.8262,Yes,0x81b0690435A7b77c1fE50f311506934127e9De73
2026-06-25 20:00:00 UTC,Curaçao vs Ivory Coast,FIFA World Cup ,Not Ivory Coast,1X2,9.0,2026-06-25 14:59:59 UTC,9.0,1.17,Yes,0x81b0690435A7b77c1fE50f311506934127e9De73
2026-06-26 02:00:00 UTC,Paraguay vs Australia,FIFA World Cup ,Not tie,1X2,386.0,2026-06-25 14:59:40 UTC,386.0,1.5737,Yes,0x8268feC8dCb0D284343054BDf2b649286c9aA0a1
2026-06-25 23:00:00 UTC,Japan vs Sweden,FIFA World Cup ,Tie,1X2,0.0,2026-06-25 14:59:03 UTC,0.0,1.2737,Yes,0x81b0690435A7b77c1fE50f311506934127e9De73
2026-06-25 20:00:00 UTC,Ecuador vs Germany,FIFA World Cup ,Germany -1.5,Asian Handicap (1.5),55.0,2026-06-25 14:58:59 UTC,55.0,1.35,Yes,0x740d5718a79A8559fEeE8B00922F8Cd773A81D84
2026-06-26 02:00:00 UTC,Paraguay vs Australia,FIFA World Cup ,Not tie,1X2,1005.0,2026-06-25 14:58:35 UTC,1005.0,1.5737,Yes,0x8268feC8dCb0D284343054BDf2b649286c9aA0a1
2026-06-25 23:00:00 UTC,Japan vs Sweden,FIFA World Cup ,Tie,1X2,62.0,2026-06-25 14:58:34 UTC,62.0,1.2788,Yes,0x85488156a1675CE39D29f15418b1bf15eA79a2a6
2026-06-25 23:00:00 UTC,Japan vs Sweden,FIFA World Cup ,Not tie,1X2,11.0,2026-06-25 14:58:29 UTC,11.0,1.72,Yes,0x8268feC8dCb0D284343054BDf2b649286c9aA0a1
2026-06-27 00:00:00 UTC,Cape Verde vs Saudi Arabia,FIFA World Cup ,Saudi Arabia +1,Asian Handicap (-1),15.0,2026-06-25 14:58:27 UTC,15.0,1.8,Yes,0xe2C68b7ef85645e47F9b94382c3Db59b046945a2
2026-06-26 02:00:00 UTC,Paraguay vs Australia,FIFA World Cup ,Not tie,1X2,10.0,2026-06-25 14:57:40 UTC,10.0,1.575,Yes,0x90555F35378305Ad562A29916D311a0e1C741A32
2026-06-25 20:00:00 UTC,Ecuador vs Germany,FIFA World Cup ,Over 2.0,Under/Over (2),37.0,2026-06-25 14:56:56 UTC,37.0,1.7538,Yes,0xC88F614A48f8A705d7465b03aAF62ddaca0c3754
2026-06-27 00:00:00 UTC,Cape Verde vs Saudi Arabia,FIFA World Cup ,Saudi Arabia,1X2,0.0,2026-06-25 14:56:54 UTC,0.0,1.345,Yes,0x68E1818FF20BBe84F9be9E0A4A395FB11079Bd35
2026-06-27 00:00:00 UTC,Cape Verde vs Saudi Arabia,FIFA World Cup ,Saudi Arabia,1X2,0.0,2026-06-25 14:56:52 UTC,0.0,1.345,Yes,0x68E1818FF20BBe84F9be9E0A4A395FB11079Bd35
2026-06-27 00:00:00 UTC,Cape Verde vs Saudi Arabia,FIFA World Cup ,Saudi Arabia,1X2,0.0,2026-06-25 14:56:51 UTC,0.0,1.345,Yes,0x68E1818FF20BBe84F9be9E0A4A395FB11079Bd35
2026-06-26 02:00:00 UTC,Paraguay vs Australia,FIFA World Cup ,Not tie,1X2,603.0,2026-06-25 14:56:50 UTC,603.0,1.5762,Yes,0x68E1818FF20BBe84F9be9E0A4A395FB11079Bd35
2026-06-27 00:00:00 UTC,Cape Verde vs Saudi Arabia,FIFA World Cup ,Saudi Arabia,1X2,0.0,2026-06-25 14:56:49 UTC,0.0,1.345,Yes,0x68E1818FF20BBe84F9be9E0A4A395FB11079Bd35
2026-06-27 00:00:00 UTC,Cape Verde vs Saudi Arabia,FIFA World Cup ,Saudi Arabia,1X2,0.0,2026-06-25 14:56:47 UTC,0.0,1.345,Yes,0x68E1818FF20BBe84F9be9E0A4A395FB11079Bd35
2026-06-27 00:00:00 UTC,Cape Verde vs Saudi Arabia,FIFA World Cup ,Saudi Arabia,1X2,68.0,2026-06-25 14:56:39 UTC,68.0,1.3462,Yes,0x68E1818FF20BBe84F9be9E0A4A395FB11079Bd35
2026-06-25 23:00:00 UTC,Japan vs Sweden,FIFA World Cup ,Not Sweden,1X2,19.0,2026-06-25 14:56:16 UTC,19.0,1.7812,Yes,0x81b0690435A7b77c1fE50f311506934127e9De73
2026-06-27 00:00:00 UTC,Cape Verde vs Saudi Arabia,FIFA World Cup ,Saudi Arabia,1X2,170.0,2026-06-25 14:56:11 UTC,170.0,1.3462,Yes,0x68E1818FF20BBe84F9be9E0A4A395FB11079Bd35
2026-06-27 00:00:00 UTC,Cape Verde vs Saudi Arabia,FIFA World Cup ,Saudi Arabia,1X2,37.0,2026-06-25 14:56:02 UTC,37.0,1.3475,Yes,0x68E1818FF20BBe84F9be9E0A4A395FB11079Bd35
2026-06-27 00:00:00 UTC,Cape Verde vs Saudi Arabia,FIFA World Cup ,Saudi Arabia,1X2,151.0,2026-06-25 14:56:00 UTC,151.0,1.3475,Yes,0x68E1818FF20BBe84F9be9E0A4A395FB11079Bd35
2026-06-27 00:00:00 UTC,Cape Verde vs Saudi Arabia,FIFA World Cup ,Saudi Arabia,1X2,36.0,2026-06-25 14:55:59 UTC,36.0,1.3475,Yes,0x68E1818FF20BBe84F9be9E0A4A395FB11079Bd35
2026-06-27 00:00:00 UTC,Cape Verde vs Saudi Arabia,FIFA World Cup ,Saudi Arabia,1X2,0.0,2026-06-25 14:55:58 UTC,0.0,1.3475,Yes,0x68E1818FF20BBe84F9be9E0A4A395FB11079Bd35
2026-06-27 00:00:00 UTC,Cape Verde vs Saudi Arabia,FIFA World Cup ,Saudi Arabia,1X2,0.0,2026-06-25 14:55:56 UTC,0.0,1.3475,Yes,0x68E1818FF20BBe84F9be9E0A4A395FB11079Bd35
2026-06-27 00:00:00 UTC,Cape Verde vs Saudi Arabia,FIFA World Cup ,Saudi Arabia,1X2,0.0,2026-06-25 14:55:55 UTC,0.0,1.3475,Yes,0x68E1818FF20BBe84F9be9E0A4A395FB11079Bd35
2026-06-27 00:00:00 UTC,Cape Verde vs Saudi Arabia,FIFA World Cup ,Saudi Arabia,1X2,0.0,2026-06-25 14:55:53 UTC,0.0,1.3475,Yes,0x68E1818FF20BBe84F9be9E0A4A395FB11079Bd35
2026-06-27 00:00:00 UTC,Cape Verde vs Saudi Arabia,FIFA World Cup ,Saudi Arabia,1X2,0.0,2026-06-25 14:55:51 UTC,0.0,1.3475,Yes,0x68E1818FF20BBe84F9be9E0A4A395FB11079Bd35
2026-06-27 00:00:00 UTC,Cape Verde vs Saudi Arabia,FIFA World Cup ,Saudi Arabia,1X2,230.0,2026-06-25 14:55:35 UTC,230.0,1.3487,Yes,0x68E1818FF20BBe84F9be9E0A4A395FB11079Bd35
2026-06-25 20:00:00 UTC,Ecuador vs Germany,FIFA World Cup ,Over 2.0,Under/Over (2),37.0,2026-06-25 14:55:34 UTC,37.0,1.7538,Yes,0xC88F614A48f8A705d7465b03aAF62ddaca0c3754
2026-06-27 00:00:00 UTC,Cape Verde vs Saudi Arabia,FIFA World Cup ,Saudi Arabia,1X2,240.0,2026-06-25 14:55:28 UTC,240.0,1.35,Yes,0x68E1818FF20BBe84F9be9E0A4A395FB11079Bd35
2026-06-27 00:00:00 UTC,Cape Verde vs Saudi Arabia,FIFA World Cup ,Saudi Arabia,1X2,420.0,2026-06-25 14:55:20 UTC,420.0,1.3513,Yes,0xe2C68b7ef85645e47F9b94382c3Db59b046945a2
2026-06-27 00:00:00 UTC,Cape Verde vs Saudi Arabia,FIFA World Cup ,Saudi Arabia,1X2,228.0,2026-06-25 14:55:20 UTC,228.0,1.35,Yes,0x68E1818FF20BBe84F9be9E0A4A395FB11079Bd35
2026-06-25 20:00:00 UTC,Ecuador vs Germany,FIFA World Cup ,Over 2.0,Under/Over (2),37.0,2026-06-25 14:55:16 UTC,37.0,1.7538,Yes,0xC88F614A48f8A705d7465b03aAF62ddaca0c3754
2026-06-27 00:00:00 UTC,Cape Verde vs Saudi Arabia,FIFA World Cup ,Saudi Arabia,1X2,226.0,2026-06-25 14:55:14 UTC,226.0,1.3513,Yes,0x68E1818FF20BBe84F9be9E0A4A395FB11079Bd35
2026-06-27 00:00:00 UTC,Cape Verde vs Saudi Arabia,FIFA World Cup ,Cape Verde -1,Asian Handicap (-1),49.0,2026-06-25 14:54:55 UTC,49.0,1.1963,Yes,0x29c4c7668B1f9E7B037b36080Ea8682510C66b0e
2026-06-27 00:00:00 UTC,Cape Verde vs Saudi Arabia,FIFA World Cup ,Cape Verde -1,Asian Handicap (-1),49.0,2026-06-25 14:54:50 UTC,49.0,1.195,Yes,0x85488156a1675CE39D29f15418b1bf15eA79a2a6
2026-06-25 23:00:00 UTC,Tunisia vs Netherlands,FIFA World Cup ,Tunisia +2.5,Asian Handicap (2.5),25.0,2026-06-25 14:54:47 UTC,25.0,1.5063,Yes,0xC88F614A48f8A705d7465b03aAF62ddaca0c3754
2026-06-25 20:00:00 UTC,Ecuador vs Germany,FIFA World Cup ,Not Ecuador,1X2,92.0,2026-06-25 14:54:36 UTC,92.0,1.81,Yes,0x740d5718a79A8559fEeE8B00922F8Cd773A81D84
2026-06-25 23:00:00 UTC,Japan vs Sweden,FIFA World Cup ,Japan,1X2,7.0,2026-06-25 14:54:33 UTC,7.0,1.5038,Yes,0x81b0690435A7b77c1fE50f311506934127e9De73
2026-06-25 23:00:00 UTC,Japan vs Sweden,FIFA World Cup ,Tie,1X2,60.0,2026-06-25 14:54:14 UTC,60.0,1.2788,Yes,0x85488156a1675CE39D29f15418b1bf15eA79a2a6
2026-06-25 20:00:00 UTC,Ecuador vs Germany,FIFA World Cup ,Not tie,1X2,44.0,2026-06-25 14:53:55 UTC,44.0,1.8013,Yes,0x81b0690435A7b77c1fE50f311506934127e9De73
2026-06-27 00:00:00 UTC,Cape Verde vs Saudi Arabia,FIFA World Cup ,Cape Verde,1X2,1.0,2026-06-25 14:53:29 UTC,1.0,1.3638,Yes,0x68E1818FF20BBe84F9be9E0A4A395FB11079Bd35
2026-06-27 00:00:00 UTC,Cape Verde vs Saudi Arabia,FIFA World Cup ,Cape Verde,1X2,198.0,2026-06-25 14:53:28 UTC,198.0,1.3638,Yes,0x68E1818FF20BBe84F9be9E0A4A395FB11079Bd35
2026-06-25 20:00:00 UTC,Ecuador vs Germany,FIFA World Cup ,Over 3.0,Under/Over (3),2.0,2026-06-25 14:52:48 UTC,2.0,1.4763,Yes,0xC88F614A48f8A705d7465b03aAF62ddaca0c3754
2026-06-25 20:00:00 UTC,Ecuador vs Germany,FIFA World Cup ,Over 3.0,Under/Over (3),21.0,2026-06-25 14:52:44 UTC,21.0,1.4763,Yes,0xC88F614A48f8A705d7465b03aAF62ddaca0c3754
2026-06-25 20:00:00 UTC,Ecuador vs Germany,FIFA World Cup ,Ecuador +1,Asian Handicap (1),25.0,2026-06-25 14:51:59 UTC,25.0,1.52,Yes,0xC88F614A48f8A705d7465b03aAF62ddaca0c3754
2026-06-25 20:00:00 UTC,Ecuador vs Germany,FIFA World Cup ,Germany 0,Asian Handicap (0),37.0,2026-06-25 14:51:48 UTC,37.0,1.7675,Yes,0xC88F614A48f8A705d7465b03aAF62ddaca0c3754
2026-06-25 20:00:00 UTC,Ecuador vs Germany,FIFA World Cup ,Germany,12,27.0,2026-06-25 14:51:48 UTC,27.0,1.7675,Yes,0xC88F614A48f8A705d7465b03aAF62ddaca0c3754
2026-06-25 20:00:00 UTC,Ecuador vs Germany,FIFA World Cup ,Germany -1.5,Asian Handicap (1.5),159.0,2026-06-25 14:51:48 UTC,159.0,1.3513,Yes,0x8268feC8dCb0D284343054BDf2b649286c9aA0a1
2026-06-25 20:00:00 UTC,Ecuador vs Germany,FIFA World Cup ,Tie,1X2,112.0,2026-06-25 14:51:47 UTC,112.0,1.1925,Yes,0x4A9D959770C77f6A06aAEC44f296f4dCDE2CAdc3
2026-06-25 20:00:00 UTC,Ecuador vs Germany,FIFA World Cup ,Germany -2.5,Asian Handicap (2.5),7.0,2026-06-25 14:51:01 UTC,7.0,1.1825,Yes,0x8268feC8dCb0D284343054BDf2b649286c9aA0a1
2026-06-25 20:00:00 UTC,Ecuador vs Germany,FIFA World Cup ,Germany -1.5,Asian Handicap (1.5),439.0,2026-06-25 14:51:01 UTC,439.0,1.3513,Yes,0x8268feC8dCb0D284343054BDf2b649286c9aA0a1
2026-06-25 20:00:00 UTC,Ecuador vs Germany,FIFA World Cup ,Germany -1,Asian Handicap (1),23.0,2026-06-25 14:50:59 UTC,23.0,1.4788,Yes,0xC88F614A48f8A705d7465b03aAF62ddaca0c3754
2026-06-25 23:00:00 UTC,Tunisia vs Netherlands,FIFA World Cup ,Tunisia +2.5,Asian Handicap (2.5),24.0,2026-06-25 14:50:44 UTC,24.0,1.5063,Yes,0xC88F614A48f8A705d7465b03aAF62ddaca0c3754
2026-06-25 23:00:00 UTC,Tunisia vs Netherlands,FIFA World Cup ,Tunisia +2.5,Asian Handicap (2.5),24.0,2026-06-25 14:50:16 UTC,24.0,1.5063,Yes,0xC88F614A48f8A705d7465b03aAF62ddaca0c3754
2026-06-27 00:00:00 UTC,Cape Verde vs Saudi Arabia,FIFA World Cup ,Cape Verde,1X2,0.0,2026-06-25 14:49:57 UTC,0.0,1.37,Yes,0x0dE776fe723F8121F0cEAF1C9B03f774320c3ef5
2026-06-27 00:00:00 UTC,Cape Verde vs Saudi Arabia,FIFA World Cup ,Cape Verde,1X2,0.0,2026-06-25 14:49:54 UTC,0.0,1.37,Yes,0x0dE776fe723F8121F0cEAF1C9B03f774320c3ef5
2026-06-27 00:00:00 UTC,Cape Verde vs Saudi Arabia,FIFA World Cup ,Cape Verde,1X2,0.0,2026-06-25 14:49:53 UTC,0.0,1.37,Yes,0x0dE776fe723F8121F0cEAF1C9B03f774320c3ef5
2026-06-25 20:00:00 UTC,Ecuador vs Germany,FIFA World Cup ,Over 3.0,Under/Over (3),23.0,2026-06-25 14:49:53 UTC,23.0,1.4712,Yes,0xC88F614A48f8A705d7465b03aAF62ddaca0c3754
2026-06-25 23:00:00 UTC,Tunisia vs Netherlands,FIFA World Cup ,Tunisia +2.5,Asian Handicap (2.5),25.0,2026-06-25 14:49:47 UTC,25.0,1.5063,Yes,0xC88F614A48f8A705d7465b03aAF62ddaca0c3754
2026-06-27 00:00:00 UTC,Cape Verde vs Saudi Arabia,FIFA World Cup ,Cape Verde,1X2,398.0,2026-06-25 14:49:42 UTC,398.0,1.3713,Yes,0x29c4c7668B1f9E7B037b36080Ea8682510C66b0e
2026-06-25 20:00:00 UTC,Ecuador vs Germany,FIFA World Cup ,Over 3.0,Under/Over (3),23.0,2026-06-25 14:49:37 UTC,23.0,1.4712,Yes,0xC88F614A48f8A705d7465b03aAF62ddaca0c3754
2026-06-27 00:00:00 UTC,Cape Verde vs Saudi Arabia,FIFA World Cup ,Cape Verde,1X2,0.0,2026-06-25 14:49:35 UTC,0.0,1.3713,Yes,0x68E1818FF20BBe84F9be9E0A4A395FB11079Bd35
2026-06-27 00:00:00 UTC,Cape Verde vs Saudi Arabia,FIFA World Cup ,Cape Verde,1X2,252.0,2026-06-25 14:49:35 UTC,252.0,1.3713,Yes,0x68E1818FF20BBe84F9be9E0A4A395FB11079Bd35
2026-06-25 23:00:00 UTC,Japan vs Sweden,FIFA World Cup ,Tie,1X2,0.0,2026-06-25 14:48:14 UTC,0.0,1.2788,Yes,0x85488156a1675CE39D29f15418b1bf15eA79a2a6
2026-06-27 00:00:00 UTC,Cape Verde vs Saudi Arabia,FIFA World Cup ,Cape Verde,1X2,0.0,2026-06-25 14:48:13 UTC,0.0,1.3713,Yes,0x68E1818FF20BBe84F9be9E0A4A395FB11079Bd35
2026-06-25 20:00:00 UTC,Ecuador vs Germany,FIFA World Cup ,Germany,12,10.0,2026-06-25 14:48:05 UTC,10.0,1.7675,Yes,0xC88F614A48f8A705d7465b03aAF62ddaca0c3754
2026-06-25 20:00:00 UTC,Ecuador vs Germany,FIFA World Cup ,Germany -1,Asian Handicap (1),0.0,2026-06-25 14:48:04 UTC,0.0,1.4838,Yes,0xC88F614A48f8A705d7465b03aAF62ddaca0c3754
2026-06-25 20:00:00 UTC,Ecuador vs Germany,FIFA World Cup ,Not Germany,1X2,5.0,2026-06-25 14:48:01 UTC,5.0,1.3738,Yes,0x68E1818FF20BBe84F9be9E0A4A395FB11079Bd35
2026-06-25 20:00:00 UTC,Ecuador vs Germany,FIFA World Cup ,Not Germany,1X2,8.0,2026-06-25 14:47:59 UTC,8.0,1.3738,Yes,0x68E1818FF20BBe84F9be9E0A4A395FB11079Bd35
2026-06-25 23:00:00 UTC,Japan vs Sweden,FIFA World Cup ,Not tie,1X2,9.0,2026-06-25 14:47:58 UTC,9.0,1.7188,Yes,0x8268feC8dCb0D284343054BDf2b649286c9aA0a1
2026-06-27 00:00:00 UTC,Cape Verde vs Saudi Arabia,FIFA World Cup ,Cape Verde,1X2,247.0,2026-06-25 14:47:44 UTC,247.0,1.3725,Yes,0x68E1818FF20BBe84F9be9E0A4A395FB11079Bd35
2026-06-25 23:00:00 UTC,Japan vs Sweden,FIFA World Cup ,Tie,1X2,0.0,2026-06-25 14:47:22 UTC,0.0,1.2788,Yes,0x85488156a1675CE39D29f15418b1bf15eA79a2a6
2026-06-25 23:00:00 UTC,Japan vs Sweden,FIFA World Cup ,Tie,1X2,62.0,2026-06-25 14:46:36 UTC,62.0,1.28,Yes,0x29c4c7668B1f9E7B037b36080Ea8682510C66b0e
2026-06-25 23:00:00 UTC,Japan vs Sweden,FIFA World Cup ,Tie,1X2,0.0,2026-06-25 14:46:32 UTC,0.0,1.2788,Yes,0x85488156a1675CE39D29f15418b1bf15eA79a2a6
2026-06-25 23:00:00 UTC,Japan vs Sweden,FIFA World Cup ,Tie,1X2,0.0,2026-06-25 14:46:31 UTC,0.0,1.2788,Yes,0x85488156a1675CE39D29f15418b1bf15eA79a2a6
2026-06-25 20:00:00 UTC,Ecuador vs Germany,FIFA World Cup ,Tie,1X2,10.0,2026-06-25 14:46:09 UTC,10.0,1.195,Yes,0x81b0690435A7b77c1fE50f311506934127e9De73
2026-06-25 23:00:00 UTC,Japan vs Sweden,FIFA World Cup ,Tie,1X2,49.0,2026-06-25 14:45:53 UTC,49.0,1.28,Yes,0x29c4c7668B1f9E7B037b36080Ea8682510C66b0e
2026-06-25 23:00:00 UTC,Japan vs Sweden,FIFA World Cup ,Tie,1X2,49.0,2026-06-25 14:45:47 UTC,49.0,1.2788,Yes,0x85488156a1675CE39D29f15418b1bf15eA79a2a6
2026-06-25 23:00:00 UTC,Tunisia vs Netherlands,FIFA World Cup ,Under 2.5,Under/Over (2.5),2.0,2026-06-25 14:42:40 UTC,2.0,1.3,Yes,0x8268feC8dCb0D284343054BDf2b649286c9aA0a1
2026-06-25 23:00:00 UTC,Tunisia vs Netherlands,FIFA World Cup ,Tie,1X2,0.0,2026-06-25 14:42:23 UTC,0.0,1.0837,Yes,0xe2C68b7ef85645e47F9b94382c3Db59b046945a2
2026-06-25 23:00:00 UTC,Tunisia vs Netherlands,FIFA World Cup ,Over 2.5,Under/Over (2.5),62.0,2026-06-25 14:41:52 UTC,62.0,1.695,Yes,0x85488156a1675CE39D29f15418b1bf15eA79a2a6
2026-06-25 23:00:00 UTC,Tunisia vs Netherlands,FIFA World Cup ,Tie,1X2,9.0,2026-06-25 14:41:44 UTC,9.0,1.085,Yes,0x81b0690435A7b77c1fE50f311506934127e9De73
2026-06-25 20:00:00 UTC,Curaçao vs Ivory Coast,FIFA World Cup ,Curaçao,1X2,11.0,2026-06-25 14:40:09 UTC,11.0,1.0562,Yes,0x81b0690435A7b77c1fE50f311506934127e9De73
2026-06-25 20:00:00 UTC,Curaçao vs Ivory Coast,FIFA World Cup ,Not Curaçao,1X2,85.0,2026-06-25 14:39:44 UTC,85.0,1.9438,Yes,0x81b0690435A7b77c1fE50f311506934127e9De73
2026-06-26 02:00:00 UTC,Paraguay vs Australia,FIFA World Cup ,Under 2.0,Under/Over (2),1.0,2026-06-25 14:36:43 UTC,1.0,1.5975,Yes,0xF1e5c82790d22aa57B3ec4454818c8e886E9e439
2026-06-26 02:00:00 UTC,Paraguay vs Australia,FIFA World Cup ,Under 2.0,Under/Over (2),818.0,2026-06-25 14:36:17 UTC,818.0,1.5975,Yes,0xF1e5c82790d22aa57B3ec4454818c8e886E9e439
2026-06-25 20:00:00 UTC,Ecuador vs Germany,FIFA World Cup ,Germany,12,37.0,2026-06-25 14:35:42 UTC,37.0,1.7675,Yes,0xC88F614A48f8A705d7465b03aAF62ddaca0c3754
2026-06-25 20:00:00 UTC,Ecuador vs Germany,FIFA World Cup ,Germany,1X2,79.0,2026-06-25 14:34:26 UTC,79.0,1.62,Yes,0x8268feC8dCb0D284343054BDf2b649286c9aA0a1
2026-06-25 20:00:00 UTC,Ecuador vs Germany,FIFA World Cup ,Not tie,1X2,44.0,2026-06-25 14:33:14 UTC,44.0,1.8,Yes,0x81b0690435A7b77c1fE50f311506934127e9De73
2026-06-25 20:00:00 UTC,Ecuador vs Germany,FIFA World Cup ,Under 2.5,Under/Over (2.5),19.0,2026-06-25 14:32:48 UTC,19.0,1.405,Yes,0xC88F614A48f8A705d7465b03aAF62ddaca0c3754
2026-06-25 20:00:00 UTC,Ecuador vs Germany,FIFA World Cup ,Under 4.0,Under/Over (4),37.0,2026-06-25 14:32:48 UTC,37.0,1.7688,Yes,0xC88F614A48f8A705d7465b03aAF62ddaca0c3754
2026-06-26 02:00:00 UTC,Turkey vs USA,FIFA World Cup ,USA,1X2,1312.0,2026-06-25 14:32:47 UTC,1312.0,1.5137,Yes,0x8268feC8dCb0D284343054BDf2b649286c9aA0a1
2026-06-25 20:00:00 UTC,Ecuador vs Germany,FIFA World Cup ,Under 3.0,Under/Over (3),26.0,2026-06-25 14:32:40 UTC,26.0,1.5362,Yes,0xC88F614A48f8A705d7465b03aAF62ddaca0c3754
2026-06-25 20:00:00 UTC,Ecuador vs Germany,FIFA World Cup ,Under 2.0,Under/Over (2),12.0,2026-06-25 14:32:39 UTC,12.0,1.2563,Yes,0xC88F614A48f8A705d7465b03aAF62ddaca0c3754
2026-06-25 20:00:00 UTC,Curaçao vs Ivory Coast,FIFA World Cup ,Over 4.5,Under/Over (4.5),1.0,2026-06-25 14:32:11 UTC,1.0,1.2425,Yes,0xB1854fc8aD8ce649EA80D007Fc67d318a239a5DA
2026-06-26 02:00:00 UTC,Turkey vs USA,FIFA World Cup ,Turkey +1,Asian Handicap (1),30.0,2026-06-25 14:31:53 UTC,30.0,1.6225,Yes,0xC88F614A48f8A705d7465b03aAF62ddaca0c3754
2026-06-25 20:00:00 UTC,Curaçao vs Ivory Coast,FIFA World Cup ,Not Curaçao,1X2,34.0,2026-06-25 14:31:50 UTC,34.0,1.945,Yes,0x81b0690435A7b77c1fE50f311506934127e9De73
2026-06-25 20:00:00 UTC,Curaçao vs Ivory Coast,FIFA World Cup ,Ivory Coast -3,Asian Handicap (3),29.0,2026-06-25 14:31:24 UTC,29.0,1.2888,Yes,0xe2C68b7ef85645e47F9b94382c3Db59b046945a2
2026-06-26 02:00:00 UTC,Paraguay vs Australia,FIFA World Cup ,Under 2.0,Under/Over (2),1.0,2026-06-25 14:31:21 UTC,1.0,1.5975,Yes,0xF1e5c82790d22aa57B3ec4454818c8e886E9e439
2026-06-26 02:00:00 UTC,Paraguay vs Australia,FIFA World Cup ,Under 2.0,Under/Over (2),869.0,2026-06-25 14:31:08 UTC,869.0,1.5975,Yes,0xF1e5c82790d22aa57B3ec4454818c8e886E9e439
2026-06-27 21:00:00 UTC,Croatia vs Ghana,FIFA World Cup ,Not Croatia,1X2,515.0,2026-06-25 14:30:55 UTC,515.0,1.4537,Yes,0x8268feC8dCb0D284343054BDf2b649286c9aA0a1
2026-06-25 20:00:00 UTC,Curaçao vs Ivory Coast,FIFA World Cup ,Under 4.5,Under/Over (4.5),62.0,2026-06-25 14:30:24 UTC,62.0,1.75,Yes,0x85488156a1675CE39D29f15418b1bf15eA79a2a6
2026-06-25 20:00:00 UTC,Curaçao vs Ivory Coast,FIFA World Cup ,Curaçao,1X2,77.0,2026-06-25 14:29:47 UTC,77.0,1.0525,Yes,0xB1854fc8aD8ce649EA80D007Fc67d318a239a5DA
2026-06-25 23:00:00 UTC,Tunisia vs Netherlands,FIFA World Cup ,Tunisia,1X2,0.0,2026-06-25 14:29:42 UTC,0.0,1.0288,Yes,0x68E1818FF20BBe84F9be9E0A4A395FB11079Bd35
2026-06-27 21:00:00 UTC,Croatia vs Ghana,FIFA World Cup ,Not Croatia,1X2,103.0,2026-06-25 14:29:22 UTC,103.0,1.4537,Yes,0x8268feC8dCb0D284343054BDf2b649286c9aA0a1
2026-06-25 23:00:00 UTC,Tunisia vs Netherlands,FIFA World Cup ,Tunisia,1X2,10.0,2026-06-25 14:29:13 UTC,10.0,1.03,Yes,0x81b0690435A7b77c1fE50f311506934127e9De73
2026-06-25 20:00:00 UTC,Ecuador vs Germany,FIFA World Cup ,Not Germany,1X2,11.0,2026-06-25 14:28:58 UTC,11.0,1.3738,Yes,0x68E1818FF20BBe84F9be9E0A4A395FB11079Bd35
2026-06-25 20:00:00 UTC,Ecuador vs Germany,FIFA World Cup ,Not Germany,1X2,28.0,2026-06-25 14:28:57 UTC,28.0,1.3738,Yes,0x68E1818FF20BBe84F9be9E0A4A395FB11079Bd35
2026-06-25 20:00:00 UTC,Ecuador vs Germany,FIFA World Cup ,Not Germany,1X2,3.0,2026-06-25 14:28:56 UTC,3.0,1.3738,Yes,0x68E1818FF20BBe84F9be9E0A4A395FB11079Bd35
2026-06-25 20:00:00 UTC,Ecuador vs Germany,FIFA World Cup ,Not Germany,1X2,30.0,2026-06-25 14:28:55 UTC,30.0,1.3738,Yes,0x68E1818FF20BBe84F9be9E0A4A395FB11079Bd35
2026-06-25 20:00:00 UTC,Ecuador vs Germany,FIFA World Cup ,Germany,1X2,3504.0,2026-06-25 14:28:24 UTC,3504.0,1.62,Yes,0x8268feC8dCb0D284343054BDf2b649286c9aA0a1
2026-06-25 20:00:00 UTC,Ecuador vs Germany,FIFA World Cup ,Germany,1X2,67.0,2026-06-25 14:27:57 UTC,67.0,1.6187,Yes,0x4A9D959770C77f6A06aAEC44f296f4dCDE2CAdc3
2026-06-25 20:00:00 UTC,Curaçao vs Ivory Coast,FIFA World Cup ,Over 4.5,Under/Over (4.5),1.0,2026-06-25 14:26:56 UTC,1.0,1.2412,Yes,0xe2C68b7ef85645e47F9b94382c3Db59b046945a2
2026-06-25 23:00:00 UTC,Japan vs Sweden,FIFA World Cup ,Over 3.0,Under/Over (3),24.0,2026-06-25 14:26:34 UTC,24.0,1.3787,Yes,0x851cae7a1e0D1DAE9e368C00d6eB54DaaE0586cD
2026-06-25 23:00:00 UTC,Tunisia vs Netherlands,FIFA World Cup ,Under 4.0,Under/Over (4),35.0,2026-06-25 14:26:33 UTC,35.0,1.6425,Yes,0x8268feC8dCb0D284343054BDf2b649286c9aA0a1
2026-06-25 20:00:00 UTC,Curaçao vs Ivory Coast,FIFA World Cup ,Ivory Coast -2.5,Asian Handicap (2.5),263.0,2026-06-25 14:26:27 UTC,263.0,1.4187,Yes,0x8268feC8dCb0D284343054BDf2b649286c9aA0a1
2026-06-25 20:00:00 UTC,Curaçao vs Ivory Coast,FIFA World Cup ,Ivory Coast -2,Asian Handicap (2),27.0,2026-06-25 14:26:04 UTC,27.0,1.5537,Yes,0xC88F614A48f8A705d7465b03aAF62ddaca0c3754
2026-06-25 20:00:00 UTC,Ecuador vs Germany,FIFA World Cup ,Germany,1X2,16.0,2026-06-25 14:25:46 UTC,16.0,1.6162,Yes,0x81b0690435A7b77c1fE50f311506934127e9De73
2026-06-25 20:00:00 UTC,Curaçao vs Ivory Coast,FIFA World Cup ,Curaçao +2.5,Asian Handicap (2.5),276.0,2026-06-25 14:25:36 UTC,276.0,1.5238,Yes,0x7b24CF01b6D5e87723223E2A2f5ebed92B5Cc7a9
2026-06-25 20:00:00 UTC,Curaçao vs Ivory Coast,FIFA World Cup ,Curaçao +2,Asian Handicap (2),276.0,2026-06-25 14:25:35 UTC,276.0,1.5238,Yes,0x7b24CF01b6D5e87723223E2A2f5ebed92B5Cc7a9
2026-06-25 20:00:00 UTC,Ecuador vs Germany,FIFA World Cup ,Not Ecuador,1X2,48.0,2026-06-25 14:25:29 UTC,48.0,1.815,Yes,0x81b0690435A7b77c1fE50f311506934127e9De73
2026-06-25 20:00:00 UTC,Ecuador vs Germany,FIFA World Cup ,Not Germany,1X2,399.0,2026-06-25 14:25:20 UTC,399.0,1.38,Yes,0x0dE776fe723F8121F0cEAF1C9B03f774320c3ef5
2026-06-25 20:00:00 UTC,Ecuador vs Germany,FIFA World Cup ,Germany -1.5,Asian Handicap (1.5),16.0,2026-06-25 14:25:16 UTC,16.0,1.3538,Yes,0xB1854fc8aD8ce649EA80D007Fc67d318a239a5DA
2026-06-25 20:00:00 UTC,Ecuador vs Germany,FIFA World Cup ,Not Germany,1X2,87.0,2026-06-25 14:25:14 UTC,87.0,1.3813,Yes,0x29c4c7668B1f9E7B037b36080Ea8682510C66b0e
2026-06-25 20:00:00 UTC,Ecuador vs Germany,FIFA World Cup ,Not Germany,1X2,399.0,2026-06-25 14:25:10 UTC,399.0,1.38,Yes,0x0dE776fe723F8121F0cEAF1C9B03f774320c3ef5
2026-06-25 20:00:00 UTC,Curaçao vs Ivory Coast,FIFA World Cup ,Under 4.5,Under/Over (4.5),62.0,2026-06-25 14:24:35 UTC,62.0,1.75,Yes,0x85488156a1675CE39D29f15418b1bf15eA79a2a6
2026-06-25 20:00:00 UTC,Ecuador vs Germany,FIFA World Cup ,Not Germany,1X2,0.0,2026-06-25 14:24:24 UTC,0.0,1.38,Yes,0x0dE776fe723F8121F0cEAF1C9B03f774320c3ef5
2026-06-25 20:00:00 UTC,Ecuador vs Germany,FIFA World Cup ,Not Germany,1X2,390.0,2026-06-25 14:24:19 UTC,390.0,1.3813,Yes,0x29c4c7668B1f9E7B037b36080Ea8682510C66b0e
2026-06-26 02:00:00 UTC,Turkey vs USA,FIFA World Cup ,USA -0.5,Asian Handicap (0.5),25.0,2026-06-25 14:23:46 UTC,25.0,1.515,Yes,0xC88F614A48f8A705d7465b03aAF62ddaca0c3754
2026-06-26 02:00:00 UTC,Turkey vs USA,FIFA World Cup ,Not USA,1X2,30.0,2026-06-25 14:23:24 UTC,30.0,1.4712,Yes,0x8268feC8dCb0D284343054BDf2b649286c9aA0a1
2026-06-25 20:00:00 UTC,Ecuador vs Germany,FIFA World Cup ,Ecuador +1,Asian Handicap (1),990.0,2026-06-25 14:22:58 UTC,990.0,1.515,Yes,0x29c4c7668B1f9E7B037b36080Ea8682510C66b0e
2026-06-25 20:00:00 UTC,Ecuador vs Germany,FIFA World Cup ,Ecuador +1,Asian Handicap (1),1.0,2026-06-25 14:22:42 UTC,1.0,1.515,Yes,0x29c4c7668B1f9E7B037b36080Ea8682510C66b0e
2026-06-25 23:00:00 UTC,Tunisia vs Netherlands,FIFA World Cup ,Not Netherlands,1X2,5.0,2026-06-25 14:22:41 UTC,5.0,1.1062,Yes,0x81b0690435A7b77c1fE50f311506934127e9De73
2026-06-25 20:00:00 UTC,Ecuador vs Germany,FIFA World Cup ,Ecuador +1,Asian Handicap (1),998.0,2026-06-25 14:22:26 UTC,998.0,1.5137,Yes,0x0dE776fe723F8121F0cEAF1C9B03f774320c3ef5
2026-06-25 20:00:00 UTC,Curaçao vs Ivory Coast,FIFA World Cup ,Curaçao +2.5,Asian Handicap (2.5),1.0,2026-06-25 14:20:39 UTC,1.0,1.5238,Yes,0x7b24CF01b6D5e87723223E2A2f5ebed92B5Cc7a9
2026-06-25 20:00:00 UTC,Curaçao vs Ivory Coast,FIFA World Cup ,Curaçao +2,Asian Handicap (2),1.0,2026-06-25 14:20:38 UTC,1.0,1.5238,Yes,0x7b24CF01b6D5e87723223E2A2f5ebed92B5Cc7a9
2026-06-25 20:00:00 UTC,Curaçao vs Ivory Coast,FIFA World Cup ,Curaçao +2.5,Asian Handicap (2.5),4.0,2026-06-25 14:19:35 UTC,4.0,1.5238,Yes,0x7b24CF01b6D5e87723223E2A2f5ebed92B5Cc7a9
2026-06-25 20:00:00 UTC,Curaçao vs Ivory Coast,FIFA World Cup ,Curaçao +2,Asian Handicap (2),4.0,2026-06-25 14:19:35 UTC,4.0,1.5238,Yes,0x7b24CF01b6D5e87723223E2A2f5ebed92B5Cc7a9
2026-06-25 20:00:00 UTC,Ecuador vs Germany,FIFA World Cup ,Not Germany,1X2,9.0,2026-06-25 14:18:35 UTC,9.0,1.3813,Yes,0x29c4c7668B1f9E7B037b36080Ea8682510C66b0e
2026-06-25 20:00:00 UTC,Ecuador vs Germany,FIFA World Cup ,Tie,1X2,10.0,2026-06-25 14:18:17 UTC,10.0,1.1963,Yes,0x81b0690435A7b77c1fE50f311506934127e9De73
2026-06-25 20:00:00 UTC,Ecuador vs Germany,FIFA World Cup ,Not Germany,1X2,399.0,2026-06-25 14:18:17 UTC,399.0,1.38,Yes,0x0dE776fe723F8121F0cEAF1C9B03f774320c3ef5
2026-06-25 20:00:00 UTC,Curaçao vs Ivory Coast,FIFA World Cup ,Not Curaçao,1X2,19.0,2026-06-25 14:18:02 UTC,19.0,1.9463,Yes,0x81b0690435A7b77c1fE50f311506934127e9De73
2026-06-25 20:00:00 UTC,Curaçao vs Ivory Coast,FIFA World Cup ,Curaçao,1X2,8.0,2026-06-25 14:17:43 UTC,8.0,1.0525,Yes,0xB1854fc8aD8ce649EA80D007Fc67d318a239a5DA
2026-06-25 20:00:00 UTC,Curaçao vs Ivory Coast,FIFA World Cup ,Not Curaçao,1X2,17.0,2026-06-25 14:16:51 UTC,17.0,1.945,Yes,0x81b0690435A7b77c1fE50f311506934127e9De73
2026-06-25 23:00:00 UTC,Tunisia vs Netherlands,FIFA World Cup ,Netherlands -2.5,Asian Handicap (2.5),4.0,2026-06-25 14:16:28 UTC,4.0,1.5038,Yes,0xe2C68b7ef85645e47F9b94382c3Db59b046945a2
2026-06-25 23:00:00 UTC,Tunisia vs Netherlands,FIFA World Cup ,Tunisia +2.5,Asian Handicap (2.5),1171.0,2026-06-25 14:15:16 UTC,1171.0,1.4875,Yes,0xF1e5c82790d22aa57B3ec4454818c8e886E9e439
2026-06-25 23:00:00 UTC,Tunisia vs Netherlands,FIFA World Cup ,Tunisia +2.5,Asian Handicap (2.5),3762.0,2026-06-25 14:15:16 UTC,3762.0,1.4875,Yes,0xF1e5c82790d22aa57B3ec4454818c8e886E9e439
2026-06-25 23:00:00 UTC,Tunisia vs Netherlands,FIFA World Cup ,Tunisia +2.5,Asian Handicap (2.5),24.0,2026-06-25 14:15:15 UTC,24.0,1.4888,Yes,0xC88F614A48f8A705d7465b03aAF62ddaca0c3754
2026-06-25 23:00:00 UTC,Tunisia vs Netherlands,FIFA World Cup ,Tunisia +2.5,Asian Handicap (2.5),62.0,2026-06-25 14:15:15 UTC,62.0,1.49,Yes,0x85488156a1675CE39D29f15418b1bf15eA79a2a6
2026-06-25 23:00:00 UTC,Tunisia vs Netherlands,FIFA World Cup ,Tunisia +2,Asian Handicap (2),16.0,2026-06-25 14:15:15 UTC,16.0,1.3438,Yes,0xC88F614A48f8A705d7465b03aAF62ddaca0c3754
2026-06-25 20:00:00 UTC,Curaçao vs Ivory Coast,FIFA World Cup ,Curaçao +2.5,Asian Handicap (2.5),85.0,2026-06-25 14:14:11 UTC,85.0,1.5238,Yes,0x7b24CF01b6D5e87723223E2A2f5ebed92B5Cc7a9
2026-06-25 20:00:00 UTC,Curaçao vs Ivory Coast,FIFA World Cup ,Curaçao +2,Asian Handicap (2),85.0,2026-06-25 14:14:11 UTC,85.0,1.5238,Yes,0x7b24CF01b6D5e87723223E2A2f5ebed92B5Cc7a9
2026-06-25 20:00:00 UTC,Ecuador vs Germany,FIFA World Cup ,Under 2.0,Under/Over (2),9.0,2026-06-25 14:13:49 UTC,9.0,1.255,Yes,0xC88F614A48f8A705d7465b03aAF62ddaca0c3754
2026-06-25 20:00:00 UTC,Curaçao vs Ivory Coast,FIFA World Cup ,Curaçao +2.5,Asian Handicap (2.5),76.0,2026-06-25 14:13:24 UTC,76.0,1.5238,Yes,0x7b24CF01b6D5e87723223E2A2f5ebed92B5Cc7a9
2026-06-25 20:00:00 UTC,Curaçao vs Ivory Coast,FIFA World Cup ,Curaçao +2,Asian Handicap (2),76.0,2026-06-25 14:13:23 UTC,76.0,1.5238,Yes,0x7b24CF01b6D5e87723223E2A2f5ebed92B5Cc7a9
2026-06-25 20:00:00 UTC,Curaçao vs Ivory Coast,FIFA World Cup ,Curaçao +2.5,Asian Handicap (2.5),54.0,2026-06-25 14:13:17 UTC,54.0,1.5238,Yes,0x7b24CF01b6D5e87723223E2A2f5ebed92B5Cc7a9
2026-06-25 20:00:00 UTC,Curaçao vs Ivory Coast,FIFA World Cup ,Curaçao +2,Asian Handicap (2),54.0,2026-06-25 14:13:16 UTC,54.0,1.5238,Yes,0x7b24CF01b6D5e87723223E2A2f5ebed92B5Cc7a9
2026-06-25 20:00:00 UTC,Ecuador vs Germany,FIFA World Cup ,Over 3.5,Under/Over (3.5),0.0,2026-06-25 14:12:44 UTC,0.0,1.3425,Yes,0xe2C68b7ef85645e47F9b94382c3Db59b046945a2
2026-06-25 20:00:00 UTC,Ecuador vs Germany,FIFA World Cup ,Over 2.5,Under/Over (2.5),28.0,2026-06-25 14:12:37 UTC,28.0,1.5837,Yes,0xC88F614A48f8A705d7465b03aAF62ddaca0c3754
2026-06-25 20:00:00 UTC,Ecuador vs Germany,FIFA World Cup ,Over 3.5,Under/Over (3.5),17.0,2026-06-25 14:12:37 UTC,17.0,1.3462,Yes,0xC88F614A48f8A705d7465b03aAF62ddaca0c3754
2026-06-25 20:00:00 UTC,Curaçao vs Ivory Coast,FIFA World Cup ,Not Curaçao,1X2,35.0,2026-06-25 14:12:34 UTC,35.0,1.9463,Yes,0x81b0690435A7b77c1fE50f311506934127e9De73
2026-06-25 20:00:00 UTC,Curaçao vs Ivory Coast,FIFA World Cup ,Ivory Coast -2,Asian Handicap (2),1.0,2026-06-25 14:11:56 UTC,1.0,1.5475,Yes,0xC88F614A48f8A705d7465b03aAF62ddaca0c3754
2026-06-25 20:00:00 UTC,Curaçao vs Ivory Coast,FIFA World Cup ,Ivory Coast -2,Asian Handicap (2),1.0,2026-06-25 14:11:54 UTC,1.0,1.5475,Yes,0xC88F614A48f8A705d7465b03aAF62ddaca0c3754
2026-06-25 20:00:00 UTC,Curaçao vs Ivory Coast,FIFA World Cup ,Ivory Coast -2,Asian Handicap (2),1.0,2026-06-25 14:11:52 UTC,1.0,1.5475,Yes,0xC88F614A48f8A705d7465b03aAF62ddaca0c3754
2026-06-25 20:00:00 UTC,Curaçao vs Ivory Coast,FIFA World Cup ,Ivory Coast -2,Asian Handicap (2),1.0,2026-06-25 14:11:50 UTC,1.0,1.5475,Yes,0xC88F614A48f8A705d7465b03aAF62ddaca0c3754
2026-06-25 20:00:00 UTC,Curaçao vs Ivory Coast,FIFA World Cup ,Ivory Coast -2,Asian Handicap (2),1.0,2026-06-25 14:11:47 UTC,1.0,1.5475,Yes,0xC88F614A48f8A705d7465b03aAF62ddaca0c3754
2026-06-25 20:00:00 UTC,Curaçao vs Ivory Coast,FIFA World Cup ,Ivory Coast -2,Asian Handicap (2),1.0,2026-06-25 14:11:45 UTC,1.0,1.5475,Yes,0xC88F614A48f8A705d7465b03aAF62ddaca0c3754
2026-06-25 20:00:00 UTC,Curaçao vs Ivory Coast,FIFA World Cup ,Ivory Coast -2,Asian Handicap (2),1.0,2026-06-25 14:11:43 UTC,1.0,1.5475,Yes,0xC88F614A48f8A705d7465b03aAF62ddaca0c3754
2026-06-25 20:00:00 UTC,Curaçao vs Ivory Coast,FIFA World Cup ,Ivory Coast -2,Asian Handicap (2),1.0,2026-06-25 14:11:41 UTC,1.0,1.5475,Yes,0xC88F614A48f8A705d7465b03aAF62ddaca0c3754
2026-06-25 20:00:00 UTC,Curaçao vs Ivory Coast,FIFA World Cup ,Ivory Coast -2,Asian Handicap (2),1.0,2026-06-25 14:11:39 UTC,1.0,1.5475,Yes,0xC88F614A48f8A705d7465b03aAF62ddaca0c3754
2026-06-25 20:00:00 UTC,Curaçao vs Ivory Coast,FIFA World Cup ,Ivory Coast -2,Asian Handicap (2),1.0,2026-06-25 14:11:32 UTC,1.0,1.5475,Yes,0xC88F614A48f8A705d7465b03aAF62ddaca0c3754
2026-06-25 20:00:00 UTC,Curaçao vs Ivory Coast,FIFA World Cup ,Ivory Coast -2,Asian Handicap (2),1.0,2026-06-25 14:11:30 UTC,1.0,1.5475,Yes,0xC88F614A48f8A705d7465b03aAF62ddaca0c3754
2026-06-25 20:00:00 UTC,Curaçao vs Ivory Coast,FIFA World Cup ,Ivory Coast -2,Asian Handicap (2),1.0,2026-06-25 14:11:27 UTC,1.0,1.5475,Yes,0xC88F614A48f8A705d7465b03aAF62ddaca0c3754
2026-06-25 20:00:00 UTC,Curaçao vs Ivory Coast,FIFA World Cup ,Ivory Coast -2,Asian Handicap (2),1.0,2026-06-25 14:11:24 UTC,1.0,1.5475,Yes,0xC88F614A48f8A705d7465b03aAF62ddaca0c3754
2026-06-25 20:00:00 UTC,Curaçao vs Ivory Coast,FIFA World Cup ,Ivory Coast -2,Asian Handicap (2),1.0,2026-06-25 14:11:22 UTC,1.0,1.5475,Yes,0xC88F614A48f8A705d7465b03aAF62ddaca0c3754
2026-06-25 20:00:00 UTC,Curaçao vs Ivory Coast,FIFA World Cup ,Ivory Coast -2,Asian Handicap (2),1.0,2026-06-25 14:11:19 UTC,1.0,1.5475,Yes,0xC88F614A48f8A705d7465b03aAF62ddaca0c3754
2026-06-25 20:00:00 UTC,Curaçao vs Ivory Coast,FIFA World Cup ,Ivory Coast -2,Asian Handicap (2),1.0,2026-06-25 14:11:17 UTC,1.0,1.5475,Yes,0xC88F614A48f8A705d7465b03aAF62ddaca0c3754
2026-06-25 20:00:00 UTC,Curaçao vs Ivory Coast,FIFA World Cup ,Ivory Coast -2,Asian Handicap (2),1.0,2026-06-25 14:11:14 UTC,1.0,1.5475,Yes,0xC88F614A48f8A705d7465b03aAF62ddaca0c3754
2026-06-25 20:00:00 UTC,Curaçao vs Ivory Coast,FIFA World Cup ,Ivory Coast -2,Asian Handicap (2),1.0,2026-06-25 14:11:12 UTC,1.0,1.5475,Yes,0xC88F614A48f8A705d7465b03aAF62ddaca0c3754
2026-06-25 20:00:00 UTC,Curaçao vs Ivory Coast,FIFA World Cup ,Ivory Coast -2,Asian Handicap (2),1.0,2026-06-25 14:11:10 UTC,1.0,1.5475,Yes,0xC88F614A48f8A705d7465b03aAF62ddaca0c3754
2026-06-25 20:00:00 UTC,Curaçao vs Ivory Coast,FIFA World Cup ,Ivory Coast -2,Asian Handicap (2),1.0,2026-06-25 14:11:08 UTC,1.0,1.5475,Yes,0xC88F614A48f8A705d7465b03aAF62ddaca0c3754
2026-06-25 20:00:00 UTC,Curaçao vs Ivory Coast,FIFA World Cup ,Ivory Coast -2,Asian Handicap (2),1.0,2026-06-25 14:11:06 UTC,1.0,1.5475,Yes,0xC88F614A48f8A705d7465b03aAF62ddaca0c3754
2026-06-25 20:00:00 UTC,Curaçao vs Ivory Coast,FIFA World Cup ,Ivory Coast -2,Asian Handicap (2),1.0,2026-06-25 14:11:04 UTC,1.0,1.5475,Yes,0xC88F614A48f8A705d7465b03aAF62ddaca0c3754
2026-06-25 20:00:00 UTC,Curaçao vs Ivory Coast,FIFA World Cup ,Ivory Coast -2,Asian Handicap (2),1.0,2026-06-25 14:11:02 UTC,1.0,1.5475,Yes,0xC88F614A48f8A705d7465b03aAF62ddaca0c3754
2026-06-25 20:00:00 UTC,Curaçao vs Ivory Coast,FIFA World Cup ,Ivory Coast -2,Asian Handicap (2),1.0,2026-06-25 14:10:59 UTC,1.0,1.5475,Yes,0xC88F614A48f8A705d7465b03aAF62ddaca0c3754
2026-06-25 20:00:00 UTC,Curaçao vs Ivory Coast,FIFA World Cup ,Ivory Coast -2,Asian Handicap (2),1.0,2026-06-25 14:10:57 UTC,1.0,1.5475,Yes,0xC88F614A48f8A705d7465b03aAF62ddaca0c3754
2026-06-25 20:00:00 UTC,Curaçao vs Ivory Coast,FIFA World Cup ,Ivory Coast -2,Asian Handicap (2),1.0,2026-06-25 14:10:55 UTC,1.0,1.5475,Yes,0xC88F614A48f8A705d7465b03aAF62ddaca0c3754
2026-06-25 20:00:00 UTC,Curaçao vs Ivory Coast,FIFA World Cup ,Ivory Coast -2,Asian Handicap (2),1.0,2026-06-25 14:09:21 UTC,1.0,1.5475,Yes,0xC88F614A48f8A705d7465b03aAF62ddaca0c3754
2026-06-25 20:00:00 UTC,Curaçao vs Ivory Coast,FIFA World Cup ,Ivory Coast -2,Asian Handicap (2),1.0,2026-06-25 14:09:15 UTC,1.0,1.5475,Yes,0xC88F614A48f8A705d7465b03aAF62ddaca0c3754
2026-06-25 20:00:00 UTC,Curaçao vs Ivory Coast,FIFA World Cup ,Ivory Coast -2,Asian Handicap (2),18.0,2026-06-25 14:09:12 UTC,18.0,1.5475,Yes,0xC88F614A48f8A705d7465b03aAF62ddaca0c3754
2026-06-25 20:00:00 UTC,Curaçao vs Ivory Coast,FIFA World Cup ,Ivory Coast -2,Asian Handicap (2),5.0,2026-06-25 14:08:52 UTC,5.0,1.5475,Yes,0xC88F614A48f8A705d7465b03aAF62ddaca0c3754
2026-06-25 20:00:00 UTC,Curaçao vs Ivory Coast,FIFA World Cup ,Ivory Coast -2,Asian Handicap (2),19.0,2026-06-25 14:08:31 UTC,19.0,1.5475,Yes,0xC88F614A48f8A705d7465b03aAF62ddaca0c3754
2026-06-25 20:00:00 UTC,Curaçao vs Ivory Coast,FIFA World Cup ,Ivory Coast -2,Asian Handicap (2),6.0,2026-06-25 14:08:19 UTC,6.0,1.5475,Yes,0xC88F614A48f8A705d7465b03aAF62ddaca0c3754
2026-06-25 20:00:00 UTC,Curaçao vs Ivory Coast,FIFA World Cup ,Ivory Coast -2,Asian Handicap (2),1.0,2026-06-25 14:08:17 UTC,1.0,1.5475,Yes,0xC88F614A48f8A705d7465b03aAF62ddaca0c3754
2026-06-25 20:00:00 UTC,Curaçao vs Ivory Coast,FIFA World Cup ,Curaçao,1X2,10.0,2026-06-25 14:07:51 UTC,10.0,1.0537,Yes,0x81b0690435A7b77c1fE50f311506934127e9De73
2026-06-25 20:00:00 UTC,Curaçao vs Ivory Coast,FIFA World Cup ,Curaçao,1X2,0.0,2026-06-25 14:07:49 UTC,0.0,1.0537,Yes,0x81b0690435A7b77c1fE50f311506934127e9De73
2026-06-25 20:00:00 UTC,Curaçao vs Ivory Coast,FIFA World Cup ,Not tie,1X2,788.0,2026-06-25 14:07:40 UTC,788.0,1.8825,Yes,0x68E1818FF20BBe84F9be9E0A4A395FB11079Bd35
2026-06-25 20:00:00 UTC,Curaçao vs Ivory Coast,FIFA World Cup ,Not tie,1X2,720.0,2026-06-25 14:07:30 UTC,720.0,1.8825,Yes,0x68E1818FF20BBe84F9be9E0A4A395FB11079Bd35
2026-06-25 20:00:00 UTC,Curaçao vs Ivory Coast,FIFA World Cup ,Ivory Coast -2,Asian Handicap (2),3.0,2026-06-25 14:07:28 UTC,3.0,1.5475,Yes,0xC88F614A48f8A705d7465b03aAF62ddaca0c3754
2026-06-25 20:00:00 UTC,Curaçao vs Ivory Coast,FIFA World Cup ,Ivory Coast -2,Asian Handicap (2),11.0,2026-06-25 14:07:26 UTC,11.0,1.5475,Yes,0xC88F614A48f8A705d7465b03aAF62ddaca0c3754
2026-06-25 20:00:00 UTC,Curaçao vs Ivory Coast,FIFA World Cup ,Ivory Coast -2,Asian Handicap (2),11.0,2026-06-25 14:07:24 UTC,11.0,1.5475,Yes,0xC88F614A48f8A705d7465b03aAF62ddaca0c3754
2026-06-25 20:00:00 UTC,Curaçao vs Ivory Coast,FIFA World Cup ,Ivory Coast -2,Asian Handicap (2),2.0,2026-06-25 14:06:37 UTC,2.0,1.5475,Yes,0xC88F614A48f8A705d7465b03aAF62ddaca0c3754
2026-06-25 20:00:00 UTC,Curaçao vs Ivory Coast,FIFA World Cup ,Ivory Coast -2,Asian Handicap (2),11.0,2026-06-25 14:06:34 UTC,11.0,1.5475,Yes,0xC88F614A48f8A705d7465b03aAF62ddaca0c3754
2026-06-25 20:00:00 UTC,Curaçao vs Ivory Coast,FIFA World Cup ,Ivory Coast -2,Asian Handicap (2),12.0,2026-06-25 14:06:32 UTC,12.0,1.5475,Yes,0xC88F614A48f8A705d7465b03aAF62ddaca0c3754
2026-06-25 20:00:00 UTC,Curaçao vs Ivory Coast,FIFA World Cup ,Ivory Coast -2,Asian Handicap (2),26.0,2026-06-25 14:06:04 UTC,26.0,1.5475,Yes,0xC88F614A48f8A705d7465b03aAF62ddaca0c3754
2026-06-25 20:00:00 UTC,Curaçao vs Ivory Coast,FIFA World Cup ,Not Ivory Coast,1X2,0.0,2026-06-25 14:06:01 UTC,0.0,1.1587,Yes,0x740d5718a79A8559fEeE8B00922F8Cd773A81D84
2026-06-25 20:00:00 UTC,Ecuador vs Germany,FIFA World Cup ,Ecuador +1,Asian Handicap (1),31.0,2026-06-25 14:05:51 UTC,31.0,1.515,Yes,0xB1854fc8aD8ce649EA80D007Fc67d318a239a5DA
2026-06-25 20:00:00 UTC,Curaçao vs Ivory Coast,FIFA World Cup ,Ivory Coast -2,Asian Handicap (2),26.0,2026-06-25 14:05:40 UTC,26.0,1.5475,Yes,0xC88F614A48f8A705d7465b03aAF62ddaca0c3754
2026-06-25 20:00:00 UTC,Curaçao vs Ivory Coast,FIFA World Cup ,Ivory Coast -2,Asian Handicap (2),26.0,2026-06-25 14:05:32 UTC,26.0,1.5475,Yes,0xC88F614A48f8A705d7465b03aAF62ddaca0c3754
2026-06-25 20:00:00 UTC,Curaçao vs Ivory Coast,FIFA World Cup ,Ivory Coast -2,Asian Handicap (2),27.0,2026-06-25 14:05:30 UTC,27.0,1.5525,Yes,0xC88F614A48f8A705d7465b03aAF62ddaca0c3754
2026-06-25 20:00:00 UTC,Curaçao vs Ivory Coast,FIFA World Cup ,Curaçao +2.5,Asian Handicap (2.5),0.0,2026-06-25 14:05:18 UTC,0.0,1.5238,Yes,0x7b24CF01b6D5e87723223E2A2f5ebed92B5Cc7a9
2026-06-25 20:00:00 UTC,Curaçao vs Ivory Coast,FIFA World Cup ,Curaçao +2,Asian Handicap (2),0.0,2026-06-25 14:05:18 UTC,0.0,1.5238,Yes,0x7b24CF01b6D5e87723223E2A2f5ebed92B5Cc7a9
2026-06-25 20:00:00 UTC,Curaçao vs Ivory Coast,FIFA World Cup ,Curaçao +2.5,Asian Handicap (2.5),0.0,2026-06-25 14:05:13 UTC,0.0,1.5238,Yes,0x7b24CF01b6D5e87723223E2A2f5ebed92B5Cc7a9
2026-06-25 20:00:00 UTC,Curaçao vs Ivory Coast,FIFA World Cup ,Curaçao +2,Asian Handicap (2),0.0,2026-06-25 14:05:13 UTC,0.0,1.5238,Yes,0x7b24CF01b6D5e87723223E2A2f5ebed92B5Cc7a9
2026-06-25 20:00:00 UTC,Curaçao vs Ivory Coast,FIFA World Cup ,Not tie,1X2,720.0,2026-06-25 14:05:04 UTC,720.0,1.8825,Yes,0x68E1818FF20BBe84F9be9E0A4A395FB11079Bd35
2026-06-25 20:00:00 UTC,Curaçao vs Ivory Coast,FIFA World Cup ,Under 3.0,Under/Over (3),0.0,2026-06-25 14:04:39 UTC,0.0,1.435,Yes,0xe2C68b7ef85645e47F9b94382c3Db59b046945a2
2026-06-25 20:00:00 UTC,Curaçao vs Ivory Coast,FIFA World Cup ,Curaçao +2,Asian Handicap (2),9.0,2026-06-25 14:04:30 UTC,9.0,1.445,Yes,0xC88F614A48f8A705d7465b03aAF62ddaca0c3754
2026-06-25 20:00:00 UTC,Curaçao vs Ivory Coast,FIFA World Cup ,Curaçao +2,Asian Handicap (2),4.0,2026-06-25 14:04:30 UTC,4.0,1.445,Yes,0xC88F614A48f8A705d7465b03aAF62ddaca0c3754
2026-06-25 23:00:00 UTC,Japan vs Sweden,FIFA World Cup ,Japan,1X2,30.0,2026-06-25 14:04:26 UTC,30.0,1.505,Yes,0x68E1818FF20BBe84F9be9E0A4A395FB11079Bd35
2026-06-25 20:00:00 UTC,Curaçao vs Ivory Coast,FIFA World Cup ,Curaçao +2,Asian Handicap (2),1.0,2026-06-25 14:04:26 UTC,1.0,1.445,Yes,0xe2C68b7ef85645e47F9b94382c3Db59b046945a2
2026-06-25 20:00:00 UTC,Curaçao vs Ivory Coast,FIFA World Cup ,Under 3.5,Under/Over (3.5),27.0,2026-06-25 14:04:20 UTC,27.0,1.5562,Yes,0xC88F614A48f8A705d7465b03aAF62ddaca0c3754
2026-06-25 20:00:00 UTC,Curaçao vs Ivory Coast,FIFA World Cup ,Under 3.0,Under/Over (3),21.0,2026-06-25 14:04:18 UTC,21.0,1.4363,Yes,0xC88F614A48f8A705d7465b03aAF62ddaca0c3754
2026-06-25 20:00:00 UTC,Curaçao vs Ivory Coast,FIFA World Cup ,Under 4.0,Under/Over (4),34.0,2026-06-25 14:04:17 UTC,34.0,1.69,Yes,0xC88F614A48f8A705d7465b03aAF62ddaca0c3754
2026-06-25 23:00:00 UTC,Japan vs Sweden,FIFA World Cup ,Over 1.5,Under/Over (1.5),101.0,2026-06-25 14:04:13 UTC,101.0,1.7637,Yes,0x8268feC8dCb0D284343054BDf2b649286c9aA0a1
2026-06-25 20:00:00 UTC,Curaçao vs Ivory Coast,FIFA World Cup ,Not Curaçao,1X2,109.0,2026-06-25 14:04:02 UTC,109.0,1.9463,Yes,0x68E1818FF20BBe84F9be9E0A4A395FB11079Bd35
2026-06-25 20:00:00 UTC,Curaçao vs Ivory Coast,FIFA World Cup ,Curaçao +2,Asian Handicap (2),32.0,2026-06-25 14:03:56 UTC,32.0,1.4463,Yes,0xe2C68b7ef85645e47F9b94382c3Db59b046945a2
2026-06-25 20:00:00 UTC,Curaçao vs Ivory Coast,FIFA World Cup ,Not Curaçao,1X2,1099.0,2026-06-25 14:03:18 UTC,1099.0,1.9463,Yes,0x68E1818FF20BBe84F9be9E0A4A395FB11079Bd35
2026-06-25 20:00:00 UTC,Curaçao vs Ivory Coast,FIFA World Cup ,Not Curaçao,1X2,88.0,2026-06-25 14:03:17 UTC,88.0,1.9463,Yes,0x68E1818FF20BBe84F9be9E0A4A395FB11079Bd35
2026-06-25 20:00:00 UTC,Curaçao vs Ivory Coast,FIFA World Cup ,Ivory Coast,1X2,62.0,2026-06-25 14:03:17 UTC,62.0,1.83,Yes,0x85488156a1675CE39D29f15418b1bf15eA79a2a6
2026-06-25 20:00:00 UTC,Curaçao vs Ivory Coast,FIFA World Cup ,Curaçao +2,Asian Handicap (2),2208.0,2026-06-25 14:02:29 UTC,2208.0,1.4487,Yes,0x8268feC8dCb0D284343054BDf2b649286c9aA0a1
2026-06-26 02:00:00 UTC,Paraguay vs Australia,FIFA World Cup ,Not tie,1X2,4663.0,2026-06-25 14:02:09 UTC,4663.0,1.575,Yes,0x8268feC8dCb0D284343054BDf2b649286c9aA0a1
2026-06-25 20:00:00 UTC,Curaçao vs Ivory Coast,FIFA World Cup ,Under 4.0,Under/Over (4),19.0,2026-06-25 14:01:26 UTC,19.0,1.6863,Yes,0xC88F614A48f8A705d7465b03aAF62ddaca0c3754
2026-06-25 20:00:00 UTC,Curaçao vs Ivory Coast,FIFA World Cup ,Under 3.5,Under/Over (3.5),9.0,2026-06-25 14:01:26 UTC,9.0,1.5562,Yes,0xC88F614A48f8A705d7465b03aAF62ddaca0c3754
2026-06-25 23:00:00 UTC,Tunisia vs Netherlands,FIFA World Cup ,Over 3.5,Under/Over (3.5),0.0,2026-06-25 14:01:11 UTC,0.0,1.47,Yes,0xF1e5c82790d22aa57B3ec4454818c8e886E9e439
2026-06-25 23:00:00 UTC,Tunisia vs Netherlands,FIFA World Cup ,Over 3.5,Under/Over (3.5),0.0,2026-06-25 14:01:09 UTC,0.0,1.47,Yes,0xF1e5c82790d22aa57B3ec4454818c8e886E9e439
2026-06-25 23:00:00 UTC,Tunisia vs Netherlands,FIFA World Cup ,Over 3.5,Under/Over (3.5),0.0,2026-06-25 14:01:07 UTC,0.0,1.47,Yes,0xF1e5c82790d22aa57B3ec4454818c8e886E9e439
2026-06-25 23:00:00 UTC,Tunisia vs Netherlands,FIFA World Cup ,Over 3.5,Under/Over (3.5),0.0,2026-06-25 14:01:05 UTC,0.0,1.47,Yes,0xF1e5c82790d22aa57B3ec4454818c8e886E9e439
2026-06-25 23:00:00 UTC,Tunisia vs Netherlands,FIFA World Cup ,Over 3.5,Under/Over (3.5),0.0,2026-06-25 14:01:03 UTC,0.0,1.47,Yes,0xF1e5c82790d22aa57B3ec4454818c8e886E9e439
2026-06-25 23:00:00 UTC,Tunisia vs Netherlands,FIFA World Cup ,Over 3.5,Under/Over (3.5),0.0,2026-06-25 14:01:02 UTC,0.0,1.47,Yes,0xF1e5c82790d22aa57B3ec4454818c8e886E9e439
2026-06-27 00:00:00 UTC,Uruguay vs Spain,FIFA World Cup ,Not tie,1X2,7717.0,2026-06-25 14:00:42 UTC,7717.0,1.7738,Yes,0x8268feC8dCb0D284343054BDf2b649286c9aA0a1
2026-06-26 02:00:00 UTC,Paraguay vs Australia,FIFA World Cup ,Paraguay,12,30.0,2026-06-25 14:00:35 UTC,30.0,1.6275,Yes,0xC88F614A48f8A705d7465b03aAF62ddaca0c3754
2026-06-26 02:00:00 UTC,Paraguay vs Australia,FIFA World Cup ,Paraguay 0,Asian Handicap (0),30.0,2026-06-25 14:00:35 UTC,30.0,1.6275,Yes,0xC88F614A48f8A705d7465b03aAF62ddaca0c3754
2026-06-25 23:00:00 UTC,Tunisia vs Netherlands,FIFA World Cup ,Over 3.5,Under/Over (3.5),65.0,2026-06-25 14:00:29 UTC,65.0,1.47,Yes,0xF1e5c82790d22aa57B3ec4454818c8e886E9e439
2026-06-25 23:00:00 UTC,Tunisia vs Netherlands,FIFA World Cup ,Over 3.5,Under/Over (3.5),229.0,2026-06-25 14:00:27 UTC,229.0,1.47,Yes,0xF1e5c82790d22aa57B3ec4454818c8e886E9e439
2026-06-25 23:00:00 UTC,Tunisia vs Netherlands,FIFA World Cup ,Over 3.5,Under/Over (3.5),459.0,2026-06-25 14:00:24 UTC,459.0,1.47,Yes,0xF1e5c82790d22aa57B3ec4454818c8e886E9e439
2026-06-25 23:00:00 UTC,Tunisia vs Netherlands,FIFA World Cup ,Over 3.5,Under/Over (3.5),918.0,2026-06-25 14:00:22 UTC,918.0,1.47,Yes,0xF1e5c82790d22aa57B3ec4454818c8e886E9e439
2026-06-25 23:00:00 UTC,Tunisia vs Netherlands,FIFA World Cup ,Over 3.5,Under/Over (3.5),1837.0,2026-06-25 14:00:19 UTC,1837.0,1.47,Yes,0xF1e5c82790d22aa57B3ec4454818c8e886E9e439
2026-06-25 23:00:00 UTC,Tunisia vs Netherlands,FIFA World Cup ,Over 3.5,Under/Over (3.5),3676.0,2026-06-25 14:00:16 UTC,3676.0,1.47,Yes,0xF1e5c82790d22aa57B3ec4454818c8e886E9e439
2026-06-25 20:00:00 UTC,Curaçao vs Ivory Coast,FIFA World Cup ,Not Curaçao,1X2,51.0,2026-06-25 14:00:00 UTC,51.0,1.9475,Yes,0x81b0690435A7b77c1fE50f311506934127e9De73
2026-06-26 19:00:00 UTC,Senegal vs Iraq,FIFA World Cup ,Senegal -3.5,Asian Handicap (-3.5),24.0,2026-06-25 13:58:50 UTC,24.0,1.1713,Yes,0xe2C68b7ef85645e47F9b94382c3Db59b046945a2
2026-06-25 20:00:00 UTC,Curaçao vs Ivory Coast,FIFA World Cup ,Curaçao +3,Asian Handicap (3),34.0,2026-06-25 13:57:47 UTC,34.0,1.705,Yes,0xC88F614A48f8A705d7465b03aAF62ddaca0c3754
2026-06-26 02:00:00 UTC,Paraguay vs Australia,FIFA World Cup ,Under 2.0,Under/Over (2),23.0,2026-06-25 13:57:21 UTC,23.0,1.4875,Yes,0xF1e5c82790d22aa57B3ec4454818c8e886E9e439
2026-06-26 02:00:00 UTC,Paraguay vs Australia,FIFA World Cup ,Under 1.5,Under/Over (1.5),23.0,2026-06-25 13:57:20 UTC,23.0,1.4875,Yes,0xF1e5c82790d22aa57B3ec4454818c8e886E9e439
2026-06-25 20:00:00 UTC,Curaçao vs Ivory Coast,FIFA World Cup ,Over 3.5,Under/Over (3.5),11.0,2026-06-25 13:56:57 UTC,11.0,1.4712,Yes,0xe2C68b7ef85645e47F9b94382c3Db59b046945a2
2026-06-25 20:00:00 UTC,Curaçao vs Ivory Coast,FIFA World Cup ,Over 3.0,Under/Over (3),11.0,2026-06-25 13:56:57 UTC,11.0,1.4712,Yes,0xe2C68b7ef85645e47F9b94382c3Db59b046945a2
2026-06-25 20:00:00 UTC,Ecuador vs Germany,FIFA World Cup ,Not Germany,1X2,92.0,2026-06-25 13:56:41 UTC,92.0,1.3813,Yes,0x0dE776fe723F8121F0cEAF1C9B03f774320c3ef5
2026-06-25 20:00:00 UTC,Ecuador vs Germany,FIFA World Cup ,Over 3.0,Under/Over (3),20.0,2026-06-25 13:55:47 UTC,20.0,1.45,Yes,0xe2C68b7ef85645e47F9b94382c3Db59b046945a2
2026-06-25 23:00:00 UTC,Japan vs Sweden,FIFA World Cup ,Under 5.5,Under/Over (5.5),328.0,2026-06-25 13:54:05 UTC,328.0,1.9337,Yes,0xe2C68b7ef85645e47F9b94382c3Db59b046945a2
2026-06-25 23:00:00 UTC,Tunisia vs Netherlands,FIFA World Cup ,Tunisia +2.5,Asian Handicap (2.5),0.0,2026-06-25 13:53:19 UTC,0.0,1.4888,Yes,0xC88F614A48f8A705d7465b03aAF62ddaca0c3754
2026-06-25 23:00:00 UTC,Tunisia vs Netherlands,FIFA World Cup ,Over 3.5,Under/Over (3.5),0.0,2026-06-25 13:53:17 UTC,0.0,1.47,Yes,0xF1e5c82790d22aa57B3ec4454818c8e886E9e439
2026-06-25 23:00:00 UTC,Tunisia vs Netherlands,FIFA World Cup ,Tunisia +2.5,Asian Handicap (2.5),97.0,2026-06-25 13:53:09 UTC,97.0,1.4875,Yes,0xF1e5c82790d22aa57B3ec4454818c8e886E9e439
2026-06-25 23:00:00 UTC,Tunisia vs Netherlands,FIFA World Cup ,Tunisia +2.5,Asian Handicap (2.5),24.0,2026-06-25 13:52:52 UTC,24.0,1.4888,Yes,0xC88F614A48f8A705d7465b03aAF62ddaca0c3754
2026-06-25 23:00:00 UTC,Tunisia vs Netherlands,FIFA World Cup ,Over 3.5,Under/Over (3.5),4477.0,2026-06-25 13:52:51 UTC,4477.0,1.47,Yes,0xF1e5c82790d22aa57B3ec4454818c8e886E9e439
2026-06-25 23:00:00 UTC,Tunisia vs Netherlands,FIFA World Cup ,Over 3.5,Under/Over (3.5),0.0,2026-06-25 13:52:26 UTC,0.0,1.47,Yes,0xF1e5c82790d22aa57B3ec4454818c8e886E9e439
2026-06-25 23:00:00 UTC,Tunisia vs Netherlands,FIFA World Cup ,Over 3.5,Under/Over (3.5),0.0,2026-06-25 13:52:25 UTC,0.0,1.47,Yes,0xF1e5c82790d22aa57B3ec4454818c8e886E9e439
2026-06-25 23:00:00 UTC,Tunisia vs Netherlands,FIFA World Cup ,Over 3.5,Under/Over (3.5),0.0,2026-06-25 13:52:23 UTC,0.0,1.47,Yes,0x85488156a1675CE39D29f15418b1bf15eA79a2a6
2026-06-25 23:00:00 UTC,Tunisia vs Netherlands,FIFA World Cup ,Over 3.5,Under/Over (3.5),0.0,2026-06-25 13:52:21 UTC,0.0,1.47,Yes,0xF1e5c82790d22aa57B3ec4454818c8e886E9e439
2026-06-25 23:00:00 UTC,Tunisia vs Netherlands,FIFA World Cup ,Over 3.5,Under/Over (3.5),216.0,2026-06-25 13:52:07 UTC,216.0,1.47,Yes,0xF1e5c82790d22aa57B3ec4454818c8e886E9e439
2026-06-25 23:00:00 UTC,Tunisia vs Netherlands,FIFA World Cup ,Over 3.5,Under/Over (3.5),494.0,2026-06-25 13:52:06 UTC,494.0,1.47,Yes,0xF1e5c82790d22aa57B3ec4454818c8e886E9e439
2026-06-25 23:00:00 UTC,Tunisia vs Netherlands,FIFA World Cup ,Over 3.5,Under/Over (3.5),1318.0,2026-06-25 13:52:03 UTC,1318.0,1.47,Yes,0xF1e5c82790d22aa57B3ec4454818c8e886E9e439
2026-06-25 23:00:00 UTC,Tunisia vs Netherlands,FIFA World Cup ,Over 3.5,Under/Over (3.5),319.0,2026-06-25 13:52:02 UTC,319.0,1.47,Yes,0xF1e5c82790d22aa57B3ec4454818c8e886E9e439
2026-06-25 20:00:00 UTC,Curaçao vs Ivory Coast,FIFA World Cup ,Not tie,1X2,7.0,2026-06-25 13:50:40 UTC,7.0,1.8838,Yes,0x68E1818FF20BBe84F9be9E0A4A395FB11079Bd35
2026-06-25 20:00:00 UTC,Ecuador vs Germany,FIFA World Cup ,Ecuador,1X2,0.0,2026-06-25 13:46:29 UTC,0.0,1.1825,Yes,0x0dE776fe723F8121F0cEAF1C9B03f774320c3ef5
2026-06-25 20:00:00 UTC,Ecuador vs Germany,FIFA World Cup ,Ecuador,1X2,0.0,2026-06-25 13:46:26 UTC,0.0,1.1825,Yes,0x0dE776fe723F8121F0cEAF1C9B03f774320c3ef5
2026-06-25 20:00:00 UTC,Ecuador vs Germany,FIFA World Cup ,Ecuador,1X2,0.0,2026-06-25 13:46:24 UTC,0.0,1.1825,Yes,0x0dE776fe723F8121F0cEAF1C9B03f774320c3ef5
2026-06-25 20:00:00 UTC,Ecuador vs Germany,FIFA World Cup ,Ecuador,1X2,0.0,2026-06-25 13:46:23 UTC,0.0,1.1825,Yes,0x0dE776fe723F8121F0cEAF1C9B03f774320c3ef5
2026-06-25 20:00:00 UTC,Ecuador vs Germany,FIFA World Cup ,Ecuador,1X2,273.0,2026-06-25 13:45:54 UTC,273.0,1.185,Yes,0x29c4c7668B1f9E7B037b36080Ea8682510C66b0e
2026-06-25 20:00:00 UTC,Ecuador vs Germany,FIFA World Cup ,Ecuador,1X2,520.0,2026-06-25 13:45:50 UTC,520.0,1.185,Yes,0x29c4c7668B1f9E7B037b36080Ea8682510C66b0e
2026-06-25 20:00:00 UTC,Ecuador vs Germany,FIFA World Cup ,Ecuador,1X2,205.0,2026-06-25 13:45:48 UTC,205.0,1.185,Yes,0x29c4c7668B1f9E7B037b36080Ea8682510C66b0e
2026-06-25 20:00:00 UTC,Ecuador vs Germany,FIFA World Cup ,Ecuador,1X2,786.0,2026-06-25 13:45:43 UTC,786.0,1.1838,Yes,0x0dE776fe723F8121F0cEAF1C9B03f774320c3ef5
2026-06-25 20:00:00 UTC,Ecuador vs Germany,FIFA World Cup ,Ecuador +1,Asian Handicap (1),25.0,2026-06-25 13:45:40 UTC,25.0,1.5162,Yes,0xC88F614A48f8A705d7465b03aAF62ddaca0c3754
2026-06-25 23:00:00 UTC,Tunisia vs Netherlands,FIFA World Cup ,Over 3.5,Under/Over (3.5),0.0,2026-06-25 13:45:31 UTC,0.0,1.47,Yes,0xF1e5c82790d22aa57B3ec4454818c8e886E9e439
2026-06-25 23:00:00 UTC,Tunisia vs Netherlands,FIFA World Cup ,Over 3.5,Under/Over (3.5),3060.0,2026-06-25 13:45:04 UTC,3060.0,1.47,Yes,0xF1e5c82790d22aa57B3ec4454818c8e886E9e439
2026-06-25 23:00:00 UTC,Tunisia vs Netherlands,FIFA World Cup ,Over 3.5,Under/Over (3.5),1464.0,2026-06-25 13:45:02 UTC,1464.0,1.47,Yes,0xF1e5c82790d22aa57B3ec4454818c8e886E9e439
2026-06-25 20:00:00 UTC,Ecuador vs Germany,FIFA World Cup ,Ecuador,1X2,0.0,2026-06-25 13:44:10 UTC,0.0,1.1838,Yes,0x0dE776fe723F8121F0cEAF1C9B03f774320c3ef5
2026-06-26 02:00:00 UTC,Turkey vs USA,FIFA World Cup ,USA,1X2,5.0,2026-06-25 13:44:09 UTC,5.0,1.5137,Yes,0x8268feC8dCb0D284343054BDf2b649286c9aA0a1
2026-06-25 23:00:00 UTC,Tunisia vs Netherlands,FIFA World Cup ,Over 3.5,Under/Over (3.5),0.0,2026-06-25 13:43:20 UTC,0.0,1.47,Yes,0xF1e5c82790d22aa57B3ec4454818c8e886E9e439
2026-06-25 20:00:00 UTC,Ecuador vs Germany,FIFA World Cup ,Not Germany,1X2,10.0,2026-06-25 13:43:20 UTC,10.0,1.3838,Yes,0x81b0690435A7b77c1fE50f311506934127e9De73
2026-06-25 20:00:00 UTC,Ecuador vs Germany,FIFA World Cup ,Ecuador,1X2,10.0,2026-06-25 13:43:19 UTC,10.0,1.185,Yes,0x81b0690435A7b77c1fE50f311506934127e9De73
2026-06-25 23:00:00 UTC,Tunisia vs Netherlands,FIFA World Cup ,Over 3.5,Under/Over (3.5),2705.0,2026-06-25 13:42:56 UTC,2705.0,1.4725,Yes,0xF1e5c82790d22aa57B3ec4454818c8e886E9e439
2026-06-25 20:00:00 UTC,Ecuador vs Germany,FIFA World Cup ,Ecuador,1X2,0.0,2026-06-25 13:41:44 UTC,0.0,1.1838,Yes,0x0dE776fe723F8121F0cEAF1C9B03f774320c3ef5
2026-06-25 23:00:00 UTC,Tunisia vs Netherlands,FIFA World Cup ,Tie,1X2,0.0,2026-06-25 13:41:42 UTC,0.0,1.0813,Yes,0x81b0690435A7b77c1fE50f311506934127e9De73
2026-06-25 20:00:00 UTC,Ecuador vs Germany,FIFA World Cup ,Ecuador,1X2,588.0,2026-06-25 13:41:32 UTC,588.0,1.1863,Yes,0x11e07140A8A41aB75521505a07F393b32996A06a
2026-06-25 20:00:00 UTC,Ecuador vs Germany,FIFA World Cup ,Not Ecuador,1X2,52.0,2026-06-25 13:41:30 UTC,52.0,1.8137,Yes,0x81b0690435A7b77c1fE50f311506934127e9De73
2026-06-25 23:00:00 UTC,Tunisia vs Netherlands,FIFA World Cup ,Not tie,1X2,20.0,2026-06-25 13:41:30 UTC,20.0,1.9125,Yes,0x8268feC8dCb0D284343054BDf2b649286c9aA0a1
2026-06-25 20:00:00 UTC,Ecuador vs Germany,FIFA World Cup ,Tie,1X2,140.0,2026-06-25 13:41:16 UTC,140.0,1.2037,Yes,0x11e07140A8A41aB75521505a07F393b32996A06a
2026-06-25 20:00:00 UTC,Ecuador vs Germany,FIFA World Cup ,Tie,1X2,186.0,2026-06-25 13:41:15 UTC,186.0,1.2037,Yes,0x11e07140A8A41aB75521505a07F393b32996A06a
2026-06-25 20:00:00 UTC,Ecuador vs Germany,FIFA World Cup ,Not tie,1X2,681.0,2026-06-25 13:41:14 UTC,681.0,1.7975,Yes,0x68E1818FF20BBe84F9be9E0A4A395FB11079Bd35
2026-06-26 02:00:00 UTC,Turkey vs USA,FIFA World Cup ,Not Turkey,1X2,695.0,2026-06-25 13:41:02 UTC,695.0,1.7475,Yes,0x68E1818FF20BBe84F9be9E0A4A395FB11079Bd35
2026-06-25 20:00:00 UTC,Ecuador vs Germany,FIFA World Cup ,Germany,1X2,1264.0,2026-06-25 13:40:59 UTC,1264.0,1.6125,Yes,0x68E1818FF20BBe84F9be9E0A4A395FB11079Bd35
2026-06-25 20:00:00 UTC,Ecuador vs Germany,FIFA World Cup ,Ecuador,1X2,0.0,2026-06-25 13:40:52 UTC,0.0,1.1838,Yes,0x0dE776fe723F8121F0cEAF1C9B03f774320c3ef5
2026-06-25 20:00:00 UTC,Ecuador vs Germany,FIFA World Cup ,Ecuador +1,Asian Handicap (1),0.0,2026-06-25 13:40:50 UTC,0.0,1.53,Yes,0x11e07140A8A41aB75521505a07F393b32996A06a
2026-06-25 20:00:00 UTC,Ecuador vs Germany,FIFA World Cup ,Ecuador +1,Asian Handicap (1),473.0,2026-06-25 13:40:49 UTC,473.0,1.53,Yes,0x11e07140A8A41aB75521505a07F393b32996A06a
2026-06-25 20:00:00 UTC,Ecuador vs Germany,FIFA World Cup ,Germany -1,Asian Handicap (1),23.0,2026-06-25 13:40:48 UTC,23.0,1.4725,Yes,0xC88F614A48f8A705d7465b03aAF62ddaca0c3754
2026-06-25 20:00:00 UTC,Ecuador vs Germany,FIFA World Cup ,Ecuador,1X2,720.0,2026-06-25 13:40:16 UTC,720.0,1.185,Yes,0x0dE776fe723F8121F0cEAF1C9B03f774320c3ef5
2026-06-25 20:00:00 UTC,Ecuador vs Germany,FIFA World Cup ,Ecuador,1X2,0.0,2026-06-25 13:39:16 UTC,0.0,1.185,Yes,0x0dE776fe723F8121F0cEAF1C9B03f774320c3ef5
2026-06-25 20:00:00 UTC,Ecuador vs Germany,FIFA World Cup ,Ecuador,1X2,273.0,2026-06-25 13:38:38 UTC,273.0,1.185,Yes,0x0dE776fe723F8121F0cEAF1C9B03f774320c3ef5
2026-06-25 20:00:00 UTC,Ecuador vs Germany,FIFA World Cup ,Ecuador,1X2,0.0,2026-06-25 13:38:27 UTC,0.0,1.185,Yes,0x0dE776fe723F8121F0cEAF1C9B03f774320c3ef5
2026-06-25 20:00:00 UTC,Ecuador vs Germany,FIFA World Cup ,Ecuador,1X2,994.0,2026-06-25 13:37:43 UTC,994.0,1.185,Yes,0x0dE776fe723F8121F0cEAF1C9B03f774320c3ef5
2026-06-25 20:00:00 UTC,Ecuador vs Germany,FIFA World Cup ,Ecuador +1,Asian Handicap (1),2.0,2026-06-25 13:36:55 UTC,2.0,1.5137,Yes,0x0dE776fe723F8121F0cEAF1C9B03f774320c3ef5
2026-06-26 02:00:00 UTC,Paraguay vs Australia,FIFA World Cup ,Australia +0.5,Asian Handicap (-0.5),1.0,2026-06-25 13:36:51 UTC,1.0,1.525,Yes,0xF1e5c82790d22aa57B3ec4454818c8e886E9e439
2026-06-26 02:00:00 UTC,Paraguay vs Australia,FIFA World Cup ,Australia 0,Asian Handicap (0),1.0,2026-06-25 13:36:51 UTC,1.0,1.525,Yes,0xF1e5c82790d22aa57B3ec4454818c8e886E9e439
2026-06-25 20:00:00 UTC,Ecuador vs Germany,FIFA World Cup ,Not tie,1X2,80.0,2026-06-25 13:35:19 UTC,80.0,1.8,Yes,0x68E1818FF20BBe84F9be9E0A4A395FB11079Bd35
2026-06-25 20:00:00 UTC,Curaçao vs Ivory Coast,FIFA World Cup ,Under 3.5,Under/Over (3.5),27.0,2026-06-25 13:33:01 UTC,27.0,1.5537,Yes,0xC88F614A48f8A705d7465b03aAF62ddaca0c3754
2026-06-25 20:00:00 UTC,Ecuador vs Germany,FIFA World Cup ,Not tie,1X2,653.0,2026-06-25 13:32:05 UTC,653.0,1.8025,Yes,0x68E1818FF20BBe84F9be9E0A4A395FB11079Bd35
2026-06-26 02:00:00 UTC,Turkey vs USA,FIFA World Cup ,Turkey,12,0.0,2026-06-25 13:31:59 UTC,0.0,1.3188,Yes,0xe2C68b7ef85645e47F9b94382c3Db59b046945a2
2026-06-26 02:00:00 UTC,Paraguay vs Australia,FIFA World Cup ,Not Australia,1X2,406.0,2026-06-25 13:31:55 UTC,406.0,1.7775,Yes,0x68E1818FF20BBe84F9be9E0A4A395FB11079Bd35
2026-06-26 02:00:00 UTC,Turkey vs USA,FIFA World Cup ,Turkey,12,15.0,2026-06-25 13:31:47 UTC,15.0,1.3225,Yes,0xC88F614A48f8A705d7465b03aAF62ddaca0c3754
2026-06-26 02:00:00 UTC,Turkey vs USA,FIFA World Cup ,Not USA,1X2,62.0,2026-06-25 13:31:47 UTC,62.0,1.48,Yes,0x85488156a1675CE39D29f15418b1bf15eA79a2a6
2026-06-25 20:00:00 UTC,Ecuador vs Germany,FIFA World Cup ,Germany,1X2,18.0,2026-06-25 13:31:12 UTC,18.0,1.6187,Yes,0x81b0690435A7b77c1fE50f311506934127e9De73
2026-06-25 23:00:00 UTC,Japan vs Sweden,FIFA World Cup ,Not Japan,1X2,57.0,2026-06-25 13:27:13 UTC,57.0,1.49,Yes,0x8268feC8dCb0D284343054BDf2b649286c9aA0a1
2026-06-25 20:00:00 UTC,Ecuador vs Germany,FIFA World Cup ,Not Germany,1X2,35.0,2026-06-25 13:26:50 UTC,35.0,1.3738,Yes,0xe2C68b7ef85645e47F9b94382c3Db59b046945a2
2026-06-25 20:00:00 UTC,Ecuador vs Germany,FIFA World Cup ,Not Germany,1X2,0.0,2026-06-25 13:25:30 UTC,0.0,1.375,Yes,0xe2C68b7ef85645e47F9b94382c3Db59b046945a2
2026-06-25 20:00:00 UTC,Ecuador vs Germany,FIFA World Cup ,Not Germany,1X2,10.0,2026-06-25 13:24:55 UTC,10.0,1.3762,Yes,0x81b0690435A7b77c1fE50f311506934127e9De73
2026-06-25 20:00:00 UTC,Ecuador vs Germany,FIFA World Cup ,Ecuador +1,Asian Handicap (1),25.0,2026-06-25 13:23:48 UTC,25.0,1.5137,Yes,0xC88F614A48f8A705d7465b03aAF62ddaca0c3754
2026-06-26 02:00:00 UTC,Paraguay vs Australia,FIFA World Cup ,Not Australia,1X2,26.0,2026-06-25 13:22:26 UTC,26.0,1.7775,Yes,0x68E1818FF20BBe84F9be9E0A4A395FB11079Bd35
2026-06-26 02:00:00 UTC,Paraguay vs Australia,FIFA World Cup ,Not tie,1X2,6.0,2026-06-25 13:21:04 UTC,6.0,1.5737,Yes,0x8268feC8dCb0D284343054BDf2b649286c9aA0a1
2026-06-25 23:00:00 UTC,Japan vs Sweden,FIFA World Cup ,Over 3.0,Under/Over (3),24.0,2026-06-25 13:20:32 UTC,24.0,1.3813,Yes,0x851cae7a1e0D1DAE9e368C00d6eB54DaaE0586cD
2026-06-25 20:00:00 UTC,Ecuador vs Germany,FIFA World Cup ,Germany -1,Asian Handicap (1),4.0,2026-06-25 13:17:56 UTC,4.0,1.4812,Yes,0xC88F614A48f8A705d7465b03aAF62ddaca0c3754
2026-06-26 02:00:00 UTC,Paraguay vs Australia,FIFA World Cup ,Paraguay -1.5,Asian Handicap (-1.5),78.0,2026-06-25 13:17:31 UTC,78.0,1.1338,Yes,0x8268feC8dCb0D284343054BDf2b649286c9aA0a1
2026-06-25 23:00:00 UTC,Tunisia vs Netherlands,FIFA World Cup ,Over 4.5,Under/Over (4.5),9.0,2026-06-25 13:15:07 UTC,9.0,1.2812,Yes,0xd72Ad335d086D9fF792a1553f78455A22B83E211
2026-06-25 23:00:00 UTC,Tunisia vs Netherlands,FIFA World Cup ,Tunisia +3,Asian Handicap (3),977.0,2026-06-25 13:12:47 UTC,977.0,1.505,Yes,0xF1e5c82790d22aa57B3ec4454818c8e886E9e439
2026-06-25 23:00:00 UTC,Tunisia vs Netherlands,FIFA World Cup ,Tunisia +2.5,Asian Handicap (2.5),977.0,2026-06-25 13:12:47 UTC,977.0,1.505,Yes,0xF1e5c82790d22aa57B3ec4454818c8e886E9e439
2026-06-25 20:00:00 UTC,Ecuador vs Germany,FIFA World Cup ,Germany,1X2,10.0,2026-06-25 13:08:57 UTC,10.0,1.625,Yes,0x81b0690435A7b77c1fE50f311506934127e9De73
2026-06-26 02:00:00 UTC,Paraguay vs Australia,FIFA World Cup ,Paraguay 0,Asian Handicap (0),98.0,2026-06-25 13:08:16 UTC,98.0,1.62,Yes,0xF1e5c82790d22aa57B3ec4454818c8e886E9e439
2026-06-25 23:00:00 UTC,Tunisia vs Netherlands,FIFA World Cup ,Netherlands -2,Asian Handicap (2),34.0,2026-06-25 13:03:57 UTC,34.0,1.6963,Yes,0xC88F614A48f8A705d7465b03aAF62ddaca0c3754
2026-06-25 23:00:00 UTC,Tunisia vs Netherlands,FIFA World Cup ,Netherlands -2,Asian Handicap (2),34.0,2026-06-25 13:03:29 UTC,34.0,1.6963,Yes,0xC88F614A48f8A705d7465b03aAF62ddaca0c3754
2026-06-25 23:00:00 UTC,Tunisia vs Netherlands,FIFA World Cup ,Netherlands -2,Asian Handicap (2),34.0,2026-06-25 13:03:01 UTC,34.0,1.6963,Yes,0xC88F614A48f8A705d7465b03aAF62ddaca0c3754
2026-06-25 23:00:00 UTC,Tunisia vs Netherlands,FIFA World Cup ,Netherlands -2,Asian Handicap (2),34.0,2026-06-25 13:02:33 UTC,34.0,1.6963,Yes,0xC88F614A48f8A705d7465b03aAF62ddaca0c3754
2026-06-25 23:00:00 UTC,Tunisia vs Netherlands,FIFA World Cup ,Netherlands -2,Asian Handicap (2),34.0,2026-06-25 13:02:20 UTC,34.0,1.6963,Yes,0xC88F614A48f8A705d7465b03aAF62ddaca0c3754
2026-06-25 23:00:00 UTC,Tunisia vs Netherlands,FIFA World Cup ,Netherlands -2,Asian Handicap (2),34.0,2026-06-25 13:02:07 UTC,34.0,1.6963,Yes,0xC88F614A48f8A705d7465b03aAF62ddaca0c3754
2026-06-27 03:00:00 UTC,New Zealand vs Belgium,FIFA World Cup ,Not Belgium,1X2,2.0,2026-06-25 13:01:44 UTC,2.0,1.1663,Yes,0x8268feC8dCb0D284343054BDf2b649286c9aA0a1
2026-06-25 23:00:00 UTC,Tunisia vs Netherlands,FIFA World Cup ,Netherlands -2,Asian Handicap (2),34.0,2026-06-25 13:01:37 UTC,34.0,1.6963,Yes,0xC88F614A48f8A705d7465b03aAF62ddaca0c3754
2026-06-25 23:00:00 UTC,Tunisia vs Netherlands,FIFA World Cup ,Netherlands -2,Asian Handicap (2),34.0,2026-06-25 13:01:09 UTC,34.0,1.6963,Yes,0xC88F614A48f8A705d7465b03aAF62ddaca0c3754
2026-06-25 23:00:00 UTC,Tunisia vs Netherlands,FIFA World Cup ,Netherlands -2,Asian Handicap (2),34.0,2026-06-25 13:00:42 UTC,34.0,1.6963,Yes,0xC88F614A48f8A705d7465b03aAF62ddaca0c3754
2026-06-25 23:00:00 UTC,Tunisia vs Netherlands,FIFA World Cup ,Netherlands -2,Asian Handicap (2),34.0,2026-06-25 13:00:13 UTC,34.0,1.6963,Yes,0xC88F614A48f8A705d7465b03aAF62ddaca0c3754
2026-06-25 20:00:00 UTC,Curaçao vs Ivory Coast,FIFA World Cup ,Curaçao +3,Asian Handicap (3),34.0,2026-06-25 13:00:04 UTC,34.0,1.6987,Yes,0xC88F614A48f8A705d7465b03aAF62ddaca0c3754
2026-06-25 23:00:00 UTC,Tunisia vs Netherlands,FIFA World Cup ,Netherlands -2,Asian Handicap (2),34.0,2026-06-25 12:59:47 UTC,34.0,1.6963,Yes,0xC88F614A48f8A705d7465b03aAF62ddaca0c3754
2026-06-25 23:00:00 UTC,Tunisia vs Netherlands,FIFA World Cup ,Under 3.0,Under/Over (3),742.0,2026-06-25 12:59:43 UTC,742.0,1.3313,Yes,0x8268feC8dCb0D284343054BDf2b649286c9aA0a1
2026-06-25 23:00:00 UTC,Tunisia vs Netherlands,FIFA World Cup ,Netherlands -2,Asian Handicap (2),34.0,2026-06-25 12:59:39 UTC,34.0,1.6963,Yes,0xC88F614A48f8A705d7465b03aAF62ddaca0c3754
2026-06-26 02:00:00 UTC,Paraguay vs Australia,FIFA World Cup ,Paraguay 0,Asian Handicap (0),154.0,2026-06-25 12:59:19 UTC,154.0,1.62,Yes,0xF1e5c82790d22aa57B3ec4454818c8e886E9e439
2026-06-25 23:00:00 UTC,Tunisia vs Netherlands,FIFA World Cup ,Tunisia +2.5,Asian Handicap (2.5),0.0,2026-06-25 12:58:53 UTC,0.0,1.4475,Yes,0xF1e5c82790d22aa57B3ec4454818c8e886E9e439
2026-06-25 23:00:00 UTC,Tunisia vs Netherlands,FIFA World Cup ,Tunisia +3,Asian Handicap (3),1.0,2026-06-25 12:58:52 UTC,1.0,1.575,Yes,0xF1e5c82790d22aa57B3ec4454818c8e886E9e439
2026-06-25 23:00:00 UTC,Tunisia vs Netherlands,FIFA World Cup ,Tunisia +3,Asian Handicap (3),1.0,2026-06-25 12:58:50 UTC,1.0,1.575,Yes,0xF1e5c82790d22aa57B3ec4454818c8e886E9e439
2026-06-25 23:00:00 UTC,Tunisia vs Netherlands,FIFA World Cup ,Tunisia +3,Asian Handicap (3),1.0,2026-06-25 12:58:48 UTC,1.0,1.575,Yes,0xF1e5c82790d22aa57B3ec4454818c8e886E9e439
2026-06-25 23:00:00 UTC,Tunisia vs Netherlands,FIFA World Cup ,Tunisia +2.5,Asian Handicap (2.5),0.0,2026-06-25 12:58:47 UTC,0.0,1.4475,Yes,0xF1e5c82790d22aa57B3ec4454818c8e886E9e439
2026-06-25 23:00:00 UTC,Tunisia vs Netherlands,FIFA World Cup ,Tunisia +3,Asian Handicap (3),1.0,2026-06-25 12:58:45 UTC,1.0,1.575,Yes,0xF1e5c82790d22aa57B3ec4454818c8e886E9e439
2026-06-25 23:00:00 UTC,Tunisia vs Netherlands,FIFA World Cup ,Tunisia +2.5,Asian Handicap (2.5),0.0,2026-06-25 12:58:43 UTC,0.0,1.4475,Yes,0xF1e5c82790d22aa57B3ec4454818c8e886E9e439
2026-06-25 23:00:00 UTC,Tunisia vs Netherlands,FIFA World Cup ,Netherlands -2,Asian Handicap (2),34.0,2026-06-25 12:58:28 UTC,34.0,1.6963,Yes,0xC88F614A48f8A705d7465b03aAF62ddaca0c3754
2026-06-25 23:00:00 UTC,Tunisia vs Netherlands,FIFA World Cup ,Tunisia +2.5,Asian Handicap (2.5),264.0,2026-06-25 12:58:14 UTC,264.0,1.4475,Yes,0xF1e5c82790d22aa57B3ec4454818c8e886E9e439
2026-06-25 23:00:00 UTC,Tunisia vs Netherlands,FIFA World Cup ,Tunisia +3,Asian Handicap (3),523.0,2026-06-25 12:58:12 UTC,523.0,1.575,Yes,0xF1e5c82790d22aa57B3ec4454818c8e886E9e439
2026-06-25 23:00:00 UTC,Tunisia vs Netherlands,FIFA World Cup ,Tunisia +3,Asian Handicap (3),3273.0,2026-06-25 12:58:10 UTC,3273.0,1.575,Yes,0xF1e5c82790d22aa57B3ec4454818c8e886E9e439
2026-06-25 23:00:00 UTC,Tunisia vs Netherlands,FIFA World Cup ,Tunisia +3,Asian Handicap (3),4485.0,2026-06-25 12:58:08 UTC,4485.0,1.575,Yes,0xF1e5c82790d22aa57B3ec4454818c8e886E9e439
2026-06-25 23:00:00 UTC,Tunisia vs Netherlands,FIFA World Cup ,Tunisia +2.5,Asian Handicap (2.5),3819.0,2026-06-25 12:58:07 UTC,3819.0,1.4475,Yes,0xF1e5c82790d22aa57B3ec4454818c8e886E9e439
2026-06-25 23:00:00 UTC,Tunisia vs Netherlands,FIFA World Cup ,Tunisia +3,Asian Handicap (3),925.0,2026-06-25 12:58:06 UTC,925.0,1.575,Yes,0xF1e5c82790d22aa57B3ec4454818c8e886E9e439
2026-06-25 23:00:00 UTC,Tunisia vs Netherlands,FIFA World Cup ,Tunisia +2.5,Asian Handicap (2.5),730.0,2026-06-25 12:58:06 UTC,730.0,1.4475,Yes,0xF1e5c82790d22aa57B3ec4454818c8e886E9e439
2026-06-25 23:00:00 UTC,Tunisia vs Netherlands,FIFA World Cup ,Tunisia +3,Asian Handicap (3),0.0,2026-06-25 12:58:05 UTC,0.0,1.505,Yes,0xF1e5c82790d22aa57B3ec4454818c8e886E9e439
2026-06-25 23:00:00 UTC,Tunisia vs Netherlands,FIFA World Cup ,Tunisia +2.5,Asian Handicap (2.5),0.0,2026-06-25 12:58:05 UTC,0.0,1.505,Yes,0xF1e5c82790d22aa57B3ec4454818c8e886E9e439
2026-06-25 23:00:00 UTC,Tunisia vs Netherlands,FIFA World Cup ,Tunisia +3,Asian Handicap (3),0.0,2026-06-25 12:57:57 UTC,0.0,1.505,Yes,0xF1e5c82790d22aa57B3ec4454818c8e886E9e439
2026-06-25 23:00:00 UTC,Tunisia vs Netherlands,FIFA World Cup ,Tunisia +2.5,Asian Handicap (2.5),0.0,2026-06-25 12:57:57 UTC,0.0,1.505,Yes,0xF1e5c82790d22aa57B3ec4454818c8e886E9e439
2026-06-25 23:00:00 UTC,Tunisia vs Netherlands,FIFA World Cup ,Netherlands -3,Asian Handicap (3),0.0,2026-06-25 12:56:31 UTC,0.0,1.495,Yes,0xF1e5c82790d22aa57B3ec4454818c8e886E9e439
2026-06-25 23:00:00 UTC,Tunisia vs Netherlands,FIFA World Cup ,Netherlands -2.5,Asian Handicap (2.5),0.0,2026-06-25 12:56:30 UTC,0.0,1.495,Yes,0xF1e5c82790d22aa57B3ec4454818c8e886E9e439
2026-06-25 23:00:00 UTC,Tunisia vs Netherlands,FIFA World Cup ,Netherlands -3,Asian Handicap (3),0.0,2026-06-25 12:56:25 UTC,0.0,1.495,Yes,0xF1e5c82790d22aa57B3ec4454818c8e886E9e439
2026-06-25 23:00:00 UTC,Tunisia vs Netherlands,FIFA World Cup ,Netherlands -2.5,Asian Handicap (2.5),0.0,2026-06-25 12:56:25 UTC,0.0,1.495,Yes,0xF1e5c82790d22aa57B3ec4454818c8e886E9e439
2026-06-25 20:00:00 UTC,Curaçao vs Ivory Coast,FIFA World Cup ,Ivory Coast,1X2,3999.0,2026-06-25 12:55:32 UTC,3999.0,1.8325,Yes,0x21698d996FCf4A1BE1134DA14A288c06Af4E44Ee
2026-06-25 20:00:00 UTC,Ecuador vs Germany,FIFA World Cup ,Ecuador +1,Asian Handicap (1),24.0,2026-06-25 12:54:30 UTC,24.0,1.5038,Yes,0xC88F614A48f8A705d7465b03aAF62ddaca0c3754
2026-06-25 20:00:00 UTC,Curaçao vs Ivory Coast,FIFA World Cup ,Not tie,1X2,7.0,2026-06-25 12:54:20 UTC,7.0,1.8813,Yes,0x68E1818FF20BBe84F9be9E0A4A395FB11079Bd35
2026-06-25 23:00:00 UTC,Japan vs Sweden,FIFA World Cup ,Over 2.5,Under/Over (2.5),1.0,2026-06-25 12:51:40 UTC,1.0,1.505,Yes,0xe2C68b7ef85645e47F9b94382c3Db59b046945a2
2026-06-27 00:00:00 UTC,Uruguay vs Spain,FIFA World Cup ,Not tie,1X2,57.0,2026-06-25 12:51:39 UTC,57.0,1.7738,Yes,0x8268feC8dCb0D284343054BDf2b649286c9aA0a1
2026-06-25 23:00:00 UTC,Japan vs Sweden,FIFA World Cup ,Sweden,1X2,113.0,2026-06-25 12:51:10 UTC,113.0,1.2138,Yes,0x68E1818FF20BBe84F9be9E0A4A395FB11079Bd35
2026-06-26 02:00:00 UTC,Paraguay vs Australia,FIFA World Cup ,Under 2.0,Under/Over (2),21.0,2026-06-25 12:49:37 UTC,21.0,1.6075,Yes,0xF1e5c82790d22aa57B3ec4454818c8e886E9e439
2026-06-26 02:00:00 UTC,Paraguay vs Australia,FIFA World Cup ,Under 2.0,Under/Over (2),46.0,2026-06-25 12:49:35 UTC,46.0,1.6075,Yes,0xF1e5c82790d22aa57B3ec4454818c8e886E9e439
2026-06-26 02:00:00 UTC,Paraguay vs Australia,FIFA World Cup ,Under 2.0,Under/Over (2),85.0,2026-06-25 12:49:33 UTC,85.0,1.6075,Yes,0xF1e5c82790d22aa57B3ec4454818c8e886E9e439
2026-06-26 02:00:00 UTC,Paraguay vs Australia,FIFA World Cup ,Under 2.0,Under/Over (2),154.0,2026-06-25 12:49:32 UTC,154.0,1.6075,Yes,0xF1e5c82790d22aa57B3ec4454818c8e886E9e439
2026-06-26 02:00:00 UTC,Paraguay vs Australia,FIFA World Cup ,Under 2.0,Under/Over (2),274.0,2026-06-25 12:49:30 UTC,274.0,1.6075,Yes,0xF1e5c82790d22aa57B3ec4454818c8e886E9e439
2026-06-26 02:00:00 UTC,Paraguay vs Australia,FIFA World Cup ,Under 2.0,Under/Over (2),482.0,2026-06-25 12:49:29 UTC,482.0,1.6075,Yes,0xF1e5c82790d22aa57B3ec4454818c8e886E9e439
2026-06-26 02:00:00 UTC,Paraguay vs Australia,FIFA World Cup ,Under 2.0,Under/Over (2),830.0,2026-06-25 12:49:27 UTC,830.0,1.6075,Yes,0xF1e5c82790d22aa57B3ec4454818c8e886E9e439
2026-06-26 02:00:00 UTC,Paraguay vs Australia,FIFA World Cup ,Under 2.0,Under/Over (2),1392.0,2026-06-25 12:49:26 UTC,1392.0,1.6075,Yes,0xF1e5c82790d22aa57B3ec4454818c8e886E9e439
2026-06-26 02:00:00 UTC,Paraguay vs Australia,FIFA World Cup ,Under 2.0,Under/Over (2),2246.0,2026-06-25 12:49:24 UTC,2246.0,1.6075,Yes,0xF1e5c82790d22aa57B3ec4454818c8e886E9e439
2026-06-26 02:00:00 UTC,Paraguay vs Australia,FIFA World Cup ,Under 2.0,Under/Over (2),3418.0,2026-06-25 12:49:22 UTC,3418.0,1.6075,Yes,0xF1e5c82790d22aa57B3ec4454818c8e886E9e439
2026-06-26 02:00:00 UTC,Paraguay vs Australia,FIFA World Cup ,Under 2.0,Under/Over (2),4688.0,2026-06-25 12:49:21 UTC,4688.0,1.6075,Yes,0xF1e5c82790d22aa57B3ec4454818c8e886E9e439
2026-06-25 23:00:00 UTC,Tunisia vs Netherlands,FIFA World Cup ,Netherlands -2.5,Asian Handicap (2.5),13.0,2026-06-25 12:48:00 UTC,13.0,1.5413,Yes,0x8268feC8dCb0D284343054BDf2b649286c9aA0a1
2026-06-25 20:00:00 UTC,Ecuador vs Germany,FIFA World Cup ,Germany -1,Asian Handicap (1),24.0,2026-06-25 12:47:46 UTC,24.0,1.485,Yes,0xC88F614A48f8A705d7465b03aAF62ddaca0c3754
2026-06-26 19:00:00 UTC,Norway vs France,FIFA World Cup ,Not Norway,1X2,337.0,2026-06-25 12:46:05 UTC,337.0,1.8037,Yes,0x68E1818FF20BBe84F9be9E0A4A395FB11079Bd35
2026-06-26 02:00:00 UTC,Turkey vs USA,FIFA World Cup ,Not Turkey,1X2,8.0,2026-06-25 12:44:07 UTC,8.0,1.745,Yes,0x68E1818FF20BBe84F9be9E0A4A395FB11079Bd35
2026-06-27 03:00:00 UTC,Egypt vs Iran,FIFA World Cup ,Not tie,1X2,87.0,2026-06-25 12:40:43 UTC,87.0,1.6325,Yes,0x68E1818FF20BBe84F9be9E0A4A395FB11079Bd35
2026-06-26 11:35:00 UTC,Qingdao Hainiu vs Yunnan Yukun,China Super League,Qingdao Hainiu 0,Asian Handicap (0),9.0,2026-06-25 12:38:24 UTC,9.0,1.4537,Yes,0x8268feC8dCb0D284343054BDf2b649286c9aA0a1
2026-06-26 02:00:00 UTC,Turkey vs USA,FIFA World Cup ,Under 5.5,Under/Over (5.5),226.0,2026-06-25 12:38:16 UTC,226.0,1.915,Yes,0x740d5718a79A8559fEeE8B00922F8Cd773A81D84
2026-06-27 03:00:00 UTC,Egypt vs Iran,FIFA World Cup ,Not tie,1X2,397.0,2026-06-25 12:37:57 UTC,397.0,1.6338,Yes,0x68E1818FF20BBe84F9be9E0A4A395FB11079Bd35
2026-06-25 20:00:00 UTC,Ecuador vs Germany,FIFA World Cup ,Not tie,1X2,87.0,2026-06-25 12:36:46 UTC,87.0,1.805,Yes,0x68E1818FF20BBe84F9be9E0A4A395FB11079Bd35
2026-06-27 03:00:00 UTC,Egypt vs Iran,FIFA World Cup ,Not tie,1X2,397.0,2026-06-25 12:35:26 UTC,397.0,1.6338,Yes,0x68E1818FF20BBe84F9be9E0A4A395FB11079Bd35
2026-06-25 20:00:00 UTC,Ecuador vs Germany,FIFA World Cup ,Not tie,1X2,226.0,2026-06-25 12:34:10 UTC,226.0,1.805,Yes,0x68E1818FF20BBe84F9be9E0A4A395FB11079Bd35
2026-06-25 20:00:00 UTC,Ecuador vs Germany,FIFA World Cup ,Over 1.0,Under/Over (1),658.0,2026-06-25 12:32:47 UTC,658.0,1.9413,Yes,0xe2C68b7ef85645e47F9b94382c3Db59b046945a2
2026-06-26 02:00:00 UTC,Turkey vs USA,FIFA World Cup ,Under 2.5,Under/Over (2.5),20.0,2026-06-25 12:32:38 UTC,20.0,1.4213,Yes,0xC88F614A48f8A705d7465b03aAF62ddaca0c3754
2026-06-26 02:00:00 UTC,Turkey vs USA,FIFA World Cup ,Under 2.0,Under/Over (2),12.0,2026-06-25 12:32:38 UTC,12.0,1.2575,Yes,0xC88F614A48f8A705d7465b03aAF62ddaca0c3754
2026-06-26 02:00:00 UTC,Turkey vs USA,FIFA World Cup ,Under 3.0,Under/Over (3),27.0,2026-06-25 12:32:37 UTC,27.0,1.5488,Yes,0xC88F614A48f8A705d7465b03aAF62ddaca0c3754
2026-06-25 23:00:00 UTC,Tunisia vs Netherlands,FIFA World Cup ,Under 6.5,Under/Over (6.5),33.0,2026-06-25 12:31:50 UTC,33.0,1.9187,Yes,0x740d5718a79A8559fEeE8B00922F8Cd773A81D84
2026-06-26 02:00:00 UTC,Turkey vs USA,FIFA World Cup ,Turkey,12,16.0,2026-06-25 12:31:48 UTC,16.0,1.325,Yes,0xC88F614A48f8A705d7465b03aAF62ddaca0c3754
2026-06-26 02:00:00 UTC,Turkey vs USA,FIFA World Cup ,Turkey +0.5,Asian Handicap (0.5),30.0,2026-06-25 12:31:47 UTC,30.0,1.48,Yes,0x2857353ed2c6FC7BE5d2F2004f4354bdcF83e85d
2026-06-25 20:00:00 UTC,Ecuador vs Germany,FIFA World Cup ,Not tie,1X2,250.0,2026-06-25 12:31:35 UTC,250.0,1.805,Yes,0x68E1818FF20BBe84F9be9E0A4A395FB11079Bd35
2026-06-25 23:00:00 UTC,Tunisia vs Netherlands,FIFA World Cup ,Tunisia +2.5,Asian Handicap (2.5),0.0,2026-06-25 12:31:21 UTC,0.0,1.4425,Yes,0xe2C68b7ef85645e47F9b94382c3Db59b046945a2
2026-06-25 23:00:00 UTC,Tunisia vs Netherlands,FIFA World Cup ,Tunisia +3,Asian Handicap (3),28.0,2026-06-25 12:31:08 UTC,28.0,1.5725,Yes,0xC88F614A48f8A705d7465b03aAF62ddaca0c3754
2026-06-25 23:00:00 UTC,Tunisia vs Netherlands,FIFA World Cup ,Tunisia +2.5,Asian Handicap (2.5),21.0,2026-06-25 12:31:07 UTC,21.0,1.445,Yes,0xC88F614A48f8A705d7465b03aAF62ddaca0c3754
2026-06-25 23:00:00 UTC,Tunisia vs Netherlands,FIFA World Cup ,Under 3.0,Under/Over (3),18.0,2026-06-25 12:31:06 UTC,18.0,1.375,Yes,0xC88F614A48f8A705d7465b03aAF62ddaca0c3754
2026-06-25 20:00:00 UTC,Ecuador vs Germany,FIFA World Cup ,Ecuador 0,Asian Handicap (0),0.0,2026-06-25 12:30:17 UTC,0.0,1.165,Yes,0x8268feC8dCb0D284343054BDf2b649286c9aA0a1
2026-06-26 02:00:00 UTC,Paraguay vs Australia,FIFA World Cup ,Not tie,1X2,530.0,2026-06-25 12:29:15 UTC,530.0,1.5737,Yes,0x68E1818FF20BBe84F9be9E0A4A395FB11079Bd35
2026-06-25 20:00:00 UTC,Ecuador vs Germany,FIFA World Cup ,Ecuador +1,Asian Handicap (1),25.0,2026-06-25 12:28:45 UTC,25.0,1.5063,Yes,0xC88F614A48f8A705d7465b03aAF62ddaca0c3754
2026-06-25 20:00:00 UTC,Ecuador vs Germany,FIFA World Cup ,Over 1.5,Under/Over (1.5),18.0,2026-06-25 12:26:42 UTC,18.0,1.7887,Yes,0x8268feC8dCb0D284343054BDf2b649286c9aA0a1
2026-06-26 02:00:00 UTC,Paraguay vs Australia,FIFA World Cup ,Not tie,1X2,588.0,2026-06-25 12:26:35 UTC,588.0,1.5762,Yes,0x68E1818FF20BBe84F9be9E0A4A395FB11079Bd35
2026-06-27 03:00:00 UTC,New Zealand vs Belgium,FIFA World Cup ,Over 3.0,Under/Over (3),5.0,2026-06-25 12:26:25 UTC,5.0,1.5888,Yes,0x8268feC8dCb0D284343054BDf2b649286c9aA0a1
2026-06-27 03:00:00 UTC,New Zealand vs Belgium,FIFA World Cup ,Over 3.5,Under/Over (3.5),3.0,2026-06-25 12:26:23 UTC,3.0,1.4587,Yes,0x8268feC8dCb0D284343054BDf2b649286c9aA0a1
2026-06-27 03:00:00 UTC,New Zealand vs Belgium,FIFA World Cup ,Over 2.5,Under/Over (2.5),8.0,2026-06-25 12:26:22 UTC,8.0,1.6787,Yes,0x8268feC8dCb0D284343054BDf2b649286c9aA0a1
2026-06-27 03:00:00 UTC,New Zealand vs Belgium,FIFA World Cup ,Over 4.0,Under/Over (4),1.0,2026-06-25 12:26:20 UTC,1.0,1.3325,Yes,0x8268feC8dCb0D284343054BDf2b649286c9aA0a1
2026-06-26 02:00:00 UTC,Paraguay vs Australia,FIFA World Cup ,Not Australia,1X2,3.0,2026-06-25 12:25:01 UTC,3.0,1.77,Yes,0x8268feC8dCb0D284343054BDf2b649286c9aA0a1
2026-06-25 23:00:00 UTC,Tunisia vs Netherlands,FIFA World Cup ,Netherlands -2,Asian Handicap (2),33.0,2026-06-25 12:24:07 UTC,33.0,1.6775,Yes,0xC88F614A48f8A705d7465b03aAF62ddaca0c3754
2026-06-25 20:00:00 UTC,Ecuador vs Germany,FIFA World Cup ,Not Germany,1X2,0.0,2026-06-25 12:23:30 UTC,0.0,1.3687,Yes,0x81b0690435A7b77c1fE50f311506934127e9De73
2026-06-26 02:00:00 UTC,Turkey vs USA,FIFA World Cup ,Not tie,1X2,9.0,2026-06-25 12:22:41 UTC,9.0,1.7688,Yes,0x81b0690435A7b77c1fE50f311506934127e9De73
2026-06-26 02:00:00 UTC,Turkey vs USA,FIFA World Cup ,Not Turkey,1X2,8.0,2026-06-25 12:22:33 UTC,8.0,1.7437,Yes,0x68E1818FF20BBe84F9be9E0A4A395FB11079Bd35
2026-06-25 23:00:00 UTC,Japan vs Sweden,FIFA World Cup ,Under 4.0,Under/Over (4),658.0,2026-06-25 12:22:02 UTC,658.0,1.83,Yes,0xe2C68b7ef85645e47F9b94382c3Db59b046945a2
2026-06-25 23:00:00 UTC,Japan vs Sweden,FIFA World Cup ,Under 3.0,Under/Over (3),658.0,2026-06-25 12:22:02 UTC,658.0,1.62,Yes,0xe2C68b7ef85645e47F9b94382c3Db59b046945a2
2026-06-25 23:00:00 UTC,Japan vs Sweden,FIFA World Cup ,Under 2.0,Under/Over (2),659.0,2026-06-25 12:22:02 UTC,659.0,1.3125,Yes,0xe2C68b7ef85645e47F9b94382c3Db59b046945a2
2026-06-25 20:00:00 UTC,Curaçao vs Ivory Coast,FIFA World Cup ,Over 2.5,Under/Over (2.5),9.0,2026-06-25 12:21:39 UTC,9.0,1.6538,Yes,0x8268feC8dCb0D284343054BDf2b649286c9aA0a1
2026-06-27 03:00:00 UTC,New Zealand vs Belgium,FIFA World Cup ,Under 4.0,Under/Over (4),49.0,2026-06-25 12:21:10 UTC,49.0,1.665,Yes,0x85488156a1675CE39D29f15418b1bf15eA79a2a6
2026-06-27 03:00:00 UTC,New Zealand vs Belgium,FIFA World Cup ,Under 2.5,Under/Over (2.5),49.0,2026-06-25 12:21:09 UTC,49.0,1.3188,Yes,0x85488156a1675CE39D29f15418b1bf15eA79a2a6
2026-06-27 03:00:00 UTC,New Zealand vs Belgium,FIFA World Cup ,Under 3.5,Under/Over (3.5),49.0,2026-06-25 12:21:08 UTC,49.0,1.5413,Yes,0x85488156a1675CE39D29f15418b1bf15eA79a2a6
2026-06-27 03:00:00 UTC,New Zealand vs Belgium,FIFA World Cup ,Under 3.0,Under/Over (3),49.0,2026-06-25 12:21:08 UTC,49.0,1.4163,Yes,0x85488156a1675CE39D29f15418b1bf15eA79a2a6
2026-06-25 20:00:00 UTC,Ecuador vs Germany,FIFA World Cup ,Germany -1,Asian Handicap (1),24.0,2026-06-25 12:20:15 UTC,24.0,1.4925,Yes,0xC88F614A48f8A705d7465b03aAF62ddaca0c3754
2026-06-26 02:00:00 UTC,Paraguay vs Australia,FIFA World Cup ,Not tie,1X2,538.0,2026-06-25 12:19:25 UTC,538.0,1.5775,Yes,0x68E1818FF20BBe84F9be9E0A4A395FB11079Bd35
2026-06-25 20:00:00 UTC,Ecuador vs Germany,FIFA World Cup ,Not tie,1X2,246.0,2026-06-25 12:18:58 UTC,246.0,1.8075,Yes,0x68E1818FF20BBe84F9be9E0A4A395FB11079Bd35
2026-06-25 23:00:00 UTC,Japan vs Sweden,FIFA World Cup ,Sweden,1X2,10.0,2026-06-25 12:18:18 UTC,10.0,1.215,Yes,0x81b0690435A7b77c1fE50f311506934127e9De73
2026-06-25 20:00:00 UTC,Ecuador vs Germany,FIFA World Cup ,Ecuador -1.5,Asian Handicap (-1.5),21.0,2026-06-25 12:17:58 UTC,21.0,1.0525,Yes,0x8268feC8dCb0D284343054BDf2b649286c9aA0a1
2026-06-25 20:00:00 UTC,Ecuador vs Germany,FIFA World Cup ,Under 3.0,Under/Over (3),26.0,2026-06-25 12:17:58 UTC,26.0,1.5375,Yes,0xC88F614A48f8A705d7465b03aAF62ddaca0c3754
2026-06-25 20:00:00 UTC,Ecuador vs Germany,FIFA World Cup ,Under 2.5,Under/Over (2.5),20.0,2026-06-25 12:17:57 UTC,20.0,1.41,Yes,0xC88F614A48f8A705d7465b03aAF62ddaca0c3754
2026-06-25 20:00:00 UTC,Ecuador vs Germany,FIFA World Cup ,Under 3.0,Under/Over (3),631.0,2026-06-25 12:17:57 UTC,631.0,1.5387,Yes,0xe2C68b7ef85645e47F9b94382c3Db59b046945a2
2026-06-25 20:00:00 UTC,Ecuador vs Germany,FIFA World Cup ,Under 2.5,Under/Over (2.5),658.0,2026-06-25 12:17:56 UTC,658.0,1.4112,Yes,0xe2C68b7ef85645e47F9b94382c3Db59b046945a2
2026-06-25 20:00:00 UTC,Ecuador vs Germany,FIFA World Cup ,Under 2.0,Under/Over (2),12.0,2026-06-25 12:17:56 UTC,12.0,1.2575,Yes,0xC88F614A48f8A705d7465b03aAF62ddaca0c3754
2026-06-25 20:00:00 UTC,Ecuador vs Germany,FIFA World Cup ,Under 3.0,Under/Over (3),26.0,2026-06-25 12:17:56 UTC,26.0,1.5387,Yes,0xe2C68b7ef85645e47F9b94382c3Db59b046945a2
2026-06-25 23:00:00 UTC,Japan vs Sweden,FIFA World Cup ,Not Japan,1X2,1.0,2026-06-25 12:16:53 UTC,1.0,1.4875,Yes,0x8268feC8dCb0D284343054BDf2b649286c9aA0a1
2026-06-27 23:30:00 UTC,Colombia vs Portugal,FIFA World Cup ,Over 3.0,Under/Over (3),374.0,2026-06-25 12:16:24 UTC,374.0,1.3188,Yes,0xe2C68b7ef85645e47F9b94382c3Db59b046945a2
2026-06-27 23:30:00 UTC,Colombia vs Portugal,FIFA World Cup ,Not tie,1X2,298.0,2026-06-25 12:16:24 UTC,298.0,1.7475,Yes,0x68E1818FF20BBe84F9be9E0A4A395FB11079Bd35
2026-06-27 23:30:00 UTC,Colombia vs Portugal,FIFA World Cup ,Portugal,1X2,466.0,2026-06-25 12:16:24 UTC,466.0,1.52,Yes,0x68E1818FF20BBe84F9be9E0A4A395FB11079Bd35
2026-06-27 23:30:00 UTC,Colombia vs Portugal,FIFA World Cup ,Portugal,1X2,435.0,2026-06-25 12:16:24 UTC,435.0,1.5175,Yes,0x68E1818FF20BBe84F9be9E0A4A395FB11079Bd35
2026-06-25 23:00:00 UTC,Tunisia vs Netherlands,FIFA World Cup ,Not tie,1X2,11.0,2026-06-25 12:15:35 UTC,11.0,1.9187,Yes,0xe2C68b7ef85645e47F9b94382c3Db59b046945a2
2026-06-25 23:00:00 UTC,Japan vs Sweden,FIFA World Cup ,Japan,1X2,2.0,2026-06-25 12:15:31 UTC,2.0,1.5038,Yes,0x81b0690435A7b77c1fE50f311506934127e9De73
2026-06-26 02:00:00 UTC,Turkey vs USA,FIFA World Cup ,USA,1X2,2.0,2026-06-25 12:14:25 UTC,2.0,1.51,Yes,0x68E1818FF20BBe84F9be9E0A4A395FB11079Bd35
2026-06-25 23:00:00 UTC,Japan vs Sweden,FIFA World Cup ,Not tie,1X2,25.0,2026-06-25 12:12:23 UTC,25.0,1.72,Yes,0x68E1818FF20BBe84F9be9E0A4A395FB11079Bd35
2026-06-27 03:00:00 UTC,New Zealand vs Belgium,FIFA World Cup ,Not New Zealand,1X2,876.0,2026-06-25 12:10:10 UTC,876.0,1.945,Yes,0x68E1818FF20BBe84F9be9E0A4A395FB11079Bd35
2026-06-25 23:00:00 UTC,Tunisia vs Netherlands,FIFA World Cup ,Not Netherlands,1X2,0.0,2026-06-25 12:09:13 UTC,0.0,1.0975,Yes,0x81b0690435A7b77c1fE50f311506934127e9De73
2026-06-25 23:00:00 UTC,Tunisia vs Netherlands,FIFA World Cup ,Not tie,1X2,11.0,2026-06-25 12:09:06 UTC,11.0,1.9187,Yes,0x81b0690435A7b77c1fE50f311506934127e9De73
2026-06-25 23:00:00 UTC,Tunisia vs Netherlands,FIFA World Cup ,Not Tunisia,1X2,28.0,2026-06-25 12:08:59 UTC,28.0,1.9663,Yes,0x740d5718a79A8559fEeE8B00922F8Cd773A81D84
2026-06-25 20:00:00 UTC,Curaçao vs Ivory Coast,FIFA World Cup ,Not Ivory Coast,1X2,0.0,2026-06-25 12:08:39 UTC,0.0,1.1625,Yes,0x81b0690435A7b77c1fE50f311506934127e9De73
2026-06-25 20:00:00 UTC,Curaçao vs Ivory Coast,FIFA World Cup ,Not tie,1X2,7.0,2026-06-25 12:08:31 UTC,7.0,1.8825,Yes,0xe2C68b7ef85645e47F9b94382c3Db59b046945a2
2026-06-25 20:00:00 UTC,Curaçao vs Ivory Coast,FIFA World Cup ,Not Curaçao,1X2,17.0,2026-06-25 12:08:20 UTC,17.0,1.9463,Yes,0x81b0690435A7b77c1fE50f311506934127e9De73
2026-06-25 23:00:00 UTC,Japan vs Sweden,FIFA World Cup ,Not tie,1X2,89.0,2026-06-25 12:07:55 UTC,89.0,1.72,Yes,0x68E1818FF20BBe84F9be9E0A4A395FB11079Bd35
2026-06-26 02:00:00 UTC,Paraguay vs Australia,FIFA World Cup ,Not tie,1X2,10.0,2026-06-25 12:07:34 UTC,10.0,1.5787,Yes,0x90555F35378305Ad562A29916D311a0e1C741A32
2026-06-25 20:00:00 UTC,Curaçao vs Ivory Coast,FIFA World Cup ,Not tie,1X2,7.0,2026-06-25 12:06:54 UTC,7.0,1.8825,Yes,0xe2C68b7ef85645e47F9b94382c3Db59b046945a2
2026-06-25 20:00:00 UTC,Ecuador vs Germany,FIFA World Cup ,Ecuador,1X2,11.0,2026-06-25 12:04:35 UTC,11.0,1.1725,Yes,0x81b0690435A7b77c1fE50f311506934127e9De73
2026-06-28 02:00:00 UTC,Jordan vs Argentina,FIFA World Cup ,Not Jordan,1X2,141.0,2026-06-25 12:02:24 UTC,141.0,1.945,Yes,0xe2C68b7ef85645e47F9b94382c3Db59b046945a2
2026-06-25 20:00:00 UTC,Ecuador vs Germany,FIFA World Cup ,Not Germany,1X2,5.0,2026-06-25 12:01:14 UTC,5.0,1.3625,Yes,0x81b0690435A7b77c1fE50f311506934127e9De73
2026-06-25 20:00:00 UTC,Curaçao vs Ivory Coast,FIFA World Cup ,Under 3.0,Under/Over (3),20.0,2026-06-25 11:59:56 UTC,20.0,1.4225,Yes,0x8268feC8dCb0D284343054BDf2b649286c9aA0a1
2026-06-25 20:00:00 UTC,Ecuador vs Germany,FIFA World Cup ,Not tie,1X2,20.0,2026-06-25 11:59:46 UTC,20.0,1.8075,Yes,0x68E1818FF20BBe84F9be9E0A4A395FB11079Bd35
2026-06-28 02:00:00 UTC,Jordan vs Argentina,FIFA World Cup ,Not Jordan,1X2,17.0,2026-06-25 11:59:13 UTC,17.0,1.945,Yes,0xe2C68b7ef85645e47F9b94382c3Db59b046945a2
2026-06-28 02:00:00 UTC,Jordan vs Argentina,FIFA World Cup ,Not Jordan,1X2,344.0,2026-06-25 11:58:43 UTC,344.0,1.945,Yes,0xe2C68b7ef85645e47F9b94382c3Db59b046945a2
2026-06-26 02:00:00 UTC,Turkey vs USA,FIFA World Cup ,Turkey,12,0.0,2026-06-25 11:58:24 UTC,0.0,1.3237,Yes,0xC88F614A48f8A705d7465b03aAF62ddaca0c3754
2026-06-25 20:00:00 UTC,Curaçao vs Ivory Coast,FIFA World Cup ,Curaçao +3.5,Asian Handicap (3.5),36.0,2026-06-25 11:58:22 UTC,36.0,1.7488,Yes,0xC88F614A48f8A705d7465b03aAF62ddaca0c3754
2026-06-25 20:00:00 UTC,Curaçao vs Ivory Coast,FIFA World Cup ,Curaçao +3,Asian Handicap (3),34.0,2026-06-25 11:58:18 UTC,34.0,1.6987,Yes,0xC88F614A48f8A705d7465b03aAF62ddaca0c3754
2026-06-26 02:00:00 UTC,Turkey vs USA,FIFA World Cup ,Turkey,12,16.0,2026-06-25 11:57:51 UTC,16.0,1.325,Yes,0xC88F614A48f8A705d7465b03aAF62ddaca0c3754
2026-06-28 19:00:00 UTC,South Africa vs Canada,FIFA World Cup ,Not Canada,1X2,44.0,2026-06-25 11:57:09 UTC,44.0,1.4463,Yes,0x8268feC8dCb0D284343054BDf2b649286c9aA0a1
2026-06-25 23:00:00 UTC,Tunisia vs Netherlands,FIFA World Cup ,Netherlands -2,Asian Handicap (2),33.0,2026-06-25 11:57:04 UTC,33.0,1.675,Yes,0xC88F614A48f8A705d7465b03aAF62ddaca0c3754
2026-06-25 20:00:00 UTC,Curaçao vs Ivory Coast,FIFA World Cup ,Ivory Coast,1X2,58.0,2026-06-25 11:56:37 UTC,58.0,1.8337,Yes,0x81b0690435A7b77c1fE50f311506934127e9De73
2026-06-25 23:00:00 UTC,Japan vs Sweden,FIFA World Cup ,Not Japan,1X2,10.0,2026-06-25 11:55:40 UTC,10.0,1.4888,Yes,0x81b0690435A7b77c1fE50f311506934127e9De73
2026-06-26 02:00:00 UTC,Turkey vs USA,FIFA World Cup ,Turkey +0.5,Asian Handicap (0.5),29.0,2026-06-25 11:54:52 UTC,29.0,1.485,Yes,0x2857353ed2c6FC7BE5d2F2004f4354bdcF83e85d
2026-06-25 20:00:00 UTC,Ecuador vs Germany,FIFA World Cup ,Germany,1X2,95.0,2026-06-25 11:52:30 UTC,95.0,1.6325,Yes,0x4A9D959770C77f6A06aAEC44f296f4dCDE2CAdc3
2026-06-25 20:00:00 UTC,Ecuador vs Germany,FIFA World Cup ,Under 2.5,Under/Over (2.5),6.0,2026-06-25 11:50:54 UTC,6.0,1.4087,Yes,0xe2C68b7ef85645e47F9b94382c3Db59b046945a2
2026-06-26 02:00:00 UTC,Turkey vs USA,FIFA World Cup ,USA -0.5,Asian Handicap (0.5),4682.0,2026-06-25 11:50:29 UTC,4682.0,1.515,Yes,0xF1e5c82790d22aa57B3ec4454818c8e886E9e439
2026-06-25 20:00:00 UTC,Curaçao vs Ivory Coast,FIFA World Cup ,Not Curaçao,1X2,69.0,2026-06-25 11:47:41 UTC,69.0,1.9463,Yes,0x81b0690435A7b77c1fE50f311506934127e9De73
2026-06-25 20:00:00 UTC,Ecuador vs Germany,FIFA World Cup ,Germany,1X2,25.0,2026-06-25 11:47:30 UTC,25.0,1.6325,Yes,0x4A9D959770C77f6A06aAEC44f296f4dCDE2CAdc3
2026-06-25 20:00:00 UTC,Curaçao vs Ivory Coast,FIFA World Cup ,Not Curaçao,1X2,40.0,2026-06-25 11:39:20 UTC,40.0,1.9463,Yes,0x81b0690435A7b77c1fE50f311506934127e9De73
2026-06-25 20:00:00 UTC,Curaçao vs Ivory Coast,FIFA World Cup ,Curaçao +2,Asian Handicap (2),22.0,2026-06-25 11:38:48 UTC,22.0,1.4512,Yes,0xC88F614A48f8A705d7465b03aAF62ddaca0c3754
2026-06-25 20:00:00 UTC,Ecuador vs Germany,FIFA World Cup ,Germany,1X2,18.0,2026-06-25 11:36:03 UTC,18.0,1.6338,Yes,0x8268feC8dCb0D284343054BDf2b649286c9aA0a1
2026-06-25 20:00:00 UTC,Ecuador vs Germany,FIFA World Cup ,Not Ecuador,1X2,52.0,2026-06-25 11:35:46 UTC,52.0,1.8225,Yes,0x81b0690435A7b77c1fE50f311506934127e9De73
2026-06-26 02:00:00 UTC,Turkey vs USA,FIFA World Cup ,USA -0.5,Asian Handicap (0.5),12.0,2026-06-25 11:35:44 UTC,12.0,1.51,Yes,0xe2C68b7ef85645e47F9b94382c3Db59b046945a2
2026-06-25 20:00:00 UTC,Ecuador vs Germany,FIFA World Cup ,Ecuador,1X2,6.0,2026-06-25 11:34:20 UTC,6.0,1.1713,Yes,0x7b24CF01b6D5e87723223E2A2f5ebed92B5Cc7a9
2026-06-26 02:00:00 UTC,Paraguay vs Australia,FIFA World Cup ,Paraguay 0,Asian Handicap (0),5.0,2026-06-25 11:32:31 UTC,5.0,1.61,Yes,0xC88F614A48f8A705d7465b03aAF62ddaca0c3754
2026-06-26 02:00:00 UTC,Paraguay vs Australia,FIFA World Cup ,Not tie,1X2,6.0,2026-06-25 11:29:36 UTC,6.0,1.5775,Yes,0x68E1818FF20BBe84F9be9E0A4A395FB11079Bd35
2026-06-26 02:00:00 UTC,Paraguay vs Australia,FIFA World Cup ,Australia 0,Asian Handicap (0),49.0,2026-06-25 11:27:38 UTC,49.0,1.3962,Yes,0x85488156a1675CE39D29f15418b1bf15eA79a2a6
2026-06-25 23:00:00 UTC,Japan vs Sweden,FIFA World Cup ,Not Sweden,1X2,759.0,2026-06-25 11:26:34 UTC,759.0,1.785,Yes,0x0dE776fe723F8121F0cEAF1C9B03f774320c3ef5
2026-06-25 20:00:00 UTC,Ecuador vs Germany,FIFA World Cup ,Ecuador,1X2,5.0,2026-06-25 11:25:37 UTC,5.0,1.1713,Yes,0x7b24CF01b6D5e87723223E2A2f5ebed92B5Cc7a9
2026-06-25 20:00:00 UTC,Ecuador vs Germany,FIFA World Cup ,Ecuador,1X2,68.0,2026-06-25 11:20:23 UTC,68.0,1.1713,Yes,0x8268feC8dCb0D284343054BDf2b649286c9aA0a1
2026-06-25 20:00:00 UTC,Curaçao vs Ivory Coast,FIFA World Cup ,Curaçao +2,Asian Handicap (2),0.0,2026-06-25 11:20:09 UTC,0.0,1.4475,Yes,0xC88F614A48f8A705d7465b03aAF62ddaca0c3754
2026-06-25 23:00:00 UTC,Japan vs Sweden,FIFA World Cup ,Not tie,1X2,2.0,2026-06-25 11:20:03 UTC,2.0,1.7237,Yes,0x68E1818FF20BBe84F9be9E0A4A395FB11079Bd35
2026-06-25 23:00:00 UTC,Japan vs Sweden,FIFA World Cup ,Japan -1.5,Asian Handicap (-1.5),53.0,2026-06-25 11:14:54 UTC,53.0,1.2625,Yes,0x8268feC8dCb0D284343054BDf2b649286c9aA0a1
2026-06-25 23:00:00 UTC,Japan vs Sweden,FIFA World Cup ,Japan,1X2,49.0,2026-06-25 11:10:09 UTC,49.0,1.5063,Yes,0x77B23094D6E48F735487DA7410DbEeE2Fc87A0c8
2026-06-25 20:00:00 UTC,Ecuador vs Germany,FIFA World Cup ,Ecuador,1X2,16.0,2026-06-25 11:09:18 UTC,16.0,1.1713,Yes,0x7b24CF01b6D5e87723223E2A2f5ebed92B5Cc7a9
2026-06-25 23:00:00 UTC,Japan vs Sweden,FIFA World Cup ,Not Sweden,1X2,42.0,2026-06-25 11:07:46 UTC,42.0,1.785,Yes,0x77B23094D6E48F735487DA7410DbEeE2Fc87A0c8
2026-06-25 20:00:00 UTC,Ecuador vs Germany,FIFA World Cup ,Ecuador,1X2,30.0,2026-06-25 11:05:50 UTC,30.0,1.1713,Yes,0x7b24CF01b6D5e87723223E2A2f5ebed92B5Cc7a9
2026-06-25 23:00:00 UTC,Japan vs Sweden,FIFA World Cup ,Not tie,1X2,40.0,2026-06-25 11:04:02 UTC,40.0,1.7237,Yes,0x68E1818FF20BBe84F9be9E0A4A395FB11079Bd35
2026-06-25 23:00:00 UTC,Tunisia vs Netherlands,FIFA World Cup ,Netherlands -2,Asian Handicap (2),2.0,2026-06-25 11:01:40 UTC,2.0,1.6738,Yes,0xC88F614A48f8A705d7465b03aAF62ddaca0c3754
2026-06-25 23:00:00 UTC,Tunisia vs Netherlands,FIFA World Cup ,Netherlands -2,Asian Handicap (2),32.0,2026-06-25 11:01:02 UTC,32.0,1.6738,Yes,0xC88F614A48f8A705d7465b03aAF62ddaca0c3754
2026-06-26 02:00:00 UTC,Turkey vs USA,FIFA World Cup ,USA,1X2,26.0,2026-06-25 10:53:16 UTC,26.0,1.5088,Yes,0x5B3498Cb20C3107B5B267fabd3601B6425BDeb42
2026-06-25 23:00:00 UTC,Japan vs Sweden,FIFA World Cup ,Not tie,1X2,330.0,2026-06-25 10:53:09 UTC,330.0,1.7237,Yes,0x68E1818FF20BBe84F9be9E0A4A395FB11079Bd35
2026-06-27 03:00:00 UTC,Egypt vs Iran,FIFA World Cup ,Not tie,1X2,3.0,2026-06-25 10:49:39 UTC,3.0,1.6338,Yes,0x68E1818FF20BBe84F9be9E0A4A395FB11079Bd35
2026-06-27 00:00:00 UTC,Cape Verde vs Saudi Arabia,FIFA World Cup ,Cape Verde,1X2,0.0,2026-06-25 10:48:47 UTC,0.0,1.3775,Yes,0x8268feC8dCb0D284343054BDf2b649286c9aA0a1
2026-06-25 20:00:00 UTC,Ecuador vs Germany,FIFA World Cup ,Under 2.0,Under/Over (2),0.0,2026-06-25 10:48:45 UTC,0.0,1.2512,Yes,0xC88F614A48f8A705d7465b03aAF62ddaca0c3754
2026-06-26 02:00:00 UTC,Turkey vs USA,FIFA World Cup ,Turkey,12,0.0,2026-06-25 10:48:41 UTC,0.0,1.3275,Yes,0xC88F614A48f8A705d7465b03aAF62ddaca0c3754
2026-06-27 00:00:00 UTC,Cape Verde vs Saudi Arabia,FIFA World Cup ,Cape Verde,1X2,304.0,2026-06-25 10:48:29 UTC,304.0,1.3775,Yes,0x5B3498Cb20C3107B5B267fabd3601B6425BDeb42
2026-06-25 20:00:00 UTC,Ecuador vs Germany,FIFA World Cup ,Under 2.0,Under/Over (2),12.0,2026-06-25 10:48:27 UTC,12.0,1.2563,Yes,0xC88F614A48f8A705d7465b03aAF62ddaca0c3754
2026-06-26 02:00:00 UTC,Paraguay vs Australia,FIFA World Cup ,Paraguay,12,30.0,2026-06-25 10:48:24 UTC,30.0,1.615,Yes,0xC88F614A48f8A705d7465b03aAF62ddaca0c3754
2026-06-26 02:00:00 UTC,Paraguay vs Australia,FIFA World Cup ,Paraguay,12,30.0,2026-06-25 10:48:18 UTC,30.0,1.615,Yes,0xC88F614A48f8A705d7465b03aAF62ddaca0c3754
2026-06-26 02:00:00 UTC,Paraguay vs Australia,FIFA World Cup ,Paraguay 0,Asian Handicap (0),30.0,2026-06-25 10:48:18 UTC,30.0,1.6125,Yes,0xC88F614A48f8A705d7465b03aAF62ddaca0c3754
2026-06-26 02:00:00 UTC,Turkey vs USA,FIFA World Cup ,Turkey,12,16.0,2026-06-25 10:48:15 UTC,16.0,1.3313,Yes,0xC88F614A48f8A705d7465b03aAF62ddaca0c3754
2026-06-25 20:00:00 UTC,Ecuador vs Germany,FIFA World Cup ,Over 1.0,Under/Over (1),227.0,2026-06-25 10:47:56 UTC,227.0,1.9312,Yes,0x8268feC8dCb0D284343054BDf2b649286c9aA0a1
2026-06-25 20:00:00 UTC,Ecuador vs Germany,FIFA World Cup ,Under 3.0,Under/Over (3),1.0,2026-06-25 10:46:57 UTC,1.0,1.535,Yes,0xC88F614A48f8A705d7465b03aAF62ddaca0c3754
2026-06-25 20:00:00 UTC,Ecuador vs Germany,FIFA World Cup ,Under 2.0,Under/Over (2),0.0,2026-06-25 10:46:55 UTC,0.0,1.2563,Yes,0xC88F614A48f8A705d7465b03aAF62ddaca0c3754
2026-06-25 20:00:00 UTC,Ecuador vs Germany,FIFA World Cup ,Under 3.0,Under/Over (3),26.0,2026-06-25 10:46:07 UTC,26.0,1.535,Yes,0xC88F614A48f8A705d7465b03aAF62ddaca0c3754
2026-06-25 20:00:00 UTC,Ecuador vs Germany,FIFA World Cup ,Under 2.0,Under/Over (2),12.0,2026-06-25 10:46:07 UTC,12.0,1.2563,Yes,0xC88F614A48f8A705d7465b03aAF62ddaca0c3754
2026-06-25 23:00:00 UTC,Tunisia vs Netherlands,FIFA World Cup ,Over 2.5,Under/Over (2.5),34.0,2026-06-25 10:42:55 UTC,34.0,1.7037,Yes,0xC88F614A48f8A705d7465b03aAF62ddaca0c3754
2026-06-25 20:00:00 UTC,Ecuador vs Germany,FIFA World Cup ,Germany,1X2,2022.0,2026-06-25 10:41:00 UTC,2022.0,1.6338,Yes,0x4A9D959770C77f6A06aAEC44f296f4dCDE2CAdc3
2026-06-26 02:00:00 UTC,Turkey vs USA,FIFA World Cup ,USA,1X2,24.0,2026-06-25 10:40:58 UTC,24.0,1.5088,Yes,0x5B3498Cb20C3107B5B267fabd3601B6425BDeb42
2026-06-25 20:00:00 UTC,Ecuador vs Germany,FIFA World Cup ,Ecuador,1X2,10.0,2026-06-25 10:37:38 UTC,10.0,1.17,Yes,0x81b0690435A7b77c1fE50f311506934127e9De73
2026-06-26 02:00:00 UTC,Turkey vs USA,FIFA World Cup ,Over 2.5,Under/Over (2.5),28.0,2026-06-25 10:37:01 UTC,28.0,1.5663,Yes,0xC88F614A48f8A705d7465b03aAF62ddaca0c3754
2026-06-26 02:00:00 UTC,Turkey vs USA,FIFA World Cup ,USA,1X2,1955.0,2026-06-25 10:36:37 UTC,1955.0,1.5088,Yes,0x8268feC8dCb0D284343054BDf2b649286c9aA0a1
2026-06-25 20:00:00 UTC,Ecuador vs Germany,FIFA World Cup ,Germany,1X2,19.0,2026-06-25 10:35:48 UTC,19.0,1.6387,Yes,0x81b0690435A7b77c1fE50f311506934127e9De73
2026-06-26 02:00:00 UTC,Turkey vs USA,FIFA World Cup ,Over 2.5,Under/Over (2.5),28.0,2026-06-25 10:34:21 UTC,28.0,1.5663,Yes,0xC88F614A48f8A705d7465b03aAF62ddaca0c3754
2026-06-26 02:00:00 UTC,Turkey vs USA,FIFA World Cup ,Over 2.5,Under/Over (2.5),28.0,2026-06-25 10:31:29 UTC,28.0,1.57,Yes,0xC88F614A48f8A705d7465b03aAF62ddaca0c3754
2026-06-25 20:00:00 UTC,Ecuador vs Germany,FIFA World Cup ,Not Ecuador,1X2,742.0,2026-06-25 10:29:19 UTC,742.0,1.8237,Yes,0x68E1818FF20BBe84F9be9E0A4A395FB11079Bd35
2026-06-25 23:00:00 UTC,Japan vs Sweden,FIFA World Cup ,Under 3.0,Under/Over (3),659.0,2026-06-25 10:27:29 UTC,659.0,1.62,Yes,0xe2C68b7ef85645e47F9b94382c3Db59b046945a2
2026-06-25 20:00:00 UTC,Ecuador vs Germany,FIFA World Cup ,Not Ecuador,1X2,817.0,2026-06-25 10:26:08 UTC,817.0,1.8237,Yes,0x68E1818FF20BBe84F9be9E0A4A395FB11079Bd35
2026-06-25 20:00:00 UTC,Curaçao vs Ivory Coast,FIFA World Cup ,Not tie,1X2,7.0,2026-06-25 10:24:07 UTC,7.0,1.8838,Yes,0xe2C68b7ef85645e47F9b94382c3Db59b046945a2
2026-06-26 02:00:00 UTC,Paraguay vs Australia,FIFA World Cup ,Paraguay 0,Asian Handicap (0),29.0,2026-06-25 10:23:33 UTC,29.0,1.6025,Yes,0xC88F614A48f8A705d7465b03aAF62ddaca0c3754
2026-06-25 20:00:00 UTC,Curaçao vs Ivory Coast,FIFA World Cup ,Over 3.0,Under/Over (3),28.0,2026-06-25 10:23:03 UTC,28.0,1.5713,Yes,0xC88F614A48f8A705d7465b03aAF62ddaca0c3754
2026-06-25 23:00:00 UTC,Japan vs Sweden,FIFA World Cup ,Not Sweden,1X2,3.0,2026-06-25 10:22:07 UTC,3.0,1.785,Yes,0x77B23094D6E48F735487DA7410DbEeE2Fc87A0c8
2026-06-25 23:00:00 UTC,Japan vs Sweden,FIFA World Cup ,Not Sweden,1X2,3.0,2026-06-25 10:22:02 UTC,3.0,1.785,Yes,0x77B23094D6E48F735487DA7410DbEeE2Fc87A0c8
2026-06-26 02:00:00 UTC,Paraguay vs Australia,FIFA World Cup ,Under 2.0,Under/Over (2),29.0,2026-06-25 10:20:46 UTC,29.0,1.59,Yes,0xC88F614A48f8A705d7465b03aAF62ddaca0c3754
2026-06-27 23:30:00 UTC,Colombia vs Portugal,FIFA World Cup ,Portugal,1X2,422.0,2026-06-25 10:20:26 UTC,422.0,1.52,Yes,0x68E1818FF20BBe84F9be9E0A4A395FB11079Bd35
2026-06-25 20:00:00 UTC,Curaçao vs Ivory Coast,FIFA World Cup ,Ivory Coast -2,Asian Handicap (2),1.0,2026-06-25 10:19:37 UTC,1.0,1.5425,Yes,0xC88F614A48f8A705d7465b03aAF62ddaca0c3754
2026-06-25 20:00:00 UTC,Curaçao vs Ivory Coast,FIFA World Cup ,Ivory Coast -2,Asian Handicap (2),26.0,2026-06-25 10:19:08 UTC,26.0,1.5425,Yes,0xC88F614A48f8A705d7465b03aAF62ddaca0c3754
2026-06-25 20:00:00 UTC,Curaçao vs Ivory Coast,FIFA World Cup ,Not tie,1X2,7.0,2026-06-25 10:19:03 UTC,7.0,1.8838,Yes,0xe2C68b7ef85645e47F9b94382c3Db59b046945a2
2026-06-25 20:00:00 UTC,Curaçao vs Ivory Coast,FIFA World Cup ,Over 3.0,Under/Over (3),28.0,2026-06-25 10:18:59 UTC,28.0,1.5713,Yes,0xC88F614A48f8A705d7465b03aAF62ddaca0c3754
2026-06-25 20:00:00 UTC,Curaçao vs Ivory Coast,FIFA World Cup ,Over 3.0,Under/Over (3),28.0,2026-06-25 10:18:46 UTC,28.0,1.57,Yes,0xC88F614A48f8A705d7465b03aAF62ddaca0c3754
2026-06-25 20:00:00 UTC,Curaçao vs Ivory Coast,FIFA World Cup ,Over 3.0,Under/Over (3),28.0,2026-06-25 10:18:40 UTC,28.0,1.57,Yes,0xC88F614A48f8A705d7465b03aAF62ddaca0c3754
2026-06-25 20:00:00 UTC,Ecuador vs Germany,FIFA World Cup ,Not Germany,1X2,10.0,2026-06-25 10:18:17 UTC,10.0,1.3575,Yes,0x81b0690435A7b77c1fE50f311506934127e9De73
2026-06-26 02:00:00 UTC,Turkey vs USA,FIFA World Cup ,USA,1X2,517.0,2026-06-25 10:16:05 UTC,517.0,1.5088,Yes,0x5B3498Cb20C3107B5B267fabd3601B6425BDeb42
2026-06-26 02:00:00 UTC,Paraguay vs Australia,FIFA World Cup ,Not Paraguay,1X2,20.0,2026-06-25 10:14:09 UTC,20.0,1.6488,Yes,0x81b0690435A7b77c1fE50f311506934127e9De73
2026-06-26 02:00:00 UTC,Paraguay vs Australia,FIFA World Cup ,Not tie,1X2,12.0,2026-06-25 10:13:32 UTC,12.0,1.5762,Yes,0x68E1818FF20BBe84F9be9E0A4A395FB11079Bd35
2026-06-26 02:00:00 UTC,Paraguay vs Australia,FIFA World Cup ,Over 1.5,Under/Over (1.5),28.0,2026-06-25 10:13:16 UTC,28.0,1.5813,Yes,0xC88F614A48f8A705d7465b03aAF62ddaca0c3754
2026-06-25 20:00:00 UTC,Curaçao vs Ivory Coast,FIFA World Cup ,Over 3.0,Under/Over (3),27.0,2026-06-25 10:12:55 UTC,27.0,1.5688,Yes,0xC88F614A48f8A705d7465b03aAF62ddaca0c3754
2026-06-26 02:00:00 UTC,Paraguay vs Australia,FIFA World Cup ,Under 2.0,Under/Over (2),28.0,2026-06-25 10:12:54 UTC,28.0,1.5813,Yes,0xC88F614A48f8A705d7465b03aAF62ddaca0c3754
2026-06-26 02:00:00 UTC,Turkey vs USA,FIFA World Cup ,USA,1X2,16.0,2026-06-25 10:06:18 UTC,16.0,1.51,Yes,0x68E1818FF20BBe84F9be9E0A4A395FB11079Bd35
2026-06-25 20:00:00 UTC,Curaçao vs Ivory Coast,FIFA World Cup ,Over 3.0,Under/Over (3),28.0,2026-06-25 10:05:23 UTC,28.0,1.5713,Yes,0xC88F614A48f8A705d7465b03aAF62ddaca0c3754
2026-06-25 23:00:00 UTC,Japan vs Sweden,FIFA World Cup ,Under 3.0,Under/Over (3),659.0,2026-06-25 10:02:26 UTC,659.0,1.62,Yes,0xe2C68b7ef85645e47F9b94382c3Db59b046945a2
2026-06-25 23:00:00 UTC,Japan vs Sweden,FIFA World Cup ,Not Sweden,1X2,36.0,2026-06-25 09:58:11 UTC,36.0,1.7862,Yes,0x81b0690435A7b77c1fE50f311506934127e9De73
2026-06-25 20:00:00 UTC,Ecuador vs Germany,FIFA World Cup ,Not tie,1X2,50.0,2026-06-25 09:57:58 UTC,50.0,1.81,Yes,0x5B3498Cb20C3107B5B267fabd3601B6425BDeb42
2026-06-25 20:00:00 UTC,Ecuador vs Germany,FIFA World Cup ,Over 3.0,Under/Over (3),7.0,2026-06-25 09:54:15 UTC,7.0,1.4487,Yes,0x8268feC8dCb0D284343054BDf2b649286c9aA0a1
2026-06-27 00:00:00 UTC,Cape Verde vs Saudi Arabia,FIFA World Cup ,Not Saudi Arabia,1X2,10.0,2026-06-25 09:53:23 UTC,10.0,1.6575,Yes,0x5B3498Cb20C3107B5B267fabd3601B6425BDeb42
2026-06-25 23:00:00 UTC,Tunisia vs Netherlands,FIFA World Cup ,Not Netherlands,1X2,0.0,2026-06-25 09:52:56 UTC,0.0,1.1,Yes,0x81b0690435A7b77c1fE50f311506934127e9De73
2026-06-25 20:00:00 UTC,Curaçao vs Ivory Coast,FIFA World Cup ,Not Ivory Coast,1X2,0.0,2026-06-25 09:52:25 UTC,0.0,1.1575,Yes,0x5B3498Cb20C3107B5B267fabd3601B6425BDeb42
2026-06-26 02:00:00 UTC,Paraguay vs Australia,FIFA World Cup ,Under 1.0,Under/Over (1),0.0,2026-06-25 09:48:51 UTC,0.0,1.2463,Yes,0xC88F614A48f8A705d7465b03aAF62ddaca0c3754
2026-06-26 02:00:00 UTC,Paraguay vs Australia,FIFA World Cup ,Under 2.5,Under/Over (2.5),34.0,2026-06-25 09:48:34 UTC,34.0,1.7,Yes,0xC88F614A48f8A705d7465b03aAF62ddaca0c3754
2026-06-26 02:00:00 UTC,Paraguay vs Australia,FIFA World Cup ,Under 1.0,Under/Over (1),11.0,2026-06-25 09:48:31 UTC,11.0,1.2463,Yes,0xC88F614A48f8A705d7465b03aAF62ddaca0c3754
2026-06-26 02:00:00 UTC,Paraguay vs Australia,FIFA World Cup ,Under 2.0,Under/Over (2),28.0,2026-06-25 09:48:31 UTC,28.0,1.5837,Yes,0xC88F614A48f8A705d7465b03aAF62ddaca0c3754
2026-06-27 00:00:00 UTC,Uruguay vs Spain,FIFA World Cup ,Spain,1X2,16.0,2026-06-25 09:46:57 UTC,16.0,1.655,Yes,0x81b0690435A7b77c1fE50f311506934127e9De73
2026-06-25 20:00:00 UTC,Curaçao vs Ivory Coast,FIFA World Cup ,Not Curaçao,1X2,17.0,2026-06-25 09:44:59 UTC,17.0,1.945,Yes,0x81b0690435A7b77c1fE50f311506934127e9De73
2026-06-25 20:00:00 UTC,Curaçao vs Ivory Coast,FIFA World Cup ,Not Curaçao,1X2,17.0,2026-06-25 09:44:53 UTC,17.0,1.945,Yes,0x81b0690435A7b77c1fE50f311506934127e9De73
2026-06-25 20:00:00 UTC,Curaçao vs Ivory Coast,FIFA World Cup ,Not tie,1X2,85.0,2026-06-25 09:44:49 UTC,85.0,1.8875,Yes,0x81b0690435A7b77c1fE50f311506934127e9De73
2026-06-25 20:00:00 UTC,Curaçao vs Ivory Coast,FIFA World Cup ,Over 3.5,Under/Over (3.5),139.0,2026-06-25 09:43:51 UTC,139.0,1.4438,Yes,0xe2C68b7ef85645e47F9b94382c3Db59b046945a2
2026-06-25 23:00:00 UTC,Japan vs Sweden,FIFA World Cup ,Under 4.5,Under/Over (4.5),334.0,2026-06-25 09:42:16 UTC,334.0,1.8562,Yes,0x8268feC8dCb0D284343054BDf2b649286c9aA0a1
2026-06-25 20:00:00 UTC,Curaçao vs Ivory Coast,FIFA World Cup ,Curaçao,1X2,0.0,2026-06-25 09:41:37 UTC,0.0,1.0475,Yes,0x740d5718a79A8559fEeE8B00922F8Cd773A81D84
2026-06-25 20:00:00 UTC,Ecuador vs Germany,FIFA World Cup ,Ecuador,1X2,0.0,2026-06-25 09:40:53 UTC,0.0,1.165,Yes,0x81b0690435A7b77c1fE50f311506934127e9De73
2026-06-25 20:00:00 UTC,Curaçao vs Ivory Coast,FIFA World Cup ,Tie,1X2,3.0,2026-06-25 09:40:01 UTC,3.0,1.1062,Yes,0x8268feC8dCb0D284343054BDf2b649286c9aA0a1
2026-06-25 20:00:00 UTC,Curaçao vs Ivory Coast,FIFA World Cup ,Tie,1X2,11.0,2026-06-25 09:38:25 UTC,11.0,1.1125,Yes,0x81b0690435A7b77c1fE50f311506934127e9De73
2026-06-26 02:00:00 UTC,Paraguay vs Australia,FIFA World Cup ,Under 2.0,Under/Over (2),15.0,2026-06-25 09:36:12 UTC,15.0,1.5837,Yes,0xC88F614A48f8A705d7465b03aAF62ddaca0c3754
2026-06-25 23:00:00 UTC,Japan vs Sweden,FIFA World Cup ,Not tie,1X2,384.0,2026-06-25 09:32:07 UTC,384.0,1.7275,Yes,0x5B3498Cb20C3107B5B267fabd3601B6425BDeb42
2026-06-25 23:00:00 UTC,Japan vs Sweden,FIFA World Cup ,Not tie,1X2,958.0,2026-06-25 09:32:06 UTC,958.0,1.7275,Yes,0x5B3498Cb20C3107B5B267fabd3601B6425BDeb42
2026-06-26 02:00:00 UTC,Turkey vs USA,FIFA World Cup ,Not USA,1X2,729.0,2026-06-25 09:30:37 UTC,729.0,1.485,Yes,0x06a093a3A59Ea8C48045fA50224c6c6700bcF052
2026-06-25 20:00:00 UTC,Curaçao vs Ivory Coast,FIFA World Cup ,Not tie,1X2,329.0,2026-06-25 09:24:33 UTC,329.0,1.8825,Yes,0xe2C68b7ef85645e47F9b94382c3Db59b046945a2
2026-06-26 02:00:00 UTC,Turkey vs USA,FIFA World Cup ,Not USA,1X2,0.0,2026-06-25 09:24:28 UTC,0.0,1.4838,Yes,0x06a093a3A59Ea8C48045fA50224c6c6700bcF052
2026-06-26 02:00:00 UTC,Turkey vs USA,FIFA World Cup ,Not USA,1X2,999.0,2026-06-25 09:24:11 UTC,999.0,1.485,Yes,0x06a093a3A59Ea8C48045fA50224c6c6700bcF052
2026-06-25 23:00:00 UTC,Tunisia vs Netherlands,FIFA World Cup ,Tunisia +2.5,Asian Handicap (2.5),48.0,2026-06-25 09:23:17 UTC,48.0,1.4625,Yes,0x77B23094D6E48F735487DA7410DbEeE2Fc87A0c8
2026-06-25 23:00:00 UTC,Tunisia vs Netherlands,FIFA World Cup ,Under 3.0,Under/Over (3),18.0,2026-06-25 09:22:44 UTC,18.0,1.3825,Yes,0xC88F614A48f8A705d7465b03aAF62ddaca0c3754
2026-06-25 20:00:00 UTC,Ecuador vs Germany,FIFA World Cup ,Germany -1,Asian Handicap (1),49.0,2026-06-25 09:20:23 UTC,49.0,1.5038,Yes,0x85488156a1675CE39D29f15418b1bf15eA79a2a6
2026-06-26 02:00:00 UTC,Turkey vs USA,FIFA World Cup ,Not USA,1X2,0.0,2026-06-25 09:19:46 UTC,0.0,1.48,Yes,0x06a093a3A59Ea8C48045fA50224c6c6700bcF052
2026-06-26 02:00:00 UTC,Paraguay vs Australia,FIFA World Cup ,Paraguay,1X2,234.0,2026-06-25 09:19:12 UTC,234.0,1.3475,Yes,0x68E1818FF20BBe84F9be9E0A4A395FB11079Bd35
2026-06-26 02:00:00 UTC,Turkey vs USA,FIFA World Cup ,Not USA,1X2,999.0,2026-06-25 09:19:06 UTC,999.0,1.4825,Yes,0x06a093a3A59Ea8C48045fA50224c6c6700bcF052
2026-06-26 02:00:00 UTC,Turkey vs USA,FIFA World Cup ,Not USA,1X2,999.0,2026-06-25 09:17:56 UTC,999.0,1.485,Yes,0x06a093a3A59Ea8C48045fA50224c6c6700bcF052
2026-06-28 19:00:00 UTC,South Africa vs Canada,FIFA World Cup ,Not Canada,1X2,358.0,2026-06-25 09:15:26 UTC,358.0,1.4475,Yes,0x8268feC8dCb0D284343054BDf2b649286c9aA0a1
2026-06-28 19:00:00 UTC,South Africa vs Canada,FIFA World Cup ,Not Canada,1X2,2024.0,2026-06-25 09:13:55 UTC,2024.0,1.4475,Yes,0x8268feC8dCb0D284343054BDf2b649286c9aA0a1
2026-06-25 23:00:00 UTC,Japan vs Sweden,FIFA World Cup ,Japan,1X2,856.0,2026-06-25 09:12:27 UTC,856.0,1.5125,Yes,0x68E1818FF20BBe84F9be9E0A4A395FB11079Bd35
2026-06-26 02:00:00 UTC,Paraguay vs Australia,FIFA World Cup ,Paraguay,1X2,10.0,2026-06-25 09:11:32 UTC,10.0,1.3487,Yes,0x81b0690435A7b77c1fE50f311506934127e9De73
2026-06-25 23:00:00 UTC,Japan vs Sweden,FIFA World Cup ,Japan,1X2,861.0,2026-06-25 09:09:49 UTC,861.0,1.5137,Yes,0x8268feC8dCb0D284343054BDf2b649286c9aA0a1
2026-06-25 20:00:00 UTC,Curaçao vs Ivory Coast,FIFA World Cup ,Under 5.0,Under/Over (5),658.0,2026-06-25 09:08:45 UTC,658.0,1.86,Yes,0xe2C68b7ef85645e47F9b94382c3Db59b046945a2
2026-06-25 20:00:00 UTC,Curaçao vs Ivory Coast,FIFA World Cup ,Under 2.0,Under/Over (2),407.0,2026-06-25 09:08:45 UTC,407.0,1.185,Yes,0xe2C68b7ef85645e47F9b94382c3Db59b046945a2
2026-06-25 20:00:00 UTC,Curaçao vs Ivory Coast,FIFA World Cup ,Under 4.0,Under/Over (4),658.0,2026-06-25 09:08:44 UTC,658.0,1.6963,Yes,0xe2C68b7ef85645e47F9b94382c3Db59b046945a2
2026-06-25 20:00:00 UTC,Curaçao vs Ivory Coast,FIFA World Cup ,Under 2.5,Under/Over (2.5),81.0,2026-06-25 09:08:44 UTC,81.0,1.3413,Yes,0xe2C68b7ef85645e47F9b94382c3Db59b046945a2
2026-06-25 20:00:00 UTC,Curaçao vs Ivory Coast,FIFA World Cup ,Under 3.0,Under/Over (3),113.0,2026-06-25 09:08:44 UTC,113.0,1.4363,Yes,0xe2C68b7ef85645e47F9b94382c3Db59b046945a2
2026-06-25 23:00:00 UTC,Japan vs Sweden,FIFA World Cup ,Under 5.5,Under/Over (5.5),282.0,2026-06-25 09:08:40 UTC,282.0,1.9375,Yes,0xe2C68b7ef85645e47F9b94382c3Db59b046945a2
2026-06-25 23:00:00 UTC,Japan vs Sweden,FIFA World Cup ,Japan,1X2,5158.0,2026-06-25 09:07:07 UTC,5158.0,1.5137,Yes,0x8268feC8dCb0D284343054BDf2b649286c9aA0a1
2026-06-26 02:00:00 UTC,Paraguay vs Australia,FIFA World Cup ,Not tie,1X2,112.0,2026-06-25 09:04:22 UTC,112.0,1.5762,Yes,0x68E1818FF20BBe84F9be9E0A4A395FB11079Bd35
2026-06-25 23:00:00 UTC,Japan vs Sweden,FIFA World Cup ,Japan,1X2,31.0,2026-06-25 09:04:13 UTC,31.0,1.515,Yes,0x8268feC8dCb0D284343054BDf2b649286c9aA0a1
2026-06-25 23:00:00 UTC,Japan vs Sweden,FIFA World Cup ,Under 2.5,Under/Over (2.5),17.0,2026-06-25 09:04:06 UTC,17.0,1.485,Yes,0x8268feC8dCb0D284343054BDf2b649286c9aA0a1
2026-06-25 23:00:00 UTC,Tunisia vs Netherlands,FIFA World Cup ,Over 3.5,Under/Over (3.5),23.0,2026-06-25 09:03:44 UTC,23.0,1.4688,Yes,0xC88F614A48f8A705d7465b03aAF62ddaca0c3754
2026-06-27 03:00:00 UTC,New Zealand vs Belgium,FIFA World Cup ,Not Belgium,1X2,100.0,2026-06-25 09:02:36 UTC,100.0,1.1675,Yes,0x5B3498Cb20C3107B5B267fabd3601B6425BDeb42
2026-06-25 20:00:00 UTC,Curaçao vs Ivory Coast,FIFA World Cup ,Ivory Coast -1.5,Asian Handicap (1.5),32.0,2026-06-25 09:01:11 UTC,32.0,1.6475,Yes,0x4a09916b1325Eed50eE8973B13742a205B0B7c7E
2026-06-25 20:00:00 UTC,Ecuador vs Germany,FIFA World Cup ,Over 3.5,Under/Over (3.5),0.0,2026-06-25 08:57:39 UTC,0.0,1.35,Yes,0xC88F614A48f8A705d7465b03aAF62ddaca0c3754
2026-06-25 20:00:00 UTC,Ecuador vs Germany,FIFA World Cup ,Over 3.5,Under/Over (3.5),0.0,2026-06-25 08:57:04 UTC,0.0,1.345,Yes,0xC88F614A48f8A705d7465b03aAF62ddaca0c3754
2026-06-25 20:00:00 UTC,Ecuador vs Germany,FIFA World Cup ,Over 3.5,Under/Over (3.5),17.0,2026-06-25 08:56:52 UTC,17.0,1.3487,Yes,0xC88F614A48f8A705d7465b03aAF62ddaca0c3754
2026-06-28 02:00:00 UTC,Jordan vs Argentina,FIFA World Cup ,Under 5.5,Under/Over (5.5),521.0,2026-06-25 08:56:35 UTC,521.0,1.9038,Yes,0xe2C68b7ef85645e47F9b94382c3Db59b046945a2
2026-06-25 23:00:00 UTC,Japan vs Sweden,FIFA World Cup ,Not tie,1X2,108.0,2026-06-25 08:54:50 UTC,108.0,1.73,Yes,0x68E1818FF20BBe84F9be9E0A4A395FB11079Bd35
2026-06-25 23:00:00 UTC,Tunisia vs Netherlands,FIFA World Cup ,Tunisia +2.5,Asian Handicap (2.5),0.0,2026-06-25 08:54:44 UTC,0.0,1.4625,Yes,0x77B23094D6E48F735487DA7410DbEeE2Fc87A0c8
2026-06-25 23:00:00 UTC,Tunisia vs Netherlands,FIFA World Cup ,Tunisia +2.5,Asian Handicap (2.5),49.0,2026-06-25 08:54:14 UTC,49.0,1.4625,Yes,0x77B23094D6E48F735487DA7410DbEeE2Fc87A0c8
2026-06-25 23:00:00 UTC,Tunisia vs Netherlands,FIFA World Cup ,Not tie,1X2,103.0,2026-06-25 08:53:25 UTC,103.0,1.9187,Yes,0x81b0690435A7b77c1fE50f311506934127e9De73
2026-06-26 02:00:00 UTC,Paraguay vs Australia,FIFA World Cup ,Australia +0.5,Asian Handicap (-0.5),32.0,2026-06-25 08:50:18 UTC,32.0,1.655,Yes,0x4a09916b1325Eed50eE8973B13742a205B0B7c7E
2026-06-25 23:00:00 UTC,Tunisia vs Netherlands,FIFA World Cup ,Not tie,1X2,417.0,2026-06-25 08:48:54 UTC,417.0,1.9187,Yes,0x68E1818FF20BBe84F9be9E0A4A395FB11079Bd35
2026-06-27 03:00:00 UTC,Egypt vs Iran,FIFA World Cup ,Not tie,1X2,282.0,2026-06-25 08:46:51 UTC,282.0,1.6338,Yes,0x68E1818FF20BBe84F9be9E0A4A395FB11079Bd35
2026-06-25 23:00:00 UTC,Tunisia vs Netherlands,FIFA World Cup ,Not tie,1X2,78.0,2026-06-25 08:46:18 UTC,78.0,1.9213,Yes,0x81b0690435A7b77c1fE50f311506934127e9De73
2026-06-25 20:00:00 UTC,Curaçao vs Ivory Coast,FIFA World Cup ,Ivory Coast -2,Asian Handicap (2),2.0,2026-06-25 08:44:23 UTC,2.0,1.5325,Yes,0xC88F614A48f8A705d7465b03aAF62ddaca0c3754
2026-06-25 20:00:00 UTC,Curaçao vs Ivory Coast,FIFA World Cup ,Over 2.5,Under/Over (2.5),3.0,2026-06-25 08:44:20 UTC,3.0,1.6425,Yes,0xC88F614A48f8A705d7465b03aAF62ddaca0c3754
2026-06-26 02:00:00 UTC,Paraguay vs Australia,FIFA World Cup ,Australia 0,Asian Handicap (0),19.0,2026-06-25 08:43:51 UTC,19.0,1.3912,Yes,0xC88F614A48f8A705d7465b03aAF62ddaca0c3754
2026-06-25 23:00:00 UTC,Japan vs Sweden,FIFA World Cup ,Japan,1X2,1518.0,2026-06-25 08:43:36 UTC,1518.0,1.5175,Yes,0x4A9D959770C77f6A06aAEC44f296f4dCDE2CAdc3
2026-06-26 02:00:00 UTC,Turkey vs USA,FIFA World Cup ,USA,1X2,5108.0,2026-06-25 08:43:20 UTC,5108.0,1.5088,Yes,0x8268feC8dCb0D284343054BDf2b649286c9aA0a1
2026-06-25 23:00:00 UTC,Japan vs Sweden,FIFA World Cup ,Over 2.5,Under/Over (2.5),1.0,2026-06-25 08:43:01 UTC,1.0,1.51,Yes,0xC88F614A48f8A705d7465b03aAF62ddaca0c3754
2026-06-28 19:00:00 UTC,South Africa vs Canada,FIFA World Cup ,Not South Africa,1X2,4.0,2026-06-25 08:38:43 UTC,4.0,1.8113,Yes,0xe2C68b7ef85645e47F9b94382c3Db59b046945a2
2026-06-28 19:00:00 UTC,South Africa vs Canada,FIFA World Cup ,Not South Africa,1X2,4.0,2026-06-25 08:38:36 UTC,4.0,1.8113,Yes,0xe2C68b7ef85645e47F9b94382c3Db59b046945a2
2026-06-25 20:00:00 UTC,Ecuador vs Germany,FIFA World Cup ,Germany,1X2,1.0,2026-06-25 08:32:09 UTC,1.0,1.6425,Yes,0x4A9D959770C77f6A06aAEC44f296f4dCDE2CAdc3
2026-06-27 00:00:00 UTC,Cape Verde vs Saudi Arabia,FIFA World Cup ,Cape Verde +0.5,Asian Handicap (0.5),38.0,2026-06-25 08:31:40 UTC,38.0,1.6425,Yes,0xe2C68b7ef85645e47F9b94382c3Db59b046945a2
2026-06-25 20:00:00 UTC,Ecuador vs Germany,FIFA World Cup ,Germany,1X2,7565.0,2026-06-25 08:31:36 UTC,7565.0,1.6425,Yes,0x4A9D959770C77f6A06aAEC44f296f4dCDE2CAdc3
2026-06-26 02:00:00 UTC,Paraguay vs Australia,FIFA World Cup ,Not tie,1X2,523.0,2026-06-25 08:30:24 UTC,523.0,1.5775,Yes,0x68E1818FF20BBe84F9be9E0A4A395FB11079Bd35
2026-06-25 20:00:00 UTC,Ecuador vs Germany,FIFA World Cup ,Ecuador,1X2,0.0,2026-06-25 08:27:58 UTC,0.0,1.165,Yes,0x81b0690435A7b77c1fE50f311506934127e9De73
2026-06-25 20:00:00 UTC,Ecuador vs Germany,FIFA World Cup ,Ecuador,1X2,173.0,2026-06-25 08:27:45 UTC,173.0,1.17,Yes,0x646B03dABAA9CFE9aA6340F98394B4e4f9B6746a
2026-06-25 20:00:00 UTC,Ecuador vs Germany,FIFA World Cup ,Germany,1X2,84.0,2026-06-25 08:27:07 UTC,84.0,1.6425,Yes,0x4A9D959770C77f6A06aAEC44f296f4dCDE2CAdc3
2026-06-25 20:00:00 UTC,Ecuador vs Germany,FIFA World Cup ,Germany,1X2,19.0,2026-06-25 08:22:22 UTC,19.0,1.6425,Yes,0x4A9D959770C77f6A06aAEC44f296f4dCDE2CAdc3
2026-06-25 20:00:00 UTC,Ecuador vs Germany,FIFA World Cup ,Germany,1X2,1.0,2026-06-25 08:22:15 UTC,1.0,1.6425,Yes,0x4A9D959770C77f6A06aAEC44f296f4dCDE2CAdc3
2026-06-25 20:00:00 UTC,Ecuador vs Germany,FIFA World Cup ,Germany,1X2,76.0,2026-06-25 08:21:47 UTC,76.0,1.6438,Yes,0x5B3498Cb20C3107B5B267fabd3601B6425BDeb42
2026-06-25 23:00:00 UTC,Tunisia vs Netherlands,FIFA World Cup ,Netherlands,1X2,26.0,2026-06-25 08:21:39 UTC,26.0,1.8912,Yes,0x81b0690435A7b77c1fE50f311506934127e9De73
2026-06-26 02:00:00 UTC,Turkey vs USA,FIFA World Cup ,Turkey +0.5,Asian Handicap (0.5),23.0,2026-06-25 08:18:59 UTC,23.0,1.4788,Yes,0xC88F614A48f8A705d7465b03aAF62ddaca0c3754
2026-06-26 02:00:00 UTC,Paraguay vs Australia,FIFA World Cup ,Not tie,1X2,528.0,2026-06-25 08:16:34 UTC,528.0,1.5775,Yes,0x68E1818FF20BBe84F9be9E0A4A395FB11079Bd35
2026-06-25 20:00:00 UTC,Ecuador vs Germany,FIFA World Cup ,Ecuador +2,Asian Handicap (2),687.0,2026-06-25 08:16:21 UTC,687.0,1.75,Yes,0xE4DD6165bFF7EE73D7932C3b478f7E22431e85E7
2026-06-26 02:00:00 UTC,Turkey vs USA,FIFA World Cup ,Not Turkey,1X2,3.0,2026-06-25 08:16:03 UTC,3.0,1.75,Yes,0x7BAa847Bca8D44657e6A3610A17fE245CeF0Cc64
2026-06-26 02:00:00 UTC,Turkey vs USA,FIFA World Cup ,USA 0,Asian Handicap (0),33.0,2026-06-25 08:15:35 UTC,33.0,1.6675,Yes,0xC88F614A48f8A705d7465b03aAF62ddaca0c3754
2026-06-26 02:00:00 UTC,Paraguay vs Australia,FIFA World Cup ,Under 2.0,Under/Over (2),28.0,2026-06-25 08:15:34 UTC,28.0,1.585,Yes,0xC88F614A48f8A705d7465b03aAF62ddaca0c3754
2026-06-26 02:00:00 UTC,Turkey vs USA,FIFA World Cup ,Not Turkey,1X2,44.0,2026-06-25 08:15:16 UTC,44.0,1.75,Yes,0x7BAa847Bca8D44657e6A3610A17fE245CeF0Cc64
2026-06-25 23:00:00 UTC,Tunisia vs Netherlands,FIFA World Cup ,Over 3.5,Under/Over (3.5),23.0,2026-06-25 08:13:35 UTC,23.0,1.4763,Yes,0xC88F614A48f8A705d7465b03aAF62ddaca0c3754
2026-06-27 00:00:00 UTC,Cape Verde vs Saudi Arabia,FIFA World Cup ,Cape Verde +0.5,Asian Handicap (0.5),26.0,2026-06-25 08:12:37 UTC,26.0,1.6425,Yes,0xe2C68b7ef85645e47F9b94382c3Db59b046945a2
2026-06-26 02:00:00 UTC,Paraguay vs Australia,FIFA World Cup ,Under 2.0,Under/Over (2),28.0,2026-06-25 08:11:53 UTC,28.0,1.5813,Yes,0xC88F614A48f8A705d7465b03aAF62ddaca0c3754
2026-06-25 20:00:00 UTC,Ecuador vs Germany,FIFA World Cup ,Germany,1X2,716.0,2026-06-25 08:07:49 UTC,716.0,1.6438,Yes,0x5B3498Cb20C3107B5B267fabd3601B6425BDeb42
2026-06-26 11:35:00 UTC,Qingdao Hainiu vs Yunnan Yukun,China Super League,Not tie,1X2,106.0,2026-06-25 08:06:53 UTC,106.0,1.7412,Yes,0xe2C68b7ef85645e47F9b94382c3Db59b046945a2
2026-06-26 02:00:00 UTC,Turkey vs USA,FIFA World Cup ,Not USA,1X2,808.0,2026-06-25 08:06:18 UTC,808.0,1.4763,Yes,0x68E1818FF20BBe84F9be9E0A4A395FB11079Bd35
2026-06-25 20:00:00 UTC,Ecuador vs Germany,FIFA World Cup ,Germany -1.5,Asian Handicap (1.5),366.0,2026-06-25 08:05:55 UTC,366.0,1.3813,Yes,0x4A9D959770C77f6A06aAEC44f296f4dCDE2CAdc3
2026-06-26 02:00:00 UTC,Turkey vs USA,FIFA World Cup ,Turkey,1X2,202.0,2026-06-25 08:05:01 UTC,202.0,1.2488,Yes,0x68E1818FF20BBe84F9be9E0A4A395FB11079Bd35
2026-06-25 20:00:00 UTC,Curaçao vs Ivory Coast,FIFA World Cup ,Under 3.5,Under/Over (3.5),2.0,2026-06-25 08:04:11 UTC,2.0,1.56,Yes,0x8268feC8dCb0D284343054BDf2b649286c9aA0a1
2026-06-25 23:00:00 UTC,Tunisia vs Netherlands,FIFA World Cup ,Not Netherlands,1X2,3.0,2026-06-25 08:03:41 UTC,3.0,1.1038,Yes,0x81b0690435A7b77c1fE50f311506934127e9De73
2026-06-25 23:00:00 UTC,Tunisia vs Netherlands,FIFA World Cup ,Not tie,1X2,27.0,2026-06-25 08:03:12 UTC,27.0,1.9213,Yes,0x81b0690435A7b77c1fE50f311506934127e9De73
2026-06-26 19:00:00 UTC,Norway vs France,FIFA World Cup ,France,1X2,29.0,2026-06-25 08:02:57 UTC,29.0,1.5975,Yes,0x8268feC8dCb0D284343054BDf2b649286c9aA0a1
2026-06-26 02:00:00 UTC,Turkey vs USA,FIFA World Cup ,Not USA,1X2,0.0,2026-06-25 08:02:47 UTC,0.0,1.4763,Yes,0x68E1818FF20BBe84F9be9E0A4A395FB11079Bd35
2026-06-25 23:00:00 UTC,Tunisia vs Netherlands,FIFA World Cup ,Not Tunisia,1X2,31.0,2026-06-25 08:02:34 UTC,31.0,1.9688,Yes,0x68E1818FF20BBe84F9be9E0A4A395FB11079Bd35
2026-06-26 02:00:00 UTC,Turkey vs USA,FIFA World Cup ,Not USA,1X2,751.0,2026-06-25 08:02:25 UTC,751.0,1.4788,Yes,0x68E1818FF20BBe84F9be9E0A4A395FB11079Bd35
2026-06-26 02:00:00 UTC,Turkey vs USA,FIFA World Cup ,Not Turkey,1X2,14.0,2026-06-25 08:02:24 UTC,14.0,1.7512,Yes,0x81b0690435A7b77c1fE50f311506934127e9De73
2026-06-26 02:00:00 UTC,Turkey vs USA,FIFA World Cup ,USA,1X2,13.0,2026-06-25 08:02:24 UTC,13.0,1.5225,Yes,0x7BAa847Bca8D44657e6A3610A17fE245CeF0Cc64
2026-06-26 02:00:00 UTC,Paraguay vs Australia,FIFA World Cup ,Paraguay,1X2,5.0,2026-06-25 08:01:48 UTC,5.0,1.3487,Yes,0x68E1818FF20BBe84F9be9E0A4A395FB11079Bd35
2026-06-25 20:00:00 UTC,Ecuador vs Germany,FIFA World Cup ,Germany,1X2,35.0,2026-06-25 08:01:44 UTC,35.0,1.6438,Yes,0x5B3498Cb20C3107B5B267fabd3601B6425BDeb42
2026-06-25 20:00:00 UTC,Curaçao vs Ivory Coast,FIFA World Cup ,Curaçao +2.5,Asian Handicap (2.5),28.0,2026-06-25 08:01:43 UTC,28.0,1.5737,Yes,0xC88F614A48f8A705d7465b03aAF62ddaca0c3754
2026-06-25 20:00:00 UTC,Curaçao vs Ivory Coast,FIFA World Cup ,Curaçao +2.5,Asian Handicap (2.5),28.0,2026-06-25 08:01:13 UTC,28.0,1.5737,Yes,0xC88F614A48f8A705d7465b03aAF62ddaca0c3754
2026-06-28 19:00:00 UTC,South Africa vs Canada,FIFA World Cup ,Not Canada,1X2,42.0,2026-06-25 08:00:54 UTC,42.0,1.4312,Yes,0x8268feC8dCb0D284343054BDf2b649286c9aA0a1
2026-06-26 02:00:00 UTC,Paraguay vs Australia,FIFA World Cup ,Paraguay,12,30.0,2026-06-25 08:00:50 UTC,30.0,1.6088,Yes,0x4a09916b1325Eed50eE8973B13742a205B0B7c7E
2026-06-27 23:30:00 UTC,Colombia vs Portugal,FIFA World Cup ,Not Portugal,1X2,0.0,2026-06-25 07:57:08 UTC,0.0,1.4712,Yes,0x8268feC8dCb0D284343054BDf2b649286c9aA0a1
2026-06-27 23:30:00 UTC,Colombia vs Portugal,FIFA World Cup ,Not Portugal,1X2,0.0,2026-06-25 07:57:01 UTC,0.0,1.4712,Yes,0x8268feC8dCb0D284343054BDf2b649286c9aA0a1
2026-06-25 20:00:00 UTC,Ecuador vs Germany,FIFA World Cup ,Ecuador +1,Asian Handicap (1),23.0,2026-06-25 07:57:00 UTC,23.0,1.475,Yes,0xC88F614A48f8A705d7465b03aAF62ddaca0c3754
2026-06-25 20:00:00 UTC,Curaçao vs Ivory Coast,FIFA World Cup ,Curaçao,1X2,4.0,2026-06-25 07:54:56 UTC,4.0,1.0462,Yes,0x68E1818FF20BBe84F9be9E0A4A395FB11079Bd35
2026-06-25 20:00:00 UTC,Ecuador vs Germany,FIFA World Cup ,Germany -1.5,Asian Handicap (1.5),207.0,2026-06-25 07:52:26 UTC,207.0,1.3813,Yes,0x4A9D959770C77f6A06aAEC44f296f4dCDE2CAdc3
2026-06-26 02:00:00 UTC,Turkey vs USA,FIFA World Cup ,Not tie,1X2,22.0,2026-06-25 07:52:01 UTC,22.0,1.7712,Yes,0x81b0690435A7b77c1fE50f311506934127e9De73
2026-06-26 02:00:00 UTC,Paraguay vs Australia,FIFA World Cup ,Paraguay 0,Asian Handicap (0),106.0,2026-06-25 07:51:47 UTC,106.0,1.515,Yes,0x8268feC8dCb0D284343054BDf2b649286c9aA0a1
2026-06-25 23:00:00 UTC,Japan vs Sweden,FIFA World Cup ,Under 2.5,Under/Over (2.5),88.0,2026-06-25 07:51:08 UTC,88.0,1.4688,Yes,0x8268feC8dCb0D284343054BDf2b649286c9aA0a1
2026-06-25 20:00:00 UTC,Ecuador vs Germany,FIFA World Cup ,Over 2.5,Under/Over (2.5),7.0,2026-06-25 07:49:46 UTC,7.0,1.5863,Yes,0xC88F614A48f8A705d7465b03aAF62ddaca0c3754
2026-06-25 20:00:00 UTC,Ecuador vs Germany,FIFA World Cup ,Germany -1,Asian Handicap (1),10.0,2026-06-25 07:49:28 UTC,10.0,1.5075,Yes,0xC88F614A48f8A705d7465b03aAF62ddaca0c3754
2026-06-25 20:00:00 UTC,Ecuador vs Germany,FIFA World Cup ,Germany -1,Asian Handicap (1),25.0,2026-06-25 07:48:49 UTC,25.0,1.5075,Yes,0xC88F614A48f8A705d7465b03aAF62ddaca0c3754
2026-06-25 20:00:00 UTC,Ecuador vs Germany,FIFA World Cup ,Ecuador +1,Asian Handicap (1),24.0,2026-06-25 07:45:53 UTC,24.0,1.4737,Yes,0x851cae7a1e0D1DAE9e368C00d6eB54DaaE0586cD
2026-06-25 20:00:00 UTC,Ecuador vs Germany,FIFA World Cup ,Ecuador +1,Asian Handicap (1),0.0,2026-06-25 07:45:39 UTC,0.0,1.4737,Yes,0x851cae7a1e0D1DAE9e368C00d6eB54DaaE0586cD
2026-06-25 20:00:00 UTC,Ecuador vs Germany,FIFA World Cup ,Ecuador +1,Asian Handicap (1),24.0,2026-06-25 07:44:56 UTC,24.0,1.4763,Yes,0x851cae7a1e0D1DAE9e368C00d6eB54DaaE0586cD
2026-06-25 20:00:00 UTC,Ecuador vs Germany,FIFA World Cup ,Germany,1X2,307.0,2026-06-25 07:44:53 UTC,307.0,1.6438,Yes,0x5B3498Cb20C3107B5B267fabd3601B6425BDeb42
2026-06-25 20:00:00 UTC,Curaçao vs Ivory Coast,FIFA World Cup ,Curaçao,1X2,14.0,2026-06-25 07:43:25 UTC,14.0,1.0462,Yes,0x68E1818FF20BBe84F9be9E0A4A395FB11079Bd35
2026-06-27 12:00:00 UTC,Beijing Guoan vs Wuhan Three Towns,China Super League,Not Beijing Guoan,1X2,3.0,2026-06-25 07:43:16 UTC,3.0,1.265,Yes,0xe2C68b7ef85645e47F9b94382c3Db59b046945a2
2026-06-26 02:00:00 UTC,Paraguay vs Australia,FIFA World Cup ,Paraguay +0.5,Asian Handicap (0.5),37.0,2026-06-25 07:42:31 UTC,37.0,1.7538,Yes,0xC88F614A48f8A705d7465b03aAF62ddaca0c3754
2026-06-25 20:00:00 UTC,Curaçao vs Ivory Coast,FIFA World Cup ,Not tie,1X2,38.0,2026-06-25 07:42:30 UTC,38.0,1.885,Yes,0x68E1818FF20BBe84F9be9E0A4A395FB11079Bd35
2026-06-26 02:00:00 UTC,Paraguay vs Australia,FIFA World Cup ,Australia 0,Asian Handicap (0),12.0,2026-06-25 07:38:22 UTC,12.0,1.4125,Yes,0xC88F614A48f8A705d7465b03aAF62ddaca0c3754
2026-06-26 02:00:00 UTC,Paraguay vs Australia,FIFA World Cup ,Australia 0,Asian Handicap (0),20.0,2026-06-25 07:32:59 UTC,20.0,1.4125,Yes,0xC88F614A48f8A705d7465b03aAF62ddaca0c3754
2026-06-26 02:00:00 UTC,Paraguay vs Australia,FIFA World Cup ,Not tie,1X2,7.0,2026-06-25 07:32:30 UTC,7.0,1.5762,Yes,0x68E1818FF20BBe84F9be9E0A4A395FB11079Bd35
2026-06-25 20:00:00 UTC,Curaçao vs Ivory Coast,FIFA World Cup ,Curaçao,1X2,29.0,2026-06-25 07:29:33 UTC,29.0,1.0462,Yes,0x68E1818FF20BBe84F9be9E0A4A395FB11079Bd35
2026-06-25 20:00:00 UTC,Curaçao vs Ivory Coast,FIFA World Cup ,Curaçao,1X2,11.0,2026-06-25 07:29:08 UTC,11.0,1.0488,Yes,0x81b0690435A7b77c1fE50f311506934127e9De73
2026-06-25 20:00:00 UTC,Curaçao vs Ivory Coast,FIFA World Cup ,Not Ivory Coast,1X2,0.0,2026-06-25 07:28:03 UTC,0.0,1.155,Yes,0x5B3498Cb20C3107B5B267fabd3601B6425BDeb42
2026-06-27 23:30:00 UTC,Colombia vs Portugal,FIFA World Cup ,Portugal,1X2,1.0,2026-06-25 07:28:00 UTC,1.0,1.52,Yes,0x68E1818FF20BBe84F9be9E0A4A395FB11079Bd35
2026-06-28 02:00:00 UTC,Algeria vs Austria,FIFA World Cup ,Not Algeria,1X2,3.0,2026-06-25 07:27:58 UTC,3.0,1.7575,Yes,0x5B3498Cb20C3107B5B267fabd3601B6425BDeb42
2026-06-25 20:00:00 UTC,Curaçao vs Ivory Coast,FIFA World Cup ,Curaçao +2.5,Asian Handicap (2.5),1.0,2026-06-25 07:27:56 UTC,1.0,1.5737,Yes,0xC88F614A48f8A705d7465b03aAF62ddaca0c3754
2026-06-25 23:00:00 UTC,Japan vs Sweden,FIFA World Cup ,Under 2.0,Under/Over (2),15.0,2026-06-25 07:27:43 UTC,15.0,1.3088,Yes,0xC88F614A48f8A705d7465b03aAF62ddaca0c3754
2026-06-25 20:00:00 UTC,Curaçao vs Ivory Coast,FIFA World Cup ,Not Ivory Coast,1X2,11.0,2026-06-25 07:27:43 UTC,11.0,1.1562,Yes,0x81b0690435A7b77c1fE50f311506934127e9De73
2026-06-25 20:00:00 UTC,Curaçao vs Ivory Coast,FIFA World Cup ,Curaçao +2.5,Asian Handicap (2.5),28.0,2026-06-25 07:27:42 UTC,28.0,1.5737,Yes,0xC88F614A48f8A705d7465b03aAF62ddaca0c3754
2026-06-25 23:00:00 UTC,Japan vs Sweden,FIFA World Cup ,Under 3.0,Under/Over (3),30.0,2026-06-25 07:27:42 UTC,30.0,1.62,Yes,0xC88F614A48f8A705d7465b03aAF62ddaca0c3754
2026-06-27 23:30:00 UTC,Colombia vs Portugal,FIFA World Cup ,Portugal,1X2,443.0,2026-06-25 07:27:42 UTC,443.0,1.52,Yes,0x68E1818FF20BBe84F9be9E0A4A395FB11079Bd35
2026-06-28 02:00:00 UTC,Algeria vs Austria,FIFA World Cup ,Not Algeria,1X2,97.0,2026-06-25 07:27:42 UTC,97.0,1.7575,Yes,0x68E1818FF20BBe84F9be9E0A4A395FB11079Bd35
2026-06-26 02:00:00 UTC,Turkey vs USA,FIFA World Cup ,Not USA,1X2,1398.0,2026-06-25 07:27:42 UTC,1398.0,1.4712,Yes,0x1FC30f9859CCDd6d22dFbFd81b5957876fA471E7
2026-06-27 23:30:00 UTC,Congo DR vs Uzbekistan,FIFA World Cup ,Congo DR -0.5,Asian Handicap (-0.5),17.0,2026-06-25 07:26:52 UTC,17.0,1.545,Yes,0xe2C68b7ef85645e47F9b94382c3Db59b046945a2
2026-06-26 02:00:00 UTC,Paraguay vs Australia,FIFA World Cup ,Paraguay +0.5,Asian Handicap (0.5),37.0,2026-06-25 07:26:51 UTC,37.0,1.755,Yes,0x4a09916b1325Eed50eE8973B13742a205B0B7c7E
2026-06-25 20:00:00 UTC,Ecuador vs Germany,FIFA World Cup ,Not tie,1X2,186.0,2026-06-25 07:23:33 UTC,186.0,1.8125,Yes,0xE4DD6165bFF7EE73D7932C3b478f7E22431e85E7
2026-06-25 23:00:00 UTC,Japan vs Sweden,FIFA World Cup ,Japan,1X2,41.0,2026-06-25 07:21:18 UTC,41.0,1.5188,Yes,0x4A9D959770C77f6A06aAEC44f296f4dCDE2CAdc3
2026-06-27 00:00:00 UTC,Uruguay vs Spain,FIFA World Cup ,Not tie,1X2,38.0,2026-06-25 07:21:16 UTC,38.0,1.7788,Yes,0x81b0690435A7b77c1fE50f311506934127e9De73
2026-06-27 00:00:00 UTC,Cape Verde vs Saudi Arabia,FIFA World Cup ,Cape Verde,1X2,0.0,2026-06-25 07:15:46 UTC,0.0,1.385,Yes,0x68E1818FF20BBe84F9be9E0A4A395FB11079Bd35
2026-06-25 23:00:00 UTC,Tunisia vs Netherlands,FIFA World Cup ,Netherlands,1X2,8.0,2026-06-25 07:15:45 UTC,8.0,1.89,Yes,0x68E1818FF20BBe84F9be9E0A4A395FB11079Bd35
2026-06-27 00:00:00 UTC,Cape Verde vs Saudi Arabia,FIFA World Cup ,Cape Verde,1X2,250.0,2026-06-25 07:15:28 UTC,250.0,1.3862,Yes,0x68E1818FF20BBe84F9be9E0A4A395FB11079Bd35
2026-06-25 23:00:00 UTC,Tunisia vs Netherlands,FIFA World Cup ,Netherlands,1X2,91.0,2026-06-25 07:15:06 UTC,91.0,1.8912,Yes,0x81b0690435A7b77c1fE50f311506934127e9De73
2026-06-25 20:00:00 UTC,Ecuador vs Germany,FIFA World Cup ,Germany -1,Asian Handicap (1),522.0,2026-06-25 07:14:03 UTC,522.0,1.5137,Yes,0x8268feC8dCb0D284343054BDf2b649286c9aA0a1
2026-06-25 23:00:00 UTC,Japan vs Sweden,FIFA World Cup ,Sweden +1,Asian Handicap (-1),31.0,2026-06-25 07:11:34 UTC,31.0,1.635,Yes,0xC88F614A48f8A705d7465b03aAF62ddaca0c3754
2026-06-25 23:00:00 UTC,Japan vs Sweden,FIFA World Cup ,Sweden +0.5,Asian Handicap (-0.5),23.0,2026-06-25 07:11:34 UTC,23.0,1.4775,Yes,0xC88F614A48f8A705d7465b03aAF62ddaca0c3754
2026-06-25 23:00:00 UTC,Japan vs Sweden,FIFA World Cup ,Japan -1.5,Asian Handicap (-1.5),393.0,2026-06-25 07:11:18 UTC,393.0,1.2725,Yes,0x8268feC8dCb0D284343054BDf2b649286c9aA0a1
2026-06-25 23:00:00 UTC,Japan vs Sweden,FIFA World Cup ,Sweden +1,Asian Handicap (-1),65.0,2026-06-25 07:11:11 UTC,65.0,1.6362,Yes,0xe2C68b7ef85645e47F9b94382c3Db59b046945a2
2026-06-25 23:00:00 UTC,Japan vs Sweden,FIFA World Cup ,Sweden +1,Asian Handicap (-1),31.0,2026-06-25 07:11:10 UTC,31.0,1.635,Yes,0xC88F614A48f8A705d7465b03aAF62ddaca0c3754
2026-06-25 23:00:00 UTC,Japan vs Sweden,FIFA World Cup ,Japan -1,Asian Handicap (-1),18.0,2026-06-25 07:10:38 UTC,18.0,1.365,Yes,0xC88F614A48f8A705d7465b03aAF62ddaca0c3754
2026-06-25 23:00:00 UTC,Japan vs Sweden,FIFA World Cup ,Japan -1.5,Asian Handicap (-1.5),13.0,2026-06-25 07:10:35 UTC,13.0,1.275,Yes,0xC88F614A48f8A705d7465b03aAF62ddaca0c3754
2026-06-25 23:00:00 UTC,Japan vs Sweden,FIFA World Cup ,Under 2.5,Under/Over (2.5),0.0,2026-06-25 07:09:30 UTC,0.0,1.48,Yes,0xC88F614A48f8A705d7465b03aAF62ddaca0c3754
2026-06-25 23:00:00 UTC,Japan vs Sweden,FIFA World Cup ,Under 1.5,Under/Over (1.5),0.0,2026-06-25 07:09:29 UTC,0.0,1.2263,Yes,0xC88F614A48f8A705d7465b03aAF62ddaca0c3754
2026-06-25 23:00:00 UTC,Japan vs Sweden,FIFA World Cup ,Under 3.0,Under/Over (3),1.0,2026-06-25 07:09:27 UTC,1.0,1.6125,Yes,0xC88F614A48f8A705d7465b03aAF62ddaca0c3754
2026-06-25 23:00:00 UTC,Japan vs Sweden,FIFA World Cup ,Sweden,1X2,0.0,2026-06-25 07:09:25 UTC,0.0,1.2037,Yes,0x8268feC8dCb0D284343054BDf2b649286c9aA0a1
2026-06-25 23:00:00 UTC,Japan vs Sweden,FIFA World Cup ,Under 2.0,Under/Over (2),15.0,2026-06-25 07:09:19 UTC,15.0,1.3088,Yes,0xC88F614A48f8A705d7465b03aAF62ddaca0c3754
2026-06-25 23:00:00 UTC,Japan vs Sweden,FIFA World Cup ,Under 2.5,Under/Over (2.5),23.0,2026-06-25 07:08:56 UTC,23.0,1.48,Yes,0xC88F614A48f8A705d7465b03aAF62ddaca0c3754
2026-06-25 23:00:00 UTC,Japan vs Sweden,FIFA World Cup ,Under 1.5,Under/Over (1.5),11.0,2026-06-25 07:08:56 UTC,11.0,1.2275,Yes,0xC88F614A48f8A705d7465b03aAF62ddaca0c3754
2026-06-25 23:00:00 UTC,Japan vs Sweden,FIFA World Cup ,Under 3.0,Under/Over (3),30.0,2026-06-25 07:08:55 UTC,30.0,1.6125,Yes,0xC88F614A48f8A705d7465b03aAF62ddaca0c3754
2026-06-25 23:00:00 UTC,Japan vs Sweden,FIFA World Cup ,Under 2.0,Under/Over (2),15.0,2026-06-25 07:08:54 UTC,15.0,1.3088,Yes,0xC88F614A48f8A705d7465b03aAF62ddaca0c3754
2026-06-25 23:00:00 UTC,Japan vs Sweden,FIFA World Cup ,Under 3.5,Under/Over (3.5),34.0,2026-06-25 07:08:54 UTC,34.0,1.6963,Yes,0xC88F614A48f8A705d7465b03aAF62ddaca0c3754
2026-06-25 23:00:00 UTC,Japan vs Sweden,FIFA World Cup ,Sweden,1X2,10.0,2026-06-25 07:08:54 UTC,10.0,1.2063,Yes,0x81b0690435A7b77c1fE50f311506934127e9De73
2026-06-26 02:00:00 UTC,Turkey vs USA,FIFA World Cup ,Turkey +0.5,Asian Handicap (0.5),0.0,2026-06-25 07:08:37 UTC,0.0,1.465,Yes,0xF1e5c82790d22aa57B3ec4454818c8e886E9e439
2026-06-26 02:00:00 UTC,Turkey vs USA,FIFA World Cup ,Not USA,1X2,0.0,2026-06-25 07:08:35 UTC,0.0,1.465,Yes,0xF1e5c82790d22aa57B3ec4454818c8e886E9e439
2026-06-26 02:00:00 UTC,Turkey vs USA,FIFA World Cup ,Not USA,1X2,0.0,2026-06-25 07:07:47 UTC,0.0,1.465,Yes,0xF1e5c82790d22aa57B3ec4454818c8e886E9e439
2026-06-26 02:00:00 UTC,Turkey vs USA,FIFA World Cup ,Turkey +0.5,Asian Handicap (0.5),130.0,2026-06-25 07:07:46 UTC,130.0,1.4663,Yes,0xE4DD6165bFF7EE73D7932C3b478f7E22431e85E7
2026-06-26 02:00:00 UTC,Turkey vs USA,FIFA World Cup ,Turkey +0.5,Asian Handicap (0.5),0.0,2026-06-25 07:07:45 UTC,0.0,1.465,Yes,0xF1e5c82790d22aa57B3ec4454818c8e886E9e439
2026-06-26 02:00:00 UTC,Turkey vs USA,FIFA World Cup ,Not USA,1X2,0.0,2026-06-25 07:07:43 UTC,0.0,1.4663,Yes,0xE4DD6165bFF7EE73D7932C3b478f7E22431e85E7
2026-06-26 02:00:00 UTC,Turkey vs USA,FIFA World Cup ,Not USA,1X2,194.0,2026-06-25 07:07:42 UTC,194.0,1.4663,Yes,0xE4DD6165bFF7EE73D7932C3b478f7E22431e85E7
2026-06-26 02:00:00 UTC,Turkey vs USA,FIFA World Cup ,Turkey +0.5,Asian Handicap (0.5),0.0,2026-06-25 07:07:42 UTC,0.0,1.465,Yes,0xF1e5c82790d22aa57B3ec4454818c8e886E9e439
2026-06-26 02:00:00 UTC,Turkey vs USA,FIFA World Cup ,Not USA,1X2,173.0,2026-06-25 07:07:00 UTC,173.0,1.465,Yes,0xF1e5c82790d22aa57B3ec4454818c8e886E9e439
2026-06-26 02:00:00 UTC,Turkey vs USA,FIFA World Cup ,Turkey +0.5,Asian Handicap (0.5),173.0,2026-06-25 07:07:00 UTC,173.0,1.465,Yes,0xF1e5c82790d22aa57B3ec4454818c8e886E9e439
2026-06-26 02:00:00 UTC,Turkey vs USA,FIFA World Cup ,Not USA,1X2,155.0,2026-06-25 07:06:59 UTC,155.0,1.465,Yes,0xF1e5c82790d22aa57B3ec4454818c8e886E9e439
2026-06-26 02:00:00 UTC,Turkey vs USA,FIFA World Cup ,Turkey +0.5,Asian Handicap (0.5),155.0,2026-06-25 07:06:58 UTC,155.0,1.465,Yes,0xF1e5c82790d22aa57B3ec4454818c8e886E9e439
2026-06-26 02:00:00 UTC,Turkey vs USA,FIFA World Cup ,USA,1X2,85.0,2026-06-25 07:06:18 UTC,85.0,1.53,Yes,0x44886aFaCceeD91F81d44366aA4a09EE96dDace7
2026-06-25 23:00:00 UTC,Japan vs Sweden,FIFA World Cup ,Under 2.5,Under/Over (2.5),23.0,2026-06-25 07:01:50 UTC,23.0,1.4825,Yes,0xC88F614A48f8A705d7465b03aAF62ddaca0c3754
2026-06-25 23:00:00 UTC,Japan vs Sweden,FIFA World Cup ,Under 3.0,Under/Over (3),26.0,2026-06-25 07:01:50 UTC,26.0,1.6162,Yes,0xC88F614A48f8A705d7465b03aAF62ddaca0c3754
2026-06-25 23:00:00 UTC,Japan vs Sweden,FIFA World Cup ,Japan,1X2,912.0,2026-06-25 07:01:50 UTC,912.0,1.525,Yes,0x68E1818FF20BBe84F9be9E0A4A395FB11079Bd35
2026-06-25 23:00:00 UTC,Japan vs Sweden,FIFA World Cup ,Not Sweden,1X2,658.0,2026-06-25 07:01:50 UTC,658.0,1.79,Yes,0xe2C68b7ef85645e47F9b94382c3Db59b046945a2
2026-06-25 23:00:00 UTC,Japan vs Sweden,FIFA World Cup ,Under 2.0,Under/Over (2),15.0,2026-06-25 07:01:49 UTC,15.0,1.3088,Yes,0xC88F614A48f8A705d7465b03aAF62ddaca0c3754
2026-06-26 02:00:00 UTC,Turkey vs USA,FIFA World Cup ,USA,1X2,32.0,2026-06-25 07:00:10 UTC,32.0,1.5325,Yes,0x44886aFaCceeD91F81d44366aA4a09EE96dDace7
2026-06-25 23:00:00 UTC,Japan vs Sweden,FIFA World Cup ,Not Japan,1X2,645.0,2026-06-25 06:56:41 UTC,645.0,1.47,Yes,0xe2C68b7ef85645e47F9b94382c3Db59b046945a2
2026-06-25 20:00:00 UTC,Curaçao vs Ivory Coast,FIFA World Cup ,Under 4.0,Under/Over (4),39.0,2026-06-25 06:55:13 UTC,39.0,1.7063,Yes,0xe2C68b7ef85645e47F9b94382c3Db59b046945a2
2026-06-25 20:00:00 UTC,Curaçao vs Ivory Coast,FIFA World Cup ,Under 4.0,Under/Over (4),619.0,2026-06-25 06:55:13 UTC,619.0,1.7063,Yes,0xe2C68b7ef85645e47F9b94382c3Db59b046945a2
2026-06-25 20:00:00 UTC,Curaçao vs Ivory Coast,FIFA World Cup ,Under 4.5,Under/Over (4.5),399.0,2026-06-25 06:55:13 UTC,399.0,1.7612,Yes,0xE4DD6165bFF7EE73D7932C3b478f7E22431e85E7
2026-06-25 20:00:00 UTC,Curaçao vs Ivory Coast,FIFA World Cup ,Under 3.5,Under/Over (3.5),267.0,2026-06-25 06:55:12 UTC,267.0,1.5762,Yes,0xE4DD6165bFF7EE73D7932C3b478f7E22431e85E7
2026-06-27 00:00:00 UTC,Cape Verde vs Saudi Arabia,FIFA World Cup ,Not Saudi Arabia,1X2,59.0,2026-06-25 06:54:53 UTC,59.0,1.665,Yes,0x68E1818FF20BBe84F9be9E0A4A395FB11079Bd35
2026-06-26 02:00:00 UTC,Paraguay vs Australia,FIFA World Cup ,Under 2.0,Under/Over (2),28.0,2026-06-25 06:54:10 UTC,28.0,1.5837,Yes,0xC88F614A48f8A705d7465b03aAF62ddaca0c3754
2026-06-25 23:00:00 UTC,Japan vs Sweden,FIFA World Cup ,Not Japan,1X2,13.0,2026-06-25 06:53:42 UTC,13.0,1.47,Yes,0xe2C68b7ef85645e47F9b94382c3Db59b046945a2
2026-06-28 02:00:00 UTC,Algeria vs Austria,FIFA World Cup ,Not Algeria,1X2,43.0,2026-06-25 06:53:42 UTC,43.0,1.7575,Yes,0x68E1818FF20BBe84F9be9E0A4A395FB11079Bd35
2026-06-25 20:00:00 UTC,Ecuador vs Germany,FIFA World Cup ,Ecuador +1,Asian Handicap (1),23.0,2026-06-25 06:51:31 UTC,23.0,1.4763,Yes,0xC88F614A48f8A705d7465b03aAF62ddaca0c3754
2026-06-25 20:00:00 UTC,Ecuador vs Germany,FIFA World Cup ,Germany -1,Asian Handicap (1),25.0,2026-06-25 06:50:00 UTC,25.0,1.5112,Yes,0xC88F614A48f8A705d7465b03aAF62ddaca0c3754
2026-06-25 20:00:00 UTC,Ecuador vs Germany,FIFA World Cup ,Ecuador +1,Asian Handicap (1),23.0,2026-06-25 06:49:25 UTC,23.0,1.4763,Yes,0xC88F614A48f8A705d7465b03aAF62ddaca0c3754
2026-06-28 19:00:00 UTC,South Africa vs Canada,FIFA World Cup ,Under 2.5,Under/Over (2.5),99.0,2026-06-25 06:46:31 UTC,99.0,1.5513,Yes,0x783c14135F8FCC2b1F9D51A0cFACE99a88EA834f
2026-06-27 03:00:00 UTC,Egypt vs Iran,FIFA World Cup ,Not tie,1X2,1832.0,2026-06-25 06:45:52 UTC,1832.0,1.6325,Yes,0x8268feC8dCb0D284343054BDf2b649286c9aA0a1
2026-06-25 20:00:00 UTC,Ecuador vs Germany,FIFA World Cup ,Germany,1X2,38.0,2026-06-25 06:44:56 UTC,38.0,1.645,Yes,0x5B3498Cb20C3107B5B267fabd3601B6425BDeb42
2026-06-26 02:00:00 UTC,Turkey vs USA,FIFA World Cup ,Turkey,1X2,10.0,2026-06-25 06:43:41 UTC,10.0,1.2375,Yes,0x77B23094D6E48F735487DA7410DbEeE2Fc87A0c8
2026-06-25 23:00:00 UTC,Japan vs Sweden,FIFA World Cup ,Under 3.0,Under/Over (3),1.0,2026-06-25 06:43:02 UTC,1.0,1.6162,Yes,0xC88F614A48f8A705d7465b03aAF62ddaca0c3754
2026-06-25 23:00:00 UTC,Japan vs Sweden,FIFA World Cup ,Under 3.0,Under/Over (3),1.0,2026-06-25 06:43:00 UTC,1.0,1.6162,Yes,0xC88F614A48f8A705d7465b03aAF62ddaca0c3754
2026-06-25 20:00:00 UTC,Curaçao vs Ivory Coast,FIFA World Cup ,Over 2.5,Under/Over (2.5),31.0,2026-06-25 06:42:50 UTC,31.0,1.64,Yes,0xC88F614A48f8A705d7465b03aAF62ddaca0c3754
2026-06-25 23:00:00 UTC,Japan vs Sweden,FIFA World Cup ,Under 3.0,Under/Over (3),30.0,2026-06-25 06:42:18 UTC,30.0,1.6138,Yes,0xC88F614A48f8A705d7465b03aAF62ddaca0c3754
2026-06-25 23:00:00 UTC,Japan vs Sweden,FIFA World Cup ,Under 3.0,Under/Over (3),30.0,2026-06-25 06:42:12 UTC,30.0,1.6175,Yes,0xe2C68b7ef85645e47F9b94382c3Db59b046945a2
2026-06-25 23:00:00 UTC,Japan vs Sweden,FIFA World Cup ,Under 3.0,Under/Over (3),1.0,2026-06-25 06:42:10 UTC,1.0,1.6175,Yes,0xe2C68b7ef85645e47F9b94382c3Db59b046945a2
2026-06-25 23:00:00 UTC,Japan vs Sweden,FIFA World Cup ,Under 3.0,Under/Over (3),281.0,2026-06-25 06:41:54 UTC,281.0,1.6175,Yes,0xe2C68b7ef85645e47F9b94382c3Db59b046945a2
2026-06-25 23:00:00 UTC,Japan vs Sweden,FIFA World Cup ,Under 3.0,Under/Over (3),222.0,2026-06-25 06:41:52 UTC,222.0,1.6175,Yes,0xe2C68b7ef85645e47F9b94382c3Db59b046945a2
2026-06-25 23:00:00 UTC,Japan vs Sweden,FIFA World Cup ,Under 3.0,Under/Over (3),155.0,2026-06-25 06:41:49 UTC,155.0,1.6175,Yes,0xe2C68b7ef85645e47F9b94382c3Db59b046945a2
2026-06-25 23:00:00 UTC,Tunisia vs Netherlands,FIFA World Cup ,Not Netherlands,1X2,0.0,2026-06-25 06:41:23 UTC,0.0,1.105,Yes,0x740d5718a79A8559fEeE8B00922F8Cd773A81D84
2026-06-25 23:00:00 UTC,Tunisia vs Netherlands,FIFA World Cup ,Tunisia +2.5,Asian Handicap (2.5),49.0,2026-06-25 06:40:36 UTC,49.0,1.47,Yes,0x77B23094D6E48F735487DA7410DbEeE2Fc87A0c8
2026-06-26 02:00:00 UTC,Turkey vs USA,FIFA World Cup ,Turkey,1X2,10.0,2026-06-25 06:40:36 UTC,10.0,1.2375,Yes,0x77B23094D6E48F735487DA7410DbEeE2Fc87A0c8
2026-06-25 23:00:00 UTC,Tunisia vs Netherlands,FIFA World Cup ,Not Netherlands,1X2,10.0,2026-06-25 06:40:36 UTC,10.0,1.1075,Yes,0x81b0690435A7b77c1fE50f311506934127e9De73
2026-06-26 02:00:00 UTC,Paraguay vs Australia,FIFA World Cup ,Not tie,1X2,1.0,2026-06-25 06:36:05 UTC,1.0,1.5737,Yes,0x68E1818FF20BBe84F9be9E0A4A395FB11079Bd35
2026-06-26 02:00:00 UTC,Paraguay vs Australia,FIFA World Cup ,Not Australia,1X2,3.0,2026-06-25 06:36:00 UTC,3.0,1.755,Yes,0x81b0690435A7b77c1fE50f311506934127e9De73
2026-06-26 02:00:00 UTC,Turkey vs USA,FIFA World Cup ,Not tie,1X2,3.0,2026-06-25 06:35:28 UTC,3.0,1.7725,Yes,0x81b0690435A7b77c1fE50f311506934127e9De73
2026-06-26 02:00:00 UTC,Turkey vs USA,FIFA World Cup ,Not Turkey,1X2,3.0,2026-06-25 06:35:21 UTC,3.0,1.7512,Yes,0x81b0690435A7b77c1fE50f311506934127e9De73
2026-06-25 23:00:00 UTC,Tunisia vs Netherlands,FIFA World Cup ,Not tie,1X2,11.0,2026-06-25 06:35:12 UTC,11.0,1.9213,Yes,0x81b0690435A7b77c1fE50f311506934127e9De73
2026-06-25 23:00:00 UTC,Tunisia vs Netherlands,FIFA World Cup ,Not Tunisia,1X2,29.0,2026-06-25 06:35:06 UTC,29.0,1.9675,Yes,0x68E1818FF20BBe84F9be9E0A4A395FB11079Bd35
2026-06-25 23:00:00 UTC,Japan vs Sweden,FIFA World Cup ,Not Sweden,1X2,3.0,2026-06-25 06:34:59 UTC,3.0,1.79,Yes,0x81b0690435A7b77c1fE50f311506934127e9De73
2026-06-25 23:00:00 UTC,Japan vs Sweden,FIFA World Cup ,Not tie,1X2,2.0,2026-06-25 06:34:54 UTC,2.0,1.735,Yes,0x68E1818FF20BBe84F9be9E0A4A395FB11079Bd35
2026-06-25 20:00:00 UTC,Curaçao vs Ivory Coast,FIFA World Cup ,Not tie,1X2,7.0,2026-06-25 06:34:44 UTC,7.0,1.8875,Yes,0x68E1818FF20BBe84F9be9E0A4A395FB11079Bd35
2026-06-25 20:00:00 UTC,Curaçao vs Ivory Coast,FIFA World Cup ,Not Curaçao,1X2,18.0,2026-06-25 06:34:38 UTC,18.0,1.9475,Yes,0x81b0690435A7b77c1fE50f311506934127e9De73
2026-06-25 20:00:00 UTC,Ecuador vs Germany,FIFA World Cup ,Not tie,1X2,4.0,2026-06-25 06:34:29 UTC,4.0,1.8113,Yes,0x5B3498Cb20C3107B5B267fabd3601B6425BDeb42
2026-06-25 20:00:00 UTC,Ecuador vs Germany,FIFA World Cup ,Not Ecuador,1X2,4.0,2026-06-25 06:34:21 UTC,4.0,1.83,Yes,0x68E1818FF20BBe84F9be9E0A4A395FB11079Bd35
2026-06-25 20:00:00 UTC,Ecuador vs Germany,FIFA World Cup ,Ecuador +1,Asian Handicap (1),49.0,2026-06-25 06:32:53 UTC,49.0,1.4825,Yes,0x783c14135F8FCC2b1F9D51A0cFACE99a88EA834f
2026-06-25 20:00:00 UTC,Ecuador vs Germany,FIFA World Cup ,Germany -1,Asian Handicap (1),25.0,2026-06-25 06:32:34 UTC,25.0,1.5125,Yes,0xC88F614A48f8A705d7465b03aAF62ddaca0c3754
2026-06-25 20:00:00 UTC,Ecuador vs Germany,FIFA World Cup ,Germany,1X2,90.0,2026-06-25 06:32:21 UTC,90.0,1.645,Yes,0x5B3498Cb20C3107B5B267fabd3601B6425BDeb42
2026-06-25 20:00:00 UTC,Curaçao vs Ivory Coast,FIFA World Cup ,Over 4.0,Under/Over (4),659.0,2026-06-25 06:31:17 UTC,659.0,1.29,Yes,0xe2C68b7ef85645e47F9b94382c3Db59b046945a2
2026-06-25 20:00:00 UTC,Curaçao vs Ivory Coast,FIFA World Cup ,Over 3.5,Under/Over (3.5),651.0,2026-06-25 06:31:17 UTC,651.0,1.4213,Yes,0xe2C68b7ef85645e47F9b94382c3Db59b046945a2
2026-06-25 23:00:00 UTC,Japan vs Sweden,FIFA World Cup ,Japan,1X2,47.0,2026-06-25 06:27:37 UTC,47.0,1.525,Yes,0x68E1818FF20BBe84F9be9E0A4A395FB11079Bd35
2026-06-26 02:00:00 UTC,Paraguay vs Australia,FIFA World Cup ,Not tie,1X2,150.0,2026-06-25 06:26:55 UTC,150.0,1.5725,Yes,0x68E1818FF20BBe84F9be9E0A4A395FB11079Bd35
2026-06-25 23:00:00 UTC,Japan vs Sweden,FIFA World Cup ,Under 2.0,Under/Over (2),0.0,2026-06-25 06:25:24 UTC,0.0,1.3037,Yes,0xC88F614A48f8A705d7465b03aAF62ddaca0c3754
2026-06-26 02:00:00 UTC,Turkey vs USA,FIFA World Cup ,USA -0.5,Asian Handicap (0.5),1.0,2026-06-25 06:25:02 UTC,1.0,1.5275,Yes,0xC88F614A48f8A705d7465b03aAF62ddaca0c3754
2026-06-26 02:00:00 UTC,Turkey vs USA,FIFA World Cup ,USA,1X2,5.0,2026-06-25 06:24:59 UTC,5.0,1.5238,Yes,0x8268feC8dCb0D284343054BDf2b649286c9aA0a1
2026-06-27 23:30:00 UTC,Colombia vs Portugal,FIFA World Cup ,Under 5.5,Under/Over (5.5),64.0,2026-06-25 06:24:56 UTC,64.0,1.9438,Yes,0x740d5718a79A8559fEeE8B00922F8Cd773A81D84
2026-06-25 23:00:00 UTC,Japan vs Sweden,FIFA World Cup ,Under 2.0,Under/Over (2),15.0,2026-06-25 06:24:41 UTC,15.0,1.3075,Yes,0xC88F614A48f8A705d7465b03aAF62ddaca0c3754
2026-06-25 23:00:00 UTC,Japan vs Sweden,FIFA World Cup ,Under 2.0,Under/Over (2),15.0,2026-06-25 06:24:14 UTC,15.0,1.3075,Yes,0xC88F614A48f8A705d7465b03aAF62ddaca0c3754
2026-06-25 23:00:00 UTC,Japan vs Sweden,FIFA World Cup ,Under 2.0,Under/Over (2),15.0,2026-06-25 06:23:45 UTC,15.0,1.3075,Yes,0xC88F614A48f8A705d7465b03aAF62ddaca0c3754
2026-06-25 23:00:00 UTC,Japan vs Sweden,FIFA World Cup ,Under 2.0,Under/Over (2),15.0,2026-06-25 06:23:17 UTC,15.0,1.3075,Yes,0xC88F614A48f8A705d7465b03aAF62ddaca0c3754
2026-06-28 02:00:00 UTC,Jordan vs Argentina,FIFA World Cup ,Jordan +0.5,Asian Handicap (0.5),65.0,2026-06-25 06:23:09 UTC,65.0,1.1675,Yes,0xe2C68b7ef85645e47F9b94382c3Db59b046945a2
2026-06-25 23:00:00 UTC,Japan vs Sweden,FIFA World Cup ,Under 2.0,Under/Over (2),14.0,2026-06-25 06:23:08 UTC,14.0,1.3075,Yes,0xC88F614A48f8A705d7465b03aAF62ddaca0c3754
2026-06-25 23:00:00 UTC,Japan vs Sweden,FIFA World Cup ,Under 2.0,Under/Over (2),0.0,2026-06-25 06:23:01 UTC,0.0,1.3075,Yes,0xC88F614A48f8A705d7465b03aAF62ddaca0c3754
2026-06-25 23:00:00 UTC,Japan vs Sweden,FIFA World Cup ,Under 2.0,Under/Over (2),15.0,2026-06-25 06:22:22 UTC,15.0,1.3075,Yes,0xC88F614A48f8A705d7465b03aAF62ddaca0c3754
2026-06-25 23:00:00 UTC,Japan vs Sweden,FIFA World Cup ,Under 2.0,Under/Over (2),14.0,2026-06-25 06:22:00 UTC,14.0,1.3075,Yes,0xC88F614A48f8A705d7465b03aAF62ddaca0c3754
2026-06-25 20:00:00 UTC,Ecuador vs Germany,FIFA World Cup ,Ecuador +1,Asian Handicap (1),23.0,2026-06-25 06:21:31 UTC,23.0,1.4763,Yes,0xC88F614A48f8A705d7465b03aAF62ddaca0c3754
2026-06-25 23:00:00 UTC,Japan vs Sweden,FIFA World Cup ,Under 2.0,Under/Over (2),0.0,2026-06-25 06:21:27 UTC,0.0,1.3075,Yes,0xC88F614A48f8A705d7465b03aAF62ddaca0c3754
2026-06-25 20:00:00 UTC,Ecuador vs Germany,FIFA World Cup ,Ecuador +1,Asian Handicap (1),22.0,2026-06-25 06:21:22 UTC,22.0,1.4763,Yes,0xC88F614A48f8A705d7465b03aAF62ddaca0c3754
2026-06-25 23:00:00 UTC,Japan vs Sweden,FIFA World Cup ,Under 2.0,Under/Over (2),14.0,2026-06-25 06:20:57 UTC,14.0,1.3075,Yes,0xC88F614A48f8A705d7465b03aAF62ddaca0c3754
2026-06-25 23:00:00 UTC,Japan vs Sweden,FIFA World Cup ,Under 2.0,Under/Over (2),0.0,2026-06-25 06:20:40 UTC,0.0,1.3075,Yes,0xC88F614A48f8A705d7465b03aAF62ddaca0c3754
2026-06-25 23:00:00 UTC,Japan vs Sweden,FIFA World Cup ,Under 2.0,Under/Over (2),14.0,2026-06-25 06:19:56 UTC,14.0,1.3075,Yes,0xC88F614A48f8A705d7465b03aAF62ddaca0c3754
2026-06-25 23:00:00 UTC,Japan vs Sweden,FIFA World Cup ,Under 2.0,Under/Over (2),0.0,2026-06-25 06:19:52 UTC,0.0,1.3075,Yes,0xC88F614A48f8A705d7465b03aAF62ddaca0c3754
2026-06-25 20:00:00 UTC,Ecuador vs Germany,FIFA World Cup ,Ecuador +1,Asian Handicap (1),0.0,2026-06-25 06:19:44 UTC,0.0,1.4763,Yes,0xC88F614A48f8A705d7465b03aAF62ddaca0c3754
2026-06-26 02:00:00 UTC,Turkey vs USA,FIFA World Cup ,Not USA,1X2,0.0,2026-06-25 06:19:41 UTC,0.0,1.465,Yes,0xF1e5c82790d22aa57B3ec4454818c8e886E9e439
2026-06-26 02:00:00 UTC,Turkey vs USA,FIFA World Cup ,Turkey +0.5,Asian Handicap (0.5),0.0,2026-06-25 06:19:39 UTC,0.0,1.465,Yes,0xF1e5c82790d22aa57B3ec4454818c8e886E9e439
2026-06-25 23:00:00 UTC,Japan vs Sweden,FIFA World Cup ,Sweden,12,2.0,2026-06-25 06:19:18 UTC,2.0,1.28,Yes,0xC88F614A48f8A705d7465b03aAF62ddaca0c3754
2026-06-26 02:00:00 UTC,Paraguay vs Australia,FIFA World Cup ,Under 2.0,Under/Over (2),28.0,2026-06-25 06:19:04 UTC,28.0,1.585,Yes,0xC88F614A48f8A705d7465b03aAF62ddaca0c3754
2026-06-25 23:00:00 UTC,Japan vs Sweden,FIFA World Cup ,Under 2.0,Under/Over (2),15.0,2026-06-25 06:19:02 UTC,15.0,1.3075,Yes,0xC88F614A48f8A705d7465b03aAF62ddaca0c3754
2026-06-25 20:00:00 UTC,Ecuador vs Germany,FIFA World Cup ,Ecuador +1,Asian Handicap (1),23.0,2026-06-25 06:19:00 UTC,23.0,1.4763,Yes,0xC88F614A48f8A705d7465b03aAF62ddaca0c3754
2026-06-26 02:00:00 UTC,Turkey vs USA,FIFA World Cup ,Not USA,1X2,62.0,2026-06-25 06:18:59 UTC,62.0,1.4663,Yes,0x85488156a1675CE39D29f15418b1bf15eA79a2a6
2026-06-26 02:00:00 UTC,Turkey vs USA,FIFA World Cup ,Turkey +0.5,Asian Handicap (0.5),23.0,2026-06-25 06:18:59 UTC,23.0,1.4663,Yes,0x85488156a1675CE39D29f15418b1bf15eA79a2a6
2026-06-27 23:30:00 UTC,Colombia vs Portugal,FIFA World Cup ,Over 5.5,Under/Over (5.5),49.0,2026-06-25 06:18:56 UTC,49.0,1.0888,Yes,0x85488156a1675CE39D29f15418b1bf15eA79a2a6
2026-06-25 23:00:00 UTC,Japan vs Sweden,FIFA World Cup ,Japan,1X2,2.0,2026-06-25 06:18:41 UTC,2.0,1.525,Yes,0x68E1818FF20BBe84F9be9E0A4A395FB11079Bd35
2026-06-27 23:30:00 UTC,Colombia vs Portugal,FIFA World Cup ,Over 5.5,Under/Over (5.5),49.0,2026-06-25 06:16:37 UTC,49.0,1.0888,Yes,0x85488156a1675CE39D29f15418b1bf15eA79a2a6
2026-06-25 23:00:00 UTC,Japan vs Sweden,FIFA World Cup ,Not Japan,1X2,31.0,2026-06-25 06:16:18 UTC,31.0,1.47,Yes,0x85488156a1675CE39D29f15418b1bf15eA79a2a6
2026-06-26 19:00:00 UTC,Norway vs France,FIFA World Cup ,Not Norway,1X2,45.0,2026-06-25 06:15:49 UTC,45.0,1.8025,Yes,0x68E1818FF20BBe84F9be9E0A4A395FB11079Bd35
2026-06-25 23:00:00 UTC,Japan vs Sweden,FIFA World Cup ,Not Japan,1X2,14.0,2026-06-25 06:14:08 UTC,14.0,1.47,Yes,0xE4DD6165bFF7EE73D7932C3b478f7E22431e85E7
2026-06-25 20:00:00 UTC,Curaçao vs Ivory Coast,FIFA World Cup ,Not tie,1X2,9.0,2026-06-25 06:13:32 UTC,9.0,1.8875,Yes,0x68E1818FF20BBe84F9be9E0A4A395FB11079Bd35
2026-06-25 20:00:00 UTC,Ecuador vs Germany,FIFA World Cup ,Ecuador +2,Asian Handicap (2),65.0,2026-06-25 06:12:44 UTC,65.0,1.7512,Yes,0xe2C68b7ef85645e47F9b94382c3Db59b046945a2
2026-06-25 20:00:00 UTC,Ecuador vs Germany,FIFA World Cup ,Ecuador +2,Asian Handicap (2),65.0,2026-06-25 06:12:41 UTC,65.0,1.7512,Yes,0xe2C68b7ef85645e47F9b94382c3Db59b046945a2
2026-06-25 20:00:00 UTC,Ecuador vs Germany,FIFA World Cup ,Under 3.0,Under/Over (3),26.0,2026-06-25 06:12:41 UTC,26.0,1.5325,Yes,0xC88F614A48f8A705d7465b03aAF62ddaca0c3754
2026-06-25 20:00:00 UTC,Ecuador vs Germany,FIFA World Cup ,Ecuador +1,Asian Handicap (1),23.0,2026-06-25 06:12:40 UTC,23.0,1.4763,Yes,0xC88F614A48f8A705d7465b03aAF62ddaca0c3754
2026-06-25 20:00:00 UTC,Ecuador vs Germany,FIFA World Cup ,Germany,1X2,117.0,2026-06-25 06:10:36 UTC,117.0,1.6462,Yes,0x5B3498Cb20C3107B5B267fabd3601B6425BDeb42
2026-06-26 02:00:00 UTC,Paraguay vs Australia,FIFA World Cup ,Not tie,1X2,515.0,2026-06-25 06:08:55 UTC,515.0,1.5725,Yes,0x68E1818FF20BBe84F9be9E0A4A395FB11079Bd35
2026-06-27 00:00:00 UTC,Uruguay vs Spain,FIFA World Cup ,Uruguay +1,Asian Handicap (1),49.0,2026-06-25 06:08:06 UTC,49.0,1.4638,Yes,0x77B23094D6E48F735487DA7410DbEeE2Fc87A0c8
2026-06-25 20:00:00 UTC,Curaçao vs Ivory Coast,FIFA World Cup ,Not tie,1X2,7.0,2026-06-25 06:07:51 UTC,7.0,1.8875,Yes,0x68E1818FF20BBe84F9be9E0A4A395FB11079Bd35
2026-06-27 00:00:00 UTC,Uruguay vs Spain,FIFA World Cup ,Uruguay +1.5,Asian Handicap (1.5),157.0,2026-06-25 06:07:48 UTC,157.0,1.6062,Yes,0xE4DD6165bFF7EE73D7932C3b478f7E22431e85E7
2026-06-25 20:00:00 UTC,Ecuador vs Germany,FIFA World Cup ,Germany,1X2,52.0,2026-06-25 06:07:09 UTC,52.0,1.6462,Yes,0x5B3498Cb20C3107B5B267fabd3601B6425BDeb42
2026-06-25 20:00:00 UTC,Curaçao vs Ivory Coast,FIFA World Cup ,Not tie,1X2,38.0,2026-06-25 06:06:27 UTC,38.0,1.8875,Yes,0x68E1818FF20BBe84F9be9E0A4A395FB11079Bd35
2026-06-25 23:00:00 UTC,Tunisia vs Netherlands,FIFA World Cup ,Tunisia +4.5,Asian Handicap (4.5),15.0,2026-06-25 06:06:20 UTC,15.0,1.82,Yes,0xe2C68b7ef85645e47F9b94382c3Db59b046945a2
2026-06-26 02:00:00 UTC,Turkey vs USA,FIFA World Cup ,USA,1X2,10.0,2026-06-25 06:06:17 UTC,10.0,1.5263,Yes,0x8268feC8dCb0D284343054BDf2b649286c9aA0a1
2026-06-25 20:00:00 UTC,Curaçao vs Ivory Coast,FIFA World Cup ,Not tie,1X2,7.0,2026-06-25 06:06:13 UTC,7.0,1.8875,Yes,0x68E1818FF20BBe84F9be9E0A4A395FB11079Bd35
2026-06-25 23:00:00 UTC,Tunisia vs Netherlands,FIFA World Cup ,Netherlands -4.5,Asian Handicap (4.5),43.0,2026-06-25 06:05:33 UTC,43.0,1.2188,Yes,0x85488156a1675CE39D29f15418b1bf15eA79a2a6
2026-06-26 02:00:00 UTC,Turkey vs USA,FIFA World Cup ,Not Turkey,1X2,276.0,2026-06-25 06:04:10 UTC,276.0,1.755,Yes,0xe2C68b7ef85645e47F9b94382c3Db59b046945a2
2026-06-26 02:00:00 UTC,Turkey vs USA,FIFA World Cup ,USA,1X2,139.0,2026-06-25 06:03:50 UTC,139.0,1.5312,Yes,0xE4DD6165bFF7EE73D7932C3b478f7E22431e85E7
2026-06-25 20:00:00 UTC,Curaçao vs Ivory Coast,FIFA World Cup ,Not tie,1X2,38.0,2026-06-25 06:02:48 UTC,38.0,1.8875,Yes,0x68E1818FF20BBe84F9be9E0A4A395FB11079Bd35
2026-06-26 02:00:00 UTC,Turkey vs USA,FIFA World Cup ,USA -1.5,Asian Handicap (1.5),0.0,2026-06-25 06:02:45 UTC,0.0,1.3037,Yes,0x8268feC8dCb0D284343054BDf2b649286c9aA0a1
2026-06-26 02:00:00 UTC,Paraguay vs Australia,FIFA World Cup ,Not tie,1X2,541.0,2026-06-25 06:02:31 UTC,541.0,1.5725,Yes,0x68E1818FF20BBe84F9be9E0A4A395FB11079Bd35
2026-06-26 02:00:00 UTC,Paraguay vs Australia,FIFA World Cup ,Paraguay 0,Asian Handicap (0),28.0,2026-06-25 06:02:23 UTC,28.0,1.58,Yes,0xC88F614A48f8A705d7465b03aAF62ddaca0c3754
2026-06-25 20:00:00 UTC,Curaçao vs Ivory Coast,FIFA World Cup ,Not tie,1X2,177.0,2026-06-25 06:02:20 UTC,177.0,1.8875,Yes,0x68E1818FF20BBe84F9be9E0A4A395FB11079Bd35
2026-06-26 02:00:00 UTC,Turkey vs USA,FIFA World Cup ,USA +0.5,Asian Handicap (-0.5),15.0,2026-06-25 06:02:03 UTC,15.0,1.755,Yes,0xe2C68b7ef85645e47F9b94382c3Db59b046945a2
2026-06-25 20:00:00 UTC,Curaçao vs Ivory Coast,FIFA World Cup ,Not tie,1X2,7.0,2026-06-25 06:02:00 UTC,7.0,1.8875,Yes,0x68E1818FF20BBe84F9be9E0A4A395FB11079Bd35
2026-06-25 23:00:00 UTC,Japan vs Sweden,FIFA World Cup ,Under 3.5,Under/Over (3.5),33.0,2026-06-25 06:01:59 UTC,33.0,1.6887,Yes,0x8268feC8dCb0D284343054BDf2b649286c9aA0a1
2026-06-25 20:00:00 UTC,Ecuador vs Germany,FIFA World Cup ,Not Ecuador,1X2,45.0,2026-06-25 06:00:02 UTC,45.0,1.8313,Yes,0x81b0690435A7b77c1fE50f311506934127e9De73
2026-06-26 02:00:00 UTC,Turkey vs USA,FIFA World Cup ,USA,1X2,9.0,2026-06-25 06:00:02 UTC,9.0,1.5325,Yes,0xe2C68b7ef85645e47F9b94382c3Db59b046945a2
2026-06-26 02:00:00 UTC,Turkey vs USA,FIFA World Cup ,USA,1X2,9.0,2026-06-25 05:59:59 UTC,9.0,1.5325,Yes,0xe2C68b7ef85645e47F9b94382c3Db59b046945a2
2026-06-26 02:00:00 UTC,Turkey vs USA,FIFA World Cup ,USA,1X2,5.0,2026-06-25 05:59:56 UTC,5.0,1.5325,Yes,0xe2C68b7ef85645e47F9b94382c3Db59b046945a2
2026-06-26 02:00:00 UTC,Turkey vs USA,FIFA World Cup ,USA -0.5,Asian Handicap (0.5),5.0,2026-06-25 05:59:53 UTC,5.0,1.5288,Yes,0xe2C68b7ef85645e47F9b94382c3Db59b046945a2
2026-06-26 02:00:00 UTC,Turkey vs USA,FIFA World Cup ,USA,1X2,5.0,2026-06-25 05:59:51 UTC,5.0,1.5325,Yes,0xe2C68b7ef85645e47F9b94382c3Db59b046945a2
2026-06-25 23:00:00 UTC,Japan vs Sweden,FIFA World Cup ,Japan,1X2,726.0,2026-06-25 05:59:24 UTC,726.0,1.5288,Yes,0x68E1818FF20BBe84F9be9E0A4A395FB11079Bd35
2026-06-25 23:00:00 UTC,Japan vs Sweden,FIFA World Cup ,Japan,1X2,145.0,2026-06-25 05:59:22 UTC,145.0,1.5288,Yes,0x68E1818FF20BBe84F9be9E0A4A395FB11079Bd35
2026-06-26 02:00:00 UTC,Turkey vs USA,FIFA World Cup ,USA,1X2,71.0,2026-06-25 05:59:10 UTC,71.0,1.5325,Yes,0xe2C68b7ef85645e47F9b94382c3Db59b046945a2
2026-06-26 02:00:00 UTC,Turkey vs USA,FIFA World Cup ,Turkey +0.5,Asian Handicap (0.5),0.0,2026-06-25 05:56:12 UTC,0.0,1.465,Yes,0xF1e5c82790d22aa57B3ec4454818c8e886E9e439
2026-06-26 02:00:00 UTC,Turkey vs USA,FIFA World Cup ,Not USA,1X2,0.0,2026-06-25 05:56:10 UTC,0.0,1.465,Yes,0xF1e5c82790d22aa57B3ec4454818c8e886E9e439
2026-06-26 02:00:00 UTC,Turkey vs USA,FIFA World Cup ,Not USA,1X2,0.0,2026-06-25 05:56:09 UTC,0.0,1.465,Yes,0xF1e5c82790d22aa57B3ec4454818c8e886E9e439
2026-06-26 02:00:00 UTC,Turkey vs USA,FIFA World Cup ,Turkey +0.5,Asian Handicap (0.5),0.0,2026-06-25 05:56:07 UTC,0.0,1.465,Yes,0xF1e5c82790d22aa57B3ec4454818c8e886E9e439
2026-06-25 20:00:00 UTC,Curaçao vs Ivory Coast,FIFA World Cup ,Not tie,1X2,15.0,2026-06-25 05:55:54 UTC,15.0,1.8875,Yes,0x68E1818FF20BBe84F9be9E0A4A395FB11079Bd35
2026-06-26 02:00:00 UTC,Turkey vs USA,FIFA World Cup ,Over 1.0,Under/Over (1),409.0,2026-06-25 05:55:29 UTC,409.0,1.935,Yes,0xE4DD6165bFF7EE73D7932C3b478f7E22431e85E7
2026-06-26 02:00:00 UTC,Turkey vs USA,FIFA World Cup ,Not USA,1X2,0.0,2026-06-25 05:55:19 UTC,0.0,1.465,Yes,0xF1e5c82790d22aa57B3ec4454818c8e886E9e439
2026-06-26 02:00:00 UTC,Turkey vs USA,FIFA World Cup ,Not USA,1X2,0.0,2026-06-25 05:55:18 UTC,0.0,1.465,Yes,0xF1e5c82790d22aa57B3ec4454818c8e886E9e439
2026-06-26 02:00:00 UTC,Turkey vs USA,FIFA World Cup ,Not USA,1X2,1042.0,2026-06-25 05:55:17 UTC,1042.0,1.465,Yes,0xF1e5c82790d22aa57B3ec4454818c8e886E9e439
2026-06-26 02:00:00 UTC,Turkey vs USA,FIFA World Cup ,Turkey +0.5,Asian Handicap (0.5),1042.0,2026-06-25 05:55:17 UTC,1042.0,1.465,Yes,0xF1e5c82790d22aa57B3ec4454818c8e886E9e439
2026-06-26 02:00:00 UTC,Turkey vs USA,FIFA World Cup ,Not USA,1X2,522.0,2026-06-25 05:55:15 UTC,522.0,1.465,Yes,0xF1e5c82790d22aa57B3ec4454818c8e886E9e439
2026-06-26 02:00:00 UTC,Turkey vs USA,FIFA World Cup ,Turkey +0.5,Asian Handicap (0.5),522.0,2026-06-25 05:55:15 UTC,522.0,1.465,Yes,0xF1e5c82790d22aa57B3ec4454818c8e886E9e439
2026-06-26 02:00:00 UTC,Turkey vs USA,FIFA World Cup ,Not USA,1X2,0.0,2026-06-25 05:55:14 UTC,0.0,1.4663,Yes,0x85488156a1675CE39D29f15418b1bf15eA79a2a6
2026-06-26 02:00:00 UTC,Turkey vs USA,FIFA World Cup ,Turkey +0.5,Asian Handicap (0.5),0.0,2026-06-25 05:55:14 UTC,0.0,1.4663,Yes,0x85488156a1675CE39D29f15418b1bf15eA79a2a6
2026-06-26 02:00:00 UTC,Turkey vs USA,FIFA World Cup ,Not USA,1X2,62.0,2026-06-25 05:55:13 UTC,62.0,1.4663,Yes,0x85488156a1675CE39D29f15418b1bf15eA79a2a6
2026-06-26 02:00:00 UTC,Turkey vs USA,FIFA World Cup ,Turkey +0.5,Asian Handicap (0.5),62.0,2026-06-25 05:55:13 UTC,62.0,1.4663,Yes,0x85488156a1675CE39D29f15418b1bf15eA79a2a6
2026-06-25 23:00:00 UTC,Tunisia vs Netherlands,FIFA World Cup ,Tunisia +2.5,Asian Handicap (2.5),0.0,2026-06-25 05:54:29 UTC,0.0,1.47,Yes,0x77B23094D6E48F735487DA7410DbEeE2Fc87A0c8
2026-06-26 02:00:00 UTC,Turkey vs USA,FIFA World Cup ,USA,1X2,116.0,2026-06-25 05:54:19 UTC,116.0,1.5275,Yes,0x8268feC8dCb0D284343054BDf2b649286c9aA0a1
2026-06-25 20:00:00 UTC,Curaçao vs Ivory Coast,FIFA World Cup ,Not tie,1X2,77.0,2026-06-25 05:54:17 UTC,77.0,1.8875,Yes,0x68E1818FF20BBe84F9be9E0A4A395FB11079Bd35
2026-06-25 23:00:00 UTC,Tunisia vs Netherlands,FIFA World Cup ,Tunisia +2.5,Asian Handicap (2.5),49.0,2026-06-25 05:54:10 UTC,49.0,1.4712,Yes,0x77B23094D6E48F735487DA7410DbEeE2Fc87A0c8
2026-06-25 23:00:00 UTC,Tunisia vs Netherlands,FIFA World Cup ,Tunisia +2.5,Asian Handicap (2.5),0.0,2026-06-25 05:53:38 UTC,0.0,1.4712,Yes,0x77B23094D6E48F735487DA7410DbEeE2Fc87A0c8
2026-06-25 23:00:00 UTC,Tunisia vs Netherlands,FIFA World Cup ,Tie,1X2,0.0,2026-06-25 05:53:36 UTC,0.0,1.0788,Yes,0xE4DD6165bFF7EE73D7932C3b478f7E22431e85E7
2026-06-26 02:00:00 UTC,Turkey vs USA,FIFA World Cup ,USA,1X2,6.0,2026-06-25 05:53:35 UTC,6.0,1.5275,Yes,0x8268feC8dCb0D284343054BDf2b649286c9aA0a1
2026-06-26 02:00:00 UTC,Turkey vs USA,FIFA World Cup ,USA,1X2,116.0,2026-06-25 05:53:35 UTC,116.0,1.5275,Yes,0x8268feC8dCb0D284343054BDf2b649286c9aA0a1
2026-06-26 02:00:00 UTC,Turkey vs USA,FIFA World Cup ,USA,1X2,1.0,2026-06-25 05:53:32 UTC,1.0,1.5275,Yes,0x8268feC8dCb0D284343054BDf2b649286c9aA0a1
2026-06-26 02:00:00 UTC,Turkey vs USA,FIFA World Cup ,USA,1X2,8.0,2026-06-25 05:53:29 UTC,8.0,1.5275,Yes,0x8268feC8dCb0D284343054BDf2b649286c9aA0a1
2026-06-25 23:00:00 UTC,Tunisia vs Netherlands,FIFA World Cup ,Tunisia +3,Asian Handicap (3),66.0,2026-06-25 05:53:00 UTC,66.0,1.6012,Yes,0xE4DD6165bFF7EE73D7932C3b478f7E22431e85E7
2026-06-25 23:00:00 UTC,Tunisia vs Netherlands,FIFA World Cup ,Tunisia +3,Asian Handicap (3),254.0,2026-06-25 05:52:59 UTC,254.0,1.6012,Yes,0xE4DD6165bFF7EE73D7932C3b478f7E22431e85E7
2026-06-25 23:00:00 UTC,Tunisia vs Netherlands,FIFA World Cup ,Tunisia +2.5,Asian Handicap (2.5),141.0,2026-06-25 05:52:58 UTC,141.0,1.4725,Yes,0xE4DD6165bFF7EE73D7932C3b478f7E22431e85E7
2026-06-25 23:00:00 UTC,Tunisia vs Netherlands,FIFA World Cup ,Tie,1X2,11.0,2026-06-25 05:52:57 UTC,11.0,1.08,Yes,0x81b0690435A7b77c1fE50f311506934127e9De73
2026-06-25 20:00:00 UTC,Curaçao vs Ivory Coast,FIFA World Cup ,Not tie,1X2,38.0,2026-06-25 05:52:46 UTC,38.0,1.8875,Yes,0x68E1818FF20BBe84F9be9E0A4A395FB11079Bd35
2026-06-26 02:00:00 UTC,Turkey vs USA,FIFA World Cup ,USA,1X2,116.0,2026-06-25 05:49:46 UTC,116.0,1.5275,Yes,0x8268feC8dCb0D284343054BDf2b649286c9aA0a1
2026-06-25 20:00:00 UTC,Ecuador vs Germany,FIFA World Cup ,Germany -1.5,Asian Handicap (1.5),18.0,2026-06-25 05:49:10 UTC,18.0,1.375,Yes,0xC88F614A48f8A705d7465b03aAF62ddaca0c3754
2026-06-25 20:00:00 UTC,Curaçao vs Ivory Coast,FIFA World Cup ,Not tie,1X2,7.0,2026-06-25 05:48:54 UTC,7.0,1.8875,Yes,0x68E1818FF20BBe84F9be9E0A4A395FB11079Bd35
2026-06-26 02:00:00 UTC,Turkey vs USA,FIFA World Cup ,USA,1X2,14.0,2026-06-25 05:48:22 UTC,14.0,1.5275,Yes,0x8268feC8dCb0D284343054BDf2b649286c9aA0a1
2026-06-25 20:00:00 UTC,Curaçao vs Ivory Coast,FIFA World Cup ,Curaçao +2.5,Asian Handicap (2.5),27.0,2026-06-25 05:47:35 UTC,27.0,1.5688,Yes,0xC88F614A48f8A705d7465b03aAF62ddaca0c3754
2026-06-25 20:00:00 UTC,Curaçao vs Ivory Coast,FIFA World Cup ,Under 5.0,Under/Over (5),792.0,2026-06-25 05:47:34 UTC,792.0,1.865,Yes,0xE4DD6165bFF7EE73D7932C3b478f7E22431e85E7
2026-06-26 02:00:00 UTC,Turkey vs USA,FIFA World Cup ,USA,1X2,87.0,2026-06-25 05:47:12 UTC,87.0,1.5275,Yes,0x8268feC8dCb0D284343054BDf2b649286c9aA0a1
2026-06-26 02:00:00 UTC,Paraguay vs Australia,FIFA World Cup ,Not tie,1X2,14.0,2026-06-25 05:47:05 UTC,14.0,1.5725,Yes,0x81b0690435A7b77c1fE50f311506934127e9De73
2026-06-25 20:00:00 UTC,Curaçao vs Ivory Coast,FIFA World Cup ,Not tie,1X2,11.0,2026-06-25 05:46:00 UTC,11.0,1.8862,Yes,0x68E1818FF20BBe84F9be9E0A4A395FB11079Bd35
2026-06-25 20:00:00 UTC,Curaçao vs Ivory Coast,FIFA World Cup ,Not tie,1X2,210.0,2026-06-25 05:44:57 UTC,210.0,1.8862,Yes,0x68E1818FF20BBe84F9be9E0A4A395FB11079Bd35
2026-06-25 20:00:00 UTC,Ecuador vs Germany,FIFA World Cup ,Germany -1.5,Asian Handicap (1.5),18.0,2026-06-25 05:44:40 UTC,18.0,1.375,Yes,0xC88F614A48f8A705d7465b03aAF62ddaca0c3754
2026-06-25 23:00:00 UTC,Japan vs Sweden,FIFA World Cup ,Under 2.5,Under/Over (2.5),0.0,2026-06-25 05:44:39 UTC,0.0,1.4725,Yes,0xC88F614A48f8A705d7465b03aAF62ddaca0c3754
2026-06-25 23:00:00 UTC,Japan vs Sweden,FIFA World Cup ,Under 2.0,Under/Over (2),0.0,2026-06-25 05:44:37 UTC,0.0,1.3013,Yes,0xC88F614A48f8A705d7465b03aAF62ddaca0c3754
2026-06-25 23:00:00 UTC,Japan vs Sweden,FIFA World Cup ,Under 2.0,Under/Over (2),0.0,2026-06-25 05:44:33 UTC,0.0,1.3013,Yes,0xC88F614A48f8A705d7465b03aAF62ddaca0c3754
2026-06-25 23:00:00 UTC,Japan vs Sweden,FIFA World Cup ,Under 2.5,Under/Over (2.5),23.0,2026-06-25 05:44:14 UTC,23.0,1.4725,Yes,0xC88F614A48f8A705d7465b03aAF62ddaca0c3754
2026-06-25 23:00:00 UTC,Japan vs Sweden,FIFA World Cup ,Under 2.0,Under/Over (2),0.0,2026-06-25 05:44:13 UTC,0.0,1.3037,Yes,0xe2C68b7ef85645e47F9b94382c3Db59b046945a2
2026-06-25 23:00:00 UTC,Japan vs Sweden,FIFA World Cup ,Under 1.5,Under/Over (1.5),464.0,2026-06-25 05:44:13 UTC,464.0,1.2263,Yes,0xe2C68b7ef85645e47F9b94382c3Db59b046945a2
2026-06-25 23:00:00 UTC,Japan vs Sweden,FIFA World Cup ,Under 3.5,Under/Over (3.5),659.0,2026-06-25 05:44:12 UTC,659.0,1.6913,Yes,0xe2C68b7ef85645e47F9b94382c3Db59b046945a2
2026-06-25 23:00:00 UTC,Japan vs Sweden,FIFA World Cup ,Under 2.0,Under/Over (2),450.0,2026-06-25 05:44:12 UTC,450.0,1.3037,Yes,0xe2C68b7ef85645e47F9b94382c3Db59b046945a2
2026-06-25 23:00:00 UTC,Japan vs Sweden,FIFA World Cup ,Under 3.0,Under/Over (3),29.0,2026-06-25 05:44:12 UTC,29.0,1.6088,Yes,0xC88F614A48f8A705d7465b03aAF62ddaca0c3754
2026-06-25 20:00:00 UTC,Ecuador vs Germany,FIFA World Cup ,Germany,1X2,478.0,2026-06-25 05:41:48 UTC,478.0,1.6462,Yes,0x5B3498Cb20C3107B5B267fabd3601B6425BDeb42
2026-06-27 12:00:00 UTC,Beijing Guoan vs Wuhan Three Towns,China Super League,Wuhan Three Towns +1.5,Asian Handicap (-1.5),0.0,2026-06-25 05:40:42 UTC,0.0,1.485,Yes,0xe2C68b7ef85645e47F9b94382c3Db59b046945a2
2026-06-25 20:00:00 UTC,Curaçao vs Ivory Coast,FIFA World Cup ,Over 3.5,Under/Over (3.5),8.0,2026-06-25 05:39:05 UTC,8.0,1.4213,Yes,0xe2C68b7ef85645e47F9b94382c3Db59b046945a2
2026-06-26 02:00:00 UTC,Turkey vs USA,FIFA World Cup ,Over 3.0,Under/Over (3),9.0,2026-06-25 05:38:14 UTC,9.0,1.4387,Yes,0xE4DD6165bFF7EE73D7932C3b478f7E22431e85E7
2026-06-26 02:00:00 UTC,Paraguay vs Australia,FIFA World Cup ,Australia,1X2,11.0,2026-06-25 05:38:07 UTC,11.0,1.2375,Yes,0x81b0690435A7b77c1fE50f311506934127e9De73
2026-06-27 23:30:00 UTC,Colombia vs Portugal,FIFA World Cup ,Not Colombia,1X2,82.0,2026-06-25 05:37:18 UTC,82.0,1.77,Yes,0x68E1818FF20BBe84F9be9E0A4A395FB11079Bd35
2026-06-27 23:30:00 UTC,Colombia vs Portugal,FIFA World Cup ,Not Colombia,1X2,156.0,2026-06-25 05:37:16 UTC,156.0,1.77,Yes,0x68E1818FF20BBe84F9be9E0A4A395FB11079Bd35
2026-06-27 23:30:00 UTC,Colombia vs Portugal,FIFA World Cup ,Portugal,1X2,269.0,2026-06-25 05:37:15 UTC,269.0,1.5225,Yes,0x68E1818FF20BBe84F9be9E0A4A395FB11079Bd35
2026-06-27 23:30:00 UTC,Colombia vs Portugal,FIFA World Cup ,Not Colombia,1X2,197.0,2026-06-25 05:37:14 UTC,197.0,1.77,Yes,0x68E1818FF20BBe84F9be9E0A4A395FB11079Bd35
2026-06-25 20:00:00 UTC,Ecuador vs Germany,FIFA World Cup ,Germany -1.5,Asian Handicap (1.5),18.0,2026-06-25 05:37:13 UTC,18.0,1.375,Yes,0xC88F614A48f8A705d7465b03aAF62ddaca0c3754
2026-06-26 02:00:00 UTC,Turkey vs USA,FIFA World Cup ,Tie,1X2,10.0,2026-06-25 05:36:50 UTC,10.0,1.2263,Yes,0x81b0690435A7b77c1fE50f311506934127e9De73
2026-06-25 23:00:00 UTC,Tunisia vs Netherlands,FIFA World Cup ,Netherlands -2.5,Asian Handicap (2.5),3.0,2026-06-25 05:35:38 UTC,3.0,1.51,Yes,0x8268feC8dCb0D284343054BDf2b649286c9aA0a1
2026-06-25 20:00:00 UTC,Ecuador vs Germany,FIFA World Cup ,Ecuador +2.5,Asian Handicap (2.5),9.0,2026-06-25 05:35:11 UTC,9.0,1.795,Yes,0xe2C68b7ef85645e47F9b94382c3Db59b046945a2
2026-06-25 20:00:00 UTC,Curaçao vs Ivory Coast,FIFA World Cup ,Over 3.5,Under/Over (3.5),102.0,2026-06-25 05:32:41 UTC,102.0,1.4225,Yes,0xE4DD6165bFF7EE73D7932C3b478f7E22431e85E7
2026-06-26 02:00:00 UTC,Paraguay vs Australia,FIFA World Cup ,Under 2.5,Under/Over (2.5),34.0,2026-06-25 05:32:19 UTC,34.0,1.6938,Yes,0x4a09916b1325Eed50eE8973B13742a205B0B7c7E
2026-06-26 02:00:00 UTC,Paraguay vs Australia,FIFA World Cup ,Not Paraguay,1X2,21.0,2026-06-25 05:32:15 UTC,21.0,1.6637,Yes,0x81b0690435A7b77c1fE50f311506934127e9De73
2026-06-25 20:00:00 UTC,Ecuador vs Germany,FIFA World Cup ,Germany,1X2,75.0,2026-06-25 05:32:10 UTC,75.0,1.645,Yes,0xa4cFb43979bE290f07305e8b34EaaB358cBE6550
2026-06-27 21:00:00 UTC,Croatia vs Ghana,FIFA World Cup ,Ghana +1.5,Asian Handicap (-1.5),265.0,2026-06-25 05:31:48 UTC,265.0,1.7225,Yes,0xE4DD6165bFF7EE73D7932C3b478f7E22431e85E7
2026-06-25 20:00:00 UTC,Curaçao vs Ivory Coast,FIFA World Cup ,Not tie,1X2,77.0,2026-06-25 05:30:48 UTC,77.0,1.8862,Yes,0x68E1818FF20BBe84F9be9E0A4A395FB11079Bd35
2026-06-25 23:00:00 UTC,Tunisia vs Netherlands,FIFA World Cup ,Under 3.0,Under/Over (3),18.0,2026-06-25 05:29:59 UTC,18.0,1.3862,Yes,0xC88F614A48f8A705d7465b03aAF62ddaca0c3754
2026-06-25 23:00:00 UTC,Tunisia vs Netherlands,FIFA World Cup ,Under 4.5,Under/Over (4.5),0.0,2026-06-25 05:29:37 UTC,0.0,1.7125,Yes,0x4a09916b1325Eed50eE8973B13742a205B0B7c7E
2026-06-25 23:00:00 UTC,Tunisia vs Netherlands,FIFA World Cup ,Tunisia +2.5,Asian Handicap (2.5),50.0,2026-06-25 05:29:34 UTC,50.0,1.4775,Yes,0x85488156a1675CE39D29f15418b1bf15eA79a2a6
2026-06-25 23:00:00 UTC,Tunisia vs Netherlands,FIFA World Cup ,Tunisia +3,Asian Handicap (3),49.0,2026-06-25 05:29:33 UTC,49.0,1.6088,Yes,0x85488156a1675CE39D29f15418b1bf15eA79a2a6
2026-06-25 23:00:00 UTC,Tunisia vs Netherlands,FIFA World Cup ,Under 4.0,Under/Over (4),31.0,2026-06-25 05:29:33 UTC,31.0,1.645,Yes,0xC88F614A48f8A705d7465b03aAF62ddaca0c3754
2026-06-25 23:00:00 UTC,Tunisia vs Netherlands,FIFA World Cup ,Under 4.5,Under/Over (4.5),35.0,2026-06-25 05:29:33 UTC,35.0,1.7125,Yes,0x4a09916b1325Eed50eE8973B13742a205B0B7c7E
2026-06-25 23:00:00 UTC,Tunisia vs Netherlands,FIFA World Cup ,Under 3.0,Under/Over (3),18.0,2026-06-25 05:29:32 UTC,18.0,1.3862,Yes,0xC88F614A48f8A705d7465b03aAF62ddaca0c3754
2026-06-25 20:00:00 UTC,Ecuador vs Germany,FIFA World Cup ,Not Ecuador,1X2,44.0,2026-06-25 05:28:06 UTC,44.0,1.8325,Yes,0x81b0690435A7b77c1fE50f311506934127e9De73
2026-06-25 23:00:00 UTC,Japan vs Sweden,FIFA World Cup ,Not Sweden,1X2,18.0,2026-06-25 05:24:06 UTC,18.0,1.7913,Yes,0x81b0690435A7b77c1fE50f311506934127e9De73
2026-06-25 23:00:00 UTC,Japan vs Sweden,FIFA World Cup ,Japan -0.5,Asian Handicap (-0.5),5.0,2026-06-25 05:24:03 UTC,5.0,1.5175,Yes,0xe2C68b7ef85645e47F9b94382c3Db59b046945a2
2026-06-25 23:00:00 UTC,Japan vs Sweden,FIFA World Cup ,Japan,1X2,5.0,2026-06-25 05:24:02 UTC,5.0,1.5238,Yes,0x8268feC8dCb0D284343054BDf2b649286c9aA0a1
2026-06-26 02:00:00 UTC,Turkey vs USA,FIFA World Cup ,Not Turkey,1X2,14.0,2026-06-25 05:24:00 UTC,14.0,1.7538,Yes,0x81b0690435A7b77c1fE50f311506934127e9De73
2026-06-26 02:00:00 UTC,Turkey vs USA,FIFA World Cup ,USA,1X2,5.0,2026-06-25 05:23:58 UTC,5.0,1.5238,Yes,0xe2C68b7ef85645e47F9b94382c3Db59b046945a2
2026-06-25 20:00:00 UTC,Ecuador vs Germany,FIFA World Cup ,Germany,1X2,913.0,2026-06-25 05:23:08 UTC,913.0,1.6462,Yes,0x5B3498Cb20C3107B5B267fabd3601B6425BDeb42
2026-06-26 02:00:00 UTC,Turkey vs USA,FIFA World Cup ,Not USA,1X2,61.0,2026-06-25 05:23:00 UTC,61.0,1.48,Yes,0x85488156a1675CE39D29f15418b1bf15eA79a2a6
2026-06-25 23:00:00 UTC,Japan vs Sweden,FIFA World Cup ,Sweden +0.5,Asian Handicap (-0.5),0.0,2026-06-25 05:22:40 UTC,0.0,1.4675,Yes,0x77B23094D6E48F735487DA7410DbEeE2Fc87A0c8
2026-06-25 23:00:00 UTC,Japan vs Sweden,FIFA World Cup ,Sweden,1X2,0.0,2026-06-25 05:22:38 UTC,0.0,1.2037,Yes,0x68E1818FF20BBe84F9be9E0A4A395FB11079Bd35
2026-06-25 23:00:00 UTC,Japan vs Sweden,FIFA World Cup ,Sweden,1X2,0.0,2026-06-25 05:22:36 UTC,0.0,1.2037,Yes,0x68E1818FF20BBe84F9be9E0A4A395FB11079Bd35
2026-06-25 23:00:00 UTC,Japan vs Sweden,FIFA World Cup ,Not Japan,1X2,62.0,2026-06-25 05:22:27 UTC,62.0,1.4688,Yes,0x85488156a1675CE39D29f15418b1bf15eA79a2a6
2026-06-25 23:00:00 UTC,Japan vs Sweden,FIFA World Cup ,Sweden,1X2,0.0,2026-06-25 05:22:27 UTC,0.0,1.2087,Yes,0x81b0690435A7b77c1fE50f311506934127e9De73
2026-06-25 23:00:00 UTC,Japan vs Sweden,FIFA World Cup ,Sweden,1X2,10.0,2026-06-25 05:22:27 UTC,10.0,1.2087,Yes,0x81b0690435A7b77c1fE50f311506934127e9De73
2026-06-25 23:00:00 UTC,Japan vs Sweden,FIFA World Cup ,Sweden +0.5,Asian Handicap (-0.5),62.0,2026-06-25 05:22:27 UTC,62.0,1.4688,Yes,0x85488156a1675CE39D29f15418b1bf15eA79a2a6
2026-06-25 23:00:00 UTC,Tunisia vs Netherlands,FIFA World Cup ,Over 2.5,Under/Over (2.5),6.0,2026-06-25 05:22:02 UTC,6.0,1.695,Yes,0x2C5ec2a48e79A1B8Dd81fe9Ac5A7B7BDFc81788D
2026-06-26 02:00:00 UTC,Paraguay vs Australia,FIFA World Cup ,Paraguay 0,Asian Handicap (0),150.0,2026-06-25 05:21:55 UTC,150.0,1.5813,Yes,0xE4DD6165bFF7EE73D7932C3b478f7E22431e85E7
2026-06-26 02:00:00 UTC,Turkey vs USA,FIFA World Cup ,Turkey,1X2,62.0,2026-06-25 05:21:49 UTC,62.0,1.2512,Yes,0x85488156a1675CE39D29f15418b1bf15eA79a2a6
2026-06-26 02:00:00 UTC,Paraguay vs Australia,FIFA World Cup ,Paraguay,1X2,181.0,2026-06-25 05:21:44 UTC,181.0,1.3313,Yes,0x68E1818FF20BBe84F9be9E0A4A395FB11079Bd35
2026-06-25 20:00:00 UTC,Curaçao vs Ivory Coast,FIFA World Cup ,Not tie,1X2,7.0,2026-06-25 05:21:30 UTC,7.0,1.8862,Yes,0x68E1818FF20BBe84F9be9E0A4A395FB11079Bd35
2026-06-26 02:00:00 UTC,Turkey vs USA,FIFA World Cup ,USA,1X2,2.0,2026-06-25 05:21:18 UTC,2.0,1.525,Yes,0xE4DD6165bFF7EE73D7932C3b478f7E22431e85E7
2026-06-26 02:00:00 UTC,Paraguay vs Australia,FIFA World Cup ,Under 2.0,Under/Over (2),1.0,2026-06-25 05:19:37 UTC,1.0,1.585,Yes,0xC88F614A48f8A705d7465b03aAF62ddaca0c3754
2026-06-26 02:00:00 UTC,Turkey vs USA,FIFA World Cup ,Turkey +0.5,Asian Handicap (0.5),0.0,2026-06-25 05:19:31 UTC,0.0,1.465,Yes,0xF1e5c82790d22aa57B3ec4454818c8e886E9e439
2026-06-26 02:00:00 UTC,Turkey vs USA,FIFA World Cup ,Not USA,1X2,0.0,2026-06-25 05:19:30 UTC,0.0,1.465,Yes,0xF1e5c82790d22aa57B3ec4454818c8e886E9e439
2026-06-26 02:00:00 UTC,Paraguay vs Australia,FIFA World Cup ,Under 2.0,Under/Over (2),28.0,2026-06-25 05:19:01 UTC,28.0,1.585,Yes,0xC88F614A48f8A705d7465b03aAF62ddaca0c3754
2026-06-26 02:00:00 UTC,Turkey vs USA,FIFA World Cup ,Not USA,1X2,925.0,2026-06-25 05:19:00 UTC,925.0,1.465,Yes,0xF1e5c82790d22aa57B3ec4454818c8e886E9e439
2026-06-26 02:00:00 UTC,Turkey vs USA,FIFA World Cup ,Turkey +0.5,Asian Handicap (0.5),924.0,2026-06-25 05:19:00 UTC,924.0,1.465,Yes,0xF1e5c82790d22aa57B3ec4454818c8e886E9e439
2026-06-27 23:30:00 UTC,Colombia vs Portugal,FIFA World Cup ,Portugal,1X2,235.0,2026-06-25 05:18:16 UTC,235.0,1.525,Yes,0x68E1818FF20BBe84F9be9E0A4A395FB11079Bd35
2026-06-25 23:00:00 UTC,Japan vs Sweden,FIFA World Cup ,Japan,1X2,207.0,2026-06-25 05:17:45 UTC,207.0,1.5288,Yes,0x68E1818FF20BBe84F9be9E0A4A395FB11079Bd35
2026-06-25 23:00:00 UTC,Japan vs Sweden,FIFA World Cup ,Japan,1X2,504.0,2026-06-25 05:17:04 UTC,504.0,1.5288,Yes,0x68E1818FF20BBe84F9be9E0A4A395FB11079Bd35
2026-06-25 23:00:00 UTC,Japan vs Sweden,FIFA World Cup ,Not tie,1X2,290.0,2026-06-25 05:15:26 UTC,290.0,1.735,Yes,0x68E1818FF20BBe84F9be9E0A4A395FB11079Bd35
2026-06-25 23:00:00 UTC,Japan vs Sweden,FIFA World Cup ,Under 3.0,Under/Over (3),29.0,2026-06-25 05:15:03 UTC,29.0,1.6075,Yes,0xC88F614A48f8A705d7465b03aAF62ddaca0c3754
2026-06-25 23:00:00 UTC,Japan vs Sweden,FIFA World Cup ,Japan,1X2,25.0,2026-06-25 05:14:11 UTC,25.0,1.5288,Yes,0x68E1818FF20BBe84F9be9E0A4A395FB11079Bd35
2026-06-25 20:00:00 UTC,Ecuador vs Germany,FIFA World Cup ,Not tie,1X2,384.0,2026-06-25 05:14:05 UTC,384.0,1.8137,Yes,0x5B3498Cb20C3107B5B267fabd3601B6425BDeb42
2026-06-27 00:00:00 UTC,Cape Verde vs Saudi Arabia,FIFA World Cup ,Cape Verde,1X2,0.0,2026-06-25 05:12:55 UTC,0.0,1.385,Yes,0x68E1818FF20BBe84F9be9E0A4A395FB11079Bd35
2026-06-27 00:00:00 UTC,Cape Verde vs Saudi Arabia,FIFA World Cup ,Cape Verde,1X2,0.0,2026-06-25 05:12:53 UTC,0.0,1.385,Yes,0x68E1818FF20BBe84F9be9E0A4A395FB11079Bd35
2026-06-27 00:00:00 UTC,Cape Verde vs Saudi Arabia,FIFA World Cup ,Cape Verde,1X2,191.0,2026-06-25 05:12:38 UTC,191.0,1.3862,Yes,0x68E1818FF20BBe84F9be9E0A4A395FB11079Bd35
2026-06-27 00:00:00 UTC,Cape Verde vs Saudi Arabia,FIFA World Cup ,Cape Verde,1X2,62.0,2026-06-25 05:12:36 UTC,62.0,1.3862,Yes,0x68E1818FF20BBe84F9be9E0A4A395FB11079Bd35
2026-06-25 20:00:00 UTC,Ecuador vs Germany,FIFA World Cup ,Over 3.0,Under/Over (3),105.0,2026-06-25 05:12:33 UTC,105.0,1.4575,Yes,0x8268feC8dCb0D284343054BDf2b649286c9aA0a1
2026-06-27 21:00:00 UTC,Panama vs England,FIFA World Cup ,England -2.5,Asian Handicap (2.5),9.0,2026-06-25 05:10:42 UTC,9.0,1.4213,Yes,0xE4DD6165bFF7EE73D7932C3b478f7E22431e85E7
2026-06-27 23:30:00 UTC,Colombia vs Portugal,FIFA World Cup ,Not Portugal,1X2,10.0,2026-06-25 05:10:24 UTC,10.0,1.475,Yes,0x77B23094D6E48F735487DA7410DbEeE2Fc87A0c8
2026-06-27 23:30:00 UTC,Colombia vs Portugal,FIFA World Cup ,Not Portugal,1X2,10.0,2026-06-25 05:10:17 UTC,10.0,1.475,Yes,0x77B23094D6E48F735487DA7410DbEeE2Fc87A0c8
2026-06-27 23:30:00 UTC,Colombia vs Portugal,FIFA World Cup ,Not Portugal,1X2,10.0,2026-06-25 05:10:11 UTC,10.0,1.475,Yes,0x77B23094D6E48F735487DA7410DbEeE2Fc87A0c8
2026-06-27 23:30:00 UTC,Colombia vs Portugal,FIFA World Cup ,Not Portugal,1X2,10.0,2026-06-25 05:10:03 UTC,10.0,1.475,Yes,0x77B23094D6E48F735487DA7410DbEeE2Fc87A0c8
2026-06-25 23:00:00 UTC,Japan vs Sweden,FIFA World Cup ,Japan,1X2,196.0,2026-06-25 05:09:57 UTC,196.0,1.5288,Yes,0x68E1818FF20BBe84F9be9E0A4A395FB11079Bd35
2026-06-27 23:30:00 UTC,Colombia vs Portugal,FIFA World Cup ,Not Portugal,1X2,10.0,2026-06-25 05:09:55 UTC,10.0,1.475,Yes,0x77B23094D6E48F735487DA7410DbEeE2Fc87A0c8
2026-06-27 23:30:00 UTC,Colombia vs Portugal,FIFA World Cup ,Not Portugal,1X2,10.0,2026-06-25 05:09:46 UTC,10.0,1.475,Yes,0x77B23094D6E48F735487DA7410DbEeE2Fc87A0c8
2026-06-27 23:30:00 UTC,Colombia vs Portugal,FIFA World Cup ,Not Portugal,1X2,10.0,2026-06-25 05:09:39 UTC,10.0,1.475,Yes,0x77B23094D6E48F735487DA7410DbEeE2Fc87A0c8
2026-06-27 23:30:00 UTC,Colombia vs Portugal,FIFA World Cup ,Not Portugal,1X2,10.0,2026-06-25 05:09:31 UTC,10.0,1.475,Yes,0x77B23094D6E48F735487DA7410DbEeE2Fc87A0c8
2026-06-27 23:30:00 UTC,Colombia vs Portugal,FIFA World Cup ,Not Portugal,1X2,10.0,2026-06-25 05:09:23 UTC,10.0,1.475,Yes,0x77B23094D6E48F735487DA7410DbEeE2Fc87A0c8
2026-06-27 23:30:00 UTC,Colombia vs Portugal,FIFA World Cup ,Not Portugal,1X2,10.0,2026-06-25 05:09:16 UTC,10.0,1.475,Yes,0x77B23094D6E48F735487DA7410DbEeE2Fc87A0c8
2026-06-27 23:30:00 UTC,Colombia vs Portugal,FIFA World Cup ,Not Portugal,1X2,10.0,2026-06-25 05:09:08 UTC,10.0,1.475,Yes,0x77B23094D6E48F735487DA7410DbEeE2Fc87A0c8
2026-06-27 23:30:00 UTC,Colombia vs Portugal,FIFA World Cup ,Not Portugal,1X2,10.0,2026-06-25 05:09:02 UTC,10.0,1.475,Yes,0x77B23094D6E48F735487DA7410DbEeE2Fc87A0c8
2026-06-27 23:30:00 UTC,Colombia vs Portugal,FIFA World Cup ,Not Portugal,1X2,10.0,2026-06-25 05:08:55 UTC,10.0,1.475,Yes,0x77B23094D6E48F735487DA7410DbEeE2Fc87A0c8
2026-06-27 23:30:00 UTC,Colombia vs Portugal,FIFA World Cup ,Not Portugal,1X2,10.0,2026-06-25 05:08:47 UTC,10.0,1.475,Yes,0x77B23094D6E48F735487DA7410DbEeE2Fc87A0c8
2026-06-27 23:30:00 UTC,Colombia vs Portugal,FIFA World Cup ,Not Portugal,1X2,10.0,2026-06-25 05:08:40 UTC,10.0,1.475,Yes,0x77B23094D6E48F735487DA7410DbEeE2Fc87A0c8
2026-06-27 23:30:00 UTC,Colombia vs Portugal,FIFA World Cup ,Not Portugal,1X2,10.0,2026-06-25 05:08:33 UTC,10.0,1.475,Yes,0x77B23094D6E48F735487DA7410DbEeE2Fc87A0c8
2026-06-27 23:30:00 UTC,Colombia vs Portugal,FIFA World Cup ,Not Portugal,1X2,10.0,2026-06-25 05:08:25 UTC,10.0,1.475,Yes,0x77B23094D6E48F735487DA7410DbEeE2Fc87A0c8
2026-06-27 23:30:00 UTC,Colombia vs Portugal,FIFA World Cup ,Not Portugal,1X2,10.0,2026-06-25 05:08:17 UTC,10.0,1.475,Yes,0x77B23094D6E48F735487DA7410DbEeE2Fc87A0c8
2026-06-27 23:30:00 UTC,Colombia vs Portugal,FIFA World Cup ,Not Portugal,1X2,10.0,2026-06-25 05:08:10 UTC,10.0,1.475,Yes,0x77B23094D6E48F735487DA7410DbEeE2Fc87A0c8
2026-06-27 23:30:00 UTC,Colombia vs Portugal,FIFA World Cup ,Not Portugal,1X2,142.0,2026-06-25 05:08:01 UTC,142.0,1.4788,Yes,0xE4DD6165bFF7EE73D7932C3b478f7E22431e85E7
2026-06-27 23:30:00 UTC,Colombia vs Portugal,FIFA World Cup ,Not tie,1X2,78.0,2026-06-25 05:07:49 UTC,78.0,1.7488,Yes,0x68E1818FF20BBe84F9be9E0A4A395FB11079Bd35
2026-06-25 20:00:00 UTC,Ecuador vs Germany,FIFA World Cup ,Germany,1X2,2027.0,2026-06-25 05:05:58 UTC,2027.0,1.6462,Yes,0x8268feC8dCb0D284343054BDf2b649286c9aA0a1
2026-06-25 20:00:00 UTC,Ecuador vs Germany,FIFA World Cup ,Not tie,1X2,36.0,2026-06-25 05:05:04 UTC,36.0,1.8175,Yes,0x81b0690435A7b77c1fE50f311506934127e9De73
2026-06-25 23:00:00 UTC,Japan vs Sweden,FIFA World Cup ,Japan,1X2,727.0,2026-06-25 05:04:30 UTC,727.0,1.5312,Yes,0x68E1818FF20BBe84F9be9E0A4A395FB11079Bd35
2026-06-25 23:00:00 UTC,Japan vs Sweden,FIFA World Cup ,Japan,1X2,169.0,2026-06-25 05:04:09 UTC,169.0,1.5312,Yes,0x68E1818FF20BBe84F9be9E0A4A395FB11079Bd35
2026-06-25 23:00:00 UTC,Japan vs Sweden,FIFA World Cup ,Japan,1X2,12.0,2026-06-25 05:04:03 UTC,12.0,1.5325,Yes,0x81b0690435A7b77c1fE50f311506934127e9De73
2026-06-25 23:00:00 UTC,Japan vs Sweden,FIFA World Cup ,Under 3.0,Under/Over (3),659.0,2026-06-25 05:03:13 UTC,659.0,1.6125,Yes,0xe2C68b7ef85645e47F9b94382c3Db59b046945a2
2026-06-25 20:00:00 UTC,Ecuador vs Germany,FIFA World Cup ,Germany,1X2,1110.0,2026-06-25 05:00:57 UTC,1110.0,1.6462,Yes,0x8268feC8dCb0D284343054BDf2b649286c9aA0a1
2026-06-25 20:00:00 UTC,Curaçao vs Ivory Coast,FIFA World Cup ,Curaçao,1X2,0.0,2026-06-25 04:59:51 UTC,0.0,1.0475,Yes,0x68E1818FF20BBe84F9be9E0A4A395FB11079Bd35
2026-06-25 20:00:00 UTC,Curaçao vs Ivory Coast,FIFA World Cup ,Curaçao,1X2,9.0,2026-06-25 04:59:39 UTC,9.0,1.0513,Yes,0x81b0690435A7b77c1fE50f311506934127e9De73
2026-06-25 20:00:00 UTC,Curaçao vs Ivory Coast,FIFA World Cup ,Not tie,1X2,202.0,2026-06-25 04:59:00 UTC,202.0,1.8862,Yes,0x68E1818FF20BBe84F9be9E0A4A395FB11079Bd35
2026-06-26 02:00:00 UTC,Turkey vs USA,FIFA World Cup ,USA -0.5,Asian Handicap (0.5),1.0,2026-06-25 04:57:29 UTC,1.0,1.5188,Yes,0xC88F614A48f8A705d7465b03aAF62ddaca0c3754
2026-06-26 02:00:00 UTC,Turkey vs USA,FIFA World Cup ,Turkey,12,0.0,2026-06-25 04:56:08 UTC,0.0,1.3125,Yes,0xC88F614A48f8A705d7465b03aAF62ddaca0c3754
2026-06-27 23:30:00 UTC,Colombia vs Portugal,FIFA World Cup ,Portugal,1X2,430.0,2026-06-25 04:55:46 UTC,430.0,1.515,Yes,0x68E1818FF20BBe84F9be9E0A4A395FB11079Bd35
2026-06-26 02:00:00 UTC,Turkey vs USA,FIFA World Cup ,Turkey,12,15.0,2026-06-25 04:55:34 UTC,15.0,1.32,Yes,0xC88F614A48f8A705d7465b03aAF62ddaca0c3754
2026-06-26 02:00:00 UTC,Turkey vs USA,FIFA World Cup ,Turkey,1X2,9.0,2026-06-25 04:55:34 UTC,9.0,1.2512,Yes,0x77B23094D6E48F735487DA7410DbEeE2Fc87A0c8
2026-06-26 02:00:00 UTC,Turkey vs USA,FIFA World Cup ,Turkey +0.5,Asian Handicap (0.5),49.0,2026-06-25 04:55:34 UTC,49.0,1.4725,Yes,0x77B23094D6E48F735487DA7410DbEeE2Fc87A0c8
2026-06-25 23:00:00 UTC,Japan vs Sweden,FIFA World Cup ,Not Japan,1X2,6.0,2026-06-25 04:55:14 UTC,6.0,1.4663,Yes,0x8268feC8dCb0D284343054BDf2b649286c9aA0a1
2026-06-25 23:00:00 UTC,Japan vs Sweden,FIFA World Cup ,Not Japan,1X2,1.0,2026-06-25 04:55:13 UTC,1.0,1.4663,Yes,0x8268feC8dCb0D284343054BDf2b649286c9aA0a1
2026-06-25 23:00:00 UTC,Japan vs Sweden,FIFA World Cup ,Not Japan,1X2,1.0,2026-06-25 04:53:50 UTC,1.0,1.4688,Yes,0xe2C68b7ef85645e47F9b94382c3Db59b046945a2
2026-06-25 23:00:00 UTC,Japan vs Sweden,FIFA World Cup ,Not Japan,1X2,11.0,2026-06-25 04:53:23 UTC,11.0,1.47,Yes,0x81b0690435A7b77c1fE50f311506934127e9De73
2026-06-25 23:00:00 UTC,Japan vs Sweden,FIFA World Cup ,Japan,1X2,33.0,2026-06-25 04:53:13 UTC,33.0,1.5263,Yes,0x8268feC8dCb0D284343054BDf2b649286c9aA0a1
2026-06-25 20:00:00 UTC,Ecuador vs Germany,FIFA World Cup ,Germany,1X2,20.0,2026-06-25 04:52:40 UTC,20.0,1.6462,Yes,0x81b0690435A7b77c1fE50f311506934127e9De73
2026-06-25 23:00:00 UTC,Japan vs Sweden,FIFA World Cup ,Not Japan,1X2,87.0,2026-06-25 04:52:18 UTC,87.0,1.4688,Yes,0xe2C68b7ef85645e47F9b94382c3Db59b046945a2
2026-06-25 23:00:00 UTC,Japan vs Sweden,FIFA World Cup ,Japan,1X2,12.0,2026-06-25 04:52:06 UTC,12.0,1.5275,Yes,0x81b0690435A7b77c1fE50f311506934127e9De73
2026-06-25 23:00:00 UTC,Japan vs Sweden,FIFA World Cup ,Not Japan,1X2,2.0,2026-06-25 04:52:02 UTC,2.0,1.47,Yes,0x81b0690435A7b77c1fE50f311506934127e9De73
2026-06-27 00:00:00 UTC,Uruguay vs Spain,FIFA World Cup ,Spain -1.5,Asian Handicap (1.5),1.0,2026-06-25 04:51:24 UTC,1.0,1.39,Yes,0x8268feC8dCb0D284343054BDf2b649286c9aA0a1
2026-06-25 23:00:00 UTC,Japan vs Sweden,FIFA World Cup ,Not Japan,1X2,8.0,2026-06-25 04:49:19 UTC,8.0,1.47,Yes,0x81b0690435A7b77c1fE50f311506934127e9De73
2026-06-25 23:00:00 UTC,Japan vs Sweden,FIFA World Cup ,Japan,1X2,12.0,2026-06-25 04:47:54 UTC,12.0,1.5275,Yes,0x81b0690435A7b77c1fE50f311506934127e9De73
2026-06-25 20:00:00 UTC,Ecuador vs Germany,FIFA World Cup ,Under 3.5,Under/Over (3.5),31.0,2026-06-25 04:45:22 UTC,31.0,1.64,Yes,0xC88F614A48f8A705d7465b03aAF62ddaca0c3754
2026-06-25 20:00:00 UTC,Ecuador vs Germany,FIFA World Cup ,Under 2.5,Under/Over (2.5),19.0,2026-06-25 04:45:21 UTC,19.0,1.4038,Yes,0xC88F614A48f8A705d7465b03aAF62ddaca0c3754
2026-06-25 20:00:00 UTC,Ecuador vs Germany,FIFA World Cup ,Not Germany,1X2,11.0,2026-06-25 04:45:17 UTC,11.0,1.3475,Yes,0x81b0690435A7b77c1fE50f311506934127e9De73
2026-06-25 20:00:00 UTC,Ecuador vs Germany,FIFA World Cup ,Under 4.0,Under/Over (4),659.0,2026-06-25 04:45:16 UTC,659.0,1.7637,Yes,0xe2C68b7ef85645e47F9b94382c3Db59b046945a2
2026-06-25 20:00:00 UTC,Ecuador vs Germany,FIFA World Cup ,Under 3.0,Under/Over (3),25.0,2026-06-25 04:45:16 UTC,25.0,1.53,Yes,0xC88F614A48f8A705d7465b03aAF62ddaca0c3754
2026-06-27 00:00:00 UTC,Uruguay vs Spain,FIFA World Cup ,Spain -1,Asian Handicap (1),1.0,2026-06-25 04:44:58 UTC,1.0,1.5275,Yes,0xE4DD6165bFF7EE73D7932C3b478f7E22431e85E7
2026-06-27 00:00:00 UTC,Uruguay vs Spain,FIFA World Cup ,Spain -1,Asian Handicap (1),1.0,2026-06-25 04:43:18 UTC,1.0,1.5275,Yes,0xE4DD6165bFF7EE73D7932C3b478f7E22431e85E7
2026-06-25 20:00:00 UTC,Curaçao vs Ivory Coast,FIFA World Cup ,Curaçao,1X2,0.0,2026-06-25 04:43:01 UTC,0.0,1.0513,Yes,0x81b0690435A7b77c1fE50f311506934127e9De73
2026-06-25 23:00:00 UTC,Tunisia vs Netherlands,FIFA World Cup ,Over 3.5,Under/Over (3.5),5.0,2026-06-25 04:42:38 UTC,5.0,1.4737,Yes,0xC88F614A48f8A705d7465b03aAF62ddaca0c3754
2026-06-25 20:00:00 UTC,Ecuador vs Germany,FIFA World Cup ,Ecuador +0.5,Asian Handicap (0.5),127.0,2026-06-25 04:42:23 UTC,127.0,1.3513,Yes,0xE4DD6165bFF7EE73D7932C3b478f7E22431e85E7
2026-06-27 00:00:00 UTC,Uruguay vs Spain,FIFA World Cup ,Spain,1X2,1.0,2026-06-25 04:41:53 UTC,1.0,1.655,Yes,0x81b0690435A7b77c1fE50f311506934127e9De73
2026-06-27 00:00:00 UTC,Uruguay vs Spain,FIFA World Cup ,Spain,1X2,1.0,2026-06-25 04:41:46 UTC,1.0,1.655,Yes,0x81b0690435A7b77c1fE50f311506934127e9De73
2026-06-25 20:00:00 UTC,Ecuador vs Germany,FIFA World Cup ,Germany -1,Asian Handicap (1),2.0,2026-06-25 04:41:00 UTC,2.0,1.5088,Yes,0xC88F614A48f8A705d7465b03aAF62ddaca0c3754
2026-06-25 23:00:00 UTC,Tunisia vs Netherlands,FIFA World Cup ,Not tie,1X2,123.0,2026-06-25 04:38:59 UTC,123.0,1.9137,Yes,0x81b0690435A7b77c1fE50f311506934127e9De73
2026-06-25 23:00:00 UTC,Japan vs Sweden,FIFA World Cup ,Not Sweden,1X2,453.0,2026-06-25 04:38:23 UTC,453.0,1.79,Yes,0x68E1818FF20BBe84F9be9E0A4A395FB11079Bd35
2026-06-25 20:00:00 UTC,Curaçao vs Ivory Coast,FIFA World Cup ,Ivory Coast -2,Asian Handicap (2),27.0,2026-06-25 04:37:27 UTC,27.0,1.5525,Yes,0xC88F614A48f8A705d7465b03aAF62ddaca0c3754
2026-06-27 00:00:00 UTC,Uruguay vs Spain,FIFA World Cup ,Tie,1X2,0.0,2026-06-25 04:37:21 UTC,0.0,1.2175,Yes,0x68E1818FF20BBe84F9be9E0A4A395FB11079Bd35
2026-06-25 23:00:00 UTC,Japan vs Sweden,FIFA World Cup ,Under 3.5,Under/Over (3.5),659.0,2026-06-25 04:37:20 UTC,659.0,1.6925,Yes,0xe2C68b7ef85645e47F9b94382c3Db59b046945a2
2026-06-25 23:00:00 UTC,Japan vs Sweden,FIFA World Cup ,Under 4.0,Under/Over (4),659.0,2026-06-25 04:37:19 UTC,659.0,1.8225,Yes,0xe2C68b7ef85645e47F9b94382c3Db59b046945a2
2026-06-25 23:00:00 UTC,Japan vs Sweden,FIFA World Cup ,Under 2.0,Under/Over (2),14.0,2026-06-25 04:37:19 UTC,14.0,1.3013,Yes,0xC88F614A48f8A705d7465b03aAF62ddaca0c3754
2026-06-25 20:00:00 UTC,Curaçao vs Ivory Coast,FIFA World Cup ,Curaçao,1X2,0.0,2026-06-25 04:37:14 UTC,0.0,1.0488,Yes,0x740d5718a79A8559fEeE8B00922F8Cd773A81D84
2026-06-25 20:00:00 UTC,Curaçao vs Ivory Coast,FIFA World Cup ,Ivory Coast,1X2,53.0,2026-06-25 04:37:09 UTC,53.0,1.8388,Yes,0x81b0690435A7b77c1fE50f311506934127e9De73
2026-06-25 20:00:00 UTC,Curaçao vs Ivory Coast,FIFA World Cup ,Not Curaçao,1X2,1147.0,2026-06-25 04:37:09 UTC,1147.0,1.9487,Yes,0x68E1818FF20BBe84F9be9E0A4A395FB11079Bd35
2026-06-25 20:00:00 UTC,Curaçao vs Ivory Coast,FIFA World Cup ,Ivory Coast -2,Asian Handicap (2),27.0,2026-06-25 04:37:00 UTC,27.0,1.5525,Yes,0xC88F614A48f8A705d7465b03aAF62ddaca0c3754
2026-06-27 00:00:00 UTC,Uruguay vs Spain,FIFA World Cup ,Tie,1X2,11.0,2026-06-25 04:36:43 UTC,11.0,1.22,Yes,0x81b0690435A7b77c1fE50f311506934127e9De73
2026-06-25 20:00:00 UTC,Curaçao vs Ivory Coast,FIFA World Cup ,Ivory Coast -2,Asian Handicap (2),27.0,2026-06-25 04:36:32 UTC,27.0,1.5525,Yes,0xC88F614A48f8A705d7465b03aAF62ddaca0c3754
2026-06-25 20:00:00 UTC,Curaçao vs Ivory Coast,FIFA World Cup ,Ivory Coast -2,Asian Handicap (2),27.0,2026-06-25 04:36:05 UTC,27.0,1.5525,Yes,0xC88F614A48f8A705d7465b03aAF62ddaca0c3754
2026-06-25 20:00:00 UTC,Curaçao vs Ivory Coast,FIFA World Cup ,Over 4.5,Under/Over (4.5),12.0,2026-06-25 04:35:39 UTC,12.0,1.2437,Yes,0x4a09916b1325Eed50eE8973B13742a205B0B7c7E
2026-06-25 20:00:00 UTC,Curaçao vs Ivory Coast,FIFA World Cup ,Over 4.5,Under/Over (4.5),11.0,2026-06-25 04:35:37 UTC,11.0,1.2412,Yes,0x4a09916b1325Eed50eE8973B13742a205B0B7c7E
2026-06-25 23:00:00 UTC,Japan vs Sweden,FIFA World Cup ,Not Sweden,1X2,733.0,2026-06-25 04:35:30 UTC,733.0,1.79,Yes,0x68E1818FF20BBe84F9be9E0A4A395FB11079Bd35
2026-06-25 20:00:00 UTC,Curaçao vs Ivory Coast,FIFA World Cup ,Not Curaçao,1X2,1140.0,2026-06-25 04:35:25 UTC,1140.0,1.95,Yes,0x68E1818FF20BBe84F9be9E0A4A395FB11079Bd35
2026-06-27 00:00:00 UTC,Uruguay vs Spain,FIFA World Cup ,Not Spain,1X2,0.0,2026-06-25 04:35:14 UTC,0.0,1.34,Yes,0x68E1818FF20BBe84F9be9E0A4A395FB11079Bd35
2026-06-25 20:00:00 UTC,Curaçao vs Ivory Coast,FIFA World Cup ,Not Ivory Coast,1X2,0.0,2026-06-25 04:34:48 UTC,0.0,1.1587,Yes,0x5B3498Cb20C3107B5B267fabd3601B6425BDeb42
2026-06-25 20:00:00 UTC,Curaçao vs Ivory Coast,FIFA World Cup ,Not Curaçao,1X2,123.0,2026-06-25 04:34:36 UTC,123.0,1.9475,Yes,0x68E1818FF20BBe84F9be9E0A4A395FB11079Bd35
2026-06-25 20:00:00 UTC,Curaçao vs Ivory Coast,FIFA World Cup ,Curaçao +2.5,Asian Handicap (2.5),379.0,2026-06-25 04:33:57 UTC,379.0,1.5762,Yes,0xE4DD6165bFF7EE73D7932C3b478f7E22431e85E7
2026-06-25 20:00:00 UTC,Curaçao vs Ivory Coast,FIFA World Cup ,Curaçao +1.5,Asian Handicap (1.5),127.0,2026-06-25 04:33:57 UTC,127.0,1.355,Yes,0xE4DD6165bFF7EE73D7932C3b478f7E22431e85E7
2026-06-25 20:00:00 UTC,Curaçao vs Ivory Coast,FIFA World Cup ,Not Ivory Coast,1X2,9.0,2026-06-25 04:33:57 UTC,9.0,1.1612,Yes,0x81b0690435A7b77c1fE50f311506934127e9De73
2026-06-25 20:00:00 UTC,Curaçao vs Ivory Coast,FIFA World Cup ,Not Curaçao,1X2,18.0,2026-06-25 04:33:52 UTC,18.0,1.9475,Yes,0x68E1818FF20BBe84F9be9E0A4A395FB11079Bd35
2026-06-25 20:00:00 UTC,Curaçao vs Ivory Coast,FIFA World Cup ,Ivory Coast -2,Asian Handicap (2),1.0,2026-06-25 04:33:50 UTC,1.0,1.5375,Yes,0xC88F614A48f8A705d7465b03aAF62ddaca0c3754
2026-06-25 20:00:00 UTC,Curaçao vs Ivory Coast,FIFA World Cup ,Not Curaçao,1X2,1064.0,2026-06-25 04:33:12 UTC,1064.0,1.9475,Yes,0x68E1818FF20BBe84F9be9E0A4A395FB11079Bd35
2026-06-25 20:00:00 UTC,Curaçao vs Ivory Coast,FIFA World Cup ,Ivory Coast -2,Asian Handicap (2),26.0,2026-06-25 04:33:11 UTC,26.0,1.535,Yes,0xC88F614A48f8A705d7465b03aAF62ddaca0c3754
2026-06-25 20:00:00 UTC,Curaçao vs Ivory Coast,FIFA World Cup ,Ivory Coast -1,Asian Handicap (1),738.0,2026-06-25 04:33:11 UTC,738.0,1.7937,Yes,0xE4DD6165bFF7EE73D7932C3b478f7E22431e85E7
2026-06-25 20:00:00 UTC,Curaçao vs Ivory Coast,FIFA World Cup ,Ivory Coast -1.5,Asian Handicap (1.5),312.0,2026-06-25 04:33:11 UTC,312.0,1.64,Yes,0xE4DD6165bFF7EE73D7932C3b478f7E22431e85E7
2026-06-25 20:00:00 UTC,Curaçao vs Ivory Coast,FIFA World Cup ,Under 2.5,Under/Over (2.5),61.0,2026-06-25 04:33:05 UTC,61.0,1.3538,Yes,0xE4DD6165bFF7EE73D7932C3b478f7E22431e85E7
2026-06-26 02:00:00 UTC,Paraguay vs Australia,FIFA World Cup ,Paraguay,1X2,11.0,2026-06-25 04:33:00 UTC,11.0,1.3325,Yes,0x81b0690435A7b77c1fE50f311506934127e9De73
2026-06-25 23:00:00 UTC,Japan vs Sweden,FIFA World Cup ,Under 3.0,Under/Over (3),258.0,2026-06-25 04:32:47 UTC,258.0,1.605,Yes,0xe2C68b7ef85645e47F9b94382c3Db59b046945a2
2026-06-25 23:00:00 UTC,Tunisia vs Netherlands,FIFA World Cup ,Tunisia +3,Asian Handicap (3),28.0,2026-06-25 04:32:09 UTC,28.0,1.6187,Yes,0xC88F614A48f8A705d7465b03aAF62ddaca0c3754
2026-06-25 23:00:00 UTC,Tunisia vs Netherlands,FIFA World Cup ,Tunisia +2.5,Asian Handicap (2.5),23.0,2026-06-25 04:32:09 UTC,23.0,1.4912,Yes,0xC88F614A48f8A705d7465b03aAF62ddaca0c3754
2026-06-25 20:00:00 UTC,Ecuador vs Germany,FIFA World Cup ,Under 4.5,Under/Over (4.5),400.0,2026-06-25 04:31:34 UTC,400.0,1.8013,Yes,0xE4DD6165bFF7EE73D7932C3b478f7E22431e85E7
2026-06-25 20:00:00 UTC,Curaçao vs Ivory Coast,FIFA World Cup ,Ivory Coast -1.5,Asian Handicap (1.5),198.0,2026-06-25 04:30:24 UTC,198.0,1.64,Yes,0xE4DD6165bFF7EE73D7932C3b478f7E22431e85E7
2026-06-25 20:00:00 UTC,Curaçao vs Ivory Coast,FIFA World Cup ,Ivory Coast -1.5,Asian Handicap (1.5),47.0,2026-06-25 04:30:22 UTC,47.0,1.64,Yes,0xE4DD6165bFF7EE73D7932C3b478f7E22431e85E7
2026-06-25 20:00:00 UTC,Curaçao vs Ivory Coast,FIFA World Cup ,Ivory Coast,1X2,320.0,2026-06-25 04:30:22 UTC,320.0,1.8363,Yes,0xE4DD6165bFF7EE73D7932C3b478f7E22431e85E7
2026-06-26 02:00:00 UTC,Turkey vs USA,FIFA World Cup ,USA,1X2,10.0,2026-06-25 04:30:11 UTC,10.0,1.5175,Yes,0x81b0690435A7b77c1fE50f311506934127e9De73
2026-06-25 20:00:00 UTC,Ecuador vs Germany,FIFA World Cup ,Ecuador +1.5,Asian Handicap (1.5),314.0,2026-06-25 04:28:23 UTC,314.0,1.6125,Yes,0x8268feC8dCb0D284343054BDf2b649286c9aA0a1
2026-06-25 20:00:00 UTC,Ecuador vs Germany,FIFA World Cup ,Germany -0.5,Asian Handicap (0.5),224.0,2026-06-25 04:27:27 UTC,224.0,1.6488,Yes,0xE4DD6165bFF7EE73D7932C3b478f7E22431e85E7
2026-06-27 00:00:00 UTC,Uruguay vs Spain,FIFA World Cup ,Tie,1X2,0.0,2026-06-25 04:27:26 UTC,0.0,1.22,Yes,0x68E1818FF20BBe84F9be9E0A4A395FB11079Bd35
2026-06-27 00:00:00 UTC,Uruguay vs Spain,FIFA World Cup ,Not tie,1X2,3.0,2026-06-25 04:27:25 UTC,3.0,1.7763,Yes,0x81b0690435A7b77c1fE50f311506934127e9De73
2026-06-27 00:00:00 UTC,Uruguay vs Spain,FIFA World Cup ,Not tie,1X2,3.0,2026-06-25 04:27:20 UTC,3.0,1.7763,Yes,0x81b0690435A7b77c1fE50f311506934127e9De73
2026-06-27 00:00:00 UTC,Uruguay vs Spain,FIFA World Cup ,Tie,1X2,10.0,2026-06-25 04:27:06 UTC,10.0,1.2225,Yes,0x81b0690435A7b77c1fE50f311506934127e9De73
2026-06-25 20:00:00 UTC,Curaçao vs Ivory Coast,FIFA World Cup ,Ivory Coast -2,Asian Handicap (2),25.0,2026-06-25 04:26:59 UTC,25.0,1.5387,Yes,0xC88F614A48f8A705d7465b03aAF62ddaca0c3754
2026-06-27 00:00:00 UTC,Uruguay vs Spain,FIFA World Cup ,Not Spain,1X2,10.0,2026-06-25 04:26:35 UTC,10.0,1.35,Yes,0x81b0690435A7b77c1fE50f311506934127e9De73
2026-06-25 20:00:00 UTC,Curaçao vs Ivory Coast,FIFA World Cup ,Ivory Coast -2,Asian Handicap (2),1.0,2026-06-25 04:25:51 UTC,1.0,1.5387,Yes,0xC88F614A48f8A705d7465b03aAF62ddaca0c3754
2026-06-25 23:00:00 UTC,Japan vs Sweden,FIFA World Cup ,Over 5.0,Under/Over (5),0.0,2026-06-25 04:25:47 UTC,0.0,1.065,Yes,0xe2C68b7ef85645e47F9b94382c3Db59b046945a2
2026-06-25 23:00:00 UTC,Japan vs Sweden,FIFA World Cup ,Over 5.5,Under/Over (5.5),0.0,2026-06-25 04:25:44 UTC,0.0,1.06,Yes,0xe2C68b7ef85645e47F9b94382c3Db59b046945a2
2026-06-25 23:00:00 UTC,Tunisia vs Netherlands,FIFA World Cup ,Tunisia +2.5,Asian Handicap (2.5),0.0,2026-06-25 04:25:41 UTC,0.0,1.4912,Yes,0xC88F614A48f8A705d7465b03aAF62ddaca0c3754
2026-06-25 23:00:00 UTC,Japan vs Sweden,FIFA World Cup ,Not Sweden,1X2,751.0,2026-06-25 04:25:12 UTC,751.0,1.79,Yes,0x68E1818FF20BBe84F9be9E0A4A395FB11079Bd35
2026-06-25 20:00:00 UTC,Curaçao vs Ivory Coast,FIFA World Cup ,Ivory Coast -2,Asian Handicap (2),26.0,2026-06-25 04:25:11 UTC,26.0,1.5387,Yes,0xC88F614A48f8A705d7465b03aAF62ddaca0c3754
2026-06-25 23:00:00 UTC,Tunisia vs Netherlands,FIFA World Cup ,Tunisia +3,Asian Handicap (3),1.0,2026-06-25 04:24:54 UTC,1.0,1.6187,Yes,0xC88F614A48f8A705d7465b03aAF62ddaca0c3754
2026-06-25 23:00:00 UTC,Japan vs Sweden,FIFA World Cup ,Over 2.5,Under/Over (2.5),25.0,2026-06-25 04:24:51 UTC,25.0,1.5238,Yes,0xC88F614A48f8A705d7465b03aAF62ddaca0c3754
2026-06-25 23:00:00 UTC,Japan vs Sweden,FIFA World Cup ,Over 3.0,Under/Over (3),19.0,2026-06-25 04:24:51 UTC,19.0,1.39,Yes,0xC88F614A48f8A705d7465b03aAF62ddaca0c3754
2026-06-25 23:00:00 UTC,Japan vs Sweden,FIFA World Cup ,Over 5.0,Under/Over (5),75.0,2026-06-25 04:24:50 UTC,75.0,1.0688,Yes,0xE4DD6165bFF7EE73D7932C3b478f7E22431e85E7
2026-06-25 23:00:00 UTC,Japan vs Sweden,FIFA World Cup ,Over 2.5,Under/Over (2.5),267.0,2026-06-25 04:24:50 UTC,267.0,1.5263,Yes,0xE4DD6165bFF7EE73D7932C3b478f7E22431e85E7
2026-06-25 23:00:00 UTC,Japan vs Sweden,FIFA World Cup ,Over 3.5,Under/Over (3.5),14.0,2026-06-25 04:24:50 UTC,14.0,1.3,Yes,0xC88F614A48f8A705d7465b03aAF62ddaca0c3754
2026-06-25 23:00:00 UTC,Japan vs Sweden,FIFA World Cup ,Over 1.5,Under/Over (1.5),484.0,2026-06-25 04:24:49 UTC,484.0,1.7712,Yes,0xE4DD6165bFF7EE73D7932C3b478f7E22431e85E7
2026-06-25 23:00:00 UTC,Tunisia vs Netherlands,FIFA World Cup ,Tunisia +2.5,Asian Handicap (2.5),24.0,2026-06-25 04:24:48 UTC,24.0,1.4912,Yes,0xC88F614A48f8A705d7465b03aAF62ddaca0c3754
2026-06-25 23:00:00 UTC,Japan vs Sweden,FIFA World Cup ,Over 4.0,Under/Over (4),101.0,2026-06-25 04:24:48 UTC,101.0,1.1763,Yes,0xE4DD6165bFF7EE73D7932C3b478f7E22431e85E7
2026-06-25 23:00:00 UTC,Japan vs Sweden,FIFA World Cup ,Over 5.5,Under/Over (5.5),75.0,2026-06-25 04:24:48 UTC,75.0,1.0625,Yes,0xE4DD6165bFF7EE73D7932C3b478f7E22431e85E7
2026-06-27 00:00:00 UTC,Cape Verde vs Saudi Arabia,FIFA World Cup ,Under 2.5,Under/Over (2.5),1.0,2026-06-25 04:24:27 UTC,1.0,1.5387,Yes,0x8268feC8dCb0D284343054BDf2b649286c9aA0a1
2026-06-27 00:00:00 UTC,Cape Verde vs Saudi Arabia,FIFA World Cup ,Under 2.5,Under/Over (2.5),1.0,2026-06-25 04:24:22 UTC,1.0,1.5387,Yes,0x8268feC8dCb0D284343054BDf2b649286c9aA0a1
2026-06-25 23:00:00 UTC,Tunisia vs Netherlands,FIFA World Cup ,Tunisia +3,Asian Handicap (3),30.0,2026-06-25 04:24:20 UTC,30.0,1.6187,Yes,0xC88F614A48f8A705d7465b03aAF62ddaca0c3754
2026-06-25 23:00:00 UTC,Tunisia vs Netherlands,FIFA World Cup ,Tunisia +2.5,Asian Handicap (2.5),0.0,2026-06-25 04:24:20 UTC,0.0,1.4912,Yes,0xC88F614A48f8A705d7465b03aAF62ddaca0c3754
2026-06-25 23:00:00 UTC,Tunisia vs Netherlands,FIFA World Cup ,Tunisia +2.5,Asian Handicap (2.5),23.0,2026-06-25 04:24:19 UTC,23.0,1.4912,Yes,0xC88F614A48f8A705d7465b03aAF62ddaca0c3754
2026-06-25 20:00:00 UTC,Ecuador vs Germany,FIFA World Cup ,Under 3.0,Under/Over (3),26.0,2026-06-25 04:23:41 UTC,26.0,1.5337,Yes,0xC88F614A48f8A705d7465b03aAF62ddaca0c3754
2026-06-26 02:00:00 UTC,Turkey vs USA,FIFA World Cup ,Turkey,1X2,0.0,2026-06-25 04:23:39 UTC,0.0,1.2512,Yes,0x77B23094D6E48F735487DA7410DbEeE2Fc87A0c8
2026-06-26 02:00:00 UTC,Turkey vs USA,FIFA World Cup ,Not USA,1X2,0.0,2026-06-25 04:23:35 UTC,0.0,1.4775,Yes,0x77B23094D6E48F735487DA7410DbEeE2Fc87A0c8
2026-06-26 02:00:00 UTC,Turkey vs USA,FIFA World Cup ,Turkey,1X2,10.0,2026-06-25 04:23:09 UTC,10.0,1.2525,Yes,0x81b0690435A7b77c1fE50f311506934127e9De73
2026-06-26 02:00:00 UTC,Turkey vs USA,FIFA World Cup ,Turkey +0.5,Asian Handicap (0.5),0.0,2026-06-25 04:23:09 UTC,0.0,1.48,Yes,0xF1e5c82790d22aa57B3ec4454818c8e886E9e439
2026-06-26 02:00:00 UTC,Turkey vs USA,FIFA World Cup ,Turkey,12,16.0,2026-06-25 04:23:08 UTC,16.0,1.3262,Yes,0xC88F614A48f8A705d7465b03aAF62ddaca0c3754
2026-06-26 02:00:00 UTC,Turkey vs USA,FIFA World Cup ,Not USA,1X2,4667.0,2026-06-25 04:23:08 UTC,4667.0,1.48,Yes,0xF1e5c82790d22aa57B3ec4454818c8e886E9e439
2026-06-26 02:00:00 UTC,Turkey vs USA,FIFA World Cup ,Turkey +0.5,Asian Handicap (0.5),4667.0,2026-06-25 04:23:08 UTC,4667.0,1.48,Yes,0xF1e5c82790d22aa57B3ec4454818c8e886E9e439
2026-06-25 23:00:00 UTC,Tunisia vs Netherlands,FIFA World Cup ,Tunisia +2.5,Asian Handicap (2.5),0.0,2026-06-25 04:22:50 UTC,0.0,1.4912,Yes,0xC88F614A48f8A705d7465b03aAF62ddaca0c3754
2026-06-25 23:00:00 UTC,Japan vs Sweden,FIFA World Cup ,Not Sweden,1X2,646.0,2026-06-25 04:22:27 UTC,646.0,1.79,Yes,0x68E1818FF20BBe84F9be9E0A4A395FB11079Bd35
2026-06-25 23:00:00 UTC,Tunisia vs Netherlands,FIFA World Cup ,Tunisia +2.5,Asian Handicap (2.5),24.0,2026-06-25 04:22:05 UTC,24.0,1.4912,Yes,0xC88F614A48f8A705d7465b03aAF62ddaca0c3754
2026-06-25 20:00:00 UTC,Curaçao vs Ivory Coast,FIFA World Cup ,Not Curaçao,1X2,18.0,2026-06-25 04:21:25 UTC,18.0,1.9475,Yes,0xE4DD6165bFF7EE73D7932C3b478f7E22431e85E7
2026-06-25 23:00:00 UTC,Japan vs Sweden,FIFA World Cup ,Not Japan,1X2,11.0,2026-06-25 04:20:41 UTC,11.0,1.47,Yes,0x81b0690435A7b77c1fE50f311506934127e9De73
2026-06-25 23:00:00 UTC,Japan vs Sweden,FIFA World Cup ,Not Sweden,1X2,735.0,2026-06-25 04:20:41 UTC,735.0,1.7913,Yes,0x68E1818FF20BBe84F9be9E0A4A395FB11079Bd35
2026-06-25 23:00:00 UTC,Japan vs Sweden,FIFA World Cup ,Not Japan,1X2,25.0,2026-06-25 04:20:41 UTC,25.0,1.4688,Yes,0xE4DD6165bFF7EE73D7932C3b478f7E22431e85E7
2026-06-25 23:00:00 UTC,Japan vs Sweden,FIFA World Cup ,Japan -0.5,Asian Handicap (-0.5),1.0,2026-06-25 04:20:18 UTC,1.0,1.525,Yes,0xE4DD6165bFF7EE73D7932C3b478f7E22431e85E7
2026-06-25 20:00:00 UTC,Curaçao vs Ivory Coast,FIFA World Cup ,Not Curaçao,1X2,18.0,2026-06-25 04:20:02 UTC,18.0,1.9475,Yes,0xE4DD6165bFF7EE73D7932C3b478f7E22431e85E7
2026-06-25 20:00:00 UTC,Curaçao vs Ivory Coast,FIFA World Cup ,Not Curaçao,1X2,18.0,2026-06-25 04:20:00 UTC,18.0,1.9475,Yes,0xE4DD6165bFF7EE73D7932C3b478f7E22431e85E7
2026-06-26 02:00:00 UTC,Paraguay vs Australia,FIFA World Cup ,Over 1.5,Under/Over (1.5),26.0,2026-06-25 04:19:32 UTC,26.0,1.6025,Yes,0x4a09916b1325Eed50eE8973B13742a205B0B7c7E
2026-06-26 02:00:00 UTC,Paraguay vs Australia,FIFA World Cup ,Over 1.5,Under/Over (1.5),3.0,2026-06-25 04:19:29 UTC,3.0,1.6025,Yes,0x4a09916b1325Eed50eE8973B13742a205B0B7c7E
2026-06-25 20:00:00 UTC,Curaçao vs Ivory Coast,FIFA World Cup ,Not Curaçao,1X2,34.0,2026-06-25 04:19:12 UTC,34.0,1.9463,Yes,0xe2C68b7ef85645e47F9b94382c3Db59b046945a2
2026-06-26 02:00:00 UTC,Turkey vs USA,FIFA World Cup ,Turkey,12,16.0,2026-06-25 04:19:05 UTC,16.0,1.3325,Yes,0x4a09916b1325Eed50eE8973B13742a205B0B7c7E
2026-06-25 20:00:00 UTC,Curaçao vs Ivory Coast,FIFA World Cup ,Not Curaçao,1X2,307.0,2026-06-25 04:18:40 UTC,307.0,1.9463,Yes,0xe2C68b7ef85645e47F9b94382c3Db59b046945a2
2026-06-25 23:00:00 UTC,Japan vs Sweden,FIFA World Cup ,Over 2.0,Under/Over (2),34.0,2026-06-25 04:18:30 UTC,34.0,1.705,Yes,0xC88F614A48f8A705d7465b03aAF62ddaca0c3754
2026-06-25 23:00:00 UTC,Japan vs Sweden,FIFA World Cup ,Over 2.5,Under/Over (2.5),26.0,2026-06-25 04:18:29 UTC,26.0,1.5375,Yes,0xC88F614A48f8A705d7465b03aAF62ddaca0c3754
2026-06-25 23:00:00 UTC,Japan vs Sweden,FIFA World Cup ,Over 3.0,Under/Over (3),19.0,2026-06-25 04:18:27 UTC,19.0,1.405,Yes,0xC88F614A48f8A705d7465b03aAF62ddaca0c3754
2026-06-25 23:00:00 UTC,Japan vs Sweden,FIFA World Cup ,Over 2.0,Under/Over (2),34.0,2026-06-25 04:18:21 UTC,34.0,1.7037,Yes,0xC88F614A48f8A705d7465b03aAF62ddaca0c3754
2026-06-25 23:00:00 UTC,Japan vs Sweden,FIFA World Cup ,Over 3.0,Under/Over (3),19.0,2026-06-25 04:18:21 UTC,19.0,1.3975,Yes,0xC88F614A48f8A705d7465b03aAF62ddaca0c3754
2026-06-25 23:00:00 UTC,Japan vs Sweden,FIFA World Cup ,Over 2.5,Under/Over (2.5),26.0,2026-06-25 04:18:20 UTC,26.0,1.535,Yes,0xC88F614A48f8A705d7465b03aAF62ddaca0c3754
2026-06-25 23:00:00 UTC,Tunisia vs Netherlands,FIFA World Cup ,Tie,1X2,11.0,2026-06-25 04:18:20 UTC,11.0,1.0813,Yes,0x81b0690435A7b77c1fE50f311506934127e9De73
2026-06-25 23:00:00 UTC,Japan vs Sweden,FIFA World Cup ,Over 2.5,Under/Over (2.5),1.0,2026-06-25 04:17:00 UTC,1.0,1.5375,Yes,0xE4DD6165bFF7EE73D7932C3b478f7E22431e85E7
2026-06-25 23:00:00 UTC,Japan vs Sweden,FIFA World Cup ,Over 3.0,Under/Over (3),0.0,2026-06-25 04:16:58 UTC,0.0,1.4038,Yes,0xC88F614A48f8A705d7465b03aAF62ddaca0c3754
2026-06-25 20:00:00 UTC,Curaçao vs Ivory Coast,FIFA World Cup ,Under 4.5,Under/Over (4.5),37.0,2026-06-25 04:16:33 UTC,37.0,1.7612,Yes,0x4a09916b1325Eed50eE8973B13742a205B0B7c7E
2026-06-25 23:00:00 UTC,Japan vs Sweden,FIFA World Cup ,Over 2.5,Under/Over (2.5),26.0,2026-06-25 04:16:13 UTC,26.0,1.5362,Yes,0xC88F614A48f8A705d7465b03aAF62ddaca0c3754
2026-06-25 23:00:00 UTC,Japan vs Sweden,FIFA World Cup ,Over 3.0,Under/Over (3),19.0,2026-06-25 04:16:13 UTC,19.0,1.4013,Yes,0xC88F614A48f8A705d7465b03aAF62ddaca0c3754
2026-06-25 20:00:00 UTC,Ecuador vs Germany,FIFA World Cup ,Germany,1X2,3660.0,2026-06-25 04:14:26 UTC,3660.0,1.6462,Yes,0x8268feC8dCb0D284343054BDf2b649286c9aA0a1
2026-06-25 20:00:00 UTC,Curaçao vs Ivory Coast,FIFA World Cup ,Under 4.5,Under/Over (4.5),37.0,2026-06-25 04:13:59 UTC,37.0,1.7612,Yes,0x4a09916b1325Eed50eE8973B13742a205B0B7c7E
2026-06-25 20:00:00 UTC,Curaçao vs Ivory Coast,FIFA World Cup ,Not Curaçao,1X2,21.0,2026-06-25 04:13:43 UTC,21.0,1.9463,Yes,0xe2C68b7ef85645e47F9b94382c3Db59b046945a2
2026-06-26 02:00:00 UTC,Turkey vs USA,FIFA World Cup ,Not USA,1X2,0.0,2026-06-25 04:11:22 UTC,0.0,1.48,Yes,0xF1e5c82790d22aa57B3ec4454818c8e886E9e439
2026-06-26 02:00:00 UTC,Turkey vs USA,FIFA World Cup ,Turkey +0.5,Asian Handicap (0.5),0.0,2026-06-25 04:11:20 UTC,0.0,1.48,Yes,0xF1e5c82790d22aa57B3ec4454818c8e886E9e439
2026-06-26 02:00:00 UTC,Turkey vs USA,FIFA World Cup ,Not USA,1X2,11.0,2026-06-25 04:11:04 UTC,11.0,1.4825,Yes,0x81b0690435A7b77c1fE50f311506934127e9De73
2026-06-26 02:00:00 UTC,Turkey vs USA,FIFA World Cup ,Turkey +0.5,Asian Handicap (0.5),1464.0,2026-06-25 04:11:04 UTC,1464.0,1.48,Yes,0xF1e5c82790d22aa57B3ec4454818c8e886E9e439
2026-06-26 02:00:00 UTC,Turkey vs USA,FIFA World Cup ,Turkey +2.5,Asian Handicap (2.5),54.0,2026-06-25 04:11:00 UTC,54.0,1.865,Yes,0xE4DD6165bFF7EE73D7932C3b478f7E22431e85E7
2026-06-25 20:00:00 UTC,Ecuador vs Germany,FIFA World Cup ,Ecuador +2.5,Asian Handicap (2.5),290.0,2026-06-25 04:10:42 UTC,290.0,1.7988,Yes,0xE4DD6165bFF7EE73D7932C3b478f7E22431e85E7
2026-06-25 23:00:00 UTC,Japan vs Sweden,FIFA World Cup ,Under 2.5,Under/Over (2.5),21.0,2026-06-25 04:10:36 UTC,21.0,1.4463,Yes,0xC88F614A48f8A705d7465b03aAF62ddaca0c3754
2026-06-25 23:00:00 UTC,Japan vs Sweden,FIFA World Cup ,Japan,1X2,11.0,2026-06-25 04:10:14 UTC,11.0,1.5288,Yes,0x68E1818FF20BBe84F9be9E0A4A395FB11079Bd35
2026-06-25 20:00:00 UTC,Ecuador vs Germany,FIFA World Cup ,Ecuador +1.5,Asian Handicap (1.5),232.0,2026-06-25 04:08:41 UTC,232.0,1.6175,Yes,0xE4DD6165bFF7EE73D7932C3b478f7E22431e85E7
2026-06-25 23:00:00 UTC,Tunisia vs Netherlands,FIFA World Cup ,Over 2.5,Under/Over (2.5),70.0,2026-06-25 04:08:14 UTC,70.0,1.7,Yes,0x2C5ec2a48e79A1B8Dd81fe9Ac5A7B7BDFc81788D
2026-06-25 20:00:00 UTC,Ecuador vs Germany,FIFA World Cup ,Ecuador +1.5,Asian Handicap (1.5),226.0,2026-06-25 04:08:11 UTC,226.0,1.6175,Yes,0xE4DD6165bFF7EE73D7932C3b478f7E22431e85E7
2026-06-25 20:00:00 UTC,Ecuador vs Germany,FIFA World Cup ,Ecuador +0.5,Asian Handicap (0.5),197.0,2026-06-25 04:08:11 UTC,197.0,1.3513,Yes,0xE4DD6165bFF7EE73D7932C3b478f7E22431e85E7
2026-06-25 20:00:00 UTC,Ecuador vs Germany,FIFA World Cup ,Under 3.5,Under/Over (3.5),31.0,2026-06-25 04:06:04 UTC,31.0,1.6412,Yes,0xE4DD6165bFF7EE73D7932C3b478f7E22431e85E7
2026-06-25 20:00:00 UTC,Curaçao vs Ivory Coast,FIFA World Cup ,Not Ivory Coast,1X2,0.0,2026-06-25 04:05:46 UTC,0.0,1.16,Yes,0x81b0690435A7b77c1fE50f311506934127e9De73
2026-06-25 20:00:00 UTC,Ecuador vs Germany,FIFA World Cup ,Ecuador,1X2,10.0,2026-06-25 04:05:25 UTC,10.0,1.165,Yes,0x81b0690435A7b77c1fE50f311506934127e9De73
2026-06-26 02:00:00 UTC,Paraguay vs Australia,FIFA World Cup ,Not tie,1X2,14.0,2026-06-25 04:04:21 UTC,14.0,1.5688,Yes,0x81b0690435A7b77c1fE50f311506934127e9De73
2026-06-26 19:00:00 UTC,Norway vs France,FIFA World Cup ,France,12,4.0,2026-06-25 04:04:08 UTC,4.0,1.75,Yes,0xe2C68b7ef85645e47F9b94382c3Db59b046945a2
2026-06-26 19:00:00 UTC,Norway vs France,FIFA World Cup ,Norway +2.5,Asian Handicap (2.5),42.0,2026-06-25 04:02:28 UTC,42.0,1.835,Yes,0xE4DD6165bFF7EE73D7932C3b478f7E22431e85E7
2026-06-25 23:00:00 UTC,Tunisia vs Netherlands,FIFA World Cup ,Tunisia +4.5,Asian Handicap (4.5),16.0,2026-06-25 04:02:14 UTC,16.0,1.8375,Yes,0xE4DD6165bFF7EE73D7932C3b478f7E22431e85E7
2026-06-25 23:00:00 UTC,Japan vs Sweden,FIFA World Cup ,Japan,1X2,765.0,2026-06-25 04:00:40 UTC,765.0,1.5312,Yes,0x68E1818FF20BBe84F9be9E0A4A395FB11079Bd35
2026-06-26 02:00:00 UTC,Paraguay vs Australia,FIFA World Cup ,Paraguay 0,Asian Handicap (0),28.0,2026-06-25 04:00:17 UTC,28.0,1.5863,Yes,0xC88F614A48f8A705d7465b03aAF62ddaca0c3754
2026-06-26 19:00:00 UTC,Norway vs France,FIFA World Cup ,France,1X2,2.0,2026-06-25 03:59:32 UTC,2.0,1.5938,Yes,0x8268feC8dCb0D284343054BDf2b649286c9aA0a1
2026-06-26 02:00:00 UTC,Paraguay vs Australia,FIFA World Cup ,Not tie,1X2,576.0,2026-06-25 03:59:19 UTC,576.0,1.5675,Yes,0x8268feC8dCb0D284343054BDf2b649286c9aA0a1
2026-06-26 02:00:00 UTC,Paraguay vs Australia,FIFA World Cup ,Not tie,1X2,576.0,2026-06-25 03:57:49 UTC,576.0,1.5675,Yes,0x8268feC8dCb0D284343054BDf2b649286c9aA0a1
2026-06-25 20:00:00 UTC,Curaçao vs Ivory Coast,FIFA World Cup ,Not tie,1X2,229.0,2026-06-25 03:54:56 UTC,229.0,1.8862,Yes,0x68E1818FF20BBe84F9be9E0A4A395FB11079Bd35
2026-06-25 23:00:00 UTC,Tunisia vs Netherlands,FIFA World Cup ,Tunisia +4.5,Asian Handicap (4.5),25.0,2026-06-25 03:51:03 UTC,25.0,1.8413,Yes,0xe2C68b7ef85645e47F9b94382c3Db59b046945a2
2026-06-25 20:00:00 UTC,Ecuador vs Germany,FIFA World Cup ,Not Ecuador,1X2,274.0,2026-06-25 03:49:58 UTC,274.0,1.83,Yes,0x68E1818FF20BBe84F9be9E0A4A395FB11079Bd35
2026-06-25 20:00:00 UTC,Ecuador vs Germany,FIFA World Cup ,Ecuador +2,Asian Handicap (2),491.0,2026-06-25 03:49:40 UTC,491.0,1.7512,Yes,0xE4DD6165bFF7EE73D7932C3b478f7E22431e85E7
2026-06-25 20:00:00 UTC,Ecuador vs Germany,FIFA World Cup ,Ecuador +1,Asian Handicap (1),194.0,2026-06-25 03:49:40 UTC,194.0,1.47,Yes,0xE4DD6165bFF7EE73D7932C3b478f7E22431e85E7
2026-06-25 20:00:00 UTC,Ecuador vs Germany,FIFA World Cup ,Ecuador +1.5,Asian Handicap (1.5),203.0,2026-06-25 03:49:39 UTC,203.0,1.6113,Yes,0xE4DD6165bFF7EE73D7932C3b478f7E22431e85E7
2026-06-25 20:00:00 UTC,Ecuador vs Germany,FIFA World Cup ,Ecuador +2.5,Asian Handicap (2.5),394.0,2026-06-25 03:49:38 UTC,394.0,1.7988,Yes,0xE4DD6165bFF7EE73D7932C3b478f7E22431e85E7
2026-06-26 02:00:00 UTC,Turkey vs USA,FIFA World Cup ,Under 3.0,Under/Over (3),27.0,2026-06-25 03:49:37 UTC,27.0,1.5562,Yes,0xC88F614A48f8A705d7465b03aAF62ddaca0c3754
2026-06-26 02:00:00 UTC,Turkey vs USA,FIFA World Cup ,Under 3.0,Under/Over (3),27.0,2026-06-25 03:49:02 UTC,27.0,1.5562,Yes,0xC88F614A48f8A705d7465b03aAF62ddaca0c3754
2026-06-26 02:00:00 UTC,Paraguay vs Australia,FIFA World Cup ,Not tie,1X2,10.0,2026-06-25 03:48:30 UTC,10.0,1.57,Yes,0x90555F35378305Ad562A29916D311a0e1C741A32
2026-06-26 02:00:00 UTC,Turkey vs USA,FIFA World Cup ,Under 3.0,Under/Over (3),27.0,2026-06-25 03:47:57 UTC,27.0,1.5562,Yes,0xC88F614A48f8A705d7465b03aAF62ddaca0c3754
2026-06-25 23:00:00 UTC,Japan vs Sweden,FIFA World Cup ,Not tie,1X2,264.0,2026-06-25 03:47:22 UTC,264.0,1.735,Yes,0x68E1818FF20BBe84F9be9E0A4A395FB11079Bd35
2026-06-26 02:00:00 UTC,Turkey vs USA,FIFA World Cup ,Under 3.0,Under/Over (3),27.0,2026-06-25 03:47:00 UTC,27.0,1.5562,Yes,0xC88F614A48f8A705d7465b03aAF62ddaca0c3754
2026-06-26 02:00:00 UTC,Turkey vs USA,FIFA World Cup ,Under 3.0,Under/Over (3),27.0,2026-06-25 03:46:17 UTC,27.0,1.5562,Yes,0xC88F614A48f8A705d7465b03aAF62ddaca0c3754
2026-06-26 19:00:00 UTC,Norway vs France,FIFA World Cup ,Tie,1X2,0.0,2026-06-25 03:45:30 UTC,0.0,1.2,Yes,0x68E1818FF20BBe84F9be9E0A4A395FB11079Bd35
2026-06-26 02:00:00 UTC,Turkey vs USA,FIFA World Cup ,Under 3.0,Under/Over (3),27.0,2026-06-25 03:45:23 UTC,27.0,1.5562,Yes,0xC88F614A48f8A705d7465b03aAF62ddaca0c3754
2026-06-26 02:00:00 UTC,Turkey vs USA,FIFA World Cup ,Under 3.0,Under/Over (3),27.0,2026-06-25 03:44:37 UTC,27.0,1.5562,Yes,0xC88F614A48f8A705d7465b03aAF62ddaca0c3754
2026-06-26 19:00:00 UTC,Norway vs France,FIFA World Cup ,France,12,11.0,2026-06-25 03:44:14 UTC,11.0,1.75,Yes,0xe2C68b7ef85645e47F9b94382c3Db59b046945a2
2026-06-25 20:00:00 UTC,Curaçao vs Ivory Coast,FIFA World Cup ,Under 2.5,Under/Over (2.5),175.0,2026-06-25 03:44:03 UTC,175.0,1.3513,Yes,0xE4DD6165bFF7EE73D7932C3b478f7E22431e85E7
2026-06-25 23:00:00 UTC,Tunisia vs Netherlands,FIFA World Cup ,Under 3.0,Under/Over (3),19.0,2026-06-25 03:43:18 UTC,19.0,1.3887,Yes,0xC88F614A48f8A705d7465b03aAF62ddaca0c3754
2026-06-25 23:00:00 UTC,Tunisia vs Netherlands,FIFA World Cup ,Tunisia +4.5,Asian Handicap (4.5),5.0,2026-06-25 03:42:15 UTC,5.0,1.8413,Yes,0xe2C68b7ef85645e47F9b94382c3Db59b046945a2
2026-06-25 23:00:00 UTC,Tunisia vs Netherlands,FIFA World Cup ,Tunisia +4.5,Asian Handicap (4.5),65.0,2026-06-25 03:41:54 UTC,65.0,1.8413,Yes,0xe2C68b7ef85645e47F9b94382c3Db59b046945a2
2026-06-25 20:00:00 UTC,Curaçao vs Ivory Coast,FIFA World Cup ,Ivory Coast -2,Asian Handicap (2),26.0,2026-06-25 03:41:26 UTC,26.0,1.5387,Yes,0xC88F614A48f8A705d7465b03aAF62ddaca0c3754
2026-06-25 23:00:00 UTC,Tunisia vs Netherlands,FIFA World Cup ,Under 3.5,Under/Over (3.5),25.0,2026-06-25 03:41:18 UTC,25.0,1.5238,Yes,0xC88F614A48f8A705d7465b03aAF62ddaca0c3754
2026-06-25 23:00:00 UTC,Tunisia vs Netherlands,FIFA World Cup ,Under 3.0,Under/Over (3),19.0,2026-06-25 03:41:18 UTC,19.0,1.3887,Yes,0xC88F614A48f8A705d7465b03aAF62ddaca0c3754
2026-06-25 23:00:00 UTC,Tunisia vs Netherlands,FIFA World Cup ,Tunisia +4.5,Asian Handicap (4.5),226.0,2026-06-25 03:41:16 UTC,226.0,1.84,Yes,0xE4DD6165bFF7EE73D7932C3b478f7E22431e85E7
2026-06-25 20:00:00 UTC,Curaçao vs Ivory Coast,FIFA World Cup ,Over 3.5,Under/Over (3.5),1.0,2026-06-25 03:41:12 UTC,1.0,1.4238,Yes,0xE4DD6165bFF7EE73D7932C3b478f7E22431e85E7
2026-06-25 20:00:00 UTC,Curaçao vs Ivory Coast,FIFA World Cup ,Not tie,1X2,11.0,2026-06-25 03:40:18 UTC,11.0,1.8862,Yes,0x68E1818FF20BBe84F9be9E0A4A395FB11079Bd35
2026-06-26 02:00:00 UTC,Turkey vs USA,FIFA World Cup ,Turkey +0.5,Asian Handicap (0.5),0.0,2026-06-25 03:39:26 UTC,0.0,1.48,Yes,0xF1e5c82790d22aa57B3ec4454818c8e886E9e439
2026-06-26 02:00:00 UTC,Turkey vs USA,FIFA World Cup ,Not USA,1X2,0.0,2026-06-25 03:39:25 UTC,0.0,1.48,Yes,0xF1e5c82790d22aa57B3ec4454818c8e886E9e439
2026-06-26 02:00:00 UTC,Turkey vs USA,FIFA World Cup ,Turkey +0.5,Asian Handicap (0.5),0.0,2026-06-25 03:39:23 UTC,0.0,1.48,Yes,0xF1e5c82790d22aa57B3ec4454818c8e886E9e439
2026-06-26 02:00:00 UTC,Turkey vs USA,FIFA World Cup ,Not USA,1X2,0.0,2026-06-25 03:39:22 UTC,0.0,1.48,Yes,0xF1e5c82790d22aa57B3ec4454818c8e886E9e439
2026-06-25 23:00:00 UTC,Japan vs Sweden,FIFA World Cup ,Not Japan,1X2,103.0,2026-06-25 03:39:21 UTC,103.0,1.4663,Yes,0x8268feC8dCb0D284343054BDf2b649286c9aA0a1
2026-06-26 02:00:00 UTC,Turkey vs USA,FIFA World Cup ,Turkey +0.5,Asian Handicap (0.5),0.0,2026-06-25 03:39:20 UTC,0.0,1.48,Yes,0xF1e5c82790d22aa57B3ec4454818c8e886E9e439
2026-06-26 19:00:00 UTC,Norway vs France,FIFA World Cup ,Under 3.0,Under/Over (3),165.0,2026-06-25 03:39:03 UTC,165.0,1.5413,Yes,0xE4DD6165bFF7EE73D7932C3b478f7E22431e85E7
2026-06-26 19:00:00 UTC,Norway vs France,FIFA World Cup ,Under 2.5,Under/Over (2.5),93.0,2026-06-25 03:39:02 UTC,93.0,1.4163,Yes,0xE4DD6165bFF7EE73D7932C3b478f7E22431e85E7
2026-06-26 02:00:00 UTC,Turkey vs USA,FIFA World Cup ,Turkey +0.5,Asian Handicap (0.5),3217.0,2026-06-25 03:39:00 UTC,3217.0,1.48,Yes,0xF1e5c82790d22aa57B3ec4454818c8e886E9e439
2026-06-26 02:00:00 UTC,Turkey vs USA,FIFA World Cup ,Not USA,1X2,3217.0,2026-06-25 03:38:59 UTC,3217.0,1.48,Yes,0xF1e5c82790d22aa57B3ec4454818c8e886E9e439
2026-06-26 02:00:00 UTC,Turkey vs USA,FIFA World Cup ,Not USA,1X2,235.0,2026-06-25 03:38:58 UTC,235.0,1.48,Yes,0xF1e5c82790d22aa57B3ec4454818c8e886E9e439
2026-06-26 02:00:00 UTC,Turkey vs USA,FIFA World Cup ,Turkey +0.5,Asian Handicap (0.5),50.0,2026-06-25 03:38:58 UTC,50.0,1.48,Yes,0xF1e5c82790d22aa57B3ec4454818c8e886E9e439
2026-06-26 02:00:00 UTC,Turkey vs USA,FIFA World Cup ,Turkey +0.5,Asian Handicap (0.5),235.0,2026-06-25 03:38:58 UTC,235.0,1.48,Yes,0xF1e5c82790d22aa57B3ec4454818c8e886E9e439
2026-06-26 02:00:00 UTC,Paraguay vs Australia,FIFA World Cup ,Australia,1X2,0.0,2026-06-25 03:38:35 UTC,0.0,1.2325,Yes,0x68E1818FF20BBe84F9be9E0A4A395FB11079Bd35
2026-06-25 20:00:00 UTC,Ecuador vs Germany,FIFA World Cup ,Ecuador,1X2,2.0,2026-06-25 03:38:21 UTC,2.0,1.1638,Yes,0x68E1818FF20BBe84F9be9E0A4A395FB11079Bd35
2026-06-26 02:00:00 UTC,Paraguay vs Australia,FIFA World Cup ,Australia,1X2,112.0,2026-06-25 03:37:57 UTC,112.0,1.2338,Yes,0x68E1818FF20BBe84F9be9E0A4A395FB11079Bd35
2026-06-26 02:00:00 UTC,Paraguay vs Australia,FIFA World Cup ,Not Paraguay,1X2,300.0,2026-06-25 03:37:57 UTC,300.0,1.66,Yes,0x68E1818FF20BBe84F9be9E0A4A395FB11079Bd35
2026-06-26 02:00:00 UTC,Paraguay vs Australia,FIFA World Cup ,Not Paraguay,1X2,0.0,2026-06-25 03:37:57 UTC,0.0,1.66,Yes,0x68E1818FF20BBe84F9be9E0A4A395FB11079Bd35
2026-06-26 02:00:00 UTC,Turkey vs USA,FIFA World Cup ,Over 5.5,Under/Over (5.5),5.0,2026-06-25 03:36:50 UTC,5.0,1.0725,Yes,0x8268feC8dCb0D284343054BDf2b649286c9aA0a1
2026-06-25 23:00:00 UTC,Tunisia vs Netherlands,FIFA World Cup ,Under 3.0,Under/Over (3),19.0,2026-06-25 03:36:48 UTC,19.0,1.3887,Yes,0xC88F614A48f8A705d7465b03aAF62ddaca0c3754
2026-06-25 20:00:00 UTC,Ecuador vs Germany,FIFA World Cup ,Germany,1X2,414.0,2026-06-25 03:36:43 UTC,414.0,1.6475,Yes,0x8268feC8dCb0D284343054BDf2b649286c9aA0a1
2026-06-25 23:00:00 UTC,Tunisia vs Netherlands,FIFA World Cup ,Under 3.0,Under/Over (3),19.0,2026-06-25 03:35:48 UTC,19.0,1.3887,Yes,0xC88F614A48f8A705d7465b03aAF62ddaca0c3754
2026-06-25 20:00:00 UTC,Ecuador vs Germany,FIFA World Cup ,Ecuador +0.5,Asian Handicap (0.5),124.0,2026-06-25 03:35:36 UTC,124.0,1.3513,Yes,0xE4DD6165bFF7EE73D7932C3b478f7E22431e85E7
2026-06-25 20:00:00 UTC,Ecuador vs Germany,FIFA World Cup ,Over 3.5,Under/Over (3.5),26.0,2026-06-25 03:35:27 UTC,26.0,1.3487,Yes,0xE4DD6165bFF7EE73D7932C3b478f7E22431e85E7
2026-06-25 20:00:00 UTC,Ecuador vs Germany,FIFA World Cup ,Not Ecuador,1X2,879.0,2026-06-25 03:35:20 UTC,879.0,1.83,Yes,0xE4DD6165bFF7EE73D7932C3b478f7E22431e85E7
2026-06-25 23:00:00 UTC,Tunisia vs Netherlands,FIFA World Cup ,Under 3.5,Under/Over (3.5),24.0,2026-06-25 03:34:08 UTC,24.0,1.5238,Yes,0xC88F614A48f8A705d7465b03aAF62ddaca0c3754
2026-06-25 23:00:00 UTC,Tunisia vs Netherlands,FIFA World Cup ,Under 3.0,Under/Over (3),19.0,2026-06-25 03:34:08 UTC,19.0,1.3887,Yes,0xC88F614A48f8A705d7465b03aAF62ddaca0c3754
2026-06-26 19:00:00 UTC,Norway vs France,FIFA World Cup ,France,12,179.0,2026-06-25 03:33:25 UTC,179.0,1.7538,Yes,0xe2C68b7ef85645e47F9b94382c3Db59b046945a2
2026-06-26 02:00:00 UTC,Paraguay vs Australia,FIFA World Cup ,Not tie,1X2,244.0,2026-06-25 03:32:51 UTC,244.0,1.57,Yes,0xE4DD6165bFF7EE73D7932C3b478f7E22431e85E7
2026-06-25 20:00:00 UTC,Ecuador vs Germany,FIFA World Cup ,Ecuador +2,Asian Handicap (2),518.0,2026-06-25 03:32:48 UTC,518.0,1.7575,Yes,0xE4DD6165bFF7EE73D7932C3b478f7E22431e85E7
2026-06-25 20:00:00 UTC,Ecuador vs Germany,FIFA World Cup ,Germany -1,Asian Handicap (1),1110.0,2026-06-25 03:32:47 UTC,1110.0,1.5137,Yes,0x8268feC8dCb0D284343054BDf2b649286c9aA0a1
2026-06-25 23:00:00 UTC,Tunisia vs Netherlands,FIFA World Cup ,Tunisia +4.5,Asian Handicap (4.5),276.0,2026-06-25 03:32:22 UTC,276.0,1.8438,Yes,0xE4DD6165bFF7EE73D7932C3b478f7E22431e85E7
2026-06-25 23:00:00 UTC,Tunisia vs Netherlands,FIFA World Cup ,Under 3.0,Under/Over (3),19.0,2026-06-25 03:32:02 UTC,19.0,1.3887,Yes,0xC88F614A48f8A705d7465b03aAF62ddaca0c3754
2026-06-25 23:00:00 UTC,Tunisia vs Netherlands,FIFA World Cup ,Tunisia +4.5,Asian Handicap (4.5),264.0,2026-06-25 03:32:00 UTC,264.0,1.8438,Yes,0xE4DD6165bFF7EE73D7932C3b478f7E22431e85E7
2026-06-25 20:00:00 UTC,Ecuador vs Germany,FIFA World Cup ,Ecuador +3,Asian Handicap (3),737.0,2026-06-25 03:31:27 UTC,737.0,1.9062,Yes,0xE4DD6165bFF7EE73D7932C3b478f7E22431e85E7
2026-06-25 20:00:00 UTC,Curaçao vs Ivory Coast,FIFA World Cup ,Not tie,1X2,7.0,2026-06-25 03:30:49 UTC,7.0,1.8862,Yes,0x68E1818FF20BBe84F9be9E0A4A395FB11079Bd35
2026-06-25 20:00:00 UTC,Ecuador vs Germany,FIFA World Cup ,Ecuador +0.5,Asian Handicap (0.5),219.0,2026-06-25 03:30:40 UTC,219.0,1.3513,Yes,0xE4DD6165bFF7EE73D7932C3b478f7E22431e85E7
2026-06-25 20:00:00 UTC,Ecuador vs Germany,FIFA World Cup ,Over 3.5,Under/Over (3.5),0.0,2026-06-25 03:30:37 UTC,0.0,1.3475,Yes,0x8268feC8dCb0D284343054BDf2b649286c9aA0a1
2026-06-27 00:00:00 UTC,Uruguay vs Spain,FIFA World Cup ,Uruguay +0.5,Asian Handicap (0.5),0.0,2026-06-25 03:30:33 UTC,0.0,1.3475,Yes,0xE4DD6165bFF7EE73D7932C3b478f7E22431e85E7
2026-06-27 00:00:00 UTC,Uruguay vs Spain,FIFA World Cup ,Under 2.5,Under/Over (2.5),0.0,2026-06-25 03:30:32 UTC,0.0,1.4725,Yes,0x8268feC8dCb0D284343054BDf2b649286c9aA0a1
2026-06-27 00:00:00 UTC,Cape Verde vs Saudi Arabia,FIFA World Cup ,Saudi Arabia,1X2,79.0,2026-06-25 03:30:29 UTC,79.0,1.3313,Yes,0xE4DD6165bFF7EE73D7932C3b478f7E22431e85E7
2026-06-25 20:00:00 UTC,Ecuador vs Germany,FIFA World Cup ,Not Germany,1X2,27.0,2026-06-25 03:30:19 UTC,27.0,1.3538,Yes,0xE4DD6165bFF7EE73D7932C3b478f7E22431e85E7
2026-06-25 23:00:00 UTC,Japan vs Sweden,FIFA World Cup ,Japan -0.5,Asian Handicap (-0.5),1.0,2026-06-25 03:30:19 UTC,1.0,1.5263,Yes,0xE4DD6165bFF7EE73D7932C3b478f7E22431e85E7
2026-06-25 20:00:00 UTC,Ecuador vs Germany,FIFA World Cup ,Not Germany,1X2,27.0,2026-06-25 03:30:15 UTC,27.0,1.3538,Yes,0xE4DD6165bFF7EE73D7932C3b478f7E22431e85E7
2026-06-25 20:00:00 UTC,Ecuador vs Germany,FIFA World Cup ,Ecuador +0.5,Asian Handicap (0.5),155.0,2026-06-25 03:30:15 UTC,155.0,1.3513,Yes,0xE4DD6165bFF7EE73D7932C3b478f7E22431e85E7
2026-06-25 20:00:00 UTC,Ecuador vs Germany,FIFA World Cup ,Ecuador +2,Asian Handicap (2),295.0,2026-06-25 03:30:14 UTC,295.0,1.7575,Yes,0xE4DD6165bFF7EE73D7932C3b478f7E22431e85E7
2026-06-26 19:00:00 UTC,Norway vs France,FIFA World Cup ,Norway +2.5,Asian Handicap (2.5),17.0,2026-06-25 03:30:11 UTC,17.0,1.835,Yes,0xE4DD6165bFF7EE73D7932C3b478f7E22431e85E7
2026-06-25 20:00:00 UTC,Ecuador vs Germany,FIFA World Cup ,Over 3.5,Under/Over (3.5),382.0,2026-06-25 03:29:53 UTC,382.0,1.3487,Yes,0xE4DD6165bFF7EE73D7932C3b478f7E22431e85E7
2026-06-26 19:00:00 UTC,Norway vs France,FIFA World Cup ,France,12,96.0,2026-06-25 03:29:53 UTC,96.0,1.7575,Yes,0xe2C68b7ef85645e47F9b94382c3Db59b046945a2
2026-06-25 23:00:00 UTC,Japan vs Sweden,FIFA World Cup ,Not Japan,1X2,0.0,2026-06-25 03:29:51 UTC,0.0,1.4663,Yes,0x42B4CF407654a8469d1Cf3606712C1f30599B2C5
2026-06-25 23:00:00 UTC,Japan vs Sweden,FIFA World Cup ,Sweden +0.5,Asian Handicap (-0.5),0.0,2026-06-25 03:29:49 UTC,0.0,1.4675,Yes,0x77B23094D6E48F735487DA7410DbEeE2Fc87A0c8
2026-06-25 23:00:00 UTC,Japan vs Sweden,FIFA World Cup ,Not Japan,1X2,229.0,2026-06-25 03:29:37 UTC,229.0,1.4688,Yes,0xE4DD6165bFF7EE73D7932C3b478f7E22431e85E7
2026-06-25 23:00:00 UTC,Japan vs Sweden,FIFA World Cup ,Sweden +0.5,Asian Handicap (-0.5),169.0,2026-06-25 03:29:37 UTC,169.0,1.4688,Yes,0xE4DD6165bFF7EE73D7932C3b478f7E22431e85E7
2026-06-26 19:00:00 UTC,Norway vs France,FIFA World Cup ,Norway +0.5,Asian Handicap (0.5),51.0,2026-06-25 03:29:30 UTC,51.0,1.4062,Yes,0xe2C68b7ef85645e47F9b94382c3Db59b046945a2
2026-06-25 20:00:00 UTC,Curaçao vs Ivory Coast,FIFA World Cup ,Over 4.5,Under/Over (4.5),92.0,2026-06-25 03:29:27 UTC,92.0,1.235,Yes,0x8268feC8dCb0D284343054BDf2b649286c9aA0a1
2026-06-26 02:00:00 UTC,Paraguay vs Australia,FIFA World Cup ,Not tie,1X2,579.0,2026-06-25 03:29:17 UTC,579.0,1.57,Yes,0x8268feC8dCb0D284343054BDf2b649286c9aA0a1
2026-06-27 03:00:00 UTC,Egypt vs Iran,FIFA World Cup ,Iran,12,5.0,2026-06-25 03:29:06 UTC,5.0,1.37,Yes,0xE4DD6165bFF7EE73D7932C3b478f7E22431e85E7
2026-06-25 20:00:00 UTC,Ecuador vs Germany,FIFA World Cup ,Ecuador +0.5,Asian Handicap (0.5),0.0,2026-06-25 03:28:18 UTC,0.0,1.3513,Yes,0xE4DD6165bFF7EE73D7932C3b478f7E22431e85E7
2026-06-25 20:00:00 UTC,Ecuador vs Germany,FIFA World Cup ,Not Germany,1X2,5.0,2026-06-25 03:28:13 UTC,5.0,1.3487,Yes,0x68E1818FF20BBe84F9be9E0A4A395FB11079Bd35
2026-06-25 20:00:00 UTC,Ecuador vs Germany,FIFA World Cup ,Not Germany,1X2,184.0,2026-06-25 03:28:13 UTC,184.0,1.3487,Yes,0x68E1818FF20BBe84F9be9E0A4A395FB11079Bd35
2026-06-25 20:00:00 UTC,Ecuador vs Germany,FIFA World Cup ,Ecuador +2,Asian Handicap (2),0.0,2026-06-25 03:27:53 UTC,0.0,1.7612,Yes,0xE4DD6165bFF7EE73D7932C3b478f7E22431e85E7
2026-06-25 20:00:00 UTC,Ecuador vs Germany,FIFA World Cup ,Not Germany,1X2,54.0,2026-06-25 03:27:53 UTC,54.0,1.3538,Yes,0xE4DD6165bFF7EE73D7932C3b478f7E22431e85E7
2026-06-25 20:00:00 UTC,Ecuador vs Germany,FIFA World Cup ,Ecuador +0.5,Asian Handicap (0.5),265.0,2026-06-25 03:27:53 UTC,265.0,1.3525,Yes,0xE4DD6165bFF7EE73D7932C3b478f7E22431e85E7
2026-06-25 20:00:00 UTC,Ecuador vs Germany,FIFA World Cup ,Ecuador +1.5,Asian Handicap (1.5),185.0,2026-06-25 03:27:52 UTC,185.0,1.6175,Yes,0xE4DD6165bFF7EE73D7932C3b478f7E22431e85E7
2026-06-25 20:00:00 UTC,Ecuador vs Germany,FIFA World Cup ,Ecuador +3,Asian Handicap (3),748.0,2026-06-25 03:27:51 UTC,748.0,1.9075,Yes,0xE4DD6165bFF7EE73D7932C3b478f7E22431e85E7
2026-06-25 20:00:00 UTC,Ecuador vs Germany,FIFA World Cup ,Ecuador 0,Asian Handicap (0),109.0,2026-06-25 03:27:51 UTC,109.0,1.2075,Yes,0xE4DD6165bFF7EE73D7932C3b478f7E22431e85E7
2026-06-25 20:00:00 UTC,Ecuador vs Germany,FIFA World Cup ,Ecuador +2,Asian Handicap (2),532.0,2026-06-25 03:27:50 UTC,532.0,1.7612,Yes,0xE4DD6165bFF7EE73D7932C3b478f7E22431e85E7
2026-06-25 20:00:00 UTC,Ecuador vs Germany,FIFA World Cup ,Germany,12,4.0,2026-06-25 03:27:49 UTC,4.0,1.7837,Yes,0xC88F614A48f8A705d7465b03aAF62ddaca0c3754
2026-06-25 20:00:00 UTC,Curaçao vs Ivory Coast,FIFA World Cup ,Under 3.0,Under/Over (3),21.0,2026-06-25 03:27:45 UTC,21.0,1.4487,Yes,0xC88F614A48f8A705d7465b03aAF62ddaca0c3754
2026-06-25 20:00:00 UTC,Curaçao vs Ivory Coast,FIFA World Cup ,Under 2.5,Under/Over (2.5),17.0,2026-06-25 03:27:45 UTC,17.0,1.35,Yes,0xC88F614A48f8A705d7465b03aAF62ddaca0c3754
2026-06-25 23:00:00 UTC,Japan vs Sweden,FIFA World Cup ,Not Japan,1X2,2.0,2026-06-25 03:27:41 UTC,2.0,1.4688,Yes,0xE4DD6165bFF7EE73D7932C3b478f7E22431e85E7
2026-06-26 02:00:00 UTC,Turkey vs USA,FIFA World Cup ,Not USA,1X2,395.0,2026-06-25 03:27:37 UTC,395.0,1.485,Yes,0x11e07140A8A41aB75521505a07F393b32996A06a
2026-06-26 19:00:00 UTC,Norway vs France,FIFA World Cup ,Under 2.0,Under/Over (2),0.0,2026-06-25 03:26:45 UTC,0.0,1.2512,Yes,0xE4DD6165bFF7EE73D7932C3b478f7E22431e85E7
2026-06-25 23:00:00 UTC,Japan vs Sweden,FIFA World Cup ,Japan -0.5,Asian Handicap (-0.5),5.0,2026-06-25 03:26:45 UTC,5.0,1.5238,Yes,0xE4DD6165bFF7EE73D7932C3b478f7E22431e85E7
2026-06-25 23:00:00 UTC,Japan vs Sweden,FIFA World Cup ,Japan -0.5,Asian Handicap (-0.5),3.0,2026-06-25 03:26:43 UTC,3.0,1.5238,Yes,0xE4DD6165bFF7EE73D7932C3b478f7E22431e85E7
2026-06-25 20:00:00 UTC,Ecuador vs Germany,FIFA World Cup ,Germany -0.5,Asian Handicap (0.5),30.0,2026-06-25 03:26:34 UTC,30.0,1.63,Yes,0xE4DD6165bFF7EE73D7932C3b478f7E22431e85E7
2026-06-25 20:00:00 UTC,Curaçao vs Ivory Coast,FIFA World Cup ,Not tie,1X2,28.0,2026-06-25 03:26:33 UTC,28.0,1.885,Yes,0x68E1818FF20BBe84F9be9E0A4A395FB11079Bd35
2026-06-26 19:00:00 UTC,Norway vs France,FIFA World Cup ,Under 2.0,Under/Over (2),41.0,2026-06-25 03:26:20 UTC,41.0,1.255,Yes,0xE4DD6165bFF7EE73D7932C3b478f7E22431e85E7
2026-06-26 02:00:00 UTC,Turkey vs USA,FIFA World Cup ,Under 2.0,Under/Over (2),12.0,2026-06-25 03:26:18 UTC,12.0,1.265,Yes,0xC88F614A48f8A705d7465b03aAF62ddaca0c3754
2026-06-25 20:00:00 UTC,Curaçao vs Ivory Coast,FIFA World Cup ,Not tie,1X2,81.0,2026-06-25 03:25:06 UTC,81.0,1.8862,Yes,0x68E1818FF20BBe84F9be9E0A4A395FB11079Bd35
2026-06-26 02:00:00 UTC,Turkey vs USA,FIFA World Cup ,Under 3.0,Under/Over (3),1.0,2026-06-25 03:24:54 UTC,1.0,1.5587,Yes,0xC88F614A48f8A705d7465b03aAF62ddaca0c3754
2026-06-25 23:00:00 UTC,Tunisia vs Netherlands,FIFA World Cup ,Tunisia +4.5,Asian Handicap (4.5),5.0,2026-06-25 03:24:14 UTC,5.0,1.8438,Yes,0xE4DD6165bFF7EE73D7932C3b478f7E22431e85E7
2026-06-26 02:00:00 UTC,Turkey vs USA,FIFA World Cup ,Under 3.0,Under/Over (3),27.0,2026-06-25 03:24:11 UTC,27.0,1.5587,Yes,0xC88F614A48f8A705d7465b03aAF62ddaca0c3754
2026-06-27 03:00:00 UTC,Egypt vs Iran,FIFA World Cup ,Not Egypt,1X2,140.0,2026-06-25 03:24:05 UTC,140.0,1.6088,Yes,0xE4DD6165bFF7EE73D7932C3b478f7E22431e85E7
2026-06-26 02:00:00 UTC,Turkey vs USA,FIFA World Cup ,Under 1.5,Under/Over (1.5),0.0,2026-06-25 03:24:04 UTC,0.0,1.2025,Yes,0xC88F614A48f8A705d7465b03aAF62ddaca0c3754
2026-06-25 20:00:00 UTC,Curaçao vs Ivory Coast,FIFA World Cup ,Not tie,1X2,179.0,2026-06-25 03:23:40 UTC,179.0,1.8862,Yes,0x68E1818FF20BBe84F9be9E0A4A395FB11079Bd35
2026-06-26 02:00:00 UTC,Turkey vs USA,FIFA World Cup ,Under 5.5,Under/Over (5.5),0.0,2026-06-25 03:23:37 UTC,0.0,1.9213,Yes,0xE4DD6165bFF7EE73D7932C3b478f7E22431e85E7
2026-06-26 02:00:00 UTC,Turkey vs USA,FIFA World Cup ,Turkey +2,Asian Handicap (2),426.0,2026-06-25 03:23:36 UTC,426.0,1.8462,Yes,0xE4DD6165bFF7EE73D7932C3b478f7E22431e85E7
2026-06-26 02:00:00 UTC,Turkey vs USA,FIFA World Cup ,Under 2.0,Under/Over (2),0.0,2026-06-25 03:23:36 UTC,0.0,1.27,Yes,0xC88F614A48f8A705d7465b03aAF62ddaca0c3754
2026-06-26 02:00:00 UTC,Turkey vs USA,FIFA World Cup ,Under 3.0,Under/Over (3),242.0,2026-06-25 03:23:33 UTC,242.0,1.565,Yes,0xE4DD6165bFF7EE73D7932C3b478f7E22431e85E7
2026-06-26 02:00:00 UTC,Turkey vs USA,FIFA World Cup ,Under 1.5,Under/Over (1.5),86.0,2026-06-25 03:23:33 UTC,86.0,1.2063,Yes,0xE4DD6165bFF7EE73D7932C3b478f7E22431e85E7
2026-06-26 02:00:00 UTC,Turkey vs USA,FIFA World Cup ,Under 5.0,Under/Over (5),948.0,2026-06-25 03:23:31 UTC,948.0,1.9137,Yes,0xE4DD6165bFF7EE73D7932C3b478f7E22431e85E7
2026-06-26 02:00:00 UTC,Turkey vs USA,FIFA World Cup ,Under 4.5,Under/Over (4.5),441.0,2026-06-25 03:23:31 UTC,441.0,1.8275,Yes,0xE4DD6165bFF7EE73D7932C3b478f7E22431e85E7
2026-06-26 02:00:00 UTC,Turkey vs USA,FIFA World Cup ,Under 3.5,Under/Over (3.5),464.0,2026-06-25 03:23:31 UTC,464.0,1.6612,Yes,0xE4DD6165bFF7EE73D7932C3b478f7E22431e85E7
2026-06-26 02:00:00 UTC,Turkey vs USA,FIFA World Cup ,Under 2.5,Under/Over (2.5),10.0,2026-06-25 03:23:30 UTC,10.0,1.4325,Yes,0x42B4CF407654a8469d1Cf3606712C1f30599B2C5
2026-06-26 02:00:00 UTC,Turkey vs USA,FIFA World Cup ,Under 2.0,Under/Over (2),13.0,2026-06-25 03:23:30 UTC,13.0,1.27,Yes,0xC88F614A48f8A705d7465b03aAF62ddaca0c3754
2026-06-25 20:00:00 UTC,Ecuador vs Germany,FIFA World Cup ,Ecuador +2.5,Asian Handicap (2.5),517.0,2026-06-25 03:22:23 UTC,517.0,1.8125,Yes,0xE4DD6165bFF7EE73D7932C3b478f7E22431e85E7
2026-06-26 19:00:00 UTC,Senegal vs Iraq,FIFA World Cup ,Under 2.5,Under/Over (2.5),100.0,2026-06-25 03:22:17 UTC,100.0,1.3662,Yes,0xE4DD6165bFF7EE73D7932C3b478f7E22431e85E7
2026-06-25 20:00:00 UTC,Ecuador vs Germany,FIFA World Cup ,Germany -0.5,Asian Handicap (0.5),31.0,2026-06-25 03:21:51 UTC,31.0,1.635,Yes,0x4a09916b1325Eed50eE8973B13742a205B0B7c7E
2026-06-25 20:00:00 UTC,Ecuador vs Germany,FIFA World Cup ,Ecuador,1X2,0.0,2026-06-25 03:21:49 UTC,0.0,1.1713,Yes,0x68E1818FF20BBe84F9be9E0A4A395FB11079Bd35
2026-06-25 20:00:00 UTC,Ecuador vs Germany,FIFA World Cup ,Ecuador,1X2,0.0,2026-06-25 03:21:48 UTC,0.0,1.1713,Yes,0x68E1818FF20BBe84F9be9E0A4A395FB11079Bd35
2026-06-25 20:00:00 UTC,Ecuador vs Germany,FIFA World Cup ,Ecuador,1X2,0.0,2026-06-25 03:21:33 UTC,0.0,1.1738,Yes,0x68E1818FF20BBe84F9be9E0A4A395FB11079Bd35
2026-06-25 20:00:00 UTC,Ecuador vs Germany,FIFA World Cup ,Ecuador,1X2,136.0,2026-06-25 03:21:32 UTC,136.0,1.1738,Yes,0x68E1818FF20BBe84F9be9E0A4A395FB11079Bd35
2026-06-25 20:00:00 UTC,Curaçao vs Ivory Coast,FIFA World Cup ,Not tie,1X2,7.0,2026-06-25 03:21:32 UTC,7.0,1.8862,Yes,0x68E1818FF20BBe84F9be9E0A4A395FB11079Bd35
2026-06-25 20:00:00 UTC,Ecuador vs Germany,FIFA World Cup ,Ecuador +2.5,Asian Handicap (2.5),12.0,2026-06-25 03:21:08 UTC,12.0,1.8125,Yes,0xE4DD6165bFF7EE73D7932C3b478f7E22431e85E7
2026-06-25 23:00:00 UTC,Japan vs Sweden,FIFA World Cup ,Sweden +0.5,Asian Handicap (-0.5),0.0,2026-06-25 03:21:01 UTC,0.0,1.4688,Yes,0xE4DD6165bFF7EE73D7932C3b478f7E22431e85E7
2026-06-25 23:00:00 UTC,Japan vs Sweden,FIFA World Cup ,Sweden,1X2,0.0,2026-06-25 03:20:59 UTC,0.0,1.2063,Yes,0x68E1818FF20BBe84F9be9E0A4A395FB11079Bd35
2026-06-25 20:00:00 UTC,Curaçao vs Ivory Coast,FIFA World Cup ,Not Curaçao,1X2,60.0,2026-06-25 03:20:59 UTC,60.0,1.9475,Yes,0xE4DD6165bFF7EE73D7932C3b478f7E22431e85E7
2026-06-25 23:00:00 UTC,Japan vs Sweden,FIFA World Cup ,Sweden,1X2,0.0,2026-06-25 03:20:57 UTC,0.0,1.2063,Yes,0x68E1818FF20BBe84F9be9E0A4A395FB11079Bd35
2026-06-25 23:00:00 UTC,Tunisia vs Netherlands,FIFA World Cup ,Under 3.5,Under/Over (3.5),1.0,2026-06-25 03:20:54 UTC,1.0,1.5238,Yes,0xC88F614A48f8A705d7465b03aAF62ddaca0c3754
2026-06-25 23:00:00 UTC,Japan vs Sweden,FIFA World Cup ,Not Sweden,1X2,17.0,2026-06-25 03:20:53 UTC,17.0,1.7837,Yes,0x8268feC8dCb0D284343054BDf2b649286c9aA0a1
2026-06-26 02:00:00 UTC,Turkey vs USA,FIFA World Cup ,USA -0.5,Asian Handicap (0.5),4.0,2026-06-25 03:20:51 UTC,4.0,1.5088,Yes,0xC88F614A48f8A705d7465b03aAF62ddaca0c3754
2026-06-25 23:00:00 UTC,Japan vs Sweden,FIFA World Cup ,Sweden,1X2,0.0,2026-06-25 03:20:50 UTC,0.0,1.2063,Yes,0x68E1818FF20BBe84F9be9E0A4A395FB11079Bd35
2026-06-26 02:00:00 UTC,Turkey vs USA,FIFA World Cup ,USA,1X2,4.0,2026-06-25 03:20:50 UTC,4.0,1.5088,Yes,0x8268feC8dCb0D284343054BDf2b649286c9aA0a1
2026-06-26 02:00:00 UTC,Turkey vs USA,FIFA World Cup ,USA -0.5,Asian Handicap (0.5),4.0,2026-06-25 03:20:48 UTC,4.0,1.5088,Yes,0xC88F614A48f8A705d7465b03aAF62ddaca0c3754
2026-06-25 23:00:00 UTC,Japan vs Sweden,FIFA World Cup ,Sweden,1X2,159.0,2026-06-25 03:20:38 UTC,159.0,1.2075,Yes,0x68E1818FF20BBe84F9be9E0A4A395FB11079Bd35
2026-06-25 23:00:00 UTC,Japan vs Sweden,FIFA World Cup ,Sweden,12,13.0,2026-06-25 03:20:38 UTC,13.0,1.28,Yes,0xC88F614A48f8A705d7465b03aAF62ddaca0c3754
2026-06-25 23:00:00 UTC,Japan vs Sweden,FIFA World Cup ,Sweden +0.5,Asian Handicap (-0.5),62.0,2026-06-25 03:20:38 UTC,62.0,1.4688,Yes,0x85488156a1675CE39D29f15418b1bf15eA79a2a6
2026-06-25 23:00:00 UTC,Tunisia vs Netherlands,FIFA World Cup ,Tunisia +2.5,Asian Handicap (2.5),24.0,2026-06-25 03:20:35 UTC,24.0,1.4937,Yes,0xC88F614A48f8A705d7465b03aAF62ddaca0c3754
2026-06-26 02:00:00 UTC,Turkey vs USA,FIFA World Cup ,Not USA,1X2,4.0,2026-06-25 03:20:33 UTC,4.0,1.485,Yes,0x11e07140A8A41aB75521505a07F393b32996A06a
2026-06-25 23:00:00 UTC,Japan vs Sweden,FIFA World Cup ,Sweden,1X2,162.0,2026-06-25 03:20:31 UTC,162.0,1.2075,Yes,0x68E1818FF20BBe84F9be9E0A4A395FB11079Bd35
2026-06-25 20:00:00 UTC,Curaçao vs Ivory Coast,FIFA World Cup ,Under 5.0,Under/Over (5),422.0,2026-06-25 03:20:10 UTC,422.0,1.865,Yes,0xE4DD6165bFF7EE73D7932C3b478f7E22431e85E7
2026-06-25 23:00:00 UTC,Tunisia vs Netherlands,FIFA World Cup ,Under 3.5,Under/Over (3.5),25.0,2026-06-25 03:20:07 UTC,25.0,1.5238,Yes,0xC88F614A48f8A705d7465b03aAF62ddaca0c3754
2026-06-25 23:00:00 UTC,Japan vs Sweden,FIFA World Cup ,Over 2.0,Under/Over (2),407.0,2026-06-25 03:20:07 UTC,407.0,1.7175,Yes,0xE4DD6165bFF7EE73D7932C3b478f7E22431e85E7
2026-06-25 23:00:00 UTC,Tunisia vs Netherlands,FIFA World Cup ,Tunisia +3,Asian Handicap (3),30.0,2026-06-25 03:20:06 UTC,30.0,1.6275,Yes,0xC88F614A48f8A705d7465b03aAF62ddaca0c3754
2026-06-25 23:00:00 UTC,Tunisia vs Netherlands,FIFA World Cup ,Tunisia +2.5,Asian Handicap (2.5),23.0,2026-06-25 03:20:06 UTC,23.0,1.4937,Yes,0xC88F614A48f8A705d7465b03aAF62ddaca0c3754
2026-06-25 23:00:00 UTC,Tunisia vs Netherlands,FIFA World Cup ,Tunisia +2.5,Asian Handicap (2.5),0.0,2026-06-25 03:20:04 UTC,0.0,1.4937,Yes,0xC88F614A48f8A705d7465b03aAF62ddaca0c3754
2026-06-26 02:00:00 UTC,Turkey vs USA,FIFA World Cup ,Not tie,1X2,7.0,2026-06-25 03:20:03 UTC,7.0,1.7675,Yes,0x8268feC8dCb0D284343054BDf2b649286c9aA0a1
2026-06-28 02:00:00 UTC,Jordan vs Argentina,FIFA World Cup ,Jordan +0.5,Asian Handicap (0.5),0.0,2026-06-25 03:20:01 UTC,0.0,1.1687,Yes,0xe2C68b7ef85645e47F9b94382c3Db59b046945a2
2026-06-25 20:00:00 UTC,Ecuador vs Germany,FIFA World Cup ,Not Germany,1X2,0.0,2026-06-25 03:19:59 UTC,0.0,1.355,Yes,0xE4DD6165bFF7EE73D7932C3b478f7E22431e85E7
2026-06-25 23:00:00 UTC,Japan vs Sweden,FIFA World Cup ,Sweden,1X2,62.0,2026-06-25 03:19:58 UTC,62.0,1.2087,Yes,0x85488156a1675CE39D29f15418b1bf15eA79a2a6
2026-06-26 02:00:00 UTC,Turkey vs USA,FIFA World Cup ,Not USA,1X2,0.0,2026-06-25 03:19:53 UTC,0.0,1.4825,Yes,0x85488156a1675CE39D29f15418b1bf15eA79a2a6
2026-06-28 02:00:00 UTC,Jordan vs Argentina,FIFA World Cup ,Not Argentina,1X2,0.0,2026-06-25 03:19:52 UTC,0.0,1.1687,Yes,0xe2C68b7ef85645e47F9b94382c3Db59b046945a2
2026-06-25 20:00:00 UTC,Ecuador vs Germany,FIFA World Cup ,Ecuador,1X2,0.0,2026-06-25 03:19:48 UTC,0.0,1.1713,Yes,0x68E1818FF20BBe84F9be9E0A4A395FB11079Bd35
2026-06-26 02:00:00 UTC,Turkey vs USA,FIFA World Cup ,Turkey +0.5,Asian Handicap (0.5),62.0,2026-06-25 03:19:38 UTC,62.0,1.485,Yes,0x85488156a1675CE39D29f15418b1bf15eA79a2a6
2026-06-25 20:00:00 UTC,Ecuador vs Germany,FIFA World Cup ,Germany,1X2,198.0,2026-06-25 03:19:37 UTC,198.0,1.6387,Yes,0x5B3498Cb20C3107B5B267fabd3601B6425BDeb42
2026-06-26 02:00:00 UTC,Turkey vs USA,FIFA World Cup ,Not Turkey,1X2,7.0,2026-06-25 03:19:32 UTC,7.0,1.7375,Yes,0x8268feC8dCb0D284343054BDf2b649286c9aA0a1
2026-06-28 02:00:00 UTC,Jordan vs Argentina,FIFA World Cup ,Jordan +0.5,Asian Handicap (0.5),53.0,2026-06-25 03:19:14 UTC,53.0,1.1725,Yes,0xE4DD6165bFF7EE73D7932C3b478f7E22431e85E7
2026-06-25 23:00:00 UTC,Tunisia vs Netherlands,FIFA World Cup ,Tunisia +2.5,Asian Handicap (2.5),23.0,2026-06-25 03:19:14 UTC,23.0,1.4937,Yes,0xC88F614A48f8A705d7465b03aAF62ddaca0c3754
2026-06-28 02:00:00 UTC,Jordan vs Argentina,FIFA World Cup ,Jordan +1,Asian Handicap (1),50.0,2026-06-25 03:19:14 UTC,50.0,1.2212,Yes,0xe2C68b7ef85645e47F9b94382c3Db59b046945a2
2026-06-28 02:00:00 UTC,Jordan vs Argentina,FIFA World Cup ,Jordan +1,Asian Handicap (1),53.0,2026-06-25 03:19:13 UTC,53.0,1.2263,Yes,0xE4DD6165bFF7EE73D7932C3b478f7E22431e85E7
2026-06-25 20:00:00 UTC,Ecuador vs Germany,FIFA World Cup ,Not Germany,1X2,109.0,2026-06-25 03:19:13 UTC,109.0,1.355,Yes,0xE4DD6165bFF7EE73D7932C3b478f7E22431e85E7
2026-06-25 20:00:00 UTC,Ecuador vs Germany,FIFA World Cup ,Ecuador,1X2,144.0,2026-06-25 03:19:11 UTC,144.0,1.1725,Yes,0x68E1818FF20BBe84F9be9E0A4A395FB11079Bd35
2026-06-28 02:00:00 UTC,Jordan vs Argentina,FIFA World Cup ,Not Argentina,1X2,81.0,2026-06-25 03:19:11 UTC,81.0,1.17,Yes,0xE4DD6165bFF7EE73D7932C3b478f7E22431e85E7
2026-06-26 02:00:00 UTC,Turkey vs USA,FIFA World Cup ,Not USA,1X2,4748.0,2026-06-25 03:19:11 UTC,4748.0,1.485,Yes,0xF1e5c82790d22aa57B3ec4454818c8e886E9e439
2026-06-26 02:00:00 UTC,Turkey vs USA,FIFA World Cup ,Turkey +0.5,Asian Handicap (0.5),4748.0,2026-06-25 03:19:11 UTC,4748.0,1.485,Yes,0xF1e5c82790d22aa57B3ec4454818c8e886E9e439
2026-06-28 02:00:00 UTC,Jordan vs Argentina,FIFA World Cup ,Jordan +2.5,Asian Handicap (2.5),173.0,2026-06-25 03:19:11 UTC,173.0,1.635,Yes,0xE4DD6165bFF7EE73D7932C3b478f7E22431e85E7
2026-06-28 02:00:00 UTC,Algeria vs Austria,FIFA World Cup ,Algeria,1X2,80.0,2026-06-25 03:19:10 UTC,80.0,1.2388,Yes,0xE4DD6165bFF7EE73D7932C3b478f7E22431e85E7
2026-06-25 20:00:00 UTC,Curaçao vs Ivory Coast,FIFA World Cup ,Under 3.5,Under/Over (3.5),93.0,2026-06-25 03:17:45 UTC,93.0,1.5663,Yes,0x8268feC8dCb0D284343054BDf2b649286c9aA0a1
2026-06-25 23:00:00 UTC,Tunisia vs Netherlands,FIFA World Cup ,Not Tunisia,1X2,441.0,2026-06-25 03:17:44 UTC,441.0,1.965,Yes,0x68E1818FF20BBe84F9be9E0A4A395FB11079Bd35
2026-06-25 23:00:00 UTC,Japan vs Sweden,FIFA World Cup ,Sweden +0.5,Asian Handicap (-0.5),0.0,2026-06-25 03:17:36 UTC,0.0,1.4675,Yes,0x77B23094D6E48F735487DA7410DbEeE2Fc87A0c8
2026-06-25 23:00:00 UTC,Japan vs Sweden,FIFA World Cup ,Sweden +0.5,Asian Handicap (-0.5),38.0,2026-06-25 03:17:29 UTC,38.0,1.4688,Yes,0x85488156a1675CE39D29f15418b1bf15eA79a2a6
2026-06-25 20:00:00 UTC,Curaçao vs Ivory Coast,FIFA World Cup ,Not tie,1X2,260.0,2026-06-25 03:17:08 UTC,260.0,1.8862,Yes,0x68E1818FF20BBe84F9be9E0A4A395FB11079Bd35
2026-06-25 20:00:00 UTC,Ecuador vs Germany,FIFA World Cup ,Ecuador +2.5,Asian Handicap (2.5),502.0,2026-06-25 03:16:54 UTC,502.0,1.8125,Yes,0xE4DD6165bFF7EE73D7932C3b478f7E22431e85E7
2026-06-25 20:00:00 UTC,Ecuador vs Germany,FIFA World Cup ,Ecuador +1,Asian Handicap (1),165.0,2026-06-25 03:16:46 UTC,165.0,1.4963,Yes,0xE4DD6165bFF7EE73D7932C3b478f7E22431e85E7
2026-06-26 02:00:00 UTC,Turkey vs USA,FIFA World Cup ,USA -0.5,Asian Handicap (0.5),56.0,2026-06-25 03:16:28 UTC,56.0,1.5112,Yes,0x8268feC8dCb0D284343054BDf2b649286c9aA0a1
2026-06-25 20:00:00 UTC,Ecuador vs Germany,FIFA World Cup ,Germany,1X2,357.0,2026-06-25 03:16:02 UTC,357.0,1.6362,Yes,0x5B3498Cb20C3107B5B267fabd3601B6425BDeb42
2026-06-25 20:00:00 UTC,Curaçao vs Ivory Coast,FIFA World Cup ,Not Curaçao,1X2,49.0,2026-06-25 03:15:58 UTC,49.0,1.9475,Yes,0xE4DD6165bFF7EE73D7932C3b478f7E22431e85E7
2026-06-25 20:00:00 UTC,Curaçao vs Ivory Coast,FIFA World Cup ,Over 3.0,Under/Over (3),2.0,2026-06-25 03:15:54 UTC,2.0,1.5425,Yes,0x8268feC8dCb0D284343054BDf2b649286c9aA0a1
2026-06-27 03:00:00 UTC,Egypt vs Iran,FIFA World Cup ,Not Egypt,1X2,3.0,2026-06-25 03:15:51 UTC,3.0,1.6088,Yes,0xE4DD6165bFF7EE73D7932C3b478f7E22431e85E7
2026-06-25 23:00:00 UTC,Tunisia vs Netherlands,FIFA World Cup ,Tunisia +4.5,Asian Handicap (4.5),25.0,2026-06-25 03:15:30 UTC,25.0,1.8438,Yes,0xE4DD6165bFF7EE73D7932C3b478f7E22431e85E7
2026-06-25 20:00:00 UTC,Ecuador vs Germany,FIFA World Cup ,Germany,1X2,224.0,2026-06-25 03:15:21 UTC,224.0,1.635,Yes,0x5B3498Cb20C3107B5B267fabd3601B6425BDeb42
2026-06-25 20:00:00 UTC,Ecuador vs Germany,FIFA World Cup ,Germany 0,Asian Handicap (0),13.0,2026-06-25 03:14:45 UTC,13.0,1.7825,Yes,0xC88F614A48f8A705d7465b03aAF62ddaca0c3754
2026-06-25 23:00:00 UTC,Japan vs Sweden,FIFA World Cup ,Japan -0.5,Asian Handicap (-0.5),5.0,2026-06-25 03:14:43 UTC,5.0,1.5238,Yes,0xE4DD6165bFF7EE73D7932C3b478f7E22431e85E7
2026-06-25 20:00:00 UTC,Ecuador vs Germany,FIFA World Cup ,Not Germany,1X2,8.0,2026-06-25 03:14:42 UTC,8.0,1.355,Yes,0xE4DD6165bFF7EE73D7932C3b478f7E22431e85E7
2026-06-25 23:00:00 UTC,Japan vs Sweden,FIFA World Cup ,Not Sweden,1X2,17.0,2026-06-25 03:14:42 UTC,17.0,1.7887,Yes,0xE4DD6165bFF7EE73D7932C3b478f7E22431e85E7
2026-06-25 23:00:00 UTC,Japan vs Sweden,FIFA World Cup ,Japan,1X2,4.0,2026-06-25 03:14:40 UTC,4.0,1.5275,Yes,0xE4DD6165bFF7EE73D7932C3b478f7E22431e85E7
2026-06-25 23:00:00 UTC,Japan vs Sweden,FIFA World Cup ,Japan,1X2,2.0,2026-06-25 03:14:38 UTC,2.0,1.5275,Yes,0xE4DD6165bFF7EE73D7932C3b478f7E22431e85E7
2026-06-25 23:00:00 UTC,Japan vs Sweden,FIFA World Cup ,Japan -0.5,Asian Handicap (-0.5),5.0,2026-06-25 03:14:37 UTC,5.0,1.5225,Yes,0x8268feC8dCb0D284343054BDf2b649286c9aA0a1
2026-06-25 23:00:00 UTC,Japan vs Sweden,FIFA World Cup ,Japan,1X2,2.0,2026-06-25 03:14:35 UTC,2.0,1.5275,Yes,0xE4DD6165bFF7EE73D7932C3b478f7E22431e85E7
2026-06-25 20:00:00 UTC,Ecuador vs Germany,FIFA World Cup ,Ecuador -1,Asian Handicap (-1),0.0,2026-06-25 03:14:34 UTC,0.0,1.0588,Yes,0xE4DD6165bFF7EE73D7932C3b478f7E22431e85E7
2026-06-25 20:00:00 UTC,Ecuador vs Germany,FIFA World Cup ,Ecuador -1,Asian Handicap (-1),73.0,2026-06-25 03:14:26 UTC,73.0,1.0637,Yes,0xE4DD6165bFF7EE73D7932C3b478f7E22431e85E7
2026-06-25 23:00:00 UTC,Tunisia vs Netherlands,FIFA World Cup ,Netherlands -2.5,Asian Handicap (2.5),1.0,2026-06-25 03:14:08 UTC,1.0,1.5,Yes,0xE4DD6165bFF7EE73D7932C3b478f7E22431e85E7
2026-06-25 23:00:00 UTC,Tunisia vs Netherlands,FIFA World Cup ,Netherlands -2.5,Asian Handicap (2.5),1.0,2026-06-25 03:14:02 UTC,1.0,1.5,Yes,0xE4DD6165bFF7EE73D7932C3b478f7E22431e85E7
2026-06-25 23:00:00 UTC,Tunisia vs Netherlands,FIFA World Cup ,Over 3.5,Under/Over (3.5),0.0,2026-06-25 03:14:01 UTC,0.0,1.4688,Yes,0x8268feC8dCb0D284343054BDf2b649286c9aA0a1
2026-06-25 23:00:00 UTC,Tunisia vs Netherlands,FIFA World Cup ,Tunisia +4.5,Asian Handicap (4.5),290.0,2026-06-25 03:13:57 UTC,290.0,1.8475,Yes,0xE4DD6165bFF7EE73D7932C3b478f7E22431e85E7
2026-06-25 23:00:00 UTC,Japan vs Sweden,FIFA World Cup ,Sweden +0.5,Asian Handicap (-0.5),0.0,2026-06-25 03:13:48 UTC,0.0,1.4675,Yes,0x77B23094D6E48F735487DA7410DbEeE2Fc87A0c8
2026-06-26 02:00:00 UTC,Turkey vs USA,FIFA World Cup ,Turkey +0.5,Asian Handicap (0.5),0.0,2026-06-25 03:13:41 UTC,0.0,1.485,Yes,0xF1e5c82790d22aa57B3ec4454818c8e886E9e439
2026-06-26 02:00:00 UTC,Turkey vs USA,FIFA World Cup ,Not USA,1X2,0.0,2026-06-25 03:13:39 UTC,0.0,1.485,Yes,0xF1e5c82790d22aa57B3ec4454818c8e886E9e439
2026-06-26 02:00:00 UTC,Turkey vs USA,FIFA World Cup ,Not USA,1X2,0.0,2026-06-25 03:13:37 UTC,0.0,1.485,Yes,0xF1e5c82790d22aa57B3ec4454818c8e886E9e439
2026-06-26 02:00:00 UTC,Turkey vs USA,FIFA World Cup ,Turkey +0.5,Asian Handicap (0.5),0.0,2026-06-25 03:13:36 UTC,0.0,1.485,Yes,0xF1e5c82790d22aa57B3ec4454818c8e886E9e439
2026-06-25 23:00:00 UTC,Japan vs Sweden,FIFA World Cup ,Not Japan,1X2,31.0,2026-06-25 03:13:31 UTC,31.0,1.47,Yes,0x85488156a1675CE39D29f15418b1bf15eA79a2a6
2026-06-25 20:00:00 UTC,Ecuador vs Germany,FIFA World Cup ,Germany,1X2,117.0,2026-06-25 03:13:30 UTC,117.0,1.6362,Yes,0x8268feC8dCb0D284343054BDf2b649286c9aA0a1
2026-06-25 23:00:00 UTC,Japan vs Sweden,FIFA World Cup ,Sweden +0.5,Asian Handicap (-0.5),62.0,2026-06-25 03:13:29 UTC,62.0,1.4688,Yes,0x85488156a1675CE39D29f15418b1bf15eA79a2a6
2026-06-25 23:00:00 UTC,Japan vs Sweden,FIFA World Cup ,Japan,1X2,1.0,2026-06-25 03:13:28 UTC,1.0,1.5288,Yes,0x68E1818FF20BBe84F9be9E0A4A395FB11079Bd35
2026-06-25 23:00:00 UTC,Japan vs Sweden,FIFA World Cup ,Not Japan,1X2,31.0,2026-06-25 03:13:27 UTC,31.0,1.47,Yes,0x85488156a1675CE39D29f15418b1bf15eA79a2a6
2026-06-25 23:00:00 UTC,Japan vs Sweden,FIFA World Cup ,Japan,1X2,1.0,2026-06-25 03:13:21 UTC,1.0,1.5288,Yes,0x68E1818FF20BBe84F9be9E0A4A395FB11079Bd35
2026-06-25 23:00:00 UTC,Tunisia vs Netherlands,FIFA World Cup ,Over 3.5,Under/Over (3.5),0.0,2026-06-25 03:13:20 UTC,0.0,1.4712,Yes,0xE4DD6165bFF7EE73D7932C3b478f7E22431e85E7
2026-06-25 20:00:00 UTC,Ecuador vs Germany,FIFA World Cup ,Ecuador +2.5,Asian Handicap (2.5),251.0,2026-06-25 03:13:15 UTC,251.0,1.8125,Yes,0xE4DD6165bFF7EE73D7932C3b478f7E22431e85E7
2026-06-26 19:00:00 UTC,Norway vs France,FIFA World Cup ,France,1X2,1.0,2026-06-25 03:13:01 UTC,1.0,1.5875,Yes,0xE4DD6165bFF7EE73D7932C3b478f7E22431e85E7
2026-06-25 20:00:00 UTC,Ecuador vs Germany,FIFA World Cup ,Ecuador 0,Asian Handicap (0),49.0,2026-06-25 03:12:54 UTC,49.0,1.215,Yes,0x85488156a1675CE39D29f15418b1bf15eA79a2a6
2026-06-25 20:00:00 UTC,Curaçao vs Ivory Coast,FIFA World Cup ,Over 3.0,Under/Over (3),1.0,2026-06-25 03:12:47 UTC,1.0,1.5425,Yes,0xE4DD6165bFF7EE73D7932C3b478f7E22431e85E7
2026-06-25 23:00:00 UTC,Japan vs Sweden,FIFA World Cup ,Not Japan,1X2,0.0,2026-06-25 03:12:45 UTC,0.0,1.4675,Yes,0x85488156a1675CE39D29f15418b1bf15eA79a2a6
2026-06-25 23:00:00 UTC,Japan vs Sweden,FIFA World Cup ,Sweden +0.5,Asian Handicap (-0.5),0.0,2026-06-25 03:12:42 UTC,0.0,1.4675,Yes,0x77B23094D6E48F735487DA7410DbEeE2Fc87A0c8
2026-06-26 02:00:00 UTC,Turkey vs USA,FIFA World Cup ,Not USA,1X2,4526.0,2026-06-25 03:12:41 UTC,4526.0,1.4875,Yes,0xF1e5c82790d22aa57B3ec4454818c8e886E9e439
2026-06-26 02:00:00 UTC,Turkey vs USA,FIFA World Cup ,Turkey +0.5,Asian Handicap (0.5),4526.0,2026-06-25 03:12:41 UTC,4526.0,1.4875,Yes,0xF1e5c82790d22aa57B3ec4454818c8e886E9e439
2026-06-25 23:00:00 UTC,Tunisia vs Netherlands,FIFA World Cup ,Tunisia +2.5,Asian Handicap (2.5),0.0,2026-06-25 03:12:39 UTC,0.0,1.4937,Yes,0xC88F614A48f8A705d7465b03aAF62ddaca0c3754
2026-06-26 02:00:00 UTC,Turkey vs USA,FIFA World Cup ,Not USA,1X2,1535.0,2026-06-25 03:12:39 UTC,1535.0,1.485,Yes,0xF1e5c82790d22aa57B3ec4454818c8e886E9e439
2026-06-26 02:00:00 UTC,Turkey vs USA,FIFA World Cup ,Turkey +0.5,Asian Handicap (0.5),1535.0,2026-06-25 03:12:39 UTC,1535.0,1.485,Yes,0xF1e5c82790d22aa57B3ec4454818c8e886E9e439
2026-06-25 23:00:00 UTC,Japan vs Sweden,FIFA World Cup ,Sweden,1X2,0.0,2026-06-25 03:12:38 UTC,0.0,1.2025,Yes,0x8268feC8dCb0D284343054BDf2b649286c9aA0a1
2026-06-25 23:00:00 UTC,Japan vs Sweden,FIFA World Cup ,Over 2.0,Under/Over (2),161.0,2026-06-25 03:12:36 UTC,161.0,1.7212,Yes,0xE4DD6165bFF7EE73D7932C3b478f7E22431e85E7
2026-06-25 20:00:00 UTC,Ecuador vs Germany,FIFA World Cup ,Germany,1X2,4634.0,2026-06-25 03:12:36 UTC,4634.0,1.6325,Yes,0x8268feC8dCb0D284343054BDf2b649286c9aA0a1
2026-06-25 23:00:00 UTC,Japan vs Sweden,FIFA World Cup ,Sweden +0.5,Asian Handicap (-0.5),0.0,2026-06-25 03:12:36 UTC,0.0,1.4675,Yes,0x77B23094D6E48F735487DA7410DbEeE2Fc87A0c8
2026-06-25 20:00:00 UTC,Ecuador vs Germany,FIFA World Cup ,Ecuador 0,Asian Handicap (0),0.0,2026-06-25 03:12:34 UTC,0.0,1.215,Yes,0x85488156a1675CE39D29f15418b1bf15eA79a2a6
2026-06-25 23:00:00 UTC,Japan vs Sweden,FIFA World Cup ,Under 3.0,Under/Over (3),621.0,2026-06-25 03:12:14 UTC,621.0,1.5787,Yes,0xE4DD6165bFF7EE73D7932C3b478f7E22431e85E7
2026-06-25 23:00:00 UTC,Japan vs Sweden,FIFA World Cup ,Not Japan,1X2,10.0,2026-06-25 03:12:14 UTC,10.0,1.47,Yes,0x90555F35378305Ad562A29916D311a0e1C741A32
2026-06-25 23:00:00 UTC,Japan vs Sweden,FIFA World Cup ,Sweden +1,Asian Handicap (-1),264.0,2026-06-25 03:12:14 UTC,264.0,1.6187,Yes,0xE4DD6165bFF7EE73D7932C3b478f7E22431e85E7
2026-06-25 20:00:00 UTC,Ecuador vs Germany,FIFA World Cup ,Over 1.5,Under/Over (1.5),292.0,2026-06-25 03:12:13 UTC,292.0,1.785,Yes,0x8268feC8dCb0D284343054BDf2b649286c9aA0a1
2026-06-25 23:00:00 UTC,Japan vs Sweden,FIFA World Cup ,Sweden +0.5,Asian Handicap (-0.5),0.0,2026-06-25 03:12:13 UTC,0.0,1.4688,Yes,0x85488156a1675CE39D29f15418b1bf15eA79a2a6
2026-06-25 23:00:00 UTC,Tunisia vs Netherlands,FIFA World Cup ,Tunisia +2.5,Asian Handicap (2.5),24.0,2026-06-25 03:12:12 UTC,24.0,1.4937,Yes,0xC88F614A48f8A705d7465b03aAF62ddaca0c3754
2026-06-25 23:00:00 UTC,Japan vs Sweden,FIFA World Cup ,Sweden,1X2,62.0,2026-06-25 03:12:12 UTC,62.0,1.205,Yes,0x85488156a1675CE39D29f15418b1bf15eA79a2a6
2026-06-25 23:00:00 UTC,Japan vs Sweden,FIFA World Cup ,Sweden +0.5,Asian Handicap (-0.5),62.0,2026-06-25 03:12:12 UTC,62.0,1.4688,Yes,0x85488156a1675CE39D29f15418b1bf15eA79a2a6
2026-06-25 20:00:00 UTC,Ecuador vs Germany,FIFA World Cup ,Ecuador 0,Asian Handicap (0),124.0,2026-06-25 03:12:00 UTC,124.0,1.2175,Yes,0xE4DD6165bFF7EE73D7932C3b478f7E22431e85E7
2026-06-25 20:00:00 UTC,Ecuador vs Germany,FIFA World Cup ,Ecuador +1,Asian Handicap (1),170.0,2026-06-25 03:11:59 UTC,170.0,1.4963,Yes,0xE4DD6165bFF7EE73D7932C3b478f7E22431e85E7
2026-06-25 20:00:00 UTC,Ecuador vs Germany,FIFA World Cup ,Not Germany,1X2,99.0,2026-06-25 03:11:57 UTC,99.0,1.3625,Yes,0xe2C68b7ef85645e47F9b94382c3Db59b046945a2
2026-06-25 20:00:00 UTC,Ecuador vs Germany,FIFA World Cup ,Not Germany,1X2,84.0,2026-06-25 03:11:55 UTC,84.0,1.3638,Yes,0xE4DD6165bFF7EE73D7932C3b478f7E22431e85E7
2026-06-25 20:00:00 UTC,Ecuador vs Germany,FIFA World Cup ,Not Germany,1X2,142.0,2026-06-25 03:11:54 UTC,142.0,1.3638,Yes,0xE4DD6165bFF7EE73D7932C3b478f7E22431e85E7
2026-06-25 20:00:00 UTC,Curaçao vs Ivory Coast,FIFA World Cup ,Over 4.5,Under/Over (4.5),11.0,2026-06-25 03:11:29 UTC,11.0,1.2375,Yes,0xC88F614A48f8A705d7465b03aAF62ddaca0c3754
2026-06-25 20:00:00 UTC,Curaçao vs Ivory Coast,FIFA World Cup ,Over 6.5,Under/Over (6.5),0.0,2026-06-25 03:11:28 UTC,0.0,1.0475,Yes,0xE4DD6165bFF7EE73D7932C3b478f7E22431e85E7
2026-06-25 23:00:00 UTC,Japan vs Sweden,FIFA World Cup ,Japan,1X2,2.0,2026-06-25 03:11:26 UTC,2.0,1.525,Yes,0x68E1818FF20BBe84F9be9E0A4A395FB11079Bd35
2026-06-25 20:00:00 UTC,Ecuador vs Germany,FIFA World Cup ,Germany,1X2,3795.0,2026-06-25 03:11:21 UTC,3795.0,1.6262,Yes,0x8268feC8dCb0D284343054BDf2b649286c9aA0a1
2026-06-25 20:00:00 UTC,Ecuador vs Germany,FIFA World Cup ,Germany,1X2,586.0,2026-06-25 03:11:13 UTC,586.0,1.6262,Yes,0x8268feC8dCb0D284343054BDf2b649286c9aA0a1
2026-06-25 20:00:00 UTC,Ecuador vs Germany,FIFA World Cup ,Ecuador +1.5,Asian Handicap (1.5),544.0,2026-06-25 03:10:46 UTC,544.0,1.6325,Yes,0xE4DD6165bFF7EE73D7932C3b478f7E22431e85E7
2026-06-25 20:00:00 UTC,Ecuador vs Germany,FIFA World Cup ,Ecuador +0.5,Asian Handicap (0.5),293.0,2026-06-25 03:10:46 UTC,293.0,1.3675,Yes,0xE4DD6165bFF7EE73D7932C3b478f7E22431e85E7
2026-06-25 20:00:00 UTC,Ecuador vs Germany,FIFA World Cup ,Ecuador +2.5,Asian Handicap (2.5),13.0,2026-06-25 03:10:01 UTC,13.0,1.8113,Yes,0x8268feC8dCb0D284343054BDf2b649286c9aA0a1
2026-06-25 23:00:00 UTC,Japan vs Sweden,FIFA World Cup ,Not Japan,1X2,24.0,2026-06-25 03:09:42 UTC,24.0,1.47,Yes,0x85488156a1675CE39D29f15418b1bf15eA79a2a6
2026-06-25 20:00:00 UTC,Curaçao vs Ivory Coast,FIFA World Cup ,Under 2.5,Under/Over (2.5),246.0,2026-06-25 03:09:16 UTC,246.0,1.3513,Yes,0xE4DD6165bFF7EE73D7932C3b478f7E22431e85E7
2026-06-25 20:00:00 UTC,Curaçao vs Ivory Coast,FIFA World Cup ,Under 3.0,Under/Over (3),118.0,2026-06-25 03:09:15 UTC,118.0,1.4525,Yes,0xE4DD6165bFF7EE73D7932C3b478f7E22431e85E7
2026-06-25 20:00:00 UTC,Ecuador vs Germany,FIFA World Cup ,Not Ecuador,1X2,517.0,2026-06-25 03:08:57 UTC,517.0,1.8125,Yes,0xE4DD6165bFF7EE73D7932C3b478f7E22431e85E7
2026-06-26 02:00:00 UTC,Turkey vs USA,FIFA World Cup ,USA -1.5,Asian Handicap (1.5),0.0,2026-06-25 03:08:52 UTC,0.0,1.2775,Yes,0x8268feC8dCb0D284343054BDf2b649286c9aA0a1
2026-06-25 20:00:00 UTC,Ecuador vs Germany,FIFA World Cup ,Under 5.5,Under/Over (5.5),979.0,2026-06-25 03:08:43 UTC,979.0,1.9137,Yes,0xE4DD6165bFF7EE73D7932C3b478f7E22431e85E7
2026-06-25 20:00:00 UTC,Curaçao vs Ivory Coast,FIFA World Cup ,Under 6.5,Under/Over (6.5),34.0,2026-06-25 03:08:20 UTC,34.0,1.9175,Yes,0x85488156a1675CE39D29f15418b1bf15eA79a2a6
2026-06-25 20:00:00 UTC,Ecuador vs Germany,FIFA World Cup ,Not Ecuador,1X2,0.0,2026-06-25 03:08:20 UTC,0.0,1.815,Yes,0x68E1818FF20BBe84F9be9E0A4A395FB11079Bd35
2026-06-25 20:00:00 UTC,Curaçao vs Ivory Coast,FIFA World Cup ,Under 6.5,Under/Over (6.5),44.0,2026-06-25 03:08:19 UTC,44.0,1.9363,Yes,0x740d5718a79A8559fEeE8B00922F8Cd773A81D84
2026-06-25 20:00:00 UTC,Ecuador vs Germany,FIFA World Cup ,Not Ecuador,1X2,763.0,2026-06-25 03:08:19 UTC,763.0,1.815,Yes,0x68E1818FF20BBe84F9be9E0A4A395FB11079Bd35
2026-06-25 20:00:00 UTC,Ecuador vs Germany,FIFA World Cup ,Not Ecuador,1X2,586.0,2026-06-25 03:08:19 UTC,586.0,1.8163,Yes,0x68E1818FF20BBe84F9be9E0A4A395FB11079Bd35
2026-06-25 20:00:00 UTC,Curaçao vs Ivory Coast,FIFA World Cup ,Under 6.5,Under/Over (6.5),44.0,2026-06-25 03:08:17 UTC,44.0,1.9363,Yes,0x740d5718a79A8559fEeE8B00922F8Cd773A81D84
2026-06-25 20:00:00 UTC,Curaçao vs Ivory Coast,FIFA World Cup ,Under 6.5,Under/Over (6.5),44.0,2026-06-25 03:08:14 UTC,44.0,1.9363,Yes,0x740d5718a79A8559fEeE8B00922F8Cd773A81D84
2026-06-26 02:00:00 UTC,Paraguay vs Australia,FIFA World Cup ,Over 0.5,Under/Over (0.5),11.0,2026-06-25 03:08:12 UTC,11.0,1.7937,Yes,0x8268feC8dCb0D284343054BDf2b649286c9aA0a1
2026-06-26 02:00:00 UTC,Paraguay vs Australia,FIFA World Cup ,Over 1.5,Under/Over (1.5),3.0,2026-06-25 03:08:11 UTC,3.0,1.5663,Yes,0xC88F614A48f8A705d7465b03aAF62ddaca0c3754
2026-06-26 02:00:00 UTC,Paraguay vs Australia,FIFA World Cup ,Over 2.5,Under/Over (2.5),1.0,2026-06-25 03:08:09 UTC,1.0,1.2825,Yes,0x8268feC8dCb0D284343054BDf2b649286c9aA0a1
2026-06-26 02:00:00 UTC,Paraguay vs Australia,FIFA World Cup ,Paraguay -1.5,Asian Handicap (-1.5),0.0,2026-06-25 03:08:08 UTC,0.0,1.1138,Yes,0x8268feC8dCb0D284343054BDf2b649286c9aA0a1
2026-06-25 20:00:00 UTC,Curaçao vs Ivory Coast,FIFA World Cup ,Under 6.5,Under/Over (6.5),45.0,2026-06-25 03:08:06 UTC,45.0,1.9375,Yes,0xE4DD6165bFF7EE73D7932C3b478f7E22431e85E7
2026-06-25 23:00:00 UTC,Japan vs Sweden,FIFA World Cup ,Japan,1X2,784.0,2026-06-25 03:08:04 UTC,784.0,1.525,Yes,0x68E1818FF20BBe84F9be9E0A4A395FB11079Bd35
2026-06-26 02:00:00 UTC,Paraguay vs Australia,FIFA World Cup ,Over 0.5,Under/Over (0.5),10.0,2026-06-25 03:08:04 UTC,10.0,1.7937,Yes,0x8268feC8dCb0D284343054BDf2b649286c9aA0a1
2026-06-26 02:00:00 UTC,Paraguay vs Australia,FIFA World Cup ,Over 1.5,Under/Over (1.5),3.0,2026-06-25 03:08:03 UTC,3.0,1.5663,Yes,0xC88F614A48f8A705d7465b03aAF62ddaca0c3754
2026-06-26 02:00:00 UTC,Paraguay vs Australia,FIFA World Cup ,Over 2.5,Under/Over (2.5),1.0,2026-06-25 03:08:01 UTC,1.0,1.2825,Yes,0x8268feC8dCb0D284343054BDf2b649286c9aA0a1
2026-06-25 20:00:00 UTC,Curaçao vs Ivory Coast,FIFA World Cup ,Curaçao +4.5,Asian Handicap (4.5),18.0,2026-06-25 03:07:59 UTC,18.0,1.8613,Yes,0xe2C68b7ef85645e47F9b94382c3Db59b046945a2
2026-06-25 20:00:00 UTC,Ecuador vs Germany,FIFA World Cup ,Germany 0,Asian Handicap (0),12.0,2026-06-25 03:07:58 UTC,12.0,1.7637,Yes,0xC88F614A48f8A705d7465b03aAF62ddaca0c3754
2026-06-25 20:00:00 UTC,Ecuador vs Germany,FIFA World Cup ,Germany,1X2,2.0,2026-06-25 03:07:55 UTC,2.0,1.625,Yes,0x5B3498Cb20C3107B5B267fabd3601B6425BDeb42
2026-06-25 20:00:00 UTC,Ecuador vs Germany,FIFA World Cup ,Germany -0.5,Asian Handicap (0.5),6.0,2026-06-25 03:07:54 UTC,6.0,1.6162,Yes,0xE4DD6165bFF7EE73D7932C3b478f7E22431e85E7
2026-06-25 20:00:00 UTC,Ecuador vs Germany,FIFA World Cup ,Germany,1X2,60.0,2026-06-25 03:07:52 UTC,60.0,1.6262,Yes,0x5B3498Cb20C3107B5B267fabd3601B6425BDeb42
2026-06-25 20:00:00 UTC,Ecuador vs Germany,FIFA World Cup ,Germany,1X2,3.0,2026-06-25 03:07:52 UTC,3.0,1.6238,Yes,0x68E1818FF20BBe84F9be9E0A4A395FB11079Bd35
2026-06-25 20:00:00 UTC,Ecuador vs Germany,FIFA World Cup ,Germany +0.5,Asian Handicap (-0.5),15.0,2026-06-25 03:07:50 UTC,15.0,1.8,Yes,0xe2C68b7ef85645e47F9b94382c3Db59b046945a2
2026-06-25 20:00:00 UTC,Ecuador vs Germany,FIFA World Cup ,Not Ecuador,1X2,16.0,2026-06-25 03:07:49 UTC,16.0,1.815,Yes,0x68E1818FF20BBe84F9be9E0A4A395FB11079Bd35
2026-06-26 02:00:00 UTC,Turkey vs USA,FIFA World Cup ,Not Turkey,1X2,12.0,2026-06-25 03:07:47 UTC,12.0,1.7375,Yes,0x8268feC8dCb0D284343054BDf2b649286c9aA0a1
2026-06-26 02:00:00 UTC,Turkey vs USA,FIFA World Cup ,USA +0.5,Asian Handicap (-0.5),12.0,2026-06-25 03:07:46 UTC,12.0,1.7325,Yes,0xE4DD6165bFF7EE73D7932C3b478f7E22431e85E7
2026-06-26 02:00:00 UTC,Turkey vs USA,FIFA World Cup ,USA,1X2,4.0,2026-06-25 03:07:44 UTC,4.0,1.5063,Yes,0x8268feC8dCb0D284343054BDf2b649286c9aA0a1
2026-06-25 20:00:00 UTC,Ecuador vs Germany,FIFA World Cup ,Not Ecuador,1X2,0.0,2026-06-25 03:07:29 UTC,0.0,1.8175,Yes,0x68E1818FF20BBe84F9be9E0A4A395FB11079Bd35
2026-06-25 20:00:00 UTC,Ecuador vs Germany,FIFA World Cup ,Not Ecuador,1X2,734.0,2026-06-25 03:07:28 UTC,734.0,1.8175,Yes,0x68E1818FF20BBe84F9be9E0A4A395FB11079Bd35
2026-06-26 02:00:00 UTC,Turkey vs USA,FIFA World Cup ,Turkey +1,Asian Handicap (1),207.0,2026-06-25 03:07:24 UTC,207.0,1.6288,Yes,0xE4DD6165bFF7EE73D7932C3b478f7E22431e85E7
2026-06-26 02:00:00 UTC,Paraguay vs Australia,FIFA World Cup ,Under 2.0,Under/Over (2),0.0,2026-06-25 03:07:06 UTC,0.0,1.4875,Yes,0xF1e5c82790d22aa57B3ec4454818c8e886E9e439
2026-06-26 02:00:00 UTC,Paraguay vs Australia,FIFA World Cup ,Under 1.5,Under/Over (1.5),0.0,2026-06-25 03:07:06 UTC,0.0,1.4875,Yes,0xF1e5c82790d22aa57B3ec4454818c8e886E9e439
2026-06-25 23:00:00 UTC,Japan vs Sweden,FIFA World Cup ,Japan,1X2,193.0,2026-06-25 03:07:02 UTC,193.0,1.5263,Yes,0x8268feC8dCb0D284343054BDf2b649286c9aA0a1
2026-06-26 02:00:00 UTC,Paraguay vs Australia,FIFA World Cup ,Under 2.0,Under/Over (2),0.0,2026-06-25 03:07:02 UTC,0.0,1.4875,Yes,0xF1e5c82790d22aa57B3ec4454818c8e886E9e439
2026-06-26 02:00:00 UTC,Paraguay vs Australia,FIFA World Cup ,Under 1.5,Under/Over (1.5),0.0,2026-06-25 03:07:01 UTC,0.0,1.4875,Yes,0xF1e5c82790d22aa57B3ec4454818c8e886E9e439
2026-06-25 23:00:00 UTC,Japan vs Sweden,FIFA World Cup ,Sweden +1,Asian Handicap (-1),1.0,2026-06-25 03:06:49 UTC,1.0,1.62,Yes,0x8268feC8dCb0D284343054BDf2b649286c9aA0a1
2026-06-25 20:00:00 UTC,Ecuador vs Germany,FIFA World Cup ,Not Ecuador,1X2,708.0,2026-06-25 03:06:44 UTC,708.0,1.8175,Yes,0x68E1818FF20BBe84F9be9E0A4A395FB11079Bd35
2026-06-25 20:00:00 UTC,Ecuador vs Germany,FIFA World Cup ,Germany,1X2,33.0,2026-06-25 03:06:32 UTC,33.0,1.6288,Yes,0x5B3498Cb20C3107B5B267fabd3601B6425BDeb42
2026-06-25 20:00:00 UTC,Ecuador vs Germany,FIFA World Cup ,Not Ecuador,1X2,0.0,2026-06-25 03:06:29 UTC,0.0,1.8188,Yes,0x68E1818FF20BBe84F9be9E0A4A395FB11079Bd35
2026-06-25 20:00:00 UTC,Ecuador vs Germany,FIFA World Cup ,Not tie,1X2,48.0,2026-06-25 03:06:29 UTC,48.0,1.81,Yes,0x740d5718a79A8559fEeE8B00922F8Cd773A81D84
2026-06-25 20:00:00 UTC,Ecuador vs Germany,FIFA World Cup ,Not Ecuador,1X2,696.0,2026-06-25 03:06:28 UTC,696.0,1.8188,Yes,0x68E1818FF20BBe84F9be9E0A4A395FB11079Bd35
2026-06-25 23:00:00 UTC,Japan vs Sweden,FIFA World Cup ,Sweden +1,Asian Handicap (-1),30.0,2026-06-25 03:06:17 UTC,30.0,1.6212,Yes,0xC88F614A48f8A705d7465b03aAF62ddaca0c3754
2026-06-25 20:00:00 UTC,Ecuador vs Germany,FIFA World Cup ,Ecuador +2.5,Asian Handicap (2.5),488.0,2026-06-25 03:06:11 UTC,488.0,1.8137,Yes,0xE4DD6165bFF7EE73D7932C3b478f7E22431e85E7
2026-06-25 20:00:00 UTC,Ecuador vs Germany,FIFA World Cup ,Germany,1X2,837.0,2026-06-25 03:06:00 UTC,837.0,1.6313,Yes,0x68E1818FF20BBe84F9be9E0A4A395FB11079Bd35
2026-06-25 20:00:00 UTC,Ecuador vs Germany,FIFA World Cup ,Germany,1X2,649.0,2026-06-25 03:05:58 UTC,649.0,1.6313,Yes,0x68E1818FF20BBe84F9be9E0A4A395FB11079Bd35
2026-06-26 02:00:00 UTC,Turkey vs USA,FIFA World Cup ,USA -0.5,Asian Handicap (0.5),4.0,2026-06-25 03:05:42 UTC,4.0,1.4988,Yes,0xC88F614A48f8A705d7465b03aAF62ddaca0c3754
2026-06-25 20:00:00 UTC,Curaçao vs Ivory Coast,FIFA World Cup ,Not tie,1X2,7.0,2026-06-25 03:05:35 UTC,7.0,1.8862,Yes,0x68E1818FF20BBe84F9be9E0A4A395FB11079Bd35
2026-06-25 23:00:00 UTC,Japan vs Sweden,FIFA World Cup ,Sweden +1,Asian Handicap (-1),30.0,2026-06-25 03:05:10 UTC,30.0,1.6225,Yes,0xC88F614A48f8A705d7465b03aAF62ddaca0c3754
2026-06-25 20:00:00 UTC,Ecuador vs Germany,FIFA World Cup ,Germany,1X2,544.0,2026-06-25 03:05:08 UTC,544.0,1.635,Yes,0x68E1818FF20BBe84F9be9E0A4A395FB11079Bd35
2026-06-25 20:00:00 UTC,Ecuador vs Germany,FIFA World Cup ,Ecuador,1X2,0.0,2026-06-25 03:05:06 UTC,0.0,1.175,Yes,0xE4DD6165bFF7EE73D7932C3b478f7E22431e85E7
2026-06-26 02:00:00 UTC,Turkey vs USA,FIFA World Cup ,Turkey +1,Asian Handicap (1),31.0,2026-06-25 03:04:54 UTC,31.0,1.6338,Yes,0xC88F614A48f8A705d7465b03aAF62ddaca0c3754
2026-06-25 20:00:00 UTC,Ecuador vs Germany,FIFA World Cup ,Germany,1X2,715.0,2026-06-25 03:04:54 UTC,715.0,1.6288,Yes,0x5B3498Cb20C3107B5B267fabd3601B6425BDeb42
2026-06-25 20:00:00 UTC,Ecuador vs Germany,FIFA World Cup ,Not Germany,1X2,0.0,2026-06-25 03:04:48 UTC,0.0,1.3613,Yes,0x68E1818FF20BBe84F9be9E0A4A395FB11079Bd35
2026-06-25 20:00:00 UTC,Ecuador vs Germany,FIFA World Cup ,Ecuador,1X2,0.0,2026-06-25 03:04:46 UTC,0.0,1.1787,Yes,0xE4DD6165bFF7EE73D7932C3b478f7E22431e85E7
2026-06-25 20:00:00 UTC,Ecuador vs Germany,FIFA World Cup ,Germany,1X2,1113.0,2026-06-25 03:04:44 UTC,1113.0,1.6275,Yes,0x68E1818FF20BBe84F9be9E0A4A395FB11079Bd35
2026-06-26 02:00:00 UTC,Turkey vs USA,FIFA World Cup ,Not USA,1X2,0.0,2026-06-25 03:04:42 UTC,0.0,1.4875,Yes,0xE4DD6165bFF7EE73D7932C3b478f7E22431e85E7
2026-06-26 02:00:00 UTC,Turkey vs USA,FIFA World Cup ,Not USA,1X2,0.0,2026-06-25 03:04:40 UTC,0.0,1.4888,Yes,0xE4DD6165bFF7EE73D7932C3b478f7E22431e85E7
2026-06-26 02:00:00 UTC,Turkey vs USA,FIFA World Cup ,Not USA,1X2,46.0,2026-06-25 03:04:40 UTC,46.0,1.4888,Yes,0xE4DD6165bFF7EE73D7932C3b478f7E22431e85E7
2026-06-26 02:00:00 UTC,Turkey vs USA,FIFA World Cup ,Turkey +0.5,Asian Handicap (0.5),120.0,2026-06-25 03:04:40 UTC,120.0,1.4888,Yes,0xE4DD6165bFF7EE73D7932C3b478f7E22431e85E7
2026-06-26 02:00:00 UTC,Turkey vs USA,FIFA World Cup ,Not USA,1X2,120.0,2026-06-25 03:04:39 UTC,120.0,1.4888,Yes,0xE4DD6165bFF7EE73D7932C3b478f7E22431e85E7
2026-06-26 02:00:00 UTC,Turkey vs USA,FIFA World Cup ,Turkey +1,Asian Handicap (1),29.0,2026-06-25 03:04:37 UTC,29.0,1.6338,Yes,0xC88F614A48f8A705d7465b03aAF62ddaca0c3754
2026-06-25 23:00:00 UTC,Japan vs Sweden,FIFA World Cup ,Sweden +1,Asian Handicap (-1),1.0,2026-06-25 03:04:35 UTC,1.0,1.62,Yes,0xC88F614A48f8A705d7465b03aAF62ddaca0c3754
2026-06-26 02:00:00 UTC,Turkey vs USA,FIFA World Cup ,Not USA,1X2,141.0,2026-06-25 03:04:34 UTC,141.0,1.49,Yes,0xF1e5c82790d22aa57B3ec4454818c8e886E9e439
2026-06-26 02:00:00 UTC,Turkey vs USA,FIFA World Cup ,Not USA,1X2,0.0,2026-06-25 03:04:33 UTC,0.0,1.49,Yes,0xF1e5c82790d22aa57B3ec4454818c8e886E9e439
2026-06-26 02:00:00 UTC,Turkey vs USA,FIFA World Cup ,Turkey +0.5,Asian Handicap (0.5),141.0,2026-06-25 03:04:33 UTC,141.0,1.49,Yes,0xF1e5c82790d22aa57B3ec4454818c8e886E9e439
2026-06-26 02:00:00 UTC,Turkey vs USA,FIFA World Cup ,Turkey +0.5,Asian Handicap (0.5),947.0,2026-06-25 03:04:32 UTC,947.0,1.49,Yes,0xF1e5c82790d22aa57B3ec4454818c8e886E9e439
2026-06-25 20:00:00 UTC,Ecuador vs Germany,FIFA World Cup ,Not Germany,1X2,0.0,2026-06-25 03:04:31 UTC,0.0,1.355,Yes,0xE4DD6165bFF7EE73D7932C3b478f7E22431e85E7
2026-06-26 02:00:00 UTC,Turkey vs USA,FIFA World Cup ,Not USA,1X2,947.0,2026-06-25 03:04:31 UTC,947.0,1.49,Yes,0xF1e5c82790d22aa57B3ec4454818c8e886E9e439
2026-06-26 02:00:00 UTC,Turkey vs USA,FIFA World Cup ,Not USA,1X2,541.0,2026-06-25 03:04:30 UTC,541.0,1.49,Yes,0xF1e5c82790d22aa57B3ec4454818c8e886E9e439
2026-06-26 02:00:00 UTC,Turkey vs USA,FIFA World Cup ,Turkey +0.5,Asian Handicap (0.5),0.0,2026-06-25 03:04:30 UTC,0.0,1.49,Yes,0xF1e5c82790d22aa57B3ec4454818c8e886E9e439
2026-06-26 02:00:00 UTC,Turkey vs USA,FIFA World Cup ,Turkey +0.5,Asian Handicap (0.5),541.0,2026-06-25 03:04:30 UTC,541.0,1.49,Yes,0xF1e5c82790d22aa57B3ec4454818c8e886E9e439
2026-06-26 02:00:00 UTC,Turkey vs USA,FIFA World Cup ,Not USA,1X2,315.0,2026-06-25 03:04:29 UTC,315.0,1.49,Yes,0xF1e5c82790d22aa57B3ec4454818c8e886E9e439
2026-06-25 20:00:00 UTC,Ecuador vs Germany,FIFA World Cup ,Ecuador,1X2,0.0,2026-06-25 03:04:28 UTC,0.0,1.1787,Yes,0x68E1818FF20BBe84F9be9E0A4A395FB11079Bd35
2026-06-26 02:00:00 UTC,Turkey vs USA,FIFA World Cup ,Turkey +0.5,Asian Handicap (0.5),315.0,2026-06-25 03:04:28 UTC,315.0,1.49,Yes,0xF1e5c82790d22aa57B3ec4454818c8e886E9e439
2026-06-26 02:00:00 UTC,Turkey vs USA,FIFA World Cup ,Not USA,1X2,330.0,2026-06-25 03:04:27 UTC,330.0,1.49,Yes,0xF1e5c82790d22aa57B3ec4454818c8e886E9e439
2026-06-26 02:00:00 UTC,Turkey vs USA,FIFA World Cup ,Turkey +0.5,Asian Handicap (0.5),330.0,2026-06-25 03:04:27 UTC,330.0,1.49,Yes,0xF1e5c82790d22aa57B3ec4454818c8e886E9e439
2026-06-25 20:00:00 UTC,Ecuador vs Germany,FIFA World Cup ,Ecuador 0,Asian Handicap (0),0.0,2026-06-25 03:04:25 UTC,0.0,1.2163,Yes,0xe2C68b7ef85645e47F9b94382c3Db59b046945a2
2026-06-26 02:00:00 UTC,Turkey vs USA,FIFA World Cup ,Not USA,1X2,1019.0,2026-06-25 03:04:25 UTC,1019.0,1.49,Yes,0xF1e5c82790d22aa57B3ec4454818c8e886E9e439
2026-06-26 02:00:00 UTC,Turkey vs USA,FIFA World Cup ,Turkey +0.5,Asian Handicap (0.5),1019.0,2026-06-25 03:04:25 UTC,1019.0,1.49,Yes,0xF1e5c82790d22aa57B3ec4454818c8e886E9e439
2026-06-25 20:00:00 UTC,Ecuador vs Germany,FIFA World Cup ,Ecuador,1X2,0.0,2026-06-25 03:04:24 UTC,0.0,1.1787,Yes,0x68E1818FF20BBe84F9be9E0A4A395FB11079Bd35
2026-06-26 02:00:00 UTC,Turkey vs USA,FIFA World Cup ,Not USA,1X2,1254.0,2026-06-25 03:04:24 UTC,1254.0,1.49,Yes,0xF1e5c82790d22aa57B3ec4454818c8e886E9e439
2026-06-26 02:00:00 UTC,Turkey vs USA,FIFA World Cup ,Turkey +0.5,Asian Handicap (0.5),1254.0,2026-06-25 03:04:24 UTC,1254.0,1.49,Yes,0xF1e5c82790d22aa57B3ec4454818c8e886E9e439
2026-06-26 02:00:00 UTC,Turkey vs USA,FIFA World Cup ,Not USA,1X2,75.0,2026-06-25 03:04:22 UTC,75.0,1.49,Yes,0xF1e5c82790d22aa57B3ec4454818c8e886E9e439
2026-06-26 02:00:00 UTC,Turkey vs USA,FIFA World Cup ,Turkey +0.5,Asian Handicap (0.5),75.0,2026-06-25 03:04:22 UTC,75.0,1.49,Yes,0xF1e5c82790d22aa57B3ec4454818c8e886E9e439
2026-06-25 20:00:00 UTC,Ecuador vs Germany,FIFA World Cup ,Germany,1X2,35.0,2026-06-25 03:04:10 UTC,35.0,1.625,Yes,0x5B3498Cb20C3107B5B267fabd3601B6425BDeb42
2026-06-26 02:00:00 UTC,Turkey vs USA,FIFA World Cup ,Not USA,1X2,62.0,2026-06-25 03:04:10 UTC,62.0,1.49,Yes,0xF1e5c82790d22aa57B3ec4454818c8e886E9e439
2026-06-26 02:00:00 UTC,Turkey vs USA,FIFA World Cup ,Turkey +0.5,Asian Handicap (0.5),62.0,2026-06-25 03:04:10 UTC,62.0,1.49,Yes,0xF1e5c82790d22aa57B3ec4454818c8e886E9e439
2026-06-26 02:00:00 UTC,Turkey vs USA,FIFA World Cup ,Not USA,1X2,112.0,2026-06-25 03:04:09 UTC,112.0,1.49,Yes,0xF1e5c82790d22aa57B3ec4454818c8e886E9e439
2026-06-26 02:00:00 UTC,Turkey vs USA,FIFA World Cup ,Turkey +0.5,Asian Handicap (0.5),112.0,2026-06-25 03:04:08 UTC,112.0,1.49,Yes,0xF1e5c82790d22aa57B3ec4454818c8e886E9e439
2026-06-26 02:00:00 UTC,Turkey vs USA,FIFA World Cup ,Not USA,1X2,189.0,2026-06-25 03:04:07 UTC,189.0,1.49,Yes,0xF1e5c82790d22aa57B3ec4454818c8e886E9e439
2026-06-26 02:00:00 UTC,Turkey vs USA,FIFA World Cup ,Turkey +0.5,Asian Handicap (0.5),189.0,2026-06-25 03:04:07 UTC,189.0,1.49,Yes,0xF1e5c82790d22aa57B3ec4454818c8e886E9e439
2026-06-25 20:00:00 UTC,Ecuador vs Germany,FIFA World Cup ,Over 2.5,Under/Over (2.5),2.0,2026-06-25 03:04:05 UTC,2.0,1.5825,Yes,0xE4DD6165bFF7EE73D7932C3b478f7E22431e85E7
2026-06-25 20:00:00 UTC,Ecuador vs Germany,FIFA World Cup ,Not Ecuador,1X2,421.0,2026-06-25 03:04:05 UTC,421.0,1.8175,Yes,0x8268feC8dCb0D284343054BDf2b649286c9aA0a1
2026-06-25 20:00:00 UTC,Ecuador vs Germany,FIFA World Cup ,Germany,1X2,1155.0,2026-06-25 03:04:05 UTC,1155.0,1.6375,Yes,0x8268feC8dCb0D284343054BDf2b649286c9aA0a1
2026-06-26 02:00:00 UTC,Turkey vs USA,FIFA World Cup ,Not USA,1X2,877.0,2026-06-25 03:04:05 UTC,877.0,1.49,Yes,0xF1e5c82790d22aa57B3ec4454818c8e886E9e439
2026-06-26 02:00:00 UTC,Turkey vs USA,FIFA World Cup ,Turkey +0.5,Asian Handicap (0.5),877.0,2026-06-25 03:04:05 UTC,877.0,1.49,Yes,0xF1e5c82790d22aa57B3ec4454818c8e886E9e439
2026-06-25 20:00:00 UTC,Ecuador vs Germany,FIFA World Cup ,Germany,1X2,397.0,2026-06-25 03:04:04 UTC,397.0,1.6475,Yes,0x68E1818FF20BBe84F9be9E0A4A395FB11079Bd35
2026-06-25 20:00:00 UTC,Curaçao vs Ivory Coast,FIFA World Cup ,Not tie,1X2,330.0,2026-06-25 03:04:04 UTC,330.0,1.8862,Yes,0x68E1818FF20BBe84F9be9E0A4A395FB11079Bd35
2026-06-25 20:00:00 UTC,Ecuador vs Germany,FIFA World Cup ,Tie,1X2,60.0,2026-06-25 03:04:03 UTC,60.0,1.1725,Yes,0x8268feC8dCb0D284343054BDf2b649286c9aA0a1
2026-06-25 23:00:00 UTC,Japan vs Sweden,FIFA World Cup ,Not Japan,1X2,4.0,2026-06-25 03:04:03 UTC,4.0,1.4663,Yes,0x8268feC8dCb0D284343054BDf2b649286c9aA0a1
2026-06-26 02:00:00 UTC,Turkey vs USA,FIFA World Cup ,Not USA,1X2,841.0,2026-06-25 03:04:03 UTC,841.0,1.49,Yes,0xF1e5c82790d22aa57B3ec4454818c8e886E9e439
2026-06-26 02:00:00 UTC,Turkey vs USA,FIFA World Cup ,Turkey +0.5,Asian Handicap (0.5),844.0,2026-06-25 03:04:03 UTC,844.0,1.49,Yes,0xF1e5c82790d22aa57B3ec4454818c8e886E9e439
2026-06-26 02:00:00 UTC,Turkey vs USA,FIFA World Cup ,Turkey +0.5,Asian Handicap (0.5),841.0,2026-06-25 03:04:02 UTC,841.0,1.49,Yes,0xF1e5c82790d22aa57B3ec4454818c8e886E9e439
2026-06-25 20:00:00 UTC,Ecuador vs Germany,FIFA World Cup ,Tie,1X2,59.0,2026-06-25 03:04:01 UTC,59.0,1.1725,Yes,0x8268feC8dCb0D284343054BDf2b649286c9aA0a1
2026-06-25 20:00:00 UTC,Ecuador vs Germany,FIFA World Cup ,Germany,1X2,470.0,2026-06-25 03:04:00 UTC,470.0,1.6475,Yes,0x68E1818FF20BBe84F9be9E0A4A395FB11079Bd35
2026-06-25 20:00:00 UTC,Ecuador vs Germany,FIFA World Cup ,Not Germany,1X2,282.0,2026-06-25 03:04:00 UTC,282.0,1.3487,Yes,0xE4DD6165bFF7EE73D7932C3b478f7E22431e85E7
2026-06-25 20:00:00 UTC,Ecuador vs Germany,FIFA World Cup ,Tie,1X2,75.0,2026-06-25 03:04:00 UTC,75.0,1.1738,Yes,0xE4DD6165bFF7EE73D7932C3b478f7E22431e85E7
2026-06-26 02:00:00 UTC,Turkey vs USA,FIFA World Cup ,Not USA,1X2,1076.0,2026-06-25 03:04:00 UTC,1076.0,1.49,Yes,0xF1e5c82790d22aa57B3ec4454818c8e886E9e439
2026-06-25 23:00:00 UTC,Japan vs Sweden,FIFA World Cup ,Not Japan,1X2,17.0,2026-06-25 03:03:59 UTC,17.0,1.4663,Yes,0x8268feC8dCb0D284343054BDf2b649286c9aA0a1
2026-06-25 20:00:00 UTC,Ecuador vs Germany,FIFA World Cup ,Tie,1X2,57.0,2026-06-25 03:03:59 UTC,57.0,1.1738,Yes,0xE4DD6165bFF7EE73D7932C3b478f7E22431e85E7
2026-06-26 02:00:00 UTC,Turkey vs USA,FIFA World Cup ,Turkey +0.5,Asian Handicap (0.5),1076.0,2026-06-25 03:03:59 UTC,1076.0,1.49,Yes,0xF1e5c82790d22aa57B3ec4454818c8e886E9e439
2026-06-26 02:00:00 UTC,Turkey vs USA,FIFA World Cup ,Not USA,1X2,426.0,2026-06-25 03:03:58 UTC,426.0,1.49,Yes,0xF1e5c82790d22aa57B3ec4454818c8e886E9e439
2026-06-26 02:00:00 UTC,Turkey vs USA,FIFA World Cup ,Turkey +0.5,Asian Handicap (0.5),426.0,2026-06-25 03:03:58 UTC,426.0,1.49,Yes,0xF1e5c82790d22aa57B3ec4454818c8e886E9e439
2026-06-26 02:00:00 UTC,Turkey vs USA,FIFA World Cup ,Not USA,1X2,733.0,2026-06-25 03:03:56 UTC,733.0,1.49,Yes,0xF1e5c82790d22aa57B3ec4454818c8e886E9e439
2026-06-26 02:00:00 UTC,Turkey vs USA,FIFA World Cup ,Turkey +0.5,Asian Handicap (0.5),733.0,2026-06-25 03:03:56 UTC,733.0,1.49,Yes,0xF1e5c82790d22aa57B3ec4454818c8e886E9e439
2026-06-26 02:00:00 UTC,Turkey vs USA,FIFA World Cup ,Turkey +0.5,Asian Handicap (0.5),75.0,2026-06-25 03:03:55 UTC,75.0,1.49,Yes,0xF1e5c82790d22aa57B3ec4454818c8e886E9e439
2026-06-26 02:00:00 UTC,Turkey vs USA,FIFA World Cup ,Not USA,1X2,75.0,2026-06-25 03:03:54 UTC,75.0,1.49,Yes,0xF1e5c82790d22aa57B3ec4454818c8e886E9e439
2026-06-26 02:00:00 UTC,Turkey vs USA,FIFA World Cup ,Not USA,1X2,423.0,2026-06-25 03:03:53 UTC,423.0,1.49,Yes,0xF1e5c82790d22aa57B3ec4454818c8e886E9e439
2026-06-26 02:00:00 UTC,Turkey vs USA,FIFA World Cup ,Turkey +0.5,Asian Handicap (0.5),423.0,2026-06-25 03:03:53 UTC,423.0,1.49,Yes,0xF1e5c82790d22aa57B3ec4454818c8e886E9e439
2026-06-26 02:00:00 UTC,Turkey vs USA,FIFA World Cup ,Turkey +0.5,Asian Handicap (0.5),281.0,2026-06-25 03:03:51 UTC,281.0,1.49,Yes,0xF1e5c82790d22aa57B3ec4454818c8e886E9e439
2026-06-26 02:00:00 UTC,Turkey vs USA,FIFA World Cup ,Not USA,1X2,647.0,2026-06-25 03:03:50 UTC,647.0,1.49,Yes,0xF1e5c82790d22aa57B3ec4454818c8e886E9e439
2026-06-26 02:00:00 UTC,Turkey vs USA,FIFA World Cup ,Turkey +0.5,Asian Handicap (0.5),647.0,2026-06-25 03:03:50 UTC,647.0,1.49,Yes,0xF1e5c82790d22aa57B3ec4454818c8e886E9e439
2026-06-26 02:00:00 UTC,Turkey vs USA,FIFA World Cup ,Not USA,1X2,10.0,2026-06-25 03:03:49 UTC,10.0,1.4912,Yes,0x90555F35378305Ad562A29916D311a0e1C741A32
2026-06-25 20:00:00 UTC,Ecuador vs Germany,FIFA World Cup ,Tie,1X2,93.0,2026-06-25 03:03:48 UTC,93.0,1.1763,Yes,0xE4DD6165bFF7EE73D7932C3b478f7E22431e85E7
2026-06-26 02:00:00 UTC,Turkey vs USA,FIFA World Cup ,Turkey +0.5,Asian Handicap (0.5),511.0,2026-06-25 03:03:48 UTC,511.0,1.49,Yes,0xF1e5c82790d22aa57B3ec4454818c8e886E9e439
2026-06-25 20:00:00 UTC,Ecuador vs Germany,FIFA World Cup ,Tie,1X2,93.0,2026-06-25 03:03:47 UTC,93.0,1.1763,Yes,0xE4DD6165bFF7EE73D7932C3b478f7E22431e85E7
2026-06-26 02:00:00 UTC,Turkey vs USA,FIFA World Cup ,Not USA,1X2,494.0,2026-06-25 03:03:47 UTC,494.0,1.49,Yes,0xF1e5c82790d22aa57B3ec4454818c8e886E9e439
2026-06-26 02:00:00 UTC,Turkey vs USA,FIFA World Cup ,Turkey +0.5,Asian Handicap (0.5),494.0,2026-06-25 03:03:47 UTC,494.0,1.49,Yes,0xF1e5c82790d22aa57B3ec4454818c8e886E9e439
2026-06-26 02:00:00 UTC,Turkey vs USA,FIFA World Cup ,Turkey +0.5,Asian Handicap (0.5),756.0,2026-06-25 03:03:46 UTC,756.0,1.49,Yes,0xF1e5c82790d22aa57B3ec4454818c8e886E9e439
2026-06-26 02:00:00 UTC,Turkey vs USA,FIFA World Cup ,Not USA,1X2,756.0,2026-06-25 03:03:45 UTC,756.0,1.49,Yes,0xF1e5c82790d22aa57B3ec4454818c8e886E9e439
2026-06-26 02:00:00 UTC,Turkey vs USA,FIFA World Cup ,Not USA,1X2,332.0,2026-06-25 03:03:44 UTC,332.0,1.49,Yes,0xF1e5c82790d22aa57B3ec4454818c8e886E9e439
2026-06-26 02:00:00 UTC,Turkey vs USA,FIFA World Cup ,Turkey +0.5,Asian Handicap (0.5),332.0,2026-06-25 03:03:44 UTC,332.0,1.49,Yes,0xF1e5c82790d22aa57B3ec4454818c8e886E9e439
2026-06-26 02:00:00 UTC,Turkey vs USA,FIFA World Cup ,Not USA,1X2,48.0,2026-06-25 03:03:42 UTC,48.0,1.49,Yes,0xF1e5c82790d22aa57B3ec4454818c8e886E9e439
2026-06-26 02:00:00 UTC,Turkey vs USA,FIFA World Cup ,Turkey +0.5,Asian Handicap (0.5),48.0,2026-06-25 03:03:42 UTC,48.0,1.49,Yes,0xF1e5c82790d22aa57B3ec4454818c8e886E9e439
2026-06-25 23:00:00 UTC,Japan vs Sweden,FIFA World Cup ,Not Japan,1X2,8.0,2026-06-25 03:03:41 UTC,8.0,1.4675,Yes,0xE4DD6165bFF7EE73D7932C3b478f7E22431e85E7
2026-06-25 23:00:00 UTC,Japan vs Sweden,FIFA World Cup ,Not Japan,1X2,12.0,2026-06-25 03:03:41 UTC,12.0,1.4675,Yes,0xE4DD6165bFF7EE73D7932C3b478f7E22431e85E7
2026-06-26 02:00:00 UTC,Turkey vs USA,FIFA World Cup ,Not USA,1X2,68.0,2026-06-25 03:03:41 UTC,68.0,1.49,Yes,0xF1e5c82790d22aa57B3ec4454818c8e886E9e439
2026-06-25 23:00:00 UTC,Japan vs Sweden,FIFA World Cup ,Not Japan,1X2,3.0,2026-06-25 03:03:40 UTC,3.0,1.4675,Yes,0xE4DD6165bFF7EE73D7932C3b478f7E22431e85E7
2026-06-26 02:00:00 UTC,Turkey vs USA,FIFA World Cup ,Turkey +0.5,Asian Handicap (0.5),68.0,2026-06-25 03:03:40 UTC,68.0,1.49,Yes,0xF1e5c82790d22aa57B3ec4454818c8e886E9e439
2026-06-26 02:00:00 UTC,Turkey vs USA,FIFA World Cup ,Not USA,1X2,364.0,2026-06-25 03:03:39 UTC,364.0,1.49,Yes,0xF1e5c82790d22aa57B3ec4454818c8e886E9e439
2026-06-26 02:00:00 UTC,Turkey vs USA,FIFA World Cup ,Turkey +0.5,Asian Handicap (0.5),217.0,2026-06-25 03:03:37 UTC,217.0,1.49,Yes,0xF1e5c82790d22aa57B3ec4454818c8e886E9e439
2026-06-26 02:00:00 UTC,Turkey vs USA,FIFA World Cup ,Not USA,1X2,61.0,2026-06-25 03:03:36 UTC,61.0,1.49,Yes,0xF1e5c82790d22aa57B3ec4454818c8e886E9e439
2026-06-26 02:00:00 UTC,Turkey vs USA,FIFA World Cup ,Turkey +0.5,Asian Handicap (0.5),61.0,2026-06-25 03:03:36 UTC,61.0,1.49,Yes,0xF1e5c82790d22aa57B3ec4454818c8e886E9e439
2026-06-26 02:00:00 UTC,Turkey vs USA,FIFA World Cup ,Not USA,1X2,0.0,2026-06-25 03:03:35 UTC,0.0,1.49,Yes,0xF1e5c82790d22aa57B3ec4454818c8e886E9e439
2026-06-26 02:00:00 UTC,Turkey vs USA,FIFA World Cup ,Turkey +0.5,Asian Handicap (0.5),0.0,2026-06-25 03:03:33 UTC,0.0,1.49,Yes,0xF1e5c82790d22aa57B3ec4454818c8e886E9e439
2026-06-26 02:00:00 UTC,Turkey vs USA,FIFA World Cup ,Not USA,1X2,0.0,2026-06-25 03:03:31 UTC,0.0,1.49,Yes,0xF1e5c82790d22aa57B3ec4454818c8e886E9e439
2026-06-26 02:00:00 UTC,Turkey vs USA,FIFA World Cup ,Not USA,1X2,369.0,2026-06-25 03:03:31 UTC,369.0,1.49,Yes,0xF1e5c82790d22aa57B3ec4454818c8e886E9e439
2026-06-26 02:00:00 UTC,Turkey vs USA,FIFA World Cup ,Turkey +0.5,Asian Handicap (0.5),0.0,2026-06-25 03:03:30 UTC,0.0,1.49,Yes,0xF1e5c82790d22aa57B3ec4454818c8e886E9e439
2026-06-26 02:00:00 UTC,Turkey vs USA,FIFA World Cup ,Not USA,1X2,0.0,2026-06-25 03:03:28 UTC,0.0,1.49,Yes,0xF1e5c82790d22aa57B3ec4454818c8e886E9e439
2026-06-26 02:00:00 UTC,Turkey vs USA,FIFA World Cup ,Turkey +0.5,Asian Handicap (0.5),0.0,2026-06-25 03:03:27 UTC,0.0,1.49,Yes,0xF1e5c82790d22aa57B3ec4454818c8e886E9e439
2026-06-26 02:00:00 UTC,Turkey vs USA,FIFA World Cup ,Turkey +0.5,Asian Handicap (0.5),233.0,2026-06-25 03:03:26 UTC,233.0,1.49,Yes,0xF1e5c82790d22aa57B3ec4454818c8e886E9e439
2026-06-25 20:00:00 UTC,Ecuador vs Germany,FIFA World Cup ,Ecuador,1X2,154.0,2026-06-25 03:03:24 UTC,154.0,1.1763,Yes,0x68E1818FF20BBe84F9be9E0A4A395FB11079Bd35
2026-06-26 02:00:00 UTC,Turkey vs USA,FIFA World Cup ,Not USA,1X2,163.0,2026-06-25 03:03:24 UTC,163.0,1.49,Yes,0xF1e5c82790d22aa57B3ec4454818c8e886E9e439
2026-06-26 02:00:00 UTC,Turkey vs USA,FIFA World Cup ,Turkey +0.5,Asian Handicap (0.5),0.0,2026-06-25 03:03:24 UTC,0.0,1.49,Yes,0xF1e5c82790d22aa57B3ec4454818c8e886E9e439
2026-06-26 02:00:00 UTC,Turkey vs USA,FIFA World Cup ,Not USA,1X2,0.0,2026-06-25 03:03:22 UTC,0.0,1.49,Yes,0xF1e5c82790d22aa57B3ec4454818c8e886E9e439
2026-06-26 02:00:00 UTC,Turkey vs USA,FIFA World Cup ,Turkey +0.5,Asian Handicap (0.5),0.0,2026-06-25 03:03:20 UTC,0.0,1.49,Yes,0xF1e5c82790d22aa57B3ec4454818c8e886E9e439
2026-06-26 02:00:00 UTC,Turkey vs USA,FIFA World Cup ,Not USA,1X2,101.0,2026-06-25 03:03:19 UTC,101.0,1.49,Yes,0xF1e5c82790d22aa57B3ec4454818c8e886E9e439
2026-06-26 02:00:00 UTC,Turkey vs USA,FIFA World Cup ,Turkey +0.5,Asian Handicap (0.5),0.0,2026-06-25 03:03:19 UTC,0.0,1.49,Yes,0xF1e5c82790d22aa57B3ec4454818c8e886E9e439
2026-06-26 02:00:00 UTC,Turkey vs USA,FIFA World Cup ,Turkey +0.5,Asian Handicap (0.5),46.0,2026-06-25 03:03:18 UTC,46.0,1.49,Yes,0xF1e5c82790d22aa57B3ec4454818c8e886E9e439
2026-06-26 02:00:00 UTC,Turkey vs USA,FIFA World Cup ,Not USA,1X2,46.0,2026-06-25 03:03:17 UTC,46.0,1.49,Yes,0xF1e5c82790d22aa57B3ec4454818c8e886E9e439
2026-06-26 02:00:00 UTC,Turkey vs USA,FIFA World Cup ,Turkey +0.5,Asian Handicap (0.5),0.0,2026-06-25 03:03:17 UTC,0.0,1.49,Yes,0xF1e5c82790d22aa57B3ec4454818c8e886E9e439
2026-06-26 02:00:00 UTC,Turkey vs USA,FIFA World Cup ,Not USA,1X2,177.0,2026-06-25 03:03:16 UTC,177.0,1.49,Yes,0xF1e5c82790d22aa57B3ec4454818c8e886E9e439
2026-06-26 02:00:00 UTC,Turkey vs USA,FIFA World Cup ,Turkey +0.5,Asian Handicap (0.5),177.0,2026-06-25 03:03:16 UTC,177.0,1.49,Yes,0xF1e5c82790d22aa57B3ec4454818c8e886E9e439
2026-06-26 02:00:00 UTC,Turkey vs USA,FIFA World Cup ,Not USA,1X2,0.0,2026-06-25 03:03:15 UTC,0.0,1.49,Yes,0xF1e5c82790d22aa57B3ec4454818c8e886E9e439
2026-06-26 02:00:00 UTC,Turkey vs USA,FIFA World Cup ,Not USA,1X2,87.0,2026-06-25 03:03:14 UTC,87.0,1.49,Yes,0xF1e5c82790d22aa57B3ec4454818c8e886E9e439
2026-06-26 02:00:00 UTC,Turkey vs USA,FIFA World Cup ,Turkey +0.5,Asian Handicap (0.5),87.0,2026-06-25 03:03:14 UTC,87.0,1.49,Yes,0xF1e5c82790d22aa57B3ec4454818c8e886E9e439
2026-06-26 02:00:00 UTC,Turkey vs USA,FIFA World Cup ,Not USA,1X2,61.0,2026-06-25 03:03:13 UTC,61.0,1.49,Yes,0xF1e5c82790d22aa57B3ec4454818c8e886E9e439
2026-06-26 02:00:00 UTC,Turkey vs USA,FIFA World Cup ,Not USA,1X2,0.0,2026-06-25 03:03:12 UTC,0.0,1.49,Yes,0xF1e5c82790d22aa57B3ec4454818c8e886E9e439
2026-06-26 02:00:00 UTC,Turkey vs USA,FIFA World Cup ,Turkey +0.5,Asian Handicap (0.5),61.0,2026-06-25 03:03:12 UTC,61.0,1.49,Yes,0xF1e5c82790d22aa57B3ec4454818c8e886E9e439
2026-06-25 20:00:00 UTC,Ecuador vs Germany,FIFA World Cup ,Not Germany,1X2,183.0,2026-06-25 03:03:11 UTC,183.0,1.3588,Yes,0xE4DD6165bFF7EE73D7932C3b478f7E22431e85E7
2026-06-26 02:00:00 UTC,Turkey vs USA,FIFA World Cup ,Not USA,1X2,136.0,2026-06-25 03:03:11 UTC,136.0,1.49,Yes,0xF1e5c82790d22aa57B3ec4454818c8e886E9e439
2026-06-26 02:00:00 UTC,Turkey vs USA,FIFA World Cup ,Not USA,1X2,0.0,2026-06-25 03:03:11 UTC,0.0,1.49,Yes,0xF1e5c82790d22aa57B3ec4454818c8e886E9e439
2026-06-26 02:00:00 UTC,Turkey vs USA,FIFA World Cup ,Turkey +0.5,Asian Handicap (0.5),136.0,2026-06-25 03:03:11 UTC,136.0,1.49,Yes,0xF1e5c82790d22aa57B3ec4454818c8e886E9e439
2026-06-25 20:00:00 UTC,Ecuador vs Germany,FIFA World Cup ,Ecuador,1X2,146.0,2026-06-25 03:03:10 UTC,146.0,1.1775,Yes,0x68E1818FF20BBe84F9be9E0A4A395FB11079Bd35
2026-06-26 02:00:00 UTC,Turkey vs USA,FIFA World Cup ,Turkey +0.5,Asian Handicap (0.5),150.0,2026-06-25 03:03:10 UTC,150.0,1.49,Yes,0xF1e5c82790d22aa57B3ec4454818c8e886E9e439
2026-06-26 02:00:00 UTC,Turkey vs USA,FIFA World Cup ,Not USA,1X2,150.0,2026-06-25 03:03:09 UTC,150.0,1.49,Yes,0xF1e5c82790d22aa57B3ec4454818c8e886E9e439
2026-06-26 02:00:00 UTC,Turkey vs USA,FIFA World Cup ,Turkey +0.5,Asian Handicap (0.5),0.0,2026-06-25 03:03:09 UTC,0.0,1.49,Yes,0xF1e5c82790d22aa57B3ec4454818c8e886E9e439
2026-06-26 02:00:00 UTC,Turkey vs USA,FIFA World Cup ,Not USA,1X2,93.0,2026-06-25 03:03:08 UTC,93.0,1.49,Yes,0xF1e5c82790d22aa57B3ec4454818c8e886E9e439
2026-06-26 02:00:00 UTC,Turkey vs USA,FIFA World Cup ,Turkey +0.5,Asian Handicap (0.5),93.0,2026-06-25 03:03:08 UTC,93.0,1.49,Yes,0xF1e5c82790d22aa57B3ec4454818c8e886E9e439
2026-06-25 20:00:00 UTC,Ecuador vs Germany,FIFA World Cup ,Ecuador +1,Asian Handicap (1),10.0,2026-06-25 03:03:08 UTC,10.0,1.5,Yes,0x516bfc7CE57c0E1734388ECed5Bb9454aA6aeFae
2026-06-26 02:00:00 UTC,Turkey vs USA,FIFA World Cup ,Not USA,1X2,455.0,2026-06-25 03:03:07 UTC,455.0,1.49,Yes,0xF1e5c82790d22aa57B3ec4454818c8e886E9e439
2026-06-26 02:00:00 UTC,Turkey vs USA,FIFA World Cup ,Not USA,1X2,0.0,2026-06-25 03:03:07 UTC,0.0,1.49,Yes,0xF1e5c82790d22aa57B3ec4454818c8e886E9e439
2026-06-26 02:00:00 UTC,Turkey vs USA,FIFA World Cup ,Turkey +0.5,Asian Handicap (0.5),455.0,2026-06-25 03:03:06 UTC,455.0,1.49,Yes,0xF1e5c82790d22aa57B3ec4454818c8e886E9e439
2026-06-25 23:00:00 UTC,Japan vs Sweden,FIFA World Cup ,Sweden +1,Asian Handicap (-1),30.0,2026-06-25 03:03:05 UTC,30.0,1.62,Yes,0xC88F614A48f8A705d7465b03aAF62ddaca0c3754
2026-06-25 20:00:00 UTC,Ecuador vs Germany,FIFA World Cup ,Not Germany,1X2,229.0,2026-06-25 03:03:05 UTC,229.0,1.3588,Yes,0xE4DD6165bFF7EE73D7932C3b478f7E22431e85E7
2026-06-26 02:00:00 UTC,Turkey vs USA,FIFA World Cup ,Not USA,1X2,58.0,2026-06-25 03:03:05 UTC,58.0,1.49,Yes,0xF1e5c82790d22aa57B3ec4454818c8e886E9e439
2026-06-26 02:00:00 UTC,Turkey vs USA,FIFA World Cup ,Turkey +0.5,Asian Handicap (0.5),58.0,2026-06-25 03:03:05 UTC,58.0,1.49,Yes,0xF1e5c82790d22aa57B3ec4454818c8e886E9e439
2026-06-25 20:00:00 UTC,Ecuador vs Germany,FIFA World Cup ,Ecuador,1X2,9.0,2026-06-25 03:03:04 UTC,9.0,1.18,Yes,0x516bfc7CE57c0E1734388ECed5Bb9454aA6aeFae
2026-06-26 02:00:00 UTC,Turkey vs USA,FIFA World Cup ,Turkey +0.5,Asian Handicap (0.5),0.0,2026-06-25 03:03:04 UTC,0.0,1.49,Yes,0xF1e5c82790d22aa57B3ec4454818c8e886E9e439
2026-06-26 02:00:00 UTC,Turkey vs USA,FIFA World Cup ,Turkey +0.5,Asian Handicap (0.5),0.0,2026-06-25 03:03:02 UTC,0.0,1.49,Yes,0xF1e5c82790d22aa57B3ec4454818c8e886E9e439
2026-06-25 20:00:00 UTC,Ecuador vs Germany,FIFA World Cup ,Not Germany,1X2,9.0,2026-06-25 03:03:01 UTC,9.0,1.36,Yes,0x516bfc7CE57c0E1734388ECed5Bb9454aA6aeFae
2026-06-26 02:00:00 UTC,Turkey vs USA,FIFA World Cup ,Not USA,1X2,0.0,2026-06-25 03:03:01 UTC,0.0,1.49,Yes,0xF1e5c82790d22aa57B3ec4454818c8e886E9e439
2026-06-25 20:00:00 UTC,Ecuador vs Germany,FIFA World Cup ,Ecuador 0,Asian Handicap (0),134.0,2026-06-25 03:02:59 UTC,134.0,1.22,Yes,0xE4DD6165bFF7EE73D7932C3b478f7E22431e85E7
2026-06-25 20:00:00 UTC,Ecuador vs Germany,FIFA World Cup ,Ecuador,1X2,128.0,2026-06-25 03:02:58 UTC,128.0,1.1812,Yes,0x68E1818FF20BBe84F9be9E0A4A395FB11079Bd35
2026-06-26 02:00:00 UTC,Turkey vs USA,FIFA World Cup ,Not USA,1X2,0.0,2026-06-25 03:02:58 UTC,0.0,1.49,Yes,0xF1e5c82790d22aa57B3ec4454818c8e886E9e439
2026-06-26 02:00:00 UTC,Turkey vs USA,FIFA World Cup ,Turkey +0.5,Asian Handicap (0.5),0.0,2026-06-25 03:02:57 UTC,0.0,1.49,Yes,0xF1e5c82790d22aa57B3ec4454818c8e886E9e439
2026-06-26 02:00:00 UTC,Turkey vs USA,FIFA World Cup ,Turkey +1,Asian Handicap (1),1.0,2026-06-25 03:02:54 UTC,1.0,1.6338,Yes,0xC88F614A48f8A705d7465b03aAF62ddaca0c3754
2026-06-25 20:00:00 UTC,Ecuador vs Germany,FIFA World Cup ,Ecuador,1X2,78.0,2026-06-25 03:02:47 UTC,78.0,1.1825,Yes,0x68E1818FF20BBe84F9be9E0A4A395FB11079Bd35
2026-06-26 02:00:00 UTC,Turkey vs USA,FIFA World Cup ,Not USA,1X2,64.0,2026-06-25 03:02:38 UTC,64.0,1.49,Yes,0xF1e5c82790d22aa57B3ec4454818c8e886E9e439
2026-06-26 02:00:00 UTC,Turkey vs USA,FIFA World Cup ,Turkey +0.5,Asian Handicap (0.5),64.0,2026-06-25 03:02:37 UTC,64.0,1.49,Yes,0xF1e5c82790d22aa57B3ec4454818c8e886E9e439
2026-06-26 02:00:00 UTC,Turkey vs USA,FIFA World Cup ,Not USA,1X2,58.0,2026-06-25 03:02:36 UTC,58.0,1.49,Yes,0xF1e5c82790d22aa57B3ec4454818c8e886E9e439
2026-06-26 02:00:00 UTC,Turkey vs USA,FIFA World Cup ,Turkey +0.5,Asian Handicap (0.5),58.0,2026-06-25 03:02:36 UTC,58.0,1.49,Yes,0xF1e5c82790d22aa57B3ec4454818c8e886E9e439
2026-06-26 02:00:00 UTC,Turkey vs USA,FIFA World Cup ,Not USA,1X2,62.0,2026-06-25 03:02:35 UTC,62.0,1.49,Yes,0xF1e5c82790d22aa57B3ec4454818c8e886E9e439
2026-06-26 02:00:00 UTC,Turkey vs USA,FIFA World Cup ,Turkey +0.5,Asian Handicap (0.5),62.0,2026-06-25 03:02:35 UTC,62.0,1.49,Yes,0xF1e5c82790d22aa57B3ec4454818c8e886E9e439
2026-06-26 02:00:00 UTC,Turkey vs USA,FIFA World Cup ,Not USA,1X2,48.0,2026-06-25 03:02:33 UTC,48.0,1.49,Yes,0xF1e5c82790d22aa57B3ec4454818c8e886E9e439
2026-06-26 02:00:00 UTC,Turkey vs USA,FIFA World Cup ,Turkey +0.5,Asian Handicap (0.5),48.0,2026-06-25 03:02:33 UTC,48.0,1.49,Yes,0xF1e5c82790d22aa57B3ec4454818c8e886E9e439
2026-06-26 02:00:00 UTC,Turkey vs USA,FIFA World Cup ,Not USA,1X2,46.0,2026-06-25 03:02:32 UTC,46.0,1.49,Yes,0xF1e5c82790d22aa57B3ec4454818c8e886E9e439
2026-06-26 02:00:00 UTC,Turkey vs USA,FIFA World Cup ,Not USA,1X2,85.0,2026-06-25 03:02:31 UTC,85.0,1.49,Yes,0xF1e5c82790d22aa57B3ec4454818c8e886E9e439
2026-06-26 02:00:00 UTC,Turkey vs USA,FIFA World Cup ,Turkey +0.5,Asian Handicap (0.5),46.0,2026-06-25 03:02:31 UTC,46.0,1.49,Yes,0xF1e5c82790d22aa57B3ec4454818c8e886E9e439
2026-06-26 02:00:00 UTC,Turkey vs USA,FIFA World Cup ,Turkey +0.5,Asian Handicap (0.5),85.0,2026-06-25 03:02:30 UTC,85.0,1.49,Yes,0xF1e5c82790d22aa57B3ec4454818c8e886E9e439
2026-06-26 02:00:00 UTC,Turkey vs USA,FIFA World Cup ,Turkey +0.5,Asian Handicap (0.5),61.0,2026-06-25 03:02:29 UTC,61.0,1.49,Yes,0xF1e5c82790d22aa57B3ec4454818c8e886E9e439
2026-06-26 02:00:00 UTC,Turkey vs USA,FIFA World Cup ,Not USA,1X2,61.0,2026-06-25 03:02:28 UTC,61.0,1.49,Yes,0xF1e5c82790d22aa57B3ec4454818c8e886E9e439
2026-06-25 20:00:00 UTC,Ecuador vs Germany,FIFA World Cup ,Ecuador,1X2,49.0,2026-06-25 03:02:27 UTC,49.0,1.1875,Yes,0x85488156a1675CE39D29f15418b1bf15eA79a2a6
2026-06-26 02:00:00 UTC,Turkey vs USA,FIFA World Cup ,Not USA,1X2,89.0,2026-06-25 03:02:27 UTC,89.0,1.49,Yes,0xF1e5c82790d22aa57B3ec4454818c8e886E9e439
2026-06-26 02:00:00 UTC,Turkey vs USA,FIFA World Cup ,Turkey +0.5,Asian Handicap (0.5),89.0,2026-06-25 03:02:27 UTC,89.0,1.49,Yes,0xF1e5c82790d22aa57B3ec4454818c8e886E9e439
2026-06-26 02:00:00 UTC,Turkey vs USA,FIFA World Cup ,Not USA,1X2,55.0,2026-06-25 03:02:25 UTC,55.0,1.49,Yes,0xF1e5c82790d22aa57B3ec4454818c8e886E9e439
2026-06-26 02:00:00 UTC,Turkey vs USA,FIFA World Cup ,Turkey +0.5,Asian Handicap (0.5),55.0,2026-06-25 03:02:25 UTC,55.0,1.49,Yes,0xF1e5c82790d22aa57B3ec4454818c8e886E9e439
2026-06-25 20:00:00 UTC,Ecuador vs Germany,FIFA World Cup ,Ecuador,12,11.0,2026-06-25 03:02:24 UTC,11.0,1.23,Yes,0xC88F614A48f8A705d7465b03aAF62ddaca0c3754
2026-06-26 02:00:00 UTC,Turkey vs USA,FIFA World Cup ,Not USA,1X2,60.0,2026-06-25 03:02:24 UTC,60.0,1.49,Yes,0xF1e5c82790d22aa57B3ec4454818c8e886E9e439
2026-06-26 02:00:00 UTC,Turkey vs USA,FIFA World Cup ,Turkey +0.5,Asian Handicap (0.5),60.0,2026-06-25 03:02:24 UTC,60.0,1.49,Yes,0xF1e5c82790d22aa57B3ec4454818c8e886E9e439
2026-06-26 02:00:00 UTC,Turkey vs USA,FIFA World Cup ,Not USA,1X2,114.0,2026-06-25 03:02:17 UTC,114.0,1.49,Yes,0xF1e5c82790d22aa57B3ec4454818c8e886E9e439
2026-06-26 02:00:00 UTC,Turkey vs USA,FIFA World Cup ,Turkey +0.5,Asian Handicap (0.5),114.0,2026-06-25 03:02:17 UTC,114.0,1.49,Yes,0xF1e5c82790d22aa57B3ec4454818c8e886E9e439
2026-06-25 20:00:00 UTC,Ecuador vs Germany,FIFA World Cup ,Ecuador -0.5,Asian Handicap (-0.5),49.0,2026-06-25 03:02:11 UTC,49.0,1.1938,Yes,0x85488156a1675CE39D29f15418b1bf15eA79a2a6
2026-06-26 02:00:00 UTC,Turkey vs USA,FIFA World Cup ,Not USA,1X2,237.0,2026-06-25 03:02:11 UTC,237.0,1.49,Yes,0xF1e5c82790d22aa57B3ec4454818c8e886E9e439
2026-06-26 02:00:00 UTC,Turkey vs USA,FIFA World Cup ,Turkey +0.5,Asian Handicap (0.5),237.0,2026-06-25 03:02:11 UTC,237.0,1.49,Yes,0xF1e5c82790d22aa57B3ec4454818c8e886E9e439
2026-06-25 20:00:00 UTC,Ecuador vs Germany,FIFA World Cup ,Not Germany,1X2,25.0,2026-06-25 03:02:10 UTC,25.0,1.3762,Yes,0x85488156a1675CE39D29f15418b1bf15eA79a2a6
2026-06-25 20:00:00 UTC,Ecuador vs Germany,FIFA World Cup ,Ecuador +0.5,Asian Handicap (0.5),49.0,2026-06-25 03:02:09 UTC,49.0,1.3787,Yes,0x85488156a1675CE39D29f15418b1bf15eA79a2a6
2026-06-25 20:00:00 UTC,Ecuador vs Germany,FIFA World Cup ,Not Germany,1X2,2.0,2026-06-25 03:02:02 UTC,2.0,1.3762,Yes,0x85488156a1675CE39D29f15418b1bf15eA79a2a6
2026-06-25 20:00:00 UTC,Ecuador vs Germany,FIFA World Cup ,Not Germany,1X2,19.0,2026-06-25 03:02:02 UTC,19.0,1.3762,Yes,0x85488156a1675CE39D29f15418b1bf15eA79a2a6
2026-06-25 20:00:00 UTC,Ecuador vs Germany,FIFA World Cup ,Not Germany,1X2,2.0,2026-06-25 03:02:01 UTC,2.0,1.3762,Yes,0x85488156a1675CE39D29f15418b1bf15eA79a2a6
2026-06-26 02:00:00 UTC,Turkey vs USA,FIFA World Cup ,Turkey +1,Asian Handicap (1),31.0,2026-06-25 03:01:59 UTC,31.0,1.6338,Yes,0xC88F614A48f8A705d7465b03aAF62ddaca0c3754
2026-06-25 20:00:00 UTC,Ecuador vs Germany,FIFA World Cup ,Ecuador 0,Asian Handicap (0),49.0,2026-06-25 03:01:58 UTC,49.0,1.2437,Yes,0x85488156a1675CE39D29f15418b1bf15eA79a2a6
2026-06-25 20:00:00 UTC,Ecuador vs Germany,FIFA World Cup ,Ecuador,12,12.0,2026-06-25 03:01:58 UTC,12.0,1.2463,Yes,0xC88F614A48f8A705d7465b03aAF62ddaca0c3754
2026-06-25 20:00:00 UTC,Ecuador vs Germany,FIFA World Cup ,Not Ecuador,1X2,3.0,2026-06-25 03:01:57 UTC,3.0,1.7975,Yes,0x68E1818FF20BBe84F9be9E0A4A395FB11079Bd35
2026-06-25 20:00:00 UTC,Ecuador vs Germany,FIFA World Cup ,Not Ecuador,1X2,3.0,2026-06-25 03:01:56 UTC,3.0,1.7988,Yes,0x68E1818FF20BBe84F9be9E0A4A395FB11079Bd35
2026-06-25 20:00:00 UTC,Ecuador vs Germany,FIFA World Cup ,Ecuador,12,12.0,2026-06-25 03:01:50 UTC,12.0,1.2463,Yes,0xC88F614A48f8A705d7465b03aAF62ddaca0c3754
2026-06-25 20:00:00 UTC,Ecuador vs Germany,FIFA World Cup ,Not Germany,1X2,9.0,2026-06-25 03:01:37 UTC,9.0,1.3862,Yes,0x42B4CF407654a8469d1Cf3606712C1f30599B2C5
2026-06-25 20:00:00 UTC,Ecuador vs Germany,FIFA World Cup ,Germany,12,5.0,2026-06-25 03:01:33 UTC,5.0,1.74,Yes,0xe2C68b7ef85645e47F9b94382c3Db59b046945a2
2026-06-26 02:00:00 UTC,Turkey vs USA,FIFA World Cup ,Turkey +1,Asian Handicap (1),31.0,2026-06-25 03:01:30 UTC,31.0,1.6338,Yes,0xC88F614A48f8A705d7465b03aAF62ddaca0c3754
2026-06-25 20:00:00 UTC,Ecuador vs Germany,FIFA World Cup ,Ecuador,12,12.0,2026-06-25 03:01:30 UTC,12.0,1.2563,Yes,0xC88F614A48f8A705d7465b03aAF62ddaca0c3754
2026-06-25 20:00:00 UTC,Ecuador vs Germany,FIFA World Cup ,Ecuador -1,Asian Handicap (-1),91.0,2026-06-25 03:01:24 UTC,91.0,1.085,Yes,0xE4DD6165bFF7EE73D7932C3b478f7E22431e85E7
2026-06-25 20:00:00 UTC,Ecuador vs Germany,FIFA World Cup ,Ecuador,12,12.0,2026-06-25 03:01:24 UTC,12.0,1.2563,Yes,0xC88F614A48f8A705d7465b03aAF62ddaca0c3754
2026-06-25 20:00:00 UTC,Ecuador vs Germany,FIFA World Cup ,Not Ecuador,1X2,0.0,2026-06-25 03:01:06 UTC,0.0,1.7887,Yes,0x68E1818FF20BBe84F9be9E0A4A395FB11079Bd35
2026-06-25 20:00:00 UTC,Ecuador vs Germany,FIFA World Cup ,Not Ecuador,1X2,410.0,2026-06-25 03:01:03 UTC,410.0,1.7887,Yes,0x68E1818FF20BBe84F9be9E0A4A395FB11079Bd35
2026-06-26 02:00:00 UTC,Turkey vs USA,FIFA World Cup ,Turkey +1,Asian Handicap (1),31.0,2026-06-25 03:01:01 UTC,31.0,1.6338,Yes,0xC88F614A48f8A705d7465b03aAF62ddaca0c3754
2026-06-25 23:00:00 UTC,Japan vs Sweden,FIFA World Cup ,Sweden +1,Asian Handicap (-1),1.0,2026-06-25 03:01:01 UTC,1.0,1.6225,Yes,0xC88F614A48f8A705d7465b03aAF62ddaca0c3754
2026-06-25 20:00:00 UTC,Ecuador vs Germany,FIFA World Cup ,Under 5.5,Under/Over (5.5),10.0,2026-06-25 03:00:58 UTC,10.0,1.9137,Yes,0xE4DD6165bFF7EE73D7932C3b478f7E22431e85E7
2026-06-25 23:00:00 UTC,Japan vs Sweden,FIFA World Cup ,Sweden +1,Asian Handicap (-1),1.0,2026-06-25 03:00:50 UTC,1.0,1.6225,Yes,0xC88F614A48f8A705d7465b03aAF62ddaca0c3754
2026-06-25 20:00:00 UTC,Curaçao vs Ivory Coast,FIFA World Cup ,Not tie,1X2,7.0,2026-06-25 03:00:48 UTC,7.0,1.8862,Yes,0x68E1818FF20BBe84F9be9E0A4A395FB11079Bd35
2026-06-25 20:00:00 UTC,Ecuador vs Germany,FIFA World Cup ,Not Ecuador,1X2,447.0,2026-06-25 03:00:44 UTC,447.0,1.7887,Yes,0x68E1818FF20BBe84F9be9E0A4A395FB11079Bd35
2026-06-26 02:00:00 UTC,Turkey vs USA,FIFA World Cup ,Turkey +1,Asian Handicap (1),29.0,2026-06-25 03:00:36 UTC,29.0,1.6338,Yes,0xC88F614A48f8A705d7465b03aAF62ddaca0c3754
2026-06-25 23:00:00 UTC,Japan vs Sweden,FIFA World Cup ,Sweden +1,Asian Handicap (-1),30.0,2026-06-25 03:00:16 UTC,30.0,1.6225,Yes,0xC88F614A48f8A705d7465b03aAF62ddaca0c3754
2026-06-25 20:00:00 UTC,Ecuador vs Germany,FIFA World Cup ,Ecuador +3,Asian Handicap (3),998.0,2026-06-25 03:00:13 UTC,998.0,1.9275,Yes,0xE4DD6165bFF7EE73D7932C3b478f7E22431e85E7
2026-06-25 20:00:00 UTC,Ecuador vs Germany,FIFA World Cup ,Under 5.5,Under/Over (5.5),0.0,2026-06-25 03:00:13 UTC,0.0,1.9163,Yes,0xe2C68b7ef85645e47F9b94382c3Db59b046945a2
2026-06-25 20:00:00 UTC,Curaçao vs Ivory Coast,FIFA World Cup ,Over 3.5,Under/Over (3.5),0.0,2026-06-25 03:00:13 UTC,0.0,1.4187,Yes,0xE4DD6165bFF7EE73D7932C3b478f7E22431e85E7
2026-06-25 20:00:00 UTC,Ecuador vs Germany,FIFA World Cup ,Ecuador +3,Asian Handicap (3),1264.0,2026-06-25 03:00:12 UTC,1264.0,1.9275,Yes,0xE4DD6165bFF7EE73D7932C3b478f7E22431e85E7
2026-06-25 20:00:00 UTC,Ecuador vs Germany,FIFA World Cup ,Under 5.0,Under/Over (5),658.0,2026-06-25 03:00:12 UTC,658.0,1.905,Yes,0xe2C68b7ef85645e47F9b94382c3Db59b046945a2
2026-06-25 20:00:00 UTC,Ecuador vs Germany,FIFA World Cup ,Under 5.0,Under/Over (5),1720.0,2026-06-25 03:00:12 UTC,1720.0,1.9062,Yes,0xE4DD6165bFF7EE73D7932C3b478f7E22431e85E7
2026-06-25 20:00:00 UTC,Ecuador vs Germany,FIFA World Cup ,Under 5.5,Under/Over (5.5),658.0,2026-06-25 03:00:12 UTC,658.0,1.9163,Yes,0xe2C68b7ef85645e47F9b94382c3Db59b046945a2
2026-06-25 20:00:00 UTC,Ecuador vs Germany,FIFA World Cup ,Tie,1X2,0.0,2026-06-25 02:59:58 UTC,0.0,1.1887,Yes,0xe2C68b7ef85645e47F9b94382c3Db59b046945a2
2026-06-25 20:00:00 UTC,Ecuador vs Germany,FIFA World Cup ,Not Germany,1X2,296.0,2026-06-25 02:59:58 UTC,296.0,1.3975,Yes,0xe2C68b7ef85645e47F9b94382c3Db59b046945a2
2026-06-25 20:00:00 UTC,Ecuador vs Germany,FIFA World Cup ,Tie,1X2,141.0,2026-06-25 02:59:58 UTC,141.0,1.1887,Yes,0xe2C68b7ef85645e47F9b94382c3Db59b046945a2
2026-06-25 20:00:00 UTC,Ecuador vs Germany,FIFA World Cup ,Not Germany,1X2,32.0,2026-06-25 02:59:57 UTC,32.0,1.3975,Yes,0xe2C68b7ef85645e47F9b94382c3Db59b046945a2
2026-06-26 02:00:00 UTC,Turkey vs USA,FIFA World Cup ,Turkey -0.5,Asian Handicap (-0.5),0.0,2026-06-25 02:59:56 UTC,0.0,1.2612,Yes,0x85488156a1675CE39D29f15418b1bf15eA79a2a6
2026-06-26 02:00:00 UTC,Turkey vs USA,FIFA World Cup ,Turkey,1X2,0.0,2026-06-25 02:59:54 UTC,0.0,1.2612,Yes,0x85488156a1675CE39D29f15418b1bf15eA79a2a6
2026-06-25 23:00:00 UTC,Japan vs Sweden,FIFA World Cup ,Sweden +1,Asian Handicap (-1),30.0,2026-06-25 02:59:50 UTC,30.0,1.6225,Yes,0xC88F614A48f8A705d7465b03aAF62ddaca0c3754
2026-06-25 20:00:00 UTC,Ecuador vs Germany,FIFA World Cup ,Ecuador +0.5,Asian Handicap (0.5),65.0,2026-06-25 02:59:49 UTC,65.0,1.4,Yes,0xe2C68b7ef85645e47F9b94382c3Db59b046945a2
2026-06-25 20:00:00 UTC,Ecuador vs Germany,FIFA World Cup ,Ecuador +1,Asian Handicap (1),65.0,2026-06-25 02:59:49 UTC,65.0,1.5413,Yes,0xe2C68b7ef85645e47F9b94382c3Db59b046945a2
2026-06-25 20:00:00 UTC,Ecuador vs Germany,FIFA World Cup ,Tie,1X2,155.0,2026-06-25 02:59:45 UTC,155.0,1.19,Yes,0xE4DD6165bFF7EE73D7932C3b478f7E22431e85E7
2026-06-26 02:00:00 UTC,Turkey vs USA,FIFA World Cup ,Turkey,1X2,58.0,2026-06-25 02:59:37 UTC,58.0,1.2612,Yes,0x85488156a1675CE39D29f15418b1bf15eA79a2a6
2026-06-26 02:00:00 UTC,Turkey vs USA,FIFA World Cup ,Turkey -0.5,Asian Handicap (-0.5),58.0,2026-06-25 02:59:37 UTC,58.0,1.2612,Yes,0x85488156a1675CE39D29f15418b1bf15eA79a2a6
2026-06-26 02:00:00 UTC,Turkey vs USA,FIFA World Cup ,USA 0,Asian Handicap (0),9.0,2026-06-25 02:59:29 UTC,9.0,1.6562,Yes,0x8268feC8dCb0D284343054BDf2b649286c9aA0a1
2026-06-25 23:00:00 UTC,Japan vs Sweden,FIFA World Cup ,Sweden +1,Asian Handicap (-1),29.0,2026-06-25 02:59:29 UTC,29.0,1.6225,Yes,0xC88F614A48f8A705d7465b03aAF62ddaca0c3754
2026-06-25 20:00:00 UTC,Ecuador vs Germany,FIFA World Cup ,Not Germany,1X2,161.0,2026-06-25 02:59:14 UTC,161.0,1.4075,Yes,0xE4DD6165bFF7EE73D7932C3b478f7E22431e85E7
2026-06-25 20:00:00 UTC,Ecuador vs Germany,FIFA World Cup ,Ecuador +2,Asian Handicap (2),386.0,2026-06-25 02:59:13 UTC,386.0,1.8113,Yes,0xE4DD6165bFF7EE73D7932C3b478f7E22431e85E7
2026-06-25 20:00:00 UTC,Ecuador vs Germany,FIFA World Cup ,Not Germany,1X2,27.0,2026-06-25 02:59:13 UTC,27.0,1.4075,Yes,0xE4DD6165bFF7EE73D7932C3b478f7E22431e85E7
2026-06-25 20:00:00 UTC,Curaçao vs Ivory Coast,FIFA World Cup ,Not Curaçao,1X2,440.0,2026-06-25 02:58:49 UTC,440.0,1.9463,Yes,0xE4DD6165bFF7EE73D7932C3b478f7E22431e85E7
2026-06-26 02:00:00 UTC,Turkey vs USA,FIFA World Cup ,Turkey 0,Asian Handicap (0),62.0,2026-06-25 02:58:39 UTC,62.0,1.3388,Yes,0x85488156a1675CE39D29f15418b1bf15eA79a2a6
2026-06-26 02:00:00 UTC,Turkey vs USA,FIFA World Cup ,Turkey +0.5,Asian Handicap (0.5),62.0,2026-06-25 02:58:16 UTC,62.0,1.4925,Yes,0x85488156a1675CE39D29f15418b1bf15eA79a2a6
2026-06-26 02:00:00 UTC,Turkey vs USA,FIFA World Cup ,Not USA,1X2,62.0,2026-06-25 02:58:15 UTC,62.0,1.4912,Yes,0x85488156a1675CE39D29f15418b1bf15eA79a2a6
2026-06-25 20:00:00 UTC,Ecuador vs Germany,FIFA World Cup ,Tie,1X2,0.0,2026-06-25 02:57:29 UTC,0.0,1.19,Yes,0xe2C68b7ef85645e47F9b94382c3Db59b046945a2
2026-06-25 20:00:00 UTC,Ecuador vs Germany,FIFA World Cup ,Tie,1X2,134.0,2026-06-25 02:56:47 UTC,134.0,1.1938,Yes,0xE4DD6165bFF7EE73D7932C3b478f7E22431e85E7
2026-06-25 20:00:00 UTC,Ecuador vs Germany,FIFA World Cup ,Not Germany,1X2,168.0,2026-06-25 02:56:43 UTC,168.0,1.41,Yes,0xE4DD6165bFF7EE73D7932C3b478f7E22431e85E7
2026-06-25 23:00:00 UTC,Japan vs Sweden,FIFA World Cup ,Sweden +1,Asian Handicap (-1),1.0,2026-06-25 02:56:36 UTC,1.0,1.6225,Yes,0xC88F614A48f8A705d7465b03aAF62ddaca0c3754
2026-06-25 20:00:00 UTC,Ecuador vs Germany,FIFA World Cup ,Under 3.0,Under/Over (3),26.0,2026-06-25 02:56:24 UTC,26.0,1.5488,Yes,0xC88F614A48f8A705d7465b03aAF62ddaca0c3754
2026-06-25 23:00:00 UTC,Japan vs Sweden,FIFA World Cup ,Sweden +1,Asian Handicap (-1),29.0,2026-06-25 02:56:03 UTC,29.0,1.6225,Yes,0xC88F614A48f8A705d7465b03aAF62ddaca0c3754
2026-06-25 20:00:00 UTC,Ecuador vs Germany,FIFA World Cup ,Germany -1.5,Asian Handicap (1.5),0.0,2026-06-25 02:54:54 UTC,0.0,1.3237,Yes,0xE4DD6165bFF7EE73D7932C3b478f7E22431e85E7
2026-06-25 20:00:00 UTC,Ecuador vs Germany,FIFA World Cup ,Germany -1.5,Asian Handicap (1.5),132.0,2026-06-25 02:54:37 UTC,132.0,1.3262,Yes,0xE4DD6165bFF7EE73D7932C3b478f7E22431e85E7
2026-06-25 20:00:00 UTC,Ecuador vs Germany,FIFA World Cup ,Not Ecuador,1X2,658.0,2026-06-25 02:54:36 UTC,658.0,1.7837,Yes,0xe2C68b7ef85645e47F9b94382c3Db59b046945a2
2026-06-25 20:00:00 UTC,Ecuador vs Germany,FIFA World Cup ,Germany,1X2,1114.0,2026-06-25 02:54:36 UTC,1114.0,1.5875,Yes,0x68E1818FF20BBe84F9be9E0A4A395FB11079Bd35
2026-06-25 20:00:00 UTC,Ecuador vs Germany,FIFA World Cup ,Not Germany,1X2,197.0,2026-06-25 02:53:24 UTC,197.0,1.41,Yes,0xE4DD6165bFF7EE73D7932C3b478f7E22431e85E7
2026-06-25 20:00:00 UTC,Ecuador vs Germany,FIFA World Cup ,Not Ecuador,1X2,667.0,2026-06-25 02:53:06 UTC,667.0,1.785,Yes,0x68E1818FF20BBe84F9be9E0A4A395FB11079Bd35
2026-06-25 20:00:00 UTC,Ecuador vs Germany,FIFA World Cup ,Tie,1X2,0.0,2026-06-25 02:51:11 UTC,0.0,1.195,Yes,0xE4DD6165bFF7EE73D7932C3b478f7E22431e85E7
2026-06-25 20:00:00 UTC,Ecuador vs Germany,FIFA World Cup ,Tie,1X2,117.0,2026-06-25 02:51:02 UTC,117.0,1.1975,Yes,0xE4DD6165bFF7EE73D7932C3b478f7E22431e85E7
2026-06-26 02:00:00 UTC,Turkey vs USA,FIFA World Cup ,Turkey +1,Asian Handicap (1),1.0,2026-06-25 02:50:17 UTC,1.0,1.6338,Yes,0xC88F614A48f8A705d7465b03aAF62ddaca0c3754
2026-06-26 02:00:00 UTC,Turkey vs USA,FIFA World Cup ,Turkey +0.5,Asian Handicap (0.5),0.0,2026-06-25 02:50:16 UTC,0.0,1.4875,Yes,0xC88F614A48f8A705d7465b03aAF62ddaca0c3754
2026-06-26 02:00:00 UTC,Turkey vs USA,FIFA World Cup ,Turkey +1,Asian Handicap (1),31.0,2026-06-25 02:49:40 UTC,31.0,1.6338,Yes,0xC88F614A48f8A705d7465b03aAF62ddaca0c3754
2026-06-26 02:00:00 UTC,Turkey vs USA,FIFA World Cup ,Turkey +0.5,Asian Handicap (0.5),24.0,2026-06-25 02:49:37 UTC,24.0,1.49,Yes,0xC88F614A48f8A705d7465b03aAF62ddaca0c3754
2026-06-26 02:00:00 UTC,Turkey vs USA,FIFA World Cup ,Not USA,1X2,185.0,2026-06-25 02:49:36 UTC,185.0,1.4912,Yes,0xE4DD6165bFF7EE73D7932C3b478f7E22431e85E7
2026-06-25 23:00:00 UTC,Japan vs Sweden,FIFA World Cup ,Sweden -1,Asian Handicap (1),0.0,2026-06-25 02:49:21 UTC,0.0,1.08,Yes,0xE4DD6165bFF7EE73D7932C3b478f7E22431e85E7
2026-06-25 23:00:00 UTC,Japan vs Sweden,FIFA World Cup ,Sweden +1,Asian Handicap (-1),1.0,2026-06-25 02:49:18 UTC,1.0,1.6225,Yes,0xC88F614A48f8A705d7465b03aAF62ddaca0c3754
2026-06-25 20:00:00 UTC,Ecuador vs Germany,FIFA World Cup ,Not Ecuador,1X2,686.0,2026-06-25 02:49:06 UTC,686.0,1.785,Yes,0x68E1818FF20BBe84F9be9E0A4A395FB11079Bd35
2026-06-25 23:00:00 UTC,Japan vs Sweden,FIFA World Cup ,Sweden -1,Asian Handicap (1),89.0,2026-06-25 02:48:51 UTC,89.0,1.0837,Yes,0xE4DD6165bFF7EE73D7932C3b478f7E22431e85E7
2026-06-25 23:00:00 UTC,Japan vs Sweden,FIFA World Cup ,Not Japan,1X2,236.0,2026-06-25 02:48:51 UTC,236.0,1.4725,Yes,0xE4DD6165bFF7EE73D7932C3b478f7E22431e85E7
2026-06-25 23:00:00 UTC,Japan vs Sweden,FIFA World Cup ,Sweden +0.5,Asian Handicap (-0.5),162.0,2026-06-25 02:48:51 UTC,162.0,1.4737,Yes,0xE4DD6165bFF7EE73D7932C3b478f7E22431e85E7
2026-06-25 23:00:00 UTC,Japan vs Sweden,FIFA World Cup ,Sweden +1,Asian Handicap (-1),240.0,2026-06-25 02:48:50 UTC,240.0,1.6238,Yes,0xE4DD6165bFF7EE73D7932C3b478f7E22431e85E7
2026-06-25 23:00:00 UTC,Japan vs Sweden,FIFA World Cup ,Sweden 0,Asian Handicap (0),108.0,2026-06-25 02:48:48 UTC,108.0,1.2825,Yes,0xE4DD6165bFF7EE73D7932C3b478f7E22431e85E7
2026-06-25 20:00:00 UTC,Ecuador vs Germany,FIFA World Cup ,Not Germany,1X2,192.0,2026-06-25 02:47:58 UTC,192.0,1.4138,Yes,0xE4DD6165bFF7EE73D7932C3b478f7E22431e85E7
2026-06-25 23:00:00 UTC,Japan vs Sweden,FIFA World Cup ,Sweden 0,Asian Handicap (0),0.0,2026-06-25 02:47:35 UTC,0.0,1.2825,Yes,0xE4DD6165bFF7EE73D7932C3b478f7E22431e85E7
2026-06-25 23:00:00 UTC,Japan vs Sweden,FIFA World Cup ,Sweden 0,Asian Handicap (0),14.0,2026-06-25 02:46:44 UTC,14.0,1.2837,Yes,0xC88F614A48f8A705d7465b03aAF62ddaca0c3754
2026-06-25 20:00:00 UTC,Ecuador vs Germany,FIFA World Cup ,Not Germany,1X2,200.0,2026-06-25 02:46:35 UTC,200.0,1.4138,Yes,0xE4DD6165bFF7EE73D7932C3b478f7E22431e85E7
2026-06-25 20:00:00 UTC,Ecuador vs Germany,FIFA World Cup ,Ecuador +0.5,Asian Handicap (0.5),142.0,2026-06-25 02:46:35 UTC,142.0,1.4138,Yes,0xE4DD6165bFF7EE73D7932C3b478f7E22431e85E7
2026-06-25 23:00:00 UTC,Japan vs Sweden,FIFA World Cup ,Not Japan,1X2,8.0,2026-06-25 02:45:02 UTC,8.0,1.475,Yes,0xE4DD6165bFF7EE73D7932C3b478f7E22431e85E7
2026-06-25 23:00:00 UTC,Japan vs Sweden,FIFA World Cup ,Not Japan,1X2,80.0,2026-06-25 02:44:32 UTC,80.0,1.4763,Yes,0xE4DD6165bFF7EE73D7932C3b478f7E22431e85E7
2026-06-25 20:00:00 UTC,Ecuador vs Germany,FIFA World Cup ,Germany,1X2,1.0,2026-06-25 02:43:43 UTC,1.0,1.58,Yes,0x8268feC8dCb0D284343054BDf2b649286c9aA0a1
2026-06-25 20:00:00 UTC,Ecuador vs Germany,FIFA World Cup ,Ecuador,12,0.0,2026-06-25 02:43:41 UTC,0.0,1.2675,Yes,0xC88F614A48f8A705d7465b03aAF62ddaca0c3754
2026-06-25 20:00:00 UTC,Ecuador vs Germany,FIFA World Cup ,Ecuador +0.5,Asian Handicap (0.5),0.0,2026-06-25 02:43:39 UTC,0.0,1.4138,Yes,0xE4DD6165bFF7EE73D7932C3b478f7E22431e85E7
2026-06-25 20:00:00 UTC,Ecuador vs Germany,FIFA World Cup ,Germany,1X2,261.0,2026-06-25 02:43:10 UTC,261.0,1.58,Yes,0x68E1818FF20BBe84F9be9E0A4A395FB11079Bd35
2026-06-25 20:00:00 UTC,Ecuador vs Germany,FIFA World Cup ,Ecuador,12,13.0,2026-06-25 02:43:09 UTC,13.0,1.2688,Yes,0xC88F614A48f8A705d7465b03aAF62ddaca0c3754
2026-06-25 20:00:00 UTC,Ecuador vs Germany,FIFA World Cup ,Ecuador +0.5,Asian Handicap (0.5),116.0,2026-06-25 02:43:09 UTC,116.0,1.415,Yes,0xE4DD6165bFF7EE73D7932C3b478f7E22431e85E7
2026-06-26 02:00:00 UTC,Turkey vs USA,FIFA World Cup ,Turkey +0.5,Asian Handicap (0.5),24.0,2026-06-25 02:41:39 UTC,24.0,1.4925,Yes,0xC88F614A48f8A705d7465b03aAF62ddaca0c3754
2026-06-27 00:00:00 UTC,Uruguay vs Spain,FIFA World Cup ,Uruguay +1,Asian Handicap (1),43.0,2026-06-25 02:39:53 UTC,43.0,1.465,Yes,0x8268feC8dCb0D284343054BDf2b649286c9aA0a1
2026-06-25 23:00:00 UTC,Tunisia vs Netherlands,FIFA World Cup ,Under 6.5,Under/Over (6.5),115.0,2026-06-25 02:39:44 UTC,115.0,1.935,Yes,0xE4DD6165bFF7EE73D7932C3b478f7E22431e85E7
2026-06-25 20:00:00 UTC,Ecuador vs Germany,FIFA World Cup ,Tie,1X2,0.0,2026-06-25 02:39:24 UTC,0.0,1.1987,Yes,0xe2C68b7ef85645e47F9b94382c3Db59b046945a2
2026-06-25 20:00:00 UTC,Ecuador vs Germany,FIFA World Cup ,Not tie,1X2,240.0,2026-06-25 02:39:13 UTC,240.0,1.7963,Yes,0x8268feC8dCb0D284343054BDf2b649286c9aA0a1
2026-06-25 20:00:00 UTC,Ecuador vs Germany,FIFA World Cup ,Not Ecuador,1X2,687.0,2026-06-25 02:38:52 UTC,687.0,1.7825,Yes,0x68E1818FF20BBe84F9be9E0A4A395FB11079Bd35
2026-06-25 20:00:00 UTC,Ecuador vs Germany,FIFA World Cup ,Ecuador +1,Asian Handicap (1),18.0,2026-06-25 02:38:15 UTC,18.0,1.4238,Yes,0xe2C68b7ef85645e47F9b94382c3Db59b046945a2
2026-06-25 20:00:00 UTC,Ecuador vs Germany,FIFA World Cup ,Ecuador +0.5,Asian Handicap (0.5),18.0,2026-06-25 02:38:15 UTC,18.0,1.4238,Yes,0xe2C68b7ef85645e47F9b94382c3Db59b046945a2
2026-06-25 23:00:00 UTC,Japan vs Sweden,FIFA World Cup ,Not Japan,1X2,28.0,2026-06-25 02:36:52 UTC,28.0,1.4763,Yes,0xE4DD6165bFF7EE73D7932C3b478f7E22431e85E7
2026-06-25 23:00:00 UTC,Japan vs Sweden,FIFA World Cup ,Not Japan,1X2,10.0,2026-06-25 02:36:32 UTC,10.0,1.4775,Yes,0x90555F35378305Ad562A29916D311a0e1C741A32
2026-06-25 20:00:00 UTC,Ecuador vs Germany,FIFA World Cup ,Under 5.0,Under/Over (5),658.0,2026-06-25 02:34:10 UTC,658.0,1.9112,Yes,0xe2C68b7ef85645e47F9b94382c3Db59b046945a2
2026-06-25 20:00:00 UTC,Ecuador vs Germany,FIFA World Cup ,Not Germany,1X2,4.0,2026-06-25 02:34:10 UTC,4.0,1.4213,Yes,0xD4A85DD7853865362d72052AfDB159D74E55c8a6
2026-06-25 20:00:00 UTC,Ecuador vs Germany,FIFA World Cup ,Not tie,1X2,3.0,2026-06-25 02:34:10 UTC,3.0,1.795,Yes,0x81b0690435A7b77c1fE50f311506934127e9De73
2026-06-25 20:00:00 UTC,Ecuador vs Germany,FIFA World Cup ,Under 4.5,Under/Over (4.5),658.0,2026-06-25 02:34:10 UTC,658.0,1.8188,Yes,0xe2C68b7ef85645e47F9b94382c3Db59b046945a2
2026-06-25 20:00:00 UTC,Ecuador vs Germany,FIFA World Cup ,Not tie,1X2,3.0,2026-06-25 02:34:06 UTC,3.0,1.795,Yes,0x81b0690435A7b77c1fE50f311506934127e9De73
2026-06-26 02:00:00 UTC,Paraguay vs Australia,FIFA World Cup ,Not Australia,1X2,744.0,2026-06-25 02:24:10 UTC,744.0,1.7625,Yes,0xE4DD6165bFF7EE73D7932C3b478f7E22431e85E7
2026-06-26 02:00:00 UTC,Turkey vs USA,FIFA World Cup ,Not Turkey,1X2,657.0,2026-06-25 02:23:27 UTC,657.0,1.7325,Yes,0x68E1818FF20BBe84F9be9E0A4A395FB11079Bd35
2026-06-25 23:00:00 UTC,Tunisia vs Netherlands,FIFA World Cup ,Not Tunisia,1X2,1020.0,2026-06-25 02:23:16 UTC,1020.0,1.965,Yes,0x68E1818FF20BBe84F9be9E0A4A395FB11079Bd35
2026-06-25 20:00:00 UTC,Curaçao vs Ivory Coast,FIFA World Cup ,Curaçao,1X2,0.0,2026-06-25 02:23:07 UTC,0.0,1.0488,Yes,0x81b0690435A7b77c1fE50f311506934127e9De73
2026-06-25 20:00:00 UTC,Curaçao vs Ivory Coast,FIFA World Cup ,Not Curaçao,1X2,1887.0,2026-06-25 02:22:39 UTC,1887.0,1.9463,Yes,0xE4DD6165bFF7EE73D7932C3b478f7E22431e85E7
2026-06-25 20:00:00 UTC,Ecuador vs Germany,FIFA World Cup ,Ecuador +0.5,Asian Handicap (0.5),147.0,2026-06-25 02:21:54 UTC,147.0,1.4238,Yes,0xE4DD6165bFF7EE73D7932C3b478f7E22431e85E7
2026-06-25 20:00:00 UTC,Ecuador vs Germany,FIFA World Cup ,Not Ecuador,1X2,3.0,2026-06-25 02:21:21 UTC,3.0,1.78,Yes,0x68E1818FF20BBe84F9be9E0A4A395FB11079Bd35
2026-06-25 20:00:00 UTC,Ecuador vs Germany,FIFA World Cup ,Germany +0.5,Asian Handicap (-0.5),387.0,2026-06-25 02:20:23 UTC,387.0,1.78,Yes,0xE4DD6165bFF7EE73D7932C3b478f7E22431e85E7
2026-06-25 20:00:00 UTC,Ecuador vs Germany,FIFA World Cup ,Not Ecuador,1X2,0.0,2026-06-25 02:20:22 UTC,0.0,1.7825,Yes,0x68E1818FF20BBe84F9be9E0A4A395FB11079Bd35
2026-06-25 20:00:00 UTC,Ecuador vs Germany,FIFA World Cup ,Germany -1,Asian Handicap (1),174.0,2026-06-25 02:20:22 UTC,174.0,1.43,Yes,0xE4DD6165bFF7EE73D7932C3b478f7E22431e85E7
2026-06-25 20:00:00 UTC,Ecuador vs Germany,FIFA World Cup ,Not Ecuador,1X2,694.0,2026-06-25 02:20:21 UTC,694.0,1.7825,Yes,0x68E1818FF20BBe84F9be9E0A4A395FB11079Bd35
2026-06-28 02:00:00 UTC,Algeria vs Austria,FIFA World Cup ,Over 3.5,Under/Over (3.5),0.0,2026-06-25 02:20:05 UTC,0.0,1.165,Yes,0x8268feC8dCb0D284343054BDf2b649286c9aA0a1
2026-06-25 20:00:00 UTC,Ecuador vs Germany,FIFA World Cup ,Germany -0.5,Asian Handicap (0.5),2.0,2026-06-25 02:19:45 UTC,2.0,1.5737,Yes,0x8268feC8dCb0D284343054BDf2b649286c9aA0a1
2026-06-28 02:00:00 UTC,Algeria vs Austria,FIFA World Cup ,Over 3.5,Under/Over (3.5),62.0,2026-06-25 02:19:12 UTC,62.0,1.1713,Yes,0xE4DD6165bFF7EE73D7932C3b478f7E22431e85E7
2026-06-25 20:00:00 UTC,Ecuador vs Germany,FIFA World Cup ,Ecuador +0.5,Asian Handicap (0.5),201.0,2026-06-25 02:18:18 UTC,201.0,1.4213,Yes,0xE4DD6165bFF7EE73D7932C3b478f7E22431e85E7
2026-06-25 20:00:00 UTC,Ecuador vs Germany,FIFA World Cup ,Over 1.5,Under/Over (1.5),183.0,2026-06-25 02:15:20 UTC,183.0,1.7825,Yes,0xE4DD6165bFF7EE73D7932C3b478f7E22431e85E7
2026-06-27 23:30:00 UTC,Congo DR vs Uzbekistan,FIFA World Cup ,Uzbekistan,1X2,107.0,2026-06-25 02:10:45 UTC,107.0,1.215,Yes,0x54E2dA2071B8c5E0F9ACC910C880DCcBbD40fD94
2026-06-25 23:00:00 UTC,Tunisia vs Netherlands,FIFA World Cup ,Tunisia +2.5,Asian Handicap (2.5),24.0,2026-06-25 02:07:11 UTC,24.0,1.4937,Yes,0xC88F614A48f8A705d7465b03aAF62ddaca0c3754
2026-06-25 20:00:00 UTC,Ecuador vs Germany,FIFA World Cup ,Not Germany,1X2,0.0,2026-06-25 02:05:43 UTC,0.0,1.4213,Yes,0xD4A85DD7853865362d72052AfDB159D74E55c8a6
2026-06-25 20:00:00 UTC,Ecuador vs Germany,FIFA World Cup ,Not Germany,1X2,195.0,2026-06-25 02:04:51 UTC,195.0,1.4213,Yes,0xD4A85DD7853865362d72052AfDB159D74E55c8a6
2026-06-25 23:00:00 UTC,Tunisia vs Netherlands,FIFA World Cup ,Netherlands -4.5,Asian Handicap (4.5),0.0,2026-06-25 01:54:39 UTC,0.0,1.1425,Yes,0xe2C68b7ef85645e47F9b94382c3Db59b046945a2
2026-06-25 20:00:00 UTC,Ecuador vs Germany,FIFA World Cup ,Ecuador +0.5,Asian Handicap (0.5),65.0,2026-06-25 01:54:10 UTC,65.0,1.4238,Yes,0xE4DD6165bFF7EE73D7932C3b478f7E22431e85E7
2026-06-25 23:00:00 UTC,Tunisia vs Netherlands,FIFA World Cup ,Netherlands -4.5,Asian Handicap (4.5),2.0,2026-06-25 01:53:29 UTC,2.0,1.1425,Yes,0xe2C68b7ef85645e47F9b94382c3Db59b046945a2
2026-06-25 23:00:00 UTC,Tunisia vs Netherlands,FIFA World Cup ,Netherlands -4.5,Asian Handicap (4.5),4.0,2026-06-25 01:51:38 UTC,4.0,1.1425,Yes,0xe2C68b7ef85645e47F9b94382c3Db59b046945a2
2026-06-25 20:00:00 UTC,Ecuador vs Germany,FIFA World Cup ,Germany,1X2,1090.0,2026-06-25 01:50:17 UTC,1090.0,1.5713,Yes,0x8268feC8dCb0D284343054BDf2b649286c9aA0a1
2026-06-26 02:00:00 UTC,Turkey vs USA,FIFA World Cup ,Not Turkey,1X2,2.0,2026-06-25 01:48:55 UTC,2.0,1.7325,Yes,0x68E1818FF20BBe84F9be9E0A4A395FB11079Bd35
2026-06-25 20:00:00 UTC,Curaçao vs Ivory Coast,FIFA World Cup ,Not tie,1X2,121.0,2026-06-25 01:47:45 UTC,121.0,1.8862,Yes,0x68E1818FF20BBe84F9be9E0A4A395FB11079Bd35
2026-06-26 02:00:00 UTC,Paraguay vs Australia,FIFA World Cup ,Not tie,1X2,202.0,2026-06-25 01:47:25 UTC,202.0,1.5688,Yes,0xE4DD6165bFF7EE73D7932C3b478f7E22431e85E7
2026-06-25 20:00:00 UTC,Curaçao vs Ivory Coast,FIFA World Cup ,Not tie,1X2,7.0,2026-06-25 01:43:49 UTC,7.0,1.8862,Yes,0x68E1818FF20BBe84F9be9E0A4A395FB11079Bd35
2026-06-25 20:00:00 UTC,Ecuador vs Germany,FIFA World Cup ,Germany -0.5,Asian Handicap (0.5),1.0,2026-06-25 01:39:43 UTC,1.0,1.5663,Yes,0xE4DD6165bFF7EE73D7932C3b478f7E22431e85E7
2026-06-25 20:00:00 UTC,Ecuador vs Germany,FIFA World Cup ,Not Germany,1X2,10.0,2026-06-25 01:39:41 UTC,10.0,1.4263,Yes,0x77B23094D6E48F735487DA7410DbEeE2Fc87A0c8
2026-06-25 20:00:00 UTC,Ecuador vs Germany,FIFA World Cup ,Not Germany,1X2,10.0,2026-06-25 01:39:33 UTC,10.0,1.4263,Yes,0x77B23094D6E48F735487DA7410DbEeE2Fc87A0c8
2026-06-25 20:00:00 UTC,Ecuador vs Germany,FIFA World Cup ,Not Germany,1X2,10.0,2026-06-25 01:39:27 UTC,10.0,1.4263,Yes,0x77B23094D6E48F735487DA7410DbEeE2Fc87A0c8
2026-06-25 20:00:00 UTC,Ecuador vs Germany,FIFA World Cup ,Germany,1X2,1017.0,2026-06-25 01:39:23 UTC,1017.0,1.5737,Yes,0x68E1818FF20BBe84F9be9E0A4A395FB11079Bd35
2026-06-25 20:00:00 UTC,Ecuador vs Germany,FIFA World Cup ,Not Germany,1X2,9.0,2026-06-25 01:39:20 UTC,9.0,1.4263,Yes,0x77B23094D6E48F735487DA7410DbEeE2Fc87A0c8
2026-06-25 20:00:00 UTC,Ecuador vs Germany,FIFA World Cup ,Ecuador +0.5,Asian Handicap (0.5),45.0,2026-06-25 01:39:16 UTC,45.0,1.4238,Yes,0xE4DD6165bFF7EE73D7932C3b478f7E22431e85E7
2026-06-26 02:00:00 UTC,Paraguay vs Australia,FIFA World Cup ,Under 0.5,Under/Over (0.5),120.0,2026-06-25 01:37:48 UTC,120.0,1.1938,Yes,0x8268feC8dCb0D284343054BDf2b649286c9aA0a1
2026-06-28 02:00:00 UTC,Jordan vs Argentina,FIFA World Cup ,Not Jordan,1X2,27.0,2026-06-25 01:33:58 UTC,27.0,1.9438,Yes,0xe2C68b7ef85645e47F9b94382c3Db59b046945a2
2026-06-25 20:00:00 UTC,Ecuador vs Germany,FIFA World Cup ,Germany -0.5,Asian Handicap (0.5),3.0,2026-06-25 01:31:27 UTC,3.0,1.5663,Yes,0xE4DD6165bFF7EE73D7932C3b478f7E22431e85E7
2026-06-27 00:00:00 UTC,Uruguay vs Spain,FIFA World Cup ,Not tie,1X2,3.0,2026-06-25 01:30:08 UTC,3.0,1.7725,Yes,0xE4DD6165bFF7EE73D7932C3b478f7E22431e85E7
2026-06-28 02:00:00 UTC,Algeria vs Austria,FIFA World Cup ,Algeria,1X2,0.0,2026-06-25 01:27:47 UTC,0.0,1.2388,Yes,0xE4DD6165bFF7EE73D7932C3b478f7E22431e85E7
2026-06-25 20:00:00 UTC,Curaçao vs Ivory Coast,FIFA World Cup ,Over 4.5,Under/Over (4.5),0.0,2026-06-25 01:27:46 UTC,0.0,1.23,Yes,0xe2C68b7ef85645e47F9b94382c3Db59b046945a2
2026-06-25 20:00:00 UTC,Curaçao vs Ivory Coast,FIFA World Cup ,Over 3.5,Under/Over (3.5),0.0,2026-06-25 01:27:44 UTC,0.0,1.4138,Yes,0xE4DD6165bFF7EE73D7932C3b478f7E22431e85E7
2026-06-25 20:00:00 UTC,Ecuador vs Germany,FIFA World Cup ,Not Germany,1X2,0.0,2026-06-25 01:27:40 UTC,0.0,1.4263,Yes,0x77B23094D6E48F735487DA7410DbEeE2Fc87A0c8
2026-06-25 20:00:00 UTC,Curaçao vs Ivory Coast,FIFA World Cup ,Over 4.5,Under/Over (4.5),94.0,2026-06-25 01:27:24 UTC,94.0,1.2325,Yes,0xE4DD6165bFF7EE73D7932C3b478f7E22431e85E7
2026-06-28 02:00:00 UTC,Algeria vs Austria,FIFA World Cup ,Algeria,1X2,48.0,2026-06-25 01:27:24 UTC,48.0,1.2388,Yes,0xE4DD6165bFF7EE73D7932C3b478f7E22431e85E7
2026-06-25 20:00:00 UTC,Curaçao vs Ivory Coast,FIFA World Cup ,Over 3.5,Under/Over (3.5),149.0,2026-06-25 01:27:24 UTC,149.0,1.4138,Yes,0xE4DD6165bFF7EE73D7932C3b478f7E22431e85E7
2026-06-25 20:00:00 UTC,Curaçao vs Ivory Coast,FIFA World Cup ,Curaçao +3.5,Asian Handicap (3.5),391.0,2026-06-25 01:27:23 UTC,391.0,1.7675,Yes,0xE4DD6165bFF7EE73D7932C3b478f7E22431e85E7
2026-06-25 20:00:00 UTC,Ecuador vs Germany,FIFA World Cup ,Over 3.0,Under/Over (3),328.0,2026-06-25 01:27:03 UTC,328.0,1.435,Yes,0xE4DD6165bFF7EE73D7932C3b478f7E22431e85E7
2026-06-25 20:00:00 UTC,Ecuador vs Germany,FIFA World Cup ,Not Germany,1X2,10.0,2026-06-25 01:27:00 UTC,10.0,1.4263,Yes,0x77B23094D6E48F735487DA7410DbEeE2Fc87A0c8
2026-06-27 00:00:00 UTC,Cape Verde vs Saudi Arabia,FIFA World Cup ,Cape Verde -2.5,Asian Handicap (-2.5),5.0,2026-06-25 01:22:25 UTC,5.0,1.0562,Yes,0xE4DD6165bFF7EE73D7932C3b478f7E22431e85E7
2026-06-28 02:00:00 UTC,Algeria vs Austria,FIFA World Cup ,Over 3.5,Under/Over (3.5),0.0,2026-06-25 01:21:25 UTC,0.0,1.1687,Yes,0xE4DD6165bFF7EE73D7932C3b478f7E22431e85E7
2026-06-28 02:00:00 UTC,Jordan vs Argentina,FIFA World Cup ,Jordan +1,Asian Handicap (1),0.0,2026-06-25 01:21:23 UTC,0.0,1.2212,Yes,0xE4DD6165bFF7EE73D7932C3b478f7E22431e85E7
2026-06-25 23:00:00 UTC,Tunisia vs Netherlands,FIFA World Cup ,Tunisia +2,Asian Handicap (2),176.0,2026-06-25 01:20:43 UTC,176.0,1.365,Yes,0xE4DD6165bFF7EE73D7932C3b478f7E22431e85E7
2026-06-28 02:00:00 UTC,Algeria vs Austria,FIFA World Cup ,Over 3.5,Under/Over (3.5),60.0,2026-06-25 01:20:43 UTC,60.0,1.1713,Yes,0xE4DD6165bFF7EE73D7932C3b478f7E22431e85E7
2026-06-28 02:00:00 UTC,Jordan vs Argentina,FIFA World Cup ,Jordan +1,Asian Handicap (1),52.0,2026-06-25 01:20:42 UTC,52.0,1.2237,Yes,0xE4DD6165bFF7EE73D7932C3b478f7E22431e85E7
2026-06-25 23:00:00 UTC,Tunisia vs Netherlands,FIFA World Cup ,Tunisia +3,Asian Handicap (3),43.0,2026-06-25 01:17:10 UTC,43.0,1.6325,Yes,0xE4DD6165bFF7EE73D7932C3b478f7E22431e85E7
2026-06-25 23:00:00 UTC,Tunisia vs Netherlands,FIFA World Cup ,Tunisia +3,Asian Handicap (3),1.0,2026-06-25 01:17:02 UTC,1.0,1.6325,Yes,0xE4DD6165bFF7EE73D7932C3b478f7E22431e85E7
2026-06-25 23:00:00 UTC,Tunisia vs Netherlands,FIFA World Cup ,Tunisia +3,Asian Handicap (3),225.0,2026-06-25 01:16:42 UTC,225.0,1.6325,Yes,0xE4DD6165bFF7EE73D7932C3b478f7E22431e85E7
2026-06-25 23:00:00 UTC,Tunisia vs Netherlands,FIFA World Cup ,Netherlands -1.5,Asian Handicap (1.5),0.0,2026-06-25 01:15:29 UTC,0.0,1.7063,Yes,0xE4DD6165bFF7EE73D7932C3b478f7E22431e85E7
2026-06-25 23:00:00 UTC,Tunisia vs Netherlands,FIFA World Cup ,Netherlands -2,Asian Handicap (2),253.0,2026-06-25 01:15:28 UTC,253.0,1.6275,Yes,0xE4DD6165bFF7EE73D7932C3b478f7E22431e85E7
2026-06-25 23:00:00 UTC,Tunisia vs Netherlands,FIFA World Cup ,Netherlands -1.5,Asian Handicap (1.5),327.0,2026-06-25 01:15:28 UTC,327.0,1.7063,Yes,0xE4DD6165bFF7EE73D7932C3b478f7E22431e85E7
2026-06-27 00:00:00 UTC,Cape Verde vs Saudi Arabia,FIFA World Cup ,Over 1.5,Under/Over (1.5),260.0,2026-06-25 01:12:33 UTC,260.0,1.7188,Yes,0xE4DD6165bFF7EE73D7932C3b478f7E22431e85E7
2026-06-25 23:00:00 UTC,Japan vs Sweden,FIFA World Cup ,Sweden +0.5,Asian Handicap (-0.5),23.0,2026-06-25 01:08:28 UTC,23.0,1.4825,Yes,0x4a09916b1325Eed50eE8973B13742a205B0B7c7E
2026-06-25 23:00:00 UTC,Japan vs Sweden,FIFA World Cup ,Sweden,12,14.0,2026-06-25 01:08:17 UTC,14.0,1.2937,Yes,0x4a09916b1325Eed50eE8973B13742a205B0B7c7E
2026-06-25 23:00:00 UTC,Japan vs Sweden,FIFA World Cup ,Sweden +0.5,Asian Handicap (-0.5),23.0,2026-06-25 01:08:15 UTC,23.0,1.4825,Yes,0x4a09916b1325Eed50eE8973B13742a205B0B7c7E
2026-06-25 23:00:00 UTC,Japan vs Sweden,FIFA World Cup ,Sweden -0.5,Asian Handicap (0.5),10.0,2026-06-25 01:08:15 UTC,10.0,1.2125,Yes,0x4a09916b1325Eed50eE8973B13742a205B0B7c7E
2026-06-25 23:00:00 UTC,Japan vs Sweden,FIFA World Cup ,Sweden +1.5,Asian Handicap (-1.5),35.0,2026-06-25 01:08:02 UTC,35.0,1.7237,Yes,0x4a09916b1325Eed50eE8973B13742a205B0B7c7E
2026-06-25 20:00:00 UTC,Ecuador vs Germany,FIFA World Cup ,Germany,12,3.0,2026-06-25 01:07:57 UTC,3.0,1.7163,Yes,0xE4DD6165bFF7EE73D7932C3b478f7E22431e85E7
2026-06-25 20:00:00 UTC,Ecuador vs Germany,FIFA World Cup ,Not Germany,1X2,0.0,2026-06-25 01:04:14 UTC,0.0,1.4263,Yes,0x77B23094D6E48F735487DA7410DbEeE2Fc87A0c8
2026-06-28 02:00:00 UTC,Jordan vs Argentina,FIFA World Cup ,Not Jordan,1X2,27.0,2026-06-25 01:04:09 UTC,27.0,1.9438,Yes,0xe2C68b7ef85645e47F9b94382c3Db59b046945a2
2026-06-28 02:00:00 UTC,Jordan vs Argentina,FIFA World Cup ,Argentina -1,Asian Handicap (1),455.0,2026-06-25 01:03:49 UTC,455.0,1.7688,Yes,0xE4DD6165bFF7EE73D7932C3b478f7E22431e85E7
2026-06-28 02:00:00 UTC,Jordan vs Argentina,FIFA World Cup ,Argentina -1.5,Asian Handicap (1.5),59.0,2026-06-25 01:03:49 UTC,59.0,1.5888,Yes,0xE4DD6165bFF7EE73D7932C3b478f7E22431e85E7
2026-06-25 23:00:00 UTC,Japan vs Sweden,FIFA World Cup ,Japan,1X2,2.0,2026-06-25 01:03:41 UTC,2.0,1.5162,Yes,0x8268feC8dCb0D284343054BDf2b649286c9aA0a1
2026-06-25 20:00:00 UTC,Ecuador vs Germany,FIFA World Cup ,Not Germany,1X2,10.0,2026-06-25 01:03:18 UTC,10.0,1.4275,Yes,0x77B23094D6E48F735487DA7410DbEeE2Fc87A0c8
2026-06-25 20:00:00 UTC,Ecuador vs Germany,FIFA World Cup ,Germany,1X2,16.0,2026-06-25 01:03:09 UTC,16.0,1.5675,Yes,0x8268feC8dCb0D284343054BDf2b649286c9aA0a1
2026-06-25 20:00:00 UTC,Ecuador vs Germany,FIFA World Cup ,Not Germany,1X2,10.0,2026-06-25 01:02:59 UTC,10.0,1.4275,Yes,0x77B23094D6E48F735487DA7410DbEeE2Fc87A0c8
2026-06-25 20:00:00 UTC,Ecuador vs Germany,FIFA World Cup ,Ecuador,12,13.0,2026-06-25 01:02:48 UTC,13.0,1.28,Yes,0xC88F614A48f8A705d7465b03aAF62ddaca0c3754
2026-06-25 20:00:00 UTC,Ecuador vs Germany,FIFA World Cup ,Under 5.0,Under/Over (5),882.0,2026-06-25 01:00:19 UTC,882.0,1.915,Yes,0xE4DD6165bFF7EE73D7932C3b478f7E22431e85E7
2026-06-28 02:00:00 UTC,Algeria vs Austria,FIFA World Cup ,Under 1.5,Under/Over (1.5),90.0,2026-06-25 01:00:09 UTC,90.0,1.3713,Yes,0xE4DD6165bFF7EE73D7932C3b478f7E22431e85E7
2026-06-28 02:00:00 UTC,Algeria vs Austria,FIFA World Cup ,Under 3.5,Under/Over (3.5),359.0,2026-06-25 01:00:09 UTC,359.0,1.8275,Yes,0xE4DD6165bFF7EE73D7932C3b478f7E22431e85E7
2026-06-28 02:00:00 UTC,Algeria vs Austria,FIFA World Cup ,Under 2.0,Under/Over (2),107.0,2026-06-25 01:00:09 UTC,107.0,1.525,Yes,0xE4DD6165bFF7EE73D7932C3b478f7E22431e85E7
2026-06-28 02:00:00 UTC,Algeria vs Austria,FIFA World Cup ,Under 3.0,Under/Over (3),217.0,2026-06-25 01:00:07 UTC,217.0,1.795,Yes,0xE4DD6165bFF7EE73D7932C3b478f7E22431e85E7
2026-06-25 20:00:00 UTC,Ecuador vs Germany,FIFA World Cup ,Not Germany,1X2,0.0,2026-06-25 01:00:03 UTC,0.0,1.4312,Yes,0x77B23094D6E48F735487DA7410DbEeE2Fc87A0c8
2026-06-27 00:00:00 UTC,Cape Verde vs Saudi Arabia,FIFA World Cup ,Cape Verde,1X2,0.0,2026-06-25 00:59:36 UTC,0.0,1.385,Yes,0x68E1818FF20BBe84F9be9E0A4A395FB11079Bd35
2026-06-25 20:00:00 UTC,Ecuador vs Germany,FIFA World Cup ,Not Germany,1X2,244.0,2026-06-25 00:58:50 UTC,244.0,1.4325,Yes,0xE4DD6165bFF7EE73D7932C3b478f7E22431e85E7
2026-06-27 00:00:00 UTC,Cape Verde vs Saudi Arabia,FIFA World Cup ,Cape Verde,1X2,84.0,2026-06-25 00:58:26 UTC,84.0,1.3862,Yes,0x68E1818FF20BBe84F9be9E0A4A395FB11079Bd35
2026-06-27 23:30:00 UTC,Congo DR vs Uzbekistan,FIFA World Cup ,Not Congo DR,1X2,112.0,2026-06-25 00:55:04 UTC,112.0,1.4475,Yes,0xE4DD6165bFF7EE73D7932C3b478f7E22431e85E7
2026-06-25 23:00:00 UTC,Japan vs Sweden,FIFA World Cup ,Not tie,1X2,1343.0,2026-06-25 00:52:25 UTC,1343.0,1.7275,Yes,0x5B3498Cb20C3107B5B267fabd3601B6425BDeb42
2026-06-25 20:00:00 UTC,Curaçao vs Ivory Coast,FIFA World Cup ,Over 2.0,Under/Over (2),41.0,2026-06-25 00:48:57 UTC,41.0,1.7975,Yes,0x8268feC8dCb0D284343054BDf2b649286c9aA0a1
2026-06-25 23:00:00 UTC,Japan vs Sweden,FIFA World Cup ,Not Sweden,1X2,164.0,2026-06-25 00:47:19 UTC,164.0,1.785,Yes,0x8268feC8dCb0D284343054BDf2b649286c9aA0a1
2026-06-25 23:00:00 UTC,Tunisia vs Netherlands,FIFA World Cup ,Under 6.5,Under/Over (6.5),21.0,2026-06-25 00:45:37 UTC,21.0,1.935,Yes,0xE4DD6165bFF7EE73D7932C3b478f7E22431e85E7
2026-06-25 20:00:00 UTC,Ecuador vs Germany,FIFA World Cup ,Not Germany,1X2,0.0,2026-06-25 00:43:22 UTC,0.0,1.4312,Yes,0x77B23094D6E48F735487DA7410DbEeE2Fc87A0c8
2026-06-25 20:00:00 UTC,Ecuador vs Germany,FIFA World Cup ,Not Germany,1X2,0.0,2026-06-25 00:43:21 UTC,0.0,1.4312,Yes,0x77B23094D6E48F735487DA7410DbEeE2Fc87A0c8
2026-06-25 20:00:00 UTC,Ecuador vs Germany,FIFA World Cup ,Not Germany,1X2,0.0,2026-06-25 00:43:17 UTC,0.0,1.4312,Yes,0x77B23094D6E48F735487DA7410DbEeE2Fc87A0c8
2026-06-25 20:00:00 UTC,Curaçao vs Ivory Coast,FIFA World Cup ,Curaçao +2.5,Asian Handicap (2.5),1.0,2026-06-25 00:43:16 UTC,1.0,1.5775,Yes,0xC88F614A48f8A705d7465b03aAF62ddaca0c3754
2026-06-25 20:00:00 UTC,Curaçao vs Ivory Coast,FIFA World Cup ,Curaçao +2.5,Asian Handicap (2.5),1.0,2026-06-25 00:43:13 UTC,1.0,1.5775,Yes,0xC88F614A48f8A705d7465b03aAF62ddaca0c3754
2026-06-25 20:00:00 UTC,Ecuador vs Germany,FIFA World Cup ,Not Germany,1X2,10.0,2026-06-25 00:42:58 UTC,10.0,1.4312,Yes,0x77B23094D6E48F735487DA7410DbEeE2Fc87A0c8
2026-06-25 20:00:00 UTC,Ecuador vs Germany,FIFA World Cup ,Not Germany,1X2,10.0,2026-06-25 00:42:52 UTC,10.0,1.4312,Yes,0x77B23094D6E48F735487DA7410DbEeE2Fc87A0c8
2026-06-25 20:00:00 UTC,Curaçao vs Ivory Coast,FIFA World Cup ,Under 3.5,Under/Over (3.5),191.0,2026-06-25 00:42:45 UTC,191.0,1.58,Yes,0xE4DD6165bFF7EE73D7932C3b478f7E22431e85E7
2026-06-25 20:00:00 UTC,Curaçao vs Ivory Coast,FIFA World Cup ,Under 2.0,Under/Over (2),95.0,2026-06-25 00:42:45 UTC,95.0,1.1963,Yes,0xE4DD6165bFF7EE73D7932C3b478f7E22431e85E7
2026-06-25 20:00:00 UTC,Ecuador vs Germany,FIFA World Cup ,Not Germany,1X2,10.0,2026-06-25 00:42:43 UTC,10.0,1.4312,Yes,0x77B23094D6E48F735487DA7410DbEeE2Fc87A0c8
2026-06-25 20:00:00 UTC,Curaçao vs Ivory Coast,FIFA World Cup ,Curaçao +2.5,Asian Handicap (2.5),28.0,2026-06-25 00:42:40 UTC,28.0,1.5775,Yes,0xC88F614A48f8A705d7465b03aAF62ddaca0c3754
2026-06-25 20:00:00 UTC,Curaçao vs Ivory Coast,FIFA World Cup ,Curaçao +2.5,Asian Handicap (2.5),28.0,2026-06-25 00:42:33 UTC,28.0,1.5775,Yes,0xC88F614A48f8A705d7465b03aAF62ddaca0c3754
2026-06-25 20:00:00 UTC,Curaçao vs Ivory Coast,FIFA World Cup ,Under 5.0,Under/Over (5),729.0,2026-06-25 00:42:33 UTC,729.0,1.8662,Yes,0xE4DD6165bFF7EE73D7932C3b478f7E22431e85E7
2026-06-25 20:00:00 UTC,Curaçao vs Ivory Coast,FIFA World Cup ,Under 4.0,Under/Over (4),305.0,2026-06-25 00:42:33 UTC,305.0,1.7113,Yes,0xE4DD6165bFF7EE73D7932C3b478f7E22431e85E7
2026-06-25 20:00:00 UTC,Curaçao vs Ivory Coast,FIFA World Cup ,Under 5.5,Under/Over (5.5),635.0,2026-06-25 00:42:33 UTC,635.0,1.8825,Yes,0xE4DD6165bFF7EE73D7932C3b478f7E22431e85E7
2026-06-25 20:00:00 UTC,Curaçao vs Ivory Coast,FIFA World Cup ,Under 2.5,Under/Over (2.5),151.0,2026-06-25 00:42:31 UTC,151.0,1.355,Yes,0xE4DD6165bFF7EE73D7932C3b478f7E22431e85E7
2026-06-25 20:00:00 UTC,Curaçao vs Ivory Coast,FIFA World Cup ,Under 2.0,Under/Over (2),105.0,2026-06-25 00:42:30 UTC,105.0,1.1963,Yes,0xE4DD6165bFF7EE73D7932C3b478f7E22431e85E7
2026-06-28 02:00:00 UTC,Algeria vs Austria,FIFA World Cup ,Under 0.5,Under/Over (0.5),5.0,2026-06-25 00:42:27 UTC,5.0,1.1675,Yes,0x8268feC8dCb0D284343054BDf2b649286c9aA0a1
2026-06-25 23:00:00 UTC,Japan vs Sweden,FIFA World Cup ,Not tie,1X2,1343.0,2026-06-25 00:41:45 UTC,1343.0,1.7288,Yes,0x5B3498Cb20C3107B5B267fabd3601B6425BDeb42
2026-06-25 23:00:00 UTC,Japan vs Sweden,FIFA World Cup ,Sweden -1.5,Asian Handicap (1.5),0.0,2026-06-25 00:41:22 UTC,0.0,1.0725,Yes,0xE4DD6165bFF7EE73D7932C3b478f7E22431e85E7
2026-06-25 23:00:00 UTC,Japan vs Sweden,FIFA World Cup ,Sweden -1,Asian Handicap (1),0.0,2026-06-25 00:41:20 UTC,0.0,1.0837,Yes,0xE4DD6165bFF7EE73D7932C3b478f7E22431e85E7
2026-06-25 23:00:00 UTC,Japan vs Sweden,FIFA World Cup ,Sweden 0,Asian Handicap (0),0.0,2026-06-25 00:41:18 UTC,0.0,1.28,Yes,0xE4DD6165bFF7EE73D7932C3b478f7E22431e85E7
2026-06-28 02:00:00 UTC,Algeria vs Austria,FIFA World Cup ,Under 1.5,Under/Over (1.5),8.0,2026-06-25 00:40:44 UTC,8.0,1.3725,Yes,0xE4DD6165bFF7EE73D7932C3b478f7E22431e85E7
2026-06-25 23:00:00 UTC,Japan vs Sweden,FIFA World Cup ,Sweden -1.5,Asian Handicap (1.5),65.0,2026-06-25 00:40:41 UTC,65.0,1.0737,Yes,0xe2C68b7ef85645e47F9b94382c3Db59b046945a2
2026-06-25 23:00:00 UTC,Japan vs Sweden,FIFA World Cup ,Sweden +1,Asian Handicap (-1),30.0,2026-06-25 00:40:41 UTC,30.0,1.625,Yes,0xC88F614A48f8A705d7465b03aAF62ddaca0c3754
2026-06-25 23:00:00 UTC,Japan vs Sweden,FIFA World Cup ,Sweden,12,14.0,2026-06-25 00:40:41 UTC,14.0,1.2837,Yes,0xC88F614A48f8A705d7465b03aAF62ddaca0c3754
2026-06-25 23:00:00 UTC,Japan vs Sweden,FIFA World Cup ,Sweden -1,Asian Handicap (1),78.0,2026-06-25 00:40:40 UTC,78.0,1.085,Yes,0xE4DD6165bFF7EE73D7932C3b478f7E22431e85E7
2026-06-25 23:00:00 UTC,Japan vs Sweden,FIFA World Cup ,Sweden 0,Asian Handicap (0),14.0,2026-06-25 00:40:39 UTC,14.0,1.285,Yes,0xC88F614A48f8A705d7465b03aAF62ddaca0c3754
2026-06-25 23:00:00 UTC,Japan vs Sweden,FIFA World Cup ,Sweden +0.5,Asian Handicap (-0.5),0.0,2026-06-25 00:38:46 UTC,0.0,1.4763,Yes,0xC88F614A48f8A705d7465b03aAF62ddaca0c3754
2026-06-25 23:00:00 UTC,Japan vs Sweden,FIFA World Cup ,Not Japan,1X2,337.0,2026-06-25 00:38:21 UTC,337.0,1.4725,Yes,0x68E1818FF20BBe84F9be9E0A4A395FB11079Bd35
2026-06-25 23:00:00 UTC,Japan vs Sweden,FIFA World Cup ,Sweden +0.5,Asian Handicap (-0.5),142.0,2026-06-25 00:38:18 UTC,142.0,1.4775,Yes,0xE4DD6165bFF7EE73D7932C3b478f7E22431e85E7
2026-06-25 23:00:00 UTC,Japan vs Sweden,FIFA World Cup ,Not Japan,1X2,10.0,2026-06-25 00:38:17 UTC,10.0,1.4775,Yes,0x90555F35378305Ad562A29916D311a0e1C741A32
2026-06-25 23:00:00 UTC,Japan vs Sweden,FIFA World Cup ,Not Japan,1X2,4.0,2026-06-25 00:35:36 UTC,4.0,1.4775,Yes,0xE4DD6165bFF7EE73D7932C3b478f7E22431e85E7
2026-06-25 23:00:00 UTC,Japan vs Sweden,FIFA World Cup ,Not Japan,1X2,23.0,2026-06-25 00:35:13 UTC,23.0,1.4775,Yes,0xE4DD6165bFF7EE73D7932C3b478f7E22431e85E7
2026-06-25 23:00:00 UTC,Japan vs Sweden,FIFA World Cup ,Not tie,1X2,2038.0,2026-06-25 00:35:04 UTC,2038.0,1.7262,Yes,0x8268feC8dCb0D284343054BDf2b649286c9aA0a1
2026-06-25 23:00:00 UTC,Japan vs Sweden,FIFA World Cup ,Not Japan,1X2,47.0,2026-06-25 00:34:20 UTC,47.0,1.4775,Yes,0xE4DD6165bFF7EE73D7932C3b478f7E22431e85E7
2026-06-25 23:00:00 UTC,Japan vs Sweden,FIFA World Cup ,Not Japan,1X2,65.0,2026-06-25 00:33:51 UTC,65.0,1.4775,Yes,0xE4DD6165bFF7EE73D7932C3b478f7E22431e85E7
2026-06-25 20:00:00 UTC,Ecuador vs Germany,FIFA World Cup ,Ecuador +2,Asian Handicap (2),611.0,2026-06-25 00:33:04 UTC,611.0,1.8275,Yes,0xE4DD6165bFF7EE73D7932C3b478f7E22431e85E7
2026-06-25 20:00:00 UTC,Ecuador vs Germany,FIFA World Cup ,Ecuador +2,Asian Handicap (2),188.0,2026-06-25 00:33:04 UTC,188.0,1.8275,Yes,0xE4DD6165bFF7EE73D7932C3b478f7E22431e85E7
2026-06-25 23:00:00 UTC,Japan vs Sweden,FIFA World Cup ,Not Japan,1X2,29.0,2026-06-25 00:32:42 UTC,29.0,1.4775,Yes,0xE4DD6165bFF7EE73D7932C3b478f7E22431e85E7
2026-06-25 20:00:00 UTC,Curaçao vs Ivory Coast,FIFA World Cup ,Under 3.0,Under/Over (3),159.0,2026-06-25 00:30:31 UTC,159.0,1.46,Yes,0xE4DD6165bFF7EE73D7932C3b478f7E22431e85E7
2026-06-25 20:00:00 UTC,Ecuador vs Germany,FIFA World Cup ,Ecuador +1.5,Asian Handicap (1.5),516.0,2026-06-25 00:29:30 UTC,516.0,1.6925,Yes,0xE4DD6165bFF7EE73D7932C3b478f7E22431e85E7
2026-06-25 20:00:00 UTC,Ecuador vs Germany,FIFA World Cup ,Germany +0.5,Asian Handicap (-0.5),7.0,2026-06-25 00:29:09 UTC,7.0,1.7675,Yes,0xC88F614A48f8A705d7465b03aAF62ddaca0c3754
2026-06-25 20:00:00 UTC,Ecuador vs Germany,FIFA World Cup ,Tie,1X2,0.0,2026-06-25 00:22:47 UTC,0.0,1.21,Yes,0x68E1818FF20BBe84F9be9E0A4A395FB11079Bd35
2026-06-25 20:00:00 UTC,Ecuador vs Germany,FIFA World Cup ,Tie,1X2,144.0,2026-06-25 00:22:26 UTC,144.0,1.2112,Yes,0x68E1818FF20BBe84F9be9E0A4A395FB11079Bd35
2026-06-25 23:00:00 UTC,Tunisia vs Netherlands,FIFA World Cup ,Tunisia +1.5,Asian Handicap (1.5),1.0,2026-06-25 00:21:43 UTC,1.0,1.285,Yes,0x8268feC8dCb0D284343054BDf2b649286c9aA0a1
2026-06-26 02:00:00 UTC,Turkey vs USA,FIFA World Cup ,USA,1X2,426.0,2026-06-25 00:20:29 UTC,426.0,1.5025,Yes,0x68E1818FF20BBe84F9be9E0A4A395FB11079Bd35
2026-06-25 20:00:00 UTC,Ecuador vs Germany,FIFA World Cup ,Under 5.5,Under/Over (5.5),958.0,2026-06-25 00:20:24 UTC,958.0,1.9225,Yes,0xE4DD6165bFF7EE73D7932C3b478f7E22431e85E7
2026-06-25 20:00:00 UTC,Ecuador vs Germany,FIFA World Cup ,Under 5.5,Under/Over (5.5),984.0,2026-06-25 00:20:18 UTC,984.0,1.9238,Yes,0xE4DD6165bFF7EE73D7932C3b478f7E22431e85E7
2026-06-25 20:00:00 UTC,Ecuador vs Germany,FIFA World Cup ,Under 1.0,Under/Over (1),188.0,2026-06-25 00:20:16 UTC,188.0,1.0588,Yes,0xe2C68b7ef85645e47F9b94382c3Db59b046945a2
2026-06-27 00:00:00 UTC,Cape Verde vs Saudi Arabia,FIFA World Cup ,Cape Verde,1X2,0.0,2026-06-25 00:19:41 UTC,0.0,1.3862,Yes,0x68E1818FF20BBe84F9be9E0A4A395FB11079Bd35
2026-06-27 00:00:00 UTC,Cape Verde vs Saudi Arabia,FIFA World Cup ,Cape Verde,1X2,0.0,2026-06-25 00:19:39 UTC,0.0,1.3862,Yes,0x68E1818FF20BBe84F9be9E0A4A395FB11079Bd35
2026-06-27 00:00:00 UTC,Cape Verde vs Saudi Arabia,FIFA World Cup ,Cape Verde,1X2,95.0,2026-06-25 00:19:25 UTC,95.0,1.3875,Yes,0x68E1818FF20BBe84F9be9E0A4A395FB11079Bd35
2026-06-27 23:30:00 UTC,Congo DR vs Uzbekistan,FIFA World Cup ,Not Congo DR,1X2,0.0,2026-06-25 00:19:24 UTC,0.0,1.4475,Yes,0xE4DD6165bFF7EE73D7932C3b478f7E22431e85E7
2026-06-27 00:00:00 UTC,Cape Verde vs Saudi Arabia,FIFA World Cup ,Cape Verde,1X2,169.0,2026-06-25 00:19:24 UTC,169.0,1.3875,Yes,0x68E1818FF20BBe84F9be9E0A4A395FB11079Bd35
2026-06-25 20:00:00 UTC,Ecuador vs Germany,FIFA World Cup ,Germany,1X2,1067.0,2026-06-25 00:18:31 UTC,1067.0,1.55,Yes,0x8268feC8dCb0D284343054BDf2b649286c9aA0a1
2026-06-25 20:00:00 UTC,Ecuador vs Germany,FIFA World Cup ,Germany,1X2,2.0,2026-06-25 00:18:29 UTC,2.0,1.55,Yes,0x8268feC8dCb0D284343054BDf2b649286c9aA0a1
2026-06-25 20:00:00 UTC,Ecuador vs Germany,FIFA World Cup ,Under 5.5,Under/Over (5.5),1064.0,2026-06-25 00:17:41 UTC,1064.0,1.925,Yes,0xE4DD6165bFF7EE73D7932C3b478f7E22431e85E7
2026-06-25 20:00:00 UTC,Ecuador vs Germany,FIFA World Cup ,Germany,1X2,855.0,2026-06-25 00:17:35 UTC,855.0,1.55,Yes,0x8268feC8dCb0D284343054BDf2b649286c9aA0a1
2026-06-25 20:00:00 UTC,Ecuador vs Germany,FIFA World Cup ,Tie,1X2,0.0,2026-06-25 00:17:12 UTC,0.0,1.2112,Yes,0x68E1818FF20BBe84F9be9E0A4A395FB11079Bd35
2026-06-25 23:00:00 UTC,Japan vs Sweden,FIFA World Cup ,Not Japan,1X2,1.0,2026-06-25 00:16:57 UTC,1.0,1.4788,Yes,0x85488156a1675CE39D29f15418b1bf15eA79a2a6
2026-06-25 20:00:00 UTC,Ecuador vs Germany,FIFA World Cup ,Tie,1X2,134.0,2026-06-25 00:16:45 UTC,134.0,1.2138,Yes,0xe2C68b7ef85645e47F9b94382c3Db59b046945a2
2026-06-25 20:00:00 UTC,Ecuador vs Germany,FIFA World Cup ,Under 5.5,Under/Over (5.5),12.0,2026-06-25 00:15:35 UTC,12.0,1.925,Yes,0xE4DD6165bFF7EE73D7932C3b478f7E22431e85E7
2026-06-25 20:00:00 UTC,Ecuador vs Germany,FIFA World Cup ,Under 5.5,Under/Over (5.5),952.0,2026-06-25 00:15:26 UTC,952.0,1.925,Yes,0xE4DD6165bFF7EE73D7932C3b478f7E22431e85E7
2026-06-25 20:00:00 UTC,Ecuador vs Germany,FIFA World Cup ,Under 5.5,Under/Over (5.5),1038.0,2026-06-25 00:13:50 UTC,1038.0,1.925,Yes,0xE4DD6165bFF7EE73D7932C3b478f7E22431e85E7
2026-06-25 23:00:00 UTC,Japan vs Sweden,FIFA World Cup ,Not Japan,1X2,6.0,2026-06-25 00:11:07 UTC,6.0,1.4775,Yes,0x85488156a1675CE39D29f15418b1bf15eA79a2a6
2026-06-25 23:00:00 UTC,Tunisia vs Netherlands,FIFA World Cup ,Over 4.5,Under/Over (4.5),14.0,2026-06-25 00:07:44 UTC,14.0,1.285,Yes,0x4a09916b1325Eed50eE8973B13742a205B0B7c7E
2026-06-25 23:00:00 UTC,Japan vs Sweden,FIFA World Cup ,Not Japan,1X2,3.0,2026-06-25 00:06:33 UTC,3.0,1.4775,Yes,0x85488156a1675CE39D29f15418b1bf15eA79a2a6
2026-06-25 20:00:00 UTC,Ecuador vs Germany,FIFA World Cup ,Tie,1X2,1.0,2026-06-25 00:04:02 UTC,1.0,1.2138,Yes,0xe2C68b7ef85645e47F9b94382c3Db59b046945a2
2026-06-25 20:00:00 UTC,Ecuador vs Germany,FIFA World Cup ,Ecuador,12,0.0,2026-06-25 00:03:23 UTC,0.0,1.2888,Yes,0xC88F614A48f8A705d7465b03aAF62ddaca0c3754
2026-06-25 23:00:00 UTC,Japan vs Sweden,FIFA World Cup ,Not Japan,1X2,0.0,2026-06-25 00:03:21 UTC,0.0,1.48,Yes,0x85488156a1675CE39D29f15418b1bf15eA79a2a6
2026-06-25 20:00:00 UTC,Ecuador vs Germany,FIFA World Cup ,Not Germany,1X2,0.0,2026-06-25 00:03:16 UTC,0.0,1.44,Yes,0x68E1818FF20BBe84F9be9E0A4A395FB11079Bd35
2026-06-25 20:00:00 UTC,Ecuador vs Germany,FIFA World Cup ,Ecuador,12,14.0,2026-06-25 00:02:54 UTC,14.0,1.2937,Yes,0xC88F614A48f8A705d7465b03aAF62ddaca0c3754
2026-06-25 23:00:00 UTC,Japan vs Sweden,FIFA World Cup ,Not Japan,1X2,0.0,2026-06-25 00:02:30 UTC,0.0,1.48,Yes,0x85488156a1675CE39D29f15418b1bf15eA79a2a6
2026-06-25 23:00:00 UTC,Japan vs Sweden,FIFA World Cup ,Not Japan,1X2,86.0,2026-06-25 00:02:30 UTC,86.0,1.4812,Yes,0x29c4c7668B1f9E7B037b36080Ea8682510C66b0e
2026-06-25 20:00:00 UTC,Ecuador vs Germany,FIFA World Cup ,Tie,1X2,0.0,2026-06-25 00:02:28 UTC,0.0,1.2138,Yes,0xe2C68b7ef85645e47F9b94382c3Db59b046945a2
2026-06-25 23:00:00 UTC,Japan vs Sweden,FIFA World Cup ,Not Japan,1X2,27.0,2026-06-25 00:02:26 UTC,27.0,1.48,Yes,0x85488156a1675CE39D29f15418b1bf15eA79a2a6
2026-06-25 23:00:00 UTC,Japan vs Sweden,FIFA World Cup ,Not Japan,1X2,31.0,2026-06-25 00:02:08 UTC,31.0,1.4812,Yes,0x29c4c7668B1f9E7B037b36080Ea8682510C66b0e
2026-06-25 23:00:00 UTC,Japan vs Sweden,FIFA World Cup ,Not Japan,1X2,30.0,2026-06-25 00:02:07 UTC,30.0,1.4812,Yes,0x29c4c7668B1f9E7B037b36080Ea8682510C66b0e
2026-06-25 20:00:00 UTC,Ecuador vs Germany,FIFA World Cup ,Tie,1X2,10.0,2026-06-25 00:01:58 UTC,10.0,1.2163,Yes,0x81b0690435A7b77c1fE50f311506934127e9De73
2026-06-25 20:00:00 UTC,Ecuador vs Germany,FIFA World Cup ,Under 5.0,Under/Over (5),658.0,2026-06-25 00:01:51 UTC,658.0,1.9163,Yes,0xe2C68b7ef85645e47F9b94382c3Db59b046945a2
2026-06-25 20:00:00 UTC,Ecuador vs Germany,FIFA World Cup ,Under 5.5,Under/Over (5.5),658.0,2026-06-25 00:01:51 UTC,658.0,1.9238,Yes,0xe2C68b7ef85645e47F9b94382c3Db59b046945a2
2026-06-25 20:00:00 UTC,Ecuador vs Germany,FIFA World Cup ,Germany,1X2,5485.0,2026-06-25 00:00:34 UTC,5485.0,1.5463,Yes,0x8268feC8dCb0D284343054BDf2b649286c9aA0a1
2026-06-25 23:00:00 UTC,Japan vs Sweden,FIFA World Cup ,Not Japan,1X2,15.0,2026-06-25 00:00:24 UTC,15.0,1.48,Yes,0x85488156a1675CE39D29f15418b1bf15eA79a2a6
2026-06-25 20:00:00 UTC,Ecuador vs Germany,FIFA World Cup ,Not Germany,1X2,3.0,2026-06-25 00:00:16 UTC,3.0,1.4438,Yes,0x68E1818FF20BBe84F9be9E0A4A395FB11079Bd35
2026-06-25 23:00:00 UTC,Japan vs Sweden,FIFA World Cup ,Not Japan,1X2,58.0,2026-06-25 00:00:03 UTC,58.0,1.48,Yes,0x29c4c7668B1f9E7B037b36080Ea8682510C66b0e
2026-06-25 23:00:00 UTC,Japan vs Sweden,FIFA World Cup ,Not Japan,1X2,4.0,2026-06-24 23:57:50 UTC,4.0,1.48,Yes,0x29c4c7668B1f9E7B037b36080Ea8682510C66b0e
2026-06-25 23:00:00 UTC,Japan vs Sweden,FIFA World Cup ,Not Japan,1X2,38.0,2026-06-24 23:56:20 UTC,38.0,1.4788,Yes,0x85488156a1675CE39D29f15418b1bf15eA79a2a6
2026-06-25 20:00:00 UTC,Ecuador vs Germany,FIFA World Cup ,Not Ecuador,1X2,513.0,2026-06-24 23:51:26 UTC,513.0,1.7612,Yes,0x68E1818FF20BBe84F9be9E0A4A395FB11079Bd35
2026-06-25 20:00:00 UTC,Ecuador vs Germany,FIFA World Cup ,Not Ecuador,1X2,504.0,2026-06-24 23:48:42 UTC,504.0,1.7612,Yes,0x68E1818FF20BBe84F9be9E0A4A395FB11079Bd35
2026-06-25 23:00:00 UTC,Japan vs Sweden,FIFA World Cup ,Over 3.5,Under/Over (3.5),2.0,2026-06-24 23:35:05 UTC,2.0,1.3325,Yes,0x4a09916b1325Eed50eE8973B13742a205B0B7c7E
2026-06-25 23:00:00 UTC,Japan vs Sweden,FIFA World Cup ,Under 3.5,Under/Over (3.5),7.0,2026-06-24 23:35:03 UTC,7.0,1.675,Yes,0xe2C68b7ef85645e47F9b94382c3Db59b046945a2
2026-06-25 20:00:00 UTC,Ecuador vs Germany,FIFA World Cup ,Not Ecuador,1X2,529.0,2026-06-24 23:26:35 UTC,529.0,1.76,Yes,0xe2C68b7ef85645e47F9b94382c3Db59b046945a2
2026-06-26 02:00:00 UTC,Paraguay vs Australia,FIFA World Cup ,Paraguay -2.5,Asian Handicap (-2.5),29.0,2026-06-24 23:16:56 UTC,29.0,1.0388,Yes,0x740d5718a79A8559fEeE8B00922F8Cd773A81D84
2026-06-25 23:00:00 UTC,Tunisia vs Netherlands,FIFA World Cup ,Tunisia +2.5,Asian Handicap (2.5),26.0,2026-06-24 23:09:13 UTC,26.0,1.5837,Yes,0x4a09916b1325Eed50eE8973B13742a205B0B7c7E
2026-06-25 23:00:00 UTC,Tunisia vs Netherlands,FIFA World Cup ,Tunisia +2.5,Asian Handicap (2.5),1.0,2026-06-24 23:09:11 UTC,1.0,1.5837,Yes,0x4a09916b1325Eed50eE8973B13742a205B0B7c7E
2026-06-25 23:00:00 UTC,Tunisia vs Netherlands,FIFA World Cup ,Tunisia +2.5,Asian Handicap (2.5),1.0,2026-06-24 23:09:05 UTC,1.0,1.5837,Yes,0x4a09916b1325Eed50eE8973B13742a205B0B7c7E
2026-06-25 23:00:00 UTC,Tunisia vs Netherlands,FIFA World Cup ,Over 3.5,Under/Over (3.5),20.0,2026-06-24 22:53:09 UTC,20.0,1.45,Yes,0x8268feC8dCb0D284343054BDf2b649286c9aA0a1
2026-06-27 21:00:00 UTC,Panama vs England,FIFA World Cup ,England,1X2,200.0,2026-06-24 22:52:29 UTC,200.0,1.83,Yes,0x68E1818FF20BBe84F9be9E0A4A395FB11079Bd35
2026-06-27 03:00:00 UTC,Egypt vs Iran,FIFA World Cup ,Not Iran,1X2,29.0,2026-06-24 22:30:43 UTC,29.0,1.7475,Yes,0x77B23094D6E48F735487DA7410DbEeE2Fc87A0c8
2026-06-26 02:00:00 UTC,Turkey vs USA,FIFA World Cup ,USA,1X2,734.0,2026-06-24 22:29:46 UTC,734.0,1.5025,Yes,0x68E1818FF20BBe84F9be9E0A4A395FB11079Bd35
2026-06-25 23:00:00 UTC,Tunisia vs Netherlands,FIFA World Cup ,Under 1.5,Under/Over (1.5),4.0,2026-06-24 22:21:35 UTC,4.0,1.1287,Yes,0xe2C68b7ef85645e47F9b94382c3Db59b046945a2
2026-06-25 20:00:00 UTC,Ecuador vs Germany,FIFA World Cup ,Germany,1X2,541.0,2026-06-24 22:21:03 UTC,541.0,1.54,Yes,0x68E1818FF20BBe84F9be9E0A4A395FB11079Bd35
2026-06-25 20:00:00 UTC,Ecuador vs Germany,FIFA World Cup ,Germany,1X2,260.0,2026-06-24 22:17:36 UTC,260.0,1.54,Yes,0x68E1818FF20BBe84F9be9E0A4A395FB11079Bd35
2026-06-25 20:00:00 UTC,Ecuador vs Germany,FIFA World Cup ,Germany,1X2,12.0,2026-06-24 22:12:31 UTC,12.0,1.5413,Yes,0x81b0690435A7b77c1fE50f311506934127e9De73
2026-06-25 20:00:00 UTC,Ecuador vs Germany,FIFA World Cup ,Ecuador,1X2,10.0,2026-06-24 22:09:10 UTC,10.0,1.24,Yes,0x77B23094D6E48F735487DA7410DbEeE2Fc87A0c8
2026-06-25 20:00:00 UTC,Ecuador vs Germany,FIFA World Cup ,Ecuador +1,Asian Handicap (1),30.0,2026-06-24 22:09:09 UTC,30.0,1.6088,Yes,0xC88F614A48f8A705d7465b03aAF62ddaca0c3754
2026-06-26 02:00:00 UTC,Turkey vs USA,FIFA World Cup ,USA,1X2,716.0,2026-06-24 22:06:13 UTC,716.0,1.505,Yes,0x68E1818FF20BBe84F9be9E0A4A395FB11079Bd35
2026-06-25 20:00:00 UTC,Ecuador vs Germany,FIFA World Cup ,Not Germany,1X2,8.0,2026-06-24 22:05:07 UTC,8.0,1.4587,Yes,0xE4DD6165bFF7EE73D7932C3b478f7E22431e85E7
2026-06-25 20:00:00 UTC,Ecuador vs Germany,FIFA World Cup ,Under 5.0,Under/Over (5),457.0,2026-06-24 22:04:40 UTC,457.0,1.92,Yes,0xE4DD6165bFF7EE73D7932C3b478f7E22431e85E7
2026-06-25 20:00:00 UTC,Ecuador vs Germany,FIFA World Cup ,Under 5.0,Under/Over (5),398.0,2026-06-24 22:04:36 UTC,398.0,1.92,Yes,0xE4DD6165bFF7EE73D7932C3b478f7E22431e85E7
2026-06-25 20:00:00 UTC,Ecuador vs Germany,FIFA World Cup ,Germany,1X2,11.0,2026-06-24 22:03:56 UTC,11.0,1.5362,Yes,0x68E1818FF20BBe84F9be9E0A4A395FB11079Bd35
2026-06-25 20:00:00 UTC,Ecuador vs Germany,FIFA World Cup ,Germany,1X2,402.0,2026-06-24 22:02:46 UTC,402.0,1.5362,Yes,0x68E1818FF20BBe84F9be9E0A4A395FB11079Bd35
2026-06-25 20:00:00 UTC,Ecuador vs Germany,FIFA World Cup ,Not Germany,1X2,11.0,2026-06-24 22:02:03 UTC,11.0,1.4638,Yes,0x81b0690435A7b77c1fE50f311506934127e9De73
2026-06-27 03:00:00 UTC,New Zealand vs Belgium,FIFA World Cup ,Belgium,1X2,1125.0,2026-06-24 22:01:18 UTC,1125.0,1.8237,Yes,0x68E1818FF20BBe84F9be9E0A4A395FB11079Bd35
2026-06-25 20:00:00 UTC,Ecuador vs Germany,FIFA World Cup ,Ecuador,1X2,0.0,2026-06-24 22:01:16 UTC,0.0,1.2412,Yes,0x81b0690435A7b77c1fE50f311506934127e9De73
2026-06-27 03:00:00 UTC,New Zealand vs Belgium,FIFA World Cup ,Belgium,1X2,82.0,2026-06-24 22:01:16 UTC,82.0,1.8237,Yes,0x68E1818FF20BBe84F9be9E0A4A395FB11079Bd35
2026-06-25 20:00:00 UTC,Ecuador vs Germany,FIFA World Cup ,Ecuador +1,Asian Handicap (1),30.0,2026-06-24 22:01:16 UTC,30.0,1.6125,Yes,0xC88F614A48f8A705d7465b03aAF62ddaca0c3754
2026-06-25 20:00:00 UTC,Ecuador vs Germany,FIFA World Cup ,Ecuador,1X2,10.0,2026-06-24 22:01:15 UTC,10.0,1.2412,Yes,0x81b0690435A7b77c1fE50f311506934127e9De73
2026-06-25 23:00:00 UTC,Tunisia vs Netherlands,FIFA World Cup ,Tunisia +2.5,Asian Handicap (2.5),125.0,2026-06-24 22:00:23 UTC,125.0,1.5063,Yes,0xE4DD6165bFF7EE73D7932C3b478f7E22431e85E7
2026-06-25 20:00:00 UTC,Ecuador vs Germany,FIFA World Cup ,Not Ecuador,1X2,32.0,2026-06-24 21:56:54 UTC,32.0,1.7575,Yes,0x81b0690435A7b77c1fE50f311506934127e9De73
2026-06-25 20:00:00 UTC,Ecuador vs Germany,FIFA World Cup ,Ecuador +1,Asian Handicap (1),30.0,2026-06-24 21:56:17 UTC,30.0,1.6125,Yes,0xC88F614A48f8A705d7465b03aAF62ddaca0c3754
2026-06-25 20:00:00 UTC,Ecuador vs Germany,FIFA World Cup ,Ecuador +1,Asian Handicap (1),30.0,2026-06-24 21:55:49 UTC,30.0,1.6125,Yes,0xC88F614A48f8A705d7465b03aAF62ddaca0c3754
2026-06-25 20:00:00 UTC,Ecuador vs Germany,FIFA World Cup ,Ecuador +1,Asian Handicap (1),30.0,2026-06-24 21:55:22 UTC,30.0,1.6125,Yes,0xC88F614A48f8A705d7465b03aAF62ddaca0c3754
2026-06-25 20:00:00 UTC,Ecuador vs Germany,FIFA World Cup ,Ecuador +1,Asian Handicap (1),30.0,2026-06-24 21:54:50 UTC,30.0,1.6125,Yes,0xC88F614A48f8A705d7465b03aAF62ddaca0c3754
2026-06-25 20:00:00 UTC,Curaçao vs Ivory Coast,FIFA World Cup ,Curaçao +1.5,Asian Handicap (1.5),17.0,2026-06-24 21:46:46 UTC,17.0,1.3525,Yes,0xC88F614A48f8A705d7465b03aAF62ddaca0c3754
2026-06-25 20:00:00 UTC,Ecuador vs Germany,FIFA World Cup ,Germany,1X2,284.0,2026-06-24 21:46:19 UTC,284.0,1.5325,Yes,0x8268feC8dCb0D284343054BDf2b649286c9aA0a1
2026-06-27 23:30:00 UTC,Colombia vs Portugal,FIFA World Cup ,Not Colombia,1X2,247.0,2026-06-24 21:46:08 UTC,247.0,1.7625,Yes,0x68E1818FF20BBe84F9be9E0A4A395FB11079Bd35
2026-06-25 20:00:00 UTC,Ecuador vs Germany,FIFA World Cup ,Over 1.5,Under/Over (1.5),30.0,2026-06-24 21:44:16 UTC,30.0,1.7862,Yes,0x4a09916b1325Eed50eE8973B13742a205B0B7c7E
2026-06-25 23:00:00 UTC,Japan vs Sweden,FIFA World Cup ,Sweden -1,Asian Handicap (1),0.0,2026-06-24 21:43:57 UTC,0.0,1.0813,Yes,0xe2C68b7ef85645e47F9b94382c3Db59b046945a2
2026-06-25 23:00:00 UTC,Japan vs Sweden,FIFA World Cup ,Sweden +0.5,Asian Handicap (-0.5),117.0,2026-06-24 21:43:32 UTC,117.0,1.4812,Yes,0xE4DD6165bFF7EE73D7932C3b478f7E22431e85E7
2026-06-25 23:00:00 UTC,Japan vs Sweden,FIFA World Cup ,Sweden -1,Asian Handicap (1),59.0,2026-06-24 21:43:31 UTC,59.0,1.0875,Yes,0xE4DD6165bFF7EE73D7932C3b478f7E22431e85E7
2026-06-25 23:00:00 UTC,Japan vs Sweden,FIFA World Cup ,Not Japan,1X2,160.0,2026-06-24 21:43:31 UTC,160.0,1.4812,Yes,0xE4DD6165bFF7EE73D7932C3b478f7E22431e85E7
2026-06-25 20:00:00 UTC,Ecuador vs Germany,FIFA World Cup ,Germany,12,3.0,2026-06-24 21:39:29 UTC,3.0,1.6825,Yes,0xC88F614A48f8A705d7465b03aAF62ddaca0c3754
2026-06-25 20:00:00 UTC,Curaçao vs Ivory Coast,FIFA World Cup ,Under 3.0,Under/Over (3),150.0,2026-06-24 21:35:51 UTC,150.0,1.4625,Yes,0xE4DD6165bFF7EE73D7932C3b478f7E22431e85E7
2026-06-25 20:00:00 UTC,Curaçao vs Ivory Coast,FIFA World Cup ,Under 4.0,Under/Over (4),264.0,2026-06-24 21:35:49 UTC,264.0,1.715,Yes,0xE4DD6165bFF7EE73D7932C3b478f7E22431e85E7
2026-06-25 20:00:00 UTC,Ecuador vs Germany,FIFA World Cup ,Ecuador,1X2,0.0,2026-06-24 21:32:49 UTC,0.0,1.235,Yes,0x68E1818FF20BBe84F9be9E0A4A395FB11079Bd35
2026-06-25 20:00:00 UTC,Ecuador vs Germany,FIFA World Cup ,Ecuador,12,0.0,2026-06-24 21:32:46 UTC,0.0,1.3062,Yes,0xC88F614A48f8A705d7465b03aAF62ddaca0c3754
2026-06-25 23:00:00 UTC,Tunisia vs Netherlands,FIFA World Cup ,Under 3.0,Under/Over (3),121.0,2026-06-24 21:32:25 UTC,121.0,1.4075,Yes,0xE4DD6165bFF7EE73D7932C3b478f7E22431e85E7
2026-06-28 02:00:00 UTC,Algeria vs Austria,FIFA World Cup ,Over 3.5,Under/Over (3.5),56.0,2026-06-24 21:32:24 UTC,56.0,1.1687,Yes,0xE4DD6165bFF7EE73D7932C3b478f7E22431e85E7
2026-06-25 20:00:00 UTC,Ecuador vs Germany,FIFA World Cup ,Ecuador,1X2,0.0,2026-06-24 21:32:24 UTC,0.0,1.2412,Yes,0x81b0690435A7b77c1fE50f311506934127e9De73
2026-06-25 20:00:00 UTC,Ecuador vs Germany,FIFA World Cup ,Ecuador,12,15.0,2026-06-24 21:32:24 UTC,15.0,1.3062,Yes,0xC88F614A48f8A705d7465b03aAF62ddaca0c3754
2026-06-25 20:00:00 UTC,Ecuador vs Germany,FIFA World Cup ,Ecuador +1,Asian Handicap (1),30.0,2026-06-24 21:32:24 UTC,30.0,1.6113,Yes,0xC88F614A48f8A705d7465b03aAF62ddaca0c3754
2026-06-25 20:00:00 UTC,Ecuador vs Germany,FIFA World Cup ,Ecuador +0.5,Asian Handicap (0.5),49.0,2026-06-24 21:32:24 UTC,49.0,1.4612,Yes,0x77B23094D6E48F735487DA7410DbEeE2Fc87A0c8
2026-06-25 20:00:00 UTC,Ecuador vs Germany,FIFA World Cup ,Ecuador,1X2,9.0,2026-06-24 21:32:23 UTC,9.0,1.2412,Yes,0x81b0690435A7b77c1fE50f311506934127e9De73
2026-06-27 03:00:00 UTC,Egypt vs Iran,FIFA World Cup ,Not tie,1X2,1.0,2026-06-24 21:32:08 UTC,1.0,1.6338,Yes,0xE4DD6165bFF7EE73D7932C3b478f7E22431e85E7
2026-06-27 03:00:00 UTC,Egypt vs Iran,FIFA World Cup ,Not tie,1X2,1.0,2026-06-24 21:32:03 UTC,1.0,1.6338,Yes,0xE4DD6165bFF7EE73D7932C3b478f7E22431e85E7
2026-06-25 20:00:00 UTC,Curaçao vs Ivory Coast,FIFA World Cup ,Under 3.0,Under/Over (3),120.0,2026-06-24 21:28:44 UTC,120.0,1.4638,Yes,0xE4DD6165bFF7EE73D7932C3b478f7E22431e85E7
2026-06-25 20:00:00 UTC,Ecuador vs Germany,FIFA World Cup ,Over 1.5,Under/Over (1.5),7.0,2026-06-24 21:21:00 UTC,7.0,1.7862,Yes,0x4a09916b1325Eed50eE8973B13742a205B0B7c7E
2026-06-25 20:00:00 UTC,Ecuador vs Germany,FIFA World Cup ,Under 1.5,Under/Over (1.5),0.0,2026-06-24 21:20:18 UTC,0.0,1.2125,Yes,0xC88F614A48f8A705d7465b03aAF62ddaca0c3754
2026-06-27 23:30:00 UTC,Colombia vs Portugal,FIFA World Cup ,Not Portugal,1X2,125.0,2026-06-24 21:17:42 UTC,125.0,1.4812,Yes,0xE4DD6165bFF7EE73D7932C3b478f7E22431e85E7
2026-06-25 20:00:00 UTC,Ecuador vs Germany,FIFA World Cup ,Under 5.5,Under/Over (5.5),920.0,2026-06-24 21:15:21 UTC,920.0,1.9287,Yes,0xE4DD6165bFF7EE73D7932C3b478f7E22431e85E7
2026-06-25 20:00:00 UTC,Ecuador vs Germany,FIFA World Cup ,Ecuador,1X2,0.0,2026-06-24 21:15:04 UTC,0.0,1.2388,Yes,0x81b0690435A7b77c1fE50f311506934127e9De73
2026-06-25 20:00:00 UTC,Ecuador vs Germany,FIFA World Cup ,Ecuador +1,Asian Handicap (1),1.0,2026-06-24 21:15:02 UTC,1.0,1.6138,Yes,0xC88F614A48f8A705d7465b03aAF62ddaca0c3754
2026-06-25 20:00:00 UTC,Ecuador vs Germany,FIFA World Cup ,Germany,1X2,4472.0,2026-06-24 21:14:51 UTC,4472.0,1.5325,Yes,0x8268feC8dCb0D284343054BDf2b649286c9aA0a1
2026-06-25 20:00:00 UTC,Ecuador vs Germany,FIFA World Cup ,Ecuador,1X2,10.0,2026-06-24 21:14:43 UTC,10.0,1.24,Yes,0x77B23094D6E48F735487DA7410DbEeE2Fc87A0c8
2026-06-25 20:00:00 UTC,Ecuador vs Germany,FIFA World Cup ,Ecuador +1,Asian Handicap (1),28.0,2026-06-24 21:14:43 UTC,28.0,1.6138,Yes,0xC88F614A48f8A705d7465b03aAF62ddaca0c3754
2026-06-25 20:00:00 UTC,Ecuador vs Germany,FIFA World Cup ,Ecuador +1,Asian Handicap (1),1.0,2026-06-24 20:59:26 UTC,1.0,1.6138,Yes,0xC88F614A48f8A705d7465b03aAF62ddaca0c3754
2026-06-25 20:00:00 UTC,Ecuador vs Germany,FIFA World Cup ,Ecuador +1,Asian Handicap (1),30.0,2026-06-24 20:58:37 UTC,30.0,1.6138,Yes,0xC88F614A48f8A705d7465b03aAF62ddaca0c3754
2026-06-25 20:00:00 UTC,Curaçao vs Ivory Coast,FIFA World Cup ,Curaçao +1.5,Asian Handicap (1.5),19.0,2026-06-24 20:50:30 UTC,19.0,1.4062,Yes,0x4a09916b1325Eed50eE8973B13742a205B0B7c7E
2026-06-25 20:00:00 UTC,Curaçao vs Ivory Coast,FIFA World Cup ,Curaçao +2.5,Asian Handicap (2.5),32.0,2026-06-24 20:50:19 UTC,32.0,1.6488,Yes,0x4a09916b1325Eed50eE8973B13742a205B0B7c7E
2026-06-25 20:00:00 UTC,Curaçao vs Ivory Coast,FIFA World Cup ,Over 4.5,Under/Over (4.5),11.0,2026-06-24 20:50:16 UTC,11.0,1.23,Yes,0x4a09916b1325Eed50eE8973B13742a205B0B7c7E
2026-06-25 20:00:00 UTC,Ecuador vs Germany,FIFA World Cup ,Under 3.5,Under/Over (3.5),33.0,2026-06-24 20:39:15 UTC,33.0,1.6763,Yes,0x4a09916b1325Eed50eE8973B13742a205B0B7c7E
2026-06-27 21:00:00 UTC,Croatia vs Ghana,FIFA World Cup ,Ghana,1X2,0.0,2026-06-24 20:34:49 UTC,0.0,1.16,Yes,0x68E1818FF20BBe84F9be9E0A4A395FB11079Bd35
2026-06-27 21:00:00 UTC,Croatia vs Ghana,FIFA World Cup ,Ghana,1X2,71.0,2026-06-24 20:33:58 UTC,71.0,1.16,Yes,0x68E1818FF20BBe84F9be9E0A4A395FB11079Bd35
2026-06-26 02:00:00 UTC,Paraguay vs Australia,FIFA World Cup ,Not Paraguay,1X2,1.0,2026-06-24 20:15:09 UTC,1.0,1.6587,Yes,0x5B3498Cb20C3107B5B267fabd3601B6425BDeb42
2026-06-26 02:00:00 UTC,Paraguay vs Australia,FIFA World Cup ,Not Paraguay,1X2,1.0,2026-06-24 20:14:49 UTC,1.0,1.6587,Yes,0x5B3498Cb20C3107B5B267fabd3601B6425BDeb42
2026-06-25 20:00:00 UTC,Ecuador vs Germany,FIFA World Cup ,Ecuador,12,0.0,2026-06-24 20:05:13 UTC,0.0,1.3137,Yes,0x4a09916b1325Eed50eE8973B13742a205B0B7c7E
2026-06-25 20:00:00 UTC,Ecuador vs Germany,FIFA World Cup ,Ecuador +1.5,Asian Handicap (1.5),35.0,2026-06-24 20:00:08 UTC,35.0,1.715,Yes,0x4a09916b1325Eed50eE8973B13742a205B0B7c7E
2026-06-27 03:00:00 UTC,New Zealand vs Belgium,FIFA World Cup ,Not Belgium,1X2,84.0,2026-06-24 19:54:56 UTC,84.0,1.1663,Yes,0x8268feC8dCb0D284343054BDf2b649286c9aA0a1
2026-06-27 03:00:00 UTC,New Zealand vs Belgium,FIFA World Cup ,Not Belgium,1X2,84.0,2026-06-24 19:47:28 UTC,84.0,1.1663,Yes,0x8268feC8dCb0D284343054BDf2b649286c9aA0a1
2026-06-26 19:00:00 UTC,Norway vs France,FIFA World Cup ,Not tie,1X2,256.0,2026-06-24 19:32:53 UTC,256.0,1.7913,Yes,0x68E1818FF20BBe84F9be9E0A4A395FB11079Bd35
2026-06-26 19:00:00 UTC,Norway vs France,FIFA World Cup ,Not tie,1X2,57.0,2026-06-24 19:19:09 UTC,57.0,1.7913,Yes,0x68E1818FF20BBe84F9be9E0A4A395FB11079Bd35
2026-06-28 02:00:00 UTC,Jordan vs Argentina,FIFA World Cup ,Not Argentina,1X2,1.0,2026-06-24 19:12:09 UTC,1.0,1.165,Yes,0x8268feC8dCb0D284343054BDf2b649286c9aA0a1
2026-06-25 23:00:00 UTC,Japan vs Sweden,FIFA World Cup ,Over 3.0,Under/Over (3),3200.0,2026-06-24 18:49:24 UTC,3200.0,1.425,Yes,0x8268feC8dCb0D284343054BDf2b649286c9aA0a1
2026-06-27 23:30:00 UTC,Congo DR vs Uzbekistan,FIFA World Cup ,Uzbekistan,1X2,0.0,2026-06-24 18:41:12 UTC,0.0,1.2163,Yes,0x68E1818FF20BBe84F9be9E0A4A395FB11079Bd35
2026-06-27 03:00:00 UTC,New Zealand vs Belgium,FIFA World Cup ,Not Belgium,1X2,1.0,2026-06-24 18:40:06 UTC,1.0,1.1687,Yes,0x8268feC8dCb0D284343054BDf2b649286c9aA0a1
2026-06-28 02:00:00 UTC,Algeria vs Austria,FIFA World Cup ,Austria,1X2,0.0,2026-06-24 18:39:11 UTC,0.0,1.33,Yes,0x68E1818FF20BBe84F9be9E0A4A395FB11079Bd35
2026-06-28 02:00:00 UTC,Algeria vs Austria,FIFA World Cup ,Austria,1X2,0.0,2026-06-24 18:39:09 UTC,0.0,1.33,Yes,0x68E1818FF20BBe84F9be9E0A4A395FB11079Bd35
2026-06-27 00:00:00 UTC,Uruguay vs Spain,FIFA World Cup ,Not Spain,1X2,1.0,2026-06-24 18:38:40 UTC,1.0,1.3462,Yes,0x8268feC8dCb0D284343054BDf2b649286c9aA0a1
2026-06-27 23:30:00 UTC,Congo DR vs Uzbekistan,FIFA World Cup ,Congo DR +1.5,Asian Handicap (1.5),45.0,2026-06-24 18:38:36 UTC,45.0,1.9213,Yes,0xe2C68b7ef85645e47F9b94382c3Db59b046945a2
2026-06-28 02:00:00 UTC,Algeria vs Austria,FIFA World Cup ,Austria,1X2,0.0,2026-06-24 18:38:16 UTC,0.0,1.33,Yes,0x68E1818FF20BBe84F9be9E0A4A395FB11079Bd35
2026-06-28 02:00:00 UTC,Algeria vs Austria,FIFA World Cup ,Austria,1X2,0.0,2026-06-24 18:38:14 UTC,0.0,1.33,Yes,0x68E1818FF20BBe84F9be9E0A4A395FB11079Bd35
2026-06-28 02:00:00 UTC,Algeria vs Austria,FIFA World Cup ,Austria,1X2,0.0,2026-06-24 18:38:10 UTC,0.0,1.3313,Yes,0x68E1818FF20BBe84F9be9E0A4A395FB11079Bd35
2026-06-28 02:00:00 UTC,Algeria vs Austria,FIFA World Cup ,Austria,1X2,45.0,2026-06-24 18:38:09 UTC,45.0,1.3313,Yes,0x68E1818FF20BBe84F9be9E0A4A395FB11079Bd35
2026-06-28 02:00:00 UTC,Algeria vs Austria,FIFA World Cup ,Austria,1X2,46.0,2026-06-24 18:38:09 UTC,46.0,1.3325,Yes,0x68E1818FF20BBe84F9be9E0A4A395FB11079Bd35
2026-06-27 00:00:00 UTC,Uruguay vs Spain,FIFA World Cup ,Over 4.5,Under/Over (4.5),0.0,2026-06-24 18:37:52 UTC,0.0,1.135,Yes,0x8268feC8dCb0D284343054BDf2b649286c9aA0a1
2026-06-28 02:00:00 UTC,Algeria vs Austria,FIFA World Cup ,Austria,1X2,29.0,2026-06-24 18:37:39 UTC,29.0,1.3313,Yes,0x68E1818FF20BBe84F9be9E0A4A395FB11079Bd35
2026-06-28 02:00:00 UTC,Algeria vs Austria,FIFA World Cup ,Austria,1X2,0.0,2026-06-24 18:37:39 UTC,0.0,1.3325,Yes,0x68E1818FF20BBe84F9be9E0A4A395FB11079Bd35
2026-06-28 02:00:00 UTC,Algeria vs Austria,FIFA World Cup ,Austria,1X2,43.0,2026-06-24 18:37:38 UTC,43.0,1.3325,Yes,0x68E1818FF20BBe84F9be9E0A4A395FB11079Bd35
2026-06-27 23:30:00 UTC,Congo DR vs Uzbekistan,FIFA World Cup ,Congo DR +1.5,Asian Handicap (1.5),46.0,2026-06-24 18:35:03 UTC,46.0,1.9213,Yes,0xe2C68b7ef85645e47F9b94382c3Db59b046945a2
2026-06-28 02:00:00 UTC,Algeria vs Austria,FIFA World Cup ,Austria,1X2,0.0,2026-06-24 18:32:47 UTC,0.0,1.3325,Yes,0x68E1818FF20BBe84F9be9E0A4A395FB11079Bd35
2026-06-28 02:00:00 UTC,Algeria vs Austria,FIFA World Cup ,Austria,1X2,46.0,2026-06-24 18:32:13 UTC,46.0,1.3337,Yes,0x68E1818FF20BBe84F9be9E0A4A395FB11079Bd35
2026-06-26 19:00:00 UTC,Norway vs France,FIFA World Cup ,Not Norway,1X2,23.0,2026-06-24 18:24:38 UTC,23.0,1.7913,Yes,0x8268feC8dCb0D284343054BDf2b649286c9aA0a1
2026-06-26 19:00:00 UTC,Senegal vs Iraq,FIFA World Cup ,Not Senegal,1X2,0.0,2026-06-24 18:21:52 UTC,0.0,1.195,Yes,0x8268feC8dCb0D284343054BDf2b649286c9aA0a1
2026-06-25 23:00:00 UTC,Tunisia vs Netherlands,FIFA World Cup ,Over 6.5,Under/Over (6.5),0.0,2026-06-24 18:20:52 UTC,0.0,1.055,Yes,0x8268feC8dCb0D284343054BDf2b649286c9aA0a1
2026-06-25 23:00:00 UTC,Tunisia vs Netherlands,FIFA World Cup ,Tunisia,1X2,0.0,2026-06-24 18:20:12 UTC,0.0,1.0288,Yes,0x8268feC8dCb0D284343054BDf2b649286c9aA0a1
2026-06-25 20:00:00 UTC,Ecuador vs Germany,FIFA World Cup ,Not Ecuador,1X2,15.0,2026-06-24 17:51:31 UTC,15.0,1.7512,Yes,0x81b0690435A7b77c1fE50f311506934127e9De73
2026-06-26 02:00:00 UTC,Turkey vs USA,FIFA World Cup ,USA,1X2,100.0,2026-06-24 17:27:03 UTC,100.0,1.5,Yes,0x8268feC8dCb0D284343054BDf2b649286c9aA0a1
2026-06-26 02:00:00 UTC,Turkey vs USA,FIFA World Cup ,Over 2.0,Under/Over (2),4163.0,2026-06-24 17:24:16 UTC,4163.0,1.7087,Yes,0x8268feC8dCb0D284343054BDf2b649286c9aA0a1
2026-06-28 02:00:00 UTC,Algeria vs Austria,FIFA World Cup ,Not Algeria,1X2,42.0,2026-06-24 17:23:58 UTC,42.0,1.7575,Yes,0x68E1818FF20BBe84F9be9E0A4A395FB11079Bd35
2026-06-25 20:00:00 UTC,Ecuador vs Germany,FIFA World Cup ,Ecuador,1X2,0.0,2026-06-24 17:09:27 UTC,0.0,1.2412,Yes,0x68E1818FF20BBe84F9be9E0A4A395FB11079Bd35
2026-06-25 20:00:00 UTC,Ecuador vs Germany,FIFA World Cup ,Ecuador +0.5,Asian Handicap (0.5),0.0,2026-06-24 17:09:26 UTC,0.0,1.4688,Yes,0x77B23094D6E48F735487DA7410DbEeE2Fc87A0c8
2026-06-26 02:00:00 UTC,Paraguay vs Australia,FIFA World Cup ,Not Australia,1X2,3.0,2026-06-24 17:09:24 UTC,3.0,1.7575,Yes,0x68E1818FF20BBe84F9be9E0A4A395FB11079Bd35
2026-06-25 20:00:00 UTC,Ecuador vs Germany,FIFA World Cup ,Ecuador,1X2,9.0,2026-06-24 17:08:41 UTC,9.0,1.245,Yes,0x77B23094D6E48F735487DA7410DbEeE2Fc87A0c8
2026-06-25 20:00:00 UTC,Ecuador vs Germany,FIFA World Cup ,Ecuador +0.5,Asian Handicap (0.5),44.0,2026-06-24 17:08:41 UTC,44.0,1.4688,Yes,0x77B23094D6E48F735487DA7410DbEeE2Fc87A0c8
2026-06-26 02:00:00 UTC,Paraguay vs Australia,FIFA World Cup ,Not Australia,1X2,244.0,2026-06-24 17:08:40 UTC,244.0,1.7575,Yes,0x68E1818FF20BBe84F9be9E0A4A395FB11079Bd35
2026-06-26 02:00:00 UTC,Turkey vs USA,FIFA World Cup ,USA,1X2,163.0,2026-06-24 17:07:53 UTC,163.0,1.5,Yes,0x8268feC8dCb0D284343054BDf2b649286c9aA0a1
2026-06-25 20:00:00 UTC,Ecuador vs Germany,FIFA World Cup ,Germany,1X2,12.0,2026-06-24 17:03:46 UTC,12.0,1.525,Yes,0x81b0690435A7b77c1fE50f311506934127e9De73
2026-06-26 02:00:00 UTC,Turkey vs USA,FIFA World Cup ,USA,1X2,56.0,2026-06-24 16:59:06 UTC,56.0,1.5,Yes,0x68E1818FF20BBe84F9be9E0A4A395FB11079Bd35
2026-06-27 03:00:00 UTC,New Zealand vs Belgium,FIFA World Cup ,Not tie,1X2,96.0,2026-06-24 16:37:41 UTC,96.0,1.8788,Yes,0xe2C68b7ef85645e47F9b94382c3Db59b046945a2
2026-06-27 03:00:00 UTC,New Zealand vs Belgium,FIFA World Cup ,Not tie,1X2,176.0,2026-06-24 16:37:39 UTC,176.0,1.8788,Yes,0xe2C68b7ef85645e47F9b94382c3Db59b046945a2
2026-06-27 03:00:00 UTC,New Zealand vs Belgium,FIFA World Cup ,Not tie,1X2,100.0,2026-06-24 16:37:38 UTC,100.0,1.8788,Yes,0xe2C68b7ef85645e47F9b94382c3Db59b046945a2
2026-06-27 03:00:00 UTC,New Zealand vs Belgium,FIFA World Cup ,Not tie,1X2,112.0,2026-06-24 16:37:33 UTC,112.0,1.8788,Yes,0xe2C68b7ef85645e47F9b94382c3Db59b046945a2
2026-06-27 03:00:00 UTC,New Zealand vs Belgium,FIFA World Cup ,Not tie,1X2,99.0,2026-06-24 16:37:28 UTC,99.0,1.8788,Yes,0xe2C68b7ef85645e47F9b94382c3Db59b046945a2
2026-06-27 03:00:00 UTC,New Zealand vs Belgium,FIFA World Cup ,Not tie,1X2,7.0,2026-06-24 16:37:16 UTC,7.0,1.8788,Yes,0xe2C68b7ef85645e47F9b94382c3Db59b046945a2
2026-06-27 03:00:00 UTC,New Zealand vs Belgium,FIFA World Cup ,Not tie,1X2,136.0,2026-06-24 16:37:12 UTC,136.0,1.8788,Yes,0xe2C68b7ef85645e47F9b94382c3Db59b046945a2
2026-06-27 03:00:00 UTC,New Zealand vs Belgium,FIFA World Cup ,Tie,1X2,0.0,2026-06-24 16:35:24 UTC,0.0,1.115,Yes,0x8268feC8dCb0D284343054BDf2b649286c9aA0a1
2026-06-27 03:00:00 UTC,New Zealand vs Belgium,FIFA World Cup ,Tie,1X2,0.0,2026-06-24 16:35:21 UTC,0.0,1.115,Yes,0x8268feC8dCb0D284343054BDf2b649286c9aA0a1
2026-06-25 23:00:00 UTC,Tunisia vs Netherlands,FIFA World Cup ,Not Tunisia,1X2,28.0,2026-06-24 16:32:00 UTC,28.0,1.9663,Yes,0x68E1818FF20BBe84F9be9E0A4A395FB11079Bd35
2026-06-25 20:00:00 UTC,Ecuador vs Germany,FIFA World Cup ,Ecuador,1X2,0.0,2026-06-24 16:29:09 UTC,0.0,1.245,Yes,0x77B23094D6E48F735487DA7410DbEeE2Fc87A0c8
2026-06-25 20:00:00 UTC,Ecuador vs Germany,FIFA World Cup ,Ecuador,1X2,10.0,2026-06-24 16:28:28 UTC,10.0,1.2463,Yes,0x81b0690435A7b77c1fE50f311506934127e9De73
2026-06-27 00:00:00 UTC,Cape Verde vs Saudi Arabia,FIFA World Cup ,Not Saudi Arabia,1X2,238.0,2026-06-24 16:24:04 UTC,238.0,1.6637,Yes,0x68E1818FF20BBe84F9be9E0A4A395FB11079Bd35
2026-06-25 20:00:00 UTC,Ecuador vs Germany,FIFA World Cup ,Not Ecuador,1X2,33.0,2026-06-24 16:22:17 UTC,33.0,1.7525,Yes,0x81b0690435A7b77c1fE50f311506934127e9De73
2026-06-27 21:00:00 UTC,Croatia vs Ghana,FIFA World Cup ,Not tie,1X2,199.0,2026-06-24 16:09:41 UTC,199.0,1.6987,Yes,0x68E1818FF20BBe84F9be9E0A4A395FB11079Bd35
2026-06-27 21:00:00 UTC,Croatia vs Ghana,FIFA World Cup ,Not tie,1X2,195.0,2026-06-24 16:06:57 UTC,195.0,1.7,Yes,0x68E1818FF20BBe84F9be9E0A4A395FB11079Bd35
2026-06-26 02:00:00 UTC,Turkey vs USA,FIFA World Cup ,USA,1X2,10.0,2026-06-24 15:38:02 UTC,10.0,1.5025,Yes,0x68E1818FF20BBe84F9be9E0A4A395FB11079Bd35
2026-06-28 02:00:00 UTC,Algeria vs Austria,FIFA World Cup ,Austria 0,Asian Handicap (0),1.0,2026-06-24 15:37:30 UTC,1.0,1.575,Yes,0xE4DD6165bFF7EE73D7932C3b478f7E22431e85E7
2026-06-28 02:00:00 UTC,Algeria vs Austria,FIFA World Cup ,Austria 0,Asian Handicap (0),1.0,2026-06-24 15:37:23 UTC,1.0,1.575,Yes,0xE4DD6165bFF7EE73D7932C3b478f7E22431e85E7
2026-06-27 23:30:00 UTC,Colombia vs Portugal,FIFA World Cup ,Under 2.5,Under/Over (2.5),1.0,2026-06-24 15:37:21 UTC,1.0,1.5263,Yes,0xE4DD6165bFF7EE73D7932C3b478f7E22431e85E7
2026-06-27 23:30:00 UTC,Colombia vs Portugal,FIFA World Cup ,Under 2.5,Under/Over (2.5),26.0,2026-06-24 15:36:55 UTC,26.0,1.5263,Yes,0xE4DD6165bFF7EE73D7932C3b478f7E22431e85E7
2026-06-27 23:30:00 UTC,Colombia vs Portugal,FIFA World Cup ,Under 4.0,Under/Over (4),461.0,2026-06-24 15:36:54 UTC,461.0,1.8638,Yes,0xe2C68b7ef85645e47F9b94382c3Db59b046945a2
2026-06-27 23:30:00 UTC,Colombia vs Portugal,FIFA World Cup ,Colombia +1,Asian Handicap (1),46.0,2026-06-24 15:36:54 UTC,46.0,1.6488,Yes,0xe2C68b7ef85645e47F9b94382c3Db59b046945a2
2026-06-26 19:00:00 UTC,Norway vs France,FIFA World Cup ,France,1X2,1.0,2026-06-24 15:33:40 UTC,1.0,1.5837,Yes,0x68E1818FF20BBe84F9be9E0A4A395FB11079Bd35
2026-06-25 20:00:00 UTC,Ecuador vs Germany,FIFA World Cup ,Ecuador,1X2,0.0,2026-06-24 15:31:19 UTC,0.0,1.245,Yes,0x77B23094D6E48F735487DA7410DbEeE2Fc87A0c8
2026-06-25 20:00:00 UTC,Ecuador vs Germany,FIFA World Cup ,Ecuador,1X2,10.0,2026-06-24 15:30:36 UTC,10.0,1.2463,Yes,0x81b0690435A7b77c1fE50f311506934127e9De73
2026-06-26 02:00:00 UTC,Paraguay vs Australia,FIFA World Cup ,Australia,1X2,0.0,2026-06-24 15:30:28 UTC,0.0,1.23,Yes,0x8268feC8dCb0D284343054BDf2b649286c9aA0a1
2026-06-26 02:00:00 UTC,Paraguay vs Australia,FIFA World Cup ,Not Paraguay,1X2,148.0,2026-06-24 15:30:00 UTC,148.0,1.6625,Yes,0x68E1818FF20BBe84F9be9E0A4A395FB11079Bd35
2026-06-26 02:00:00 UTC,Paraguay vs Australia,FIFA World Cup ,Australia,1X2,108.0,2026-06-24 15:30:00 UTC,108.0,1.235,Yes,0x68E1818FF20BBe84F9be9E0A4A395FB11079Bd35
2026-06-26 02:00:00 UTC,Paraguay vs Australia,FIFA World Cup ,Not Paraguay,1X2,265.0,2026-06-24 15:29:59 UTC,265.0,1.665,Yes,0xE4DD6165bFF7EE73D7932C3b478f7E22431e85E7
2026-06-26 02:00:00 UTC,Paraguay vs Australia,FIFA World Cup ,Australia 0,Asian Handicap (0),89.0,2026-06-24 15:29:59 UTC,89.0,1.4112,Yes,0xE4DD6165bFF7EE73D7932C3b478f7E22431e85E7
2026-06-25 20:00:00 UTC,Ecuador vs Germany,FIFA World Cup ,Not tie,1X2,37.0,2026-06-24 15:29:47 UTC,37.0,1.77,Yes,0xE4DD6165bFF7EE73D7932C3b478f7E22431e85E7
2026-06-26 02:00:00 UTC,Turkey vs USA,FIFA World Cup ,USA,1X2,110.0,2026-06-24 15:29:40 UTC,110.0,1.5025,Yes,0x68E1818FF20BBe84F9be9E0A4A395FB11079Bd35
2026-06-26 02:00:00 UTC,Turkey vs USA,FIFA World Cup ,USA -1.5,Asian Handicap (1.5),4.0,2026-06-24 15:22:22 UTC,4.0,1.2712,Yes,0xE4DD6165bFF7EE73D7932C3b478f7E22431e85E7
2026-06-26 02:00:00 UTC,Turkey vs USA,FIFA World Cup ,USA,1X2,439.0,2026-06-24 15:22:11 UTC,439.0,1.5025,Yes,0x68E1818FF20BBe84F9be9E0A4A395FB11079Bd35
2026-06-25 23:00:00 UTC,Tunisia vs Netherlands,FIFA World Cup ,Tunisia +2.5,Asian Handicap (2.5),20.0,2026-06-24 15:21:01 UTC,20.0,1.5088,Yes,0xE4DD6165bFF7EE73D7932C3b478f7E22431e85E7
2026-06-25 23:00:00 UTC,Japan vs Sweden,FIFA World Cup ,Under 5.0,Under/Over (5),1518.0,2026-06-24 15:18:37 UTC,1518.0,1.92,Yes,0xE4DD6165bFF7EE73D7932C3b478f7E22431e85E7
2026-06-25 23:00:00 UTC,Japan vs Sweden,FIFA World Cup ,Under 4.0,Under/Over (4),209.0,2026-06-24 15:18:37 UTC,209.0,1.7988,Yes,0xE4DD6165bFF7EE73D7932C3b478f7E22431e85E7
2026-06-25 23:00:00 UTC,Japan vs Sweden,FIFA World Cup ,Under 4.5,Under/Over (4.5),340.0,2026-06-24 15:18:37 UTC,340.0,1.8325,Yes,0xE4DD6165bFF7EE73D7932C3b478f7E22431e85E7
2026-06-25 23:00:00 UTC,Japan vs Sweden,FIFA World Cup ,Under 5.5,Under/Over (5.5),1608.0,2026-06-24 15:18:36 UTC,1608.0,1.9275,Yes,0xE4DD6165bFF7EE73D7932C3b478f7E22431e85E7
2026-06-28 02:00:00 UTC,Algeria vs Austria,FIFA World Cup ,Austria -1.5,Asian Handicap (1.5),85.0,2026-06-24 15:18:33 UTC,85.0,1.1275,Yes,0xE4DD6165bFF7EE73D7932C3b478f7E22431e85E7
2026-06-26 19:00:00 UTC,Senegal vs Iraq,FIFA World Cup ,Not tie,1X2,147.0,2026-06-24 15:16:19 UTC,147.0,1.855,Yes,0x68E1818FF20BBe84F9be9E0A4A395FB11079Bd35
2026-06-25 20:00:00 UTC,Curaçao vs Ivory Coast,FIFA World Cup ,Not tie,1X2,194.0,2026-06-24 15:16:00 UTC,194.0,1.8862,Yes,0xE4DD6165bFF7EE73D7932C3b478f7E22431e85E7
2026-07-22 12:00:00 UTC,Brazil vs The Field,Outrights - World Cup,The Field,Outright Winner,450.0,2026-06-24 15:14:36 UTC,450.0,1.9375,Yes,0x86821BFbd9111117E4B81a7E6D9e571f80e6A8B5
2026-06-27 21:00:00 UTC,Croatia vs Ghana,FIFA World Cup ,Ghana +1,Asian Handicap (-1),12.0,2026-06-24 15:14:18 UTC,12.0,1.62,Yes,0xe2C68b7ef85645e47F9b94382c3Db59b046945a2
2026-06-27 00:00:00 UTC,Cape Verde vs Saudi Arabia,FIFA World Cup ,Under 2.5,Under/Over (2.5),37.0,2026-06-24 15:12:19 UTC,37.0,1.5312,Yes,0x8268feC8dCb0D284343054BDf2b649286c9aA0a1
2026-06-27 03:00:00 UTC,Egypt vs Iran,FIFA World Cup ,Under 2.0,Under/Over (2),35.0,2026-06-24 15:12:18 UTC,35.0,1.52,Yes,0x8268feC8dCb0D284343054BDf2b649286c9aA0a1
2026-06-27 21:00:00 UTC,Croatia vs Ghana,FIFA World Cup ,Over 0.5,Under/Over (0.5),270.0,2026-06-24 15:12:18 UTC,270.0,1.8912,Yes,0xE4DD6165bFF7EE73D7932C3b478f7E22431e85E7
2026-06-25 20:00:00 UTC,Ecuador vs Germany,FIFA World Cup ,Over 2.0,Under/Over (2),34.0,2026-06-24 15:12:17 UTC,34.0,1.7087,Yes,0xE4DD6165bFF7EE73D7932C3b478f7E22431e85E7
2026-06-28 02:00:00 UTC,Algeria vs Austria,FIFA World Cup ,Over 1.5,Under/Over (1.5),47.0,2026-06-24 15:12:16 UTC,47.0,1.6187,Yes,0xE4DD6165bFF7EE73D7932C3b478f7E22431e85E7
2026-06-25 23:00:00 UTC,Tunisia vs Netherlands,FIFA World Cup ,Not Tunisia,1X2,982.0,2026-06-24 14:51:45 UTC,982.0,1.9675,Yes,0x68E1818FF20BBe84F9be9E0A4A395FB11079Bd35
2026-06-25 23:00:00 UTC,Tunisia vs Netherlands,FIFA World Cup ,Tie,1X2,0.0,2026-06-24 14:51:36 UTC,0.0,1.0875,Yes,0xE4DD6165bFF7EE73D7932C3b478f7E22431e85E7
2026-06-25 23:00:00 UTC,Tunisia vs Netherlands,FIFA World Cup ,Not Netherlands,1X2,0.0,2026-06-24 14:51:35 UTC,0.0,1.12,Yes,0xE4DD6165bFF7EE73D7932C3b478f7E22431e85E7
2026-06-25 23:00:00 UTC,Tunisia vs Netherlands,FIFA World Cup ,Under 2.5,Under/Over (2.5),84.0,2026-06-24 14:51:31 UTC,84.0,1.3225,Yes,0xE4DD6165bFF7EE73D7932C3b478f7E22431e85E7
2026-06-25 23:00:00 UTC,Tunisia vs Netherlands,FIFA World Cup ,Tie,1X2,0.0,2026-06-24 14:51:30 UTC,0.0,1.0875,Yes,0xE4DD6165bFF7EE73D7932C3b478f7E22431e85E7
2026-06-25 23:00:00 UTC,Tunisia vs Netherlands,FIFA World Cup ,Not Netherlands,1X2,0.0,2026-06-24 14:51:29 UTC,0.0,1.12,Yes,0xE4DD6165bFF7EE73D7932C3b478f7E22431e85E7
2026-06-25 23:00:00 UTC,Tunisia vs Netherlands,FIFA World Cup ,Tunisia +4,Asian Handicap (4),501.0,2026-06-24 14:51:13 UTC,501.0,1.8425,Yes,0xE4DD6165bFF7EE73D7932C3b478f7E22431e85E7
2026-06-25 23:00:00 UTC,Tunisia vs Netherlands,FIFA World Cup ,Tunisia +4,Asian Handicap (4),498.0,2026-06-24 14:51:11 UTC,498.0,1.8425,Yes,0xE4DD6165bFF7EE73D7932C3b478f7E22431e85E7
2026-06-25 23:00:00 UTC,Tunisia vs Netherlands,FIFA World Cup ,Tunisia +2,Asian Handicap (2),21.0,2026-06-24 14:51:07 UTC,21.0,1.3912,Yes,0xE4DD6165bFF7EE73D7932C3b478f7E22431e85E7
2026-06-25 23:00:00 UTC,Tunisia vs Netherlands,FIFA World Cup ,Tunisia +4,Asian Handicap (4),362.0,2026-06-24 14:51:05 UTC,362.0,1.845,Yes,0xE4DD6165bFF7EE73D7932C3b478f7E22431e85E7
2026-06-25 23:00:00 UTC,Tunisia vs Netherlands,FIFA World Cup ,Tunisia +2,Asian Handicap (2),65.0,2026-06-24 14:51:05 UTC,65.0,1.3912,Yes,0xE4DD6165bFF7EE73D7932C3b478f7E22431e85E7
2026-06-25 23:00:00 UTC,Tunisia vs Netherlands,FIFA World Cup ,Tunisia +2,Asian Handicap (2),0.0,2026-06-24 14:50:13 UTC,0.0,1.395,Yes,0xE4DD6165bFF7EE73D7932C3b478f7E22431e85E7
2026-06-25 23:00:00 UTC,Tunisia vs Netherlands,FIFA World Cup ,Tunisia +2.5,Asian Handicap (2.5),148.0,2026-06-24 14:50:10 UTC,148.0,1.5275,Yes,0xE4DD6165bFF7EE73D7932C3b478f7E22431e85E7
2026-06-25 23:00:00 UTC,Tunisia vs Netherlands,FIFA World Cup ,Tunisia +3,Asian Handicap (3),0.0,2026-06-24 14:50:07 UTC,0.0,1.6625,Yes,0xE4DD6165bFF7EE73D7932C3b478f7E22431e85E7
2026-06-25 23:00:00 UTC,Tunisia vs Netherlands,FIFA World Cup ,Tunisia +2.5,Asian Handicap (2.5),142.0,2026-06-24 14:50:06 UTC,142.0,1.53,Yes,0xE4DD6165bFF7EE73D7932C3b478f7E22431e85E7
2026-06-25 23:00:00 UTC,Tunisia vs Netherlands,FIFA World Cup ,Tunisia +3.5,Asian Handicap (3.5),315.0,2026-06-24 14:50:06 UTC,315.0,1.7288,Yes,0xE4DD6165bFF7EE73D7932C3b478f7E22431e85E7
2026-06-25 23:00:00 UTC,Tunisia vs Netherlands,FIFA World Cup ,Tunisia +2,Asian Handicap (2),49.0,2026-06-24 14:50:06 UTC,49.0,1.3962,Yes,0xE4DD6165bFF7EE73D7932C3b478f7E22431e85E7
2026-06-25 23:00:00 UTC,Tunisia vs Netherlands,FIFA World Cup ,Tunisia +1.5,Asian Handicap (1.5),93.0,2026-06-24 14:50:06 UTC,93.0,1.3088,Yes,0xE4DD6165bFF7EE73D7932C3b478f7E22431e85E7
2026-06-25 23:00:00 UTC,Tunisia vs Netherlands,FIFA World Cup ,Tunisia +3,Asian Handicap (3),173.0,2026-06-24 14:50:05 UTC,173.0,1.6625,Yes,0xE4DD6165bFF7EE73D7932C3b478f7E22431e85E7
2026-06-25 23:00:00 UTC,Tunisia vs Netherlands,FIFA World Cup ,Tunisia +2,Asian Handicap (2),95.0,2026-06-24 14:50:05 UTC,95.0,1.395,Yes,0xE4DD6165bFF7EE73D7932C3b478f7E22431e85E7
2026-06-25 23:00:00 UTC,Tunisia vs Netherlands,FIFA World Cup ,Tunisia +2.5,Asian Handicap (2.5),11.0,2026-06-24 14:50:04 UTC,11.0,1.53,Yes,0x42B4CF407654a8469d1Cf3606712C1f30599B2C5
2026-06-25 20:00:00 UTC,Ecuador vs Germany,FIFA World Cup ,Under 5.5,Under/Over (5.5),13.0,2026-06-24 14:44:42 UTC,13.0,1.9287,Yes,0xE4DD6165bFF7EE73D7932C3b478f7E22431e85E7
2026-06-25 20:00:00 UTC,Ecuador vs Germany,FIFA World Cup ,Under 5.0,Under/Over (5),861.0,2026-06-24 14:44:19 UTC,861.0,1.9213,Yes,0xE4DD6165bFF7EE73D7932C3b478f7E22431e85E7
2026-06-25 20:00:00 UTC,Ecuador vs Germany,FIFA World Cup ,Under 5.5,Under/Over (5.5),638.0,2026-06-24 14:44:19 UTC,638.0,1.9287,Yes,0xE4DD6165bFF7EE73D7932C3b478f7E22431e85E7
2026-06-27 03:00:00 UTC,New Zealand vs Belgium,FIFA World Cup ,Not tie,1X2,364.0,2026-06-24 14:44:19 UTC,364.0,1.875,Yes,0x68E1818FF20BBe84F9be9E0A4A395FB11079Bd35
2026-06-28 02:00:00 UTC,Algeria vs Austria,FIFA World Cup ,Not tie,1X2,2.0,2026-06-24 14:36:14 UTC,2.0,1.5737,Yes,0xE4DD6165bFF7EE73D7932C3b478f7E22431e85E7
2026-06-27 21:00:00 UTC,Croatia vs Ghana,FIFA World Cup ,Not tie,1X2,340.0,2026-06-24 14:34:12 UTC,340.0,1.7012,Yes,0x68E1818FF20BBe84F9be9E0A4A395FB11079Bd35
2026-06-25 20:00:00 UTC,Ecuador vs Germany,FIFA World Cup ,Not Ecuador,1X2,33.0,2026-06-24 14:28:21 UTC,33.0,1.7512,Yes,0x81b0690435A7b77c1fE50f311506934127e9De73
2026-06-28 02:00:00 UTC,Algeria vs Austria,FIFA World Cup ,Not Austria,1X2,247.0,2026-06-24 14:28:09 UTC,247.0,1.6562,Yes,0x8268feC8dCb0D284343054BDf2b649286c9aA0a1
2026-06-25 20:00:00 UTC,Ecuador vs Germany,FIFA World Cup ,Not Germany,1X2,96.0,2026-06-24 14:24:41 UTC,96.0,1.4663,Yes,0xE4DD6165bFF7EE73D7932C3b478f7E22431e85E7
2026-06-25 20:00:00 UTC,Ecuador vs Germany,FIFA World Cup ,Under 5.5,Under/Over (5.5),13.0,2026-06-24 14:21:01 UTC,13.0,1.9287,Yes,0xE4DD6165bFF7EE73D7932C3b478f7E22431e85E7
2026-06-25 20:00:00 UTC,Ecuador vs Germany,FIFA World Cup ,Under 5.0,Under/Over (5),772.0,2026-06-24 14:20:28 UTC,772.0,1.9225,Yes,0xE4DD6165bFF7EE73D7932C3b478f7E22431e85E7
2026-06-25 20:00:00 UTC,Ecuador vs Germany,FIFA World Cup ,Ecuador +1.5,Asian Handicap (1.5),254.0,2026-06-24 14:20:28 UTC,254.0,1.7138,Yes,0xE4DD6165bFF7EE73D7932C3b478f7E22431e85E7
2026-06-25 20:00:00 UTC,Ecuador vs Germany,FIFA World Cup ,Not Germany,1X2,172.0,2026-06-24 14:20:26 UTC,172.0,1.47,Yes,0xE4DD6165bFF7EE73D7932C3b478f7E22431e85E7
2026-06-25 20:00:00 UTC,Ecuador vs Germany,FIFA World Cup ,Under 5.5,Under/Over (5.5),1145.0,2026-06-24 14:20:26 UTC,1145.0,1.9287,Yes,0xE4DD6165bFF7EE73D7932C3b478f7E22431e85E7
2026-06-28 02:00:00 UTC,Algeria vs Austria,FIFA World Cup ,Not Austria,1X2,161.0,2026-06-24 14:13:43 UTC,161.0,1.66,Yes,0xE4DD6165bFF7EE73D7932C3b478f7E22431e85E7
2026-06-25 23:00:00 UTC,Tunisia vs Netherlands,FIFA World Cup ,Not Netherlands,1X2,0.0,2026-06-24 14:10:16 UTC,0.0,1.125,Yes,0x8268feC8dCb0D284343054BDf2b649286c9aA0a1
2026-06-28 02:00:00 UTC,Algeria vs Austria,FIFA World Cup ,Algeria,1X2,0.0,2026-06-24 14:08:04 UTC,0.0,1.2363,Yes,0xE4DD6165bFF7EE73D7932C3b478f7E22431e85E7
2026-06-28 02:00:00 UTC,Algeria vs Austria,FIFA World Cup ,Algeria,1X2,0.0,2026-06-24 14:07:59 UTC,0.0,1.2363,Yes,0xE4DD6165bFF7EE73D7932C3b478f7E22431e85E7
2026-06-25 23:00:00 UTC,Japan vs Sweden,FIFA World Cup ,Not Japan,1X2,13.0,2026-06-24 14:03:56 UTC,13.0,1.4812,Yes,0xE4DD6165bFF7EE73D7932C3b478f7E22431e85E7
2026-06-28 02:00:00 UTC,Algeria vs Austria,FIFA World Cup ,Algeria +0.5,Asian Handicap (0.5),9.0,2026-06-24 14:01:20 UTC,9.0,1.645,Yes,0x8268feC8dCb0D284343054BDf2b649286c9aA0a1
2026-06-25 20:00:00 UTC,Ecuador vs Germany,FIFA World Cup ,Ecuador,1X2,10.0,2026-06-24 13:58:25 UTC,10.0,1.2463,Yes,0x81b0690435A7b77c1fE50f311506934127e9De73
2026-06-27 21:00:00 UTC,Panama vs England,FIFA World Cup ,Panama +2.5,Asian Handicap (2.5),14.0,2026-06-24 13:57:54 UTC,14.0,1.5825,Yes,0x42B4CF407654a8469d1Cf3606712C1f30599B2C5
2026-06-27 00:00:00 UTC,Uruguay vs Spain,FIFA World Cup ,Not Spain,1X2,0.0,2026-06-24 13:56:58 UTC,0.0,1.355,Yes,0x8268feC8dCb0D284343054BDf2b649286c9aA0a1
2026-06-27 00:00:00 UTC,Uruguay vs Spain,FIFA World Cup ,Not Spain,1X2,0.0,2026-06-24 13:56:52 UTC,0.0,1.355,Yes,0x8268feC8dCb0D284343054BDf2b649286c9aA0a1
2026-06-25 20:00:00 UTC,Curaçao vs Ivory Coast,FIFA World Cup ,Tie,1X2,0.0,2026-06-24 13:55:32 UTC,0.0,1.1075,Yes,0xE4DD6165bFF7EE73D7932C3b478f7E22431e85E7
2026-06-25 20:00:00 UTC,Curaçao vs Ivory Coast,FIFA World Cup ,Tie,1X2,0.0,2026-06-24 13:55:24 UTC,0.0,1.1075,Yes,0xE4DD6165bFF7EE73D7932C3b478f7E22431e85E7
2026-06-26 19:00:00 UTC,Senegal vs Iraq,FIFA World Cup ,Tie,1X2,0.0,2026-06-24 13:54:59 UTC,0.0,1.14,Yes,0xE4DD6165bFF7EE73D7932C3b478f7E22431e85E7
2026-06-26 19:00:00 UTC,Senegal vs Iraq,FIFA World Cup ,Tie,1X2,0.0,2026-06-24 13:54:52 UTC,0.0,1.14,Yes,0xE4DD6165bFF7EE73D7932C3b478f7E22431e85E7
2026-06-28 02:00:00 UTC,Algeria vs Austria,FIFA World Cup ,Austria,1X2,20.0,2026-06-24 13:44:27 UTC,20.0,1.3337,Yes,0x68E1818FF20BBe84F9be9E0A4A395FB11079Bd35
2026-06-27 03:00:00 UTC,New Zealand vs Belgium,FIFA World Cup ,Not tie,1X2,553.0,2026-06-24 13:43:45 UTC,553.0,1.8762,Yes,0xe2C68b7ef85645e47F9b94382c3Db59b046945a2
2026-06-27 03:00:00 UTC,New Zealand vs Belgium,FIFA World Cup ,Belgium,1X2,173.0,2026-06-24 13:41:36 UTC,173.0,1.8125,Yes,0xe2C68b7ef85645e47F9b94382c3Db59b046945a2
2026-06-26 19:00:00 UTC,Norway vs France,FIFA World Cup ,Not tie,1X2,231.0,2026-06-24 13:37:19 UTC,231.0,1.7937,Yes,0x68E1818FF20BBe84F9be9E0A4A395FB11079Bd35
2026-06-27 03:00:00 UTC,New Zealand vs Belgium,FIFA World Cup ,Under 2.5,Under/Over (2.5),9.0,2026-06-24 13:36:50 UTC,9.0,1.35,Yes,0x42B4CF407654a8469d1Cf3606712C1f30599B2C5
2026-06-25 20:00:00 UTC,Ecuador vs Germany,FIFA World Cup ,Not Ecuador,1X2,336.0,2026-06-24 13:36:36 UTC,336.0,1.75,Yes,0x5B3498Cb20C3107B5B267fabd3601B6425BDeb42
2026-06-25 20:00:00 UTC,Ecuador vs Germany,FIFA World Cup ,Not Ecuador,1X2,33.0,2026-06-24 13:30:51 UTC,33.0,1.75,Yes,0x5B3498Cb20C3107B5B267fabd3601B6425BDeb42
2026-06-27 21:00:00 UTC,Panama vs England,FIFA World Cup ,Not England,1X2,0.0,2026-06-24 13:19:54 UTC,0.0,1.16,Yes,0x8268feC8dCb0D284343054BDf2b649286c9aA0a1
2026-06-26 02:00:00 UTC,Paraguay vs Australia,FIFA World Cup ,Not tie,1X2,403.0,2026-06-24 13:19:52 UTC,403.0,1.5688,Yes,0x68E1818FF20BBe84F9be9E0A4A395FB11079Bd35
2026-06-28 02:00:00 UTC,Algeria vs Austria,FIFA World Cup ,Not tie,1X2,49.0,2026-06-24 13:19:37 UTC,49.0,1.5725,Yes,0x68E1818FF20BBe84F9be9E0A4A395FB11079Bd35
2026-06-26 02:00:00 UTC,Turkey vs USA,FIFA World Cup ,USA,1X2,400.0,2026-06-24 13:18:26 UTC,400.0,1.505,Yes,0x68E1818FF20BBe84F9be9E0A4A395FB11079Bd35
2026-06-25 20:00:00 UTC,Ecuador vs Germany,FIFA World Cup ,Not Germany,1X2,17.0,2026-06-24 13:17:58 UTC,17.0,1.4675,Yes,0xe2C68b7ef85645e47F9b94382c3Db59b046945a2
2026-06-25 20:00:00 UTC,Ecuador vs Germany,FIFA World Cup ,Not Ecuador,1X2,827.0,2026-06-24 13:17:54 UTC,827.0,1.75,Yes,0x5B3498Cb20C3107B5B267fabd3601B6425BDeb42
2026-06-26 02:00:00 UTC,Turkey vs USA,FIFA World Cup ,USA,1X2,38.0,2026-06-24 13:13:21 UTC,38.0,1.505,Yes,0x68E1818FF20BBe84F9be9E0A4A395FB11079Bd35
2026-06-25 20:00:00 UTC,Ecuador vs Germany,FIFA World Cup ,Not Ecuador,1X2,336.0,2026-06-24 13:12:55 UTC,336.0,1.75,Yes,0x5B3498Cb20C3107B5B267fabd3601B6425BDeb42
2026-06-27 21:00:00 UTC,Croatia vs Ghana,FIFA World Cup ,Not tie,1X2,368.0,2026-06-24 13:06:03 UTC,368.0,1.7037,Yes,0x68E1818FF20BBe84F9be9E0A4A395FB11079Bd35
2026-06-26 02:00:00 UTC,Turkey vs USA,FIFA World Cup ,USA,1X2,11.0,2026-06-24 12:55:00 UTC,11.0,1.505,Yes,0x68E1818FF20BBe84F9be9E0A4A395FB11079Bd35
2026-06-27 21:00:00 UTC,Croatia vs Ghana,FIFA World Cup ,Croatia,1X2,64.0,2026-06-24 12:54:43 UTC,64.0,1.535,Yes,0x8268feC8dCb0D284343054BDf2b649286c9aA0a1
2026-06-25 20:00:00 UTC,Ecuador vs Germany,FIFA World Cup ,Not Ecuador,1X2,33.0,2026-06-24 12:54:42 UTC,33.0,1.75,Yes,0x5B3498Cb20C3107B5B267fabd3601B6425BDeb42
2026-06-27 21:00:00 UTC,Croatia vs Ghana,FIFA World Cup ,Not tie,1X2,7.0,2026-06-24 12:54:38 UTC,7.0,1.705,Yes,0x68E1818FF20BBe84F9be9E0A4A395FB11079Bd35
2026-06-27 21:00:00 UTC,Croatia vs Ghana,FIFA World Cup ,Not tie,1X2,139.0,2026-06-24 12:54:36 UTC,139.0,1.705,Yes,0x68E1818FF20BBe84F9be9E0A4A395FB11079Bd35
2026-06-27 21:00:00 UTC,Croatia vs Ghana,FIFA World Cup ,Not tie,1X2,44.0,2026-06-24 12:54:34 UTC,44.0,1.705,Yes,0x68E1818FF20BBe84F9be9E0A4A395FB11079Bd35
2026-06-27 21:00:00 UTC,Croatia vs Ghana,FIFA World Cup ,Over 1.0,Under/Over (1),263.0,2026-06-24 12:53:38 UTC,263.0,1.87,Yes,0xe2C68b7ef85645e47F9b94382c3Db59b046945a2
2026-06-27 21:00:00 UTC,Croatia vs Ghana,FIFA World Cup ,Not tie,1X2,193.0,2026-06-24 12:53:37 UTC,193.0,1.7125,Yes,0xe2C68b7ef85645e47F9b94382c3Db59b046945a2
2026-06-25 23:00:00 UTC,Japan vs Sweden,FIFA World Cup ,Not tie,1X2,51.0,2026-06-24 12:52:54 UTC,51.0,1.73,Yes,0x68E1818FF20BBe84F9be9E0A4A395FB11079Bd35
2026-06-26 02:00:00 UTC,Turkey vs USA,FIFA World Cup ,USA,1X2,34.0,2026-06-24 12:47:40 UTC,34.0,1.505,Yes,0x68E1818FF20BBe84F9be9E0A4A395FB11079Bd35
2026-06-25 20:00:00 UTC,Ecuador vs Germany,FIFA World Cup ,Not Ecuador,1X2,100.0,2026-06-24 12:47:26 UTC,100.0,1.75,Yes,0x5B3498Cb20C3107B5B267fabd3601B6425BDeb42
2026-06-26 02:00:00 UTC,Paraguay vs Australia,FIFA World Cup ,Not Australia,1X2,3.0,2026-06-24 12:46:17 UTC,3.0,1.7588,Yes,0x5B3498Cb20C3107B5B267fabd3601B6425BDeb42
2026-06-26 02:00:00 UTC,Turkey vs USA,FIFA World Cup ,USA,1X2,240.0,2026-06-24 12:41:38 UTC,240.0,1.505,Yes,0x68E1818FF20BBe84F9be9E0A4A395FB11079Bd35
2026-06-26 02:00:00 UTC,Turkey vs USA,FIFA World Cup ,USA,1X2,31.0,2026-06-24 12:38:24 UTC,31.0,1.505,Yes,0x68E1818FF20BBe84F9be9E0A4A395FB11079Bd35
2026-06-25 20:00:00 UTC,Ecuador vs Germany,FIFA World Cup ,Not Ecuador,1X2,92.0,2026-06-24 12:38:00 UTC,92.0,1.75,Yes,0x5B3498Cb20C3107B5B267fabd3601B6425BDeb42
2026-06-26 02:00:00 UTC,Turkey vs USA,FIFA World Cup ,USA,1X2,22.0,2026-06-24 12:35:38 UTC,22.0,1.505,Yes,0x68E1818FF20BBe84F9be9E0A4A395FB11079Bd35
2026-06-25 20:00:00 UTC,Ecuador vs Germany,FIFA World Cup ,Not Ecuador,1X2,20.0,2026-06-24 12:34:54 UTC,20.0,1.75,Yes,0x5B3498Cb20C3107B5B267fabd3601B6425BDeb42
2026-06-27 21:00:00 UTC,Croatia vs Ghana,FIFA World Cup ,Croatia,1X2,11.0,2026-06-24 12:32:56 UTC,11.0,1.55,Yes,0x42B4CF407654a8469d1Cf3606712C1f30599B2C5
2026-06-26 02:00:00 UTC,Turkey vs USA,FIFA World Cup ,USA,1X2,78.0,2026-06-24 12:31:56 UTC,78.0,1.505,Yes,0x68E1818FF20BBe84F9be9E0A4A395FB11079Bd35
2026-06-25 20:00:00 UTC,Ecuador vs Germany,FIFA World Cup ,Not Ecuador,1X2,231.0,2026-06-24 12:31:33 UTC,231.0,1.75,Yes,0x5B3498Cb20C3107B5B267fabd3601B6425BDeb42
2026-06-26 02:00:00 UTC,Paraguay vs Australia,FIFA World Cup ,Australia,1X2,0.0,2026-06-24 12:31:06 UTC,0.0,1.2388,Yes,0x68E1818FF20BBe84F9be9E0A4A395FB11079Bd35
2026-06-26 02:00:00 UTC,Paraguay vs Australia,FIFA World Cup ,Australia,1X2,117.0,2026-06-24 12:30:26 UTC,117.0,1.24,Yes,0x68E1818FF20BBe84F9be9E0A4A395FB11079Bd35
2026-06-26 19:00:00 UTC,Norway vs France,FIFA World Cup ,Not France,1X2,9.0,2026-06-24 12:28:05 UTC,9.0,1.4087,Yes,0x42B4CF407654a8469d1Cf3606712C1f30599B2C5
2026-06-27 03:00:00 UTC,Egypt vs Iran,FIFA World Cup ,Not tie,1X2,249.0,2026-06-24 12:26:42 UTC,249.0,1.6325,Yes,0x8268feC8dCb0D284343054BDf2b649286c9aA0a1
2026-06-26 02:00:00 UTC,Turkey vs USA,FIFA World Cup ,USA,1X2,34.0,2026-06-24 12:22:07 UTC,34.0,1.505,Yes,0x68E1818FF20BBe84F9be9E0A4A395FB11079Bd35
2026-06-27 03:00:00 UTC,New Zealand vs Belgium,FIFA World Cup ,Not Belgium,1X2,0.0,2026-06-24 12:20:33 UTC,0.0,1.1763,Yes,0x8268feC8dCb0D284343054BDf2b649286c9aA0a1
2026-06-27 03:00:00 UTC,New Zealand vs Belgium,FIFA World Cup ,Not Belgium,1X2,0.0,2026-06-24 12:19:47 UTC,0.0,1.1763,Yes,0x5B3498Cb20C3107B5B267fabd3601B6425BDeb42
2026-06-27 23:30:00 UTC,Congo DR vs Uzbekistan,FIFA World Cup ,Congo DR -0.5,Asian Handicap (-0.5),5.0,2026-06-24 12:00:59 UTC,5.0,1.5263,Yes,0xe2C68b7ef85645e47F9b94382c3Db59b046945a2
2026-06-26 02:00:00 UTC,Turkey vs USA,FIFA World Cup ,USA,1X2,108.0,2026-06-24 12:00:20 UTC,108.0,1.505,Yes,0x68E1818FF20BBe84F9be9E0A4A395FB11079Bd35
2026-06-25 20:00:00 UTC,Ecuador vs Germany,FIFA World Cup ,Not Germany,1X2,0.0,2026-06-24 11:48:24 UTC,0.0,1.4675,Yes,0x68E1818FF20BBe84F9be9E0A4A395FB11079Bd35
2026-06-25 20:00:00 UTC,Ecuador vs Germany,FIFA World Cup ,Not Germany,1X2,11.0,2026-06-24 11:48:02 UTC,11.0,1.4712,Yes,0x81b0690435A7b77c1fE50f311506934127e9De73
2026-06-26 02:00:00 UTC,Paraguay vs Australia,FIFA World Cup ,Not Australia,1X2,3.0,2026-06-24 11:45:09 UTC,3.0,1.7588,Yes,0x5B3498Cb20C3107B5B267fabd3601B6425BDeb42
2026-06-25 23:00:00 UTC,Japan vs Sweden,FIFA World Cup ,Tie,1X2,27.0,2026-06-24 11:39:22 UTC,27.0,1.26,Yes,0x8268feC8dCb0D284343054BDf2b649286c9aA0a1
2026-06-28 02:00:00 UTC,Jordan vs Argentina,FIFA World Cup ,Argentina,1X2,89.0,2026-06-24 11:29:03 UTC,89.0,1.8175,Yes,0x8268feC8dCb0D284343054BDf2b649286c9aA0a1
2026-06-25 23:00:00 UTC,Tunisia vs Netherlands,FIFA World Cup ,Netherlands,1X2,129.0,2026-06-24 11:26:08 UTC,129.0,1.8662,Yes,0x68E1818FF20BBe84F9be9E0A4A395FB11079Bd35
2026-06-25 20:00:00 UTC,Ecuador vs Germany,FIFA World Cup ,Not Ecuador,1X2,474.0,2026-06-24 11:18:01 UTC,474.0,1.75,Yes,0x68E1818FF20BBe84F9be9E0A4A395FB11079Bd35
2026-06-25 20:00:00 UTC,Ecuador vs Germany,FIFA World Cup ,Not Ecuador,1X2,552.0,2026-06-24 11:05:02 UTC,552.0,1.7512,Yes,0x68E1818FF20BBe84F9be9E0A4A395FB11079Bd35
2026-06-26 19:00:00 UTC,Senegal vs Iraq,FIFA World Cup ,Under 3.5,Under/Over (3.5),104.0,2026-06-24 10:55:32 UTC,104.0,1.5813,Yes,0x8268feC8dCb0D284343054BDf2b649286c9aA0a1
2026-06-26 02:00:00 UTC,Turkey vs USA,FIFA World Cup ,USA,1X2,405.0,2026-06-24 10:55:09 UTC,405.0,1.5075,Yes,0x68E1818FF20BBe84F9be9E0A4A395FB11079Bd35
2026-06-26 19:00:00 UTC,Norway vs France,FIFA World Cup ,Under 5.5,Under/Over (5.5),513.0,2026-06-24 10:54:19 UTC,513.0,1.9137,Yes,0xe2C68b7ef85645e47F9b94382c3Db59b046945a2
2026-06-27 23:30:00 UTC,Colombia vs Portugal,FIFA World Cup ,Colombia,1X2,0.0,2026-06-24 10:47:50 UTC,0.0,1.2275,Yes,0x68E1818FF20BBe84F9be9E0A4A395FB11079Bd35
2026-06-27 23:30:00 UTC,Colombia vs Portugal,FIFA World Cup ,Colombia,1X2,120.0,2026-06-24 10:47:06 UTC,120.0,1.2288,Yes,0x68E1818FF20BBe84F9be9E0A4A395FB11079Bd35
2026-06-26 02:00:00 UTC,Paraguay vs Australia,FIFA World Cup ,Paraguay +0.5,Asian Handicap (0.5),13.0,2026-06-24 10:31:46 UTC,13.0,1.7237,Yes,0x8268feC8dCb0D284343054BDf2b649286c9aA0a1
2026-06-25 20:00:00 UTC,Curaçao vs Ivory Coast,FIFA World Cup ,Ivory Coast -4.5,Asian Handicap (4.5),12.0,2026-06-24 10:30:42 UTC,12.0,1.1,Yes,0xE4DD6165bFF7EE73D7932C3b478f7E22431e85E7
2026-06-25 20:00:00 UTC,Curaçao vs Ivory Coast,FIFA World Cup ,Ivory Coast -4.5,Asian Handicap (4.5),7.0,2026-06-24 10:26:40 UTC,7.0,1.1,Yes,0xE4DD6165bFF7EE73D7932C3b478f7E22431e85E7
2026-06-26 02:00:00 UTC,Turkey vs USA,FIFA World Cup ,Not Turkey,1X2,9.0,2026-06-24 10:20:32 UTC,9.0,1.735,Yes,0x68E1818FF20BBe84F9be9E0A4A395FB11079Bd35
2026-06-26 02:00:00 UTC,Paraguay vs Australia,FIFA World Cup ,Not Paraguay,1X2,293.0,2026-06-24 10:18:05 UTC,293.0,1.6675,Yes,0x68E1818FF20BBe84F9be9E0A4A395FB11079Bd35
2026-06-25 23:00:00 UTC,Tunisia vs Netherlands,FIFA World Cup ,Under 6.5,Under/Over (6.5),16.0,2026-06-24 10:10:10 UTC,16.0,1.9438,Yes,0xe2C68b7ef85645e47F9b94382c3Db59b046945a2
2026-06-27 21:00:00 UTC,Panama vs England,FIFA World Cup ,Under 6.5,Under/Over (6.5),69.0,2026-06-24 10:10:09 UTC,69.0,1.945,Yes,0xE4DD6165bFF7EE73D7932C3b478f7E22431e85E7
2026-06-25 23:00:00 UTC,Tunisia vs Netherlands,FIFA World Cup ,Under 6.5,Under/Over (6.5),49.0,2026-06-24 10:10:09 UTC,49.0,1.9438,Yes,0xe2C68b7ef85645e47F9b94382c3Db59b046945a2
2026-06-25 23:00:00 UTC,Tunisia vs Netherlands,FIFA World Cup ,Under 6.5,Under/Over (6.5),63.0,2026-06-24 10:10:09 UTC,63.0,1.9438,Yes,0xe2C68b7ef85645e47F9b94382c3Db59b046945a2
2026-06-25 23:00:00 UTC,Tunisia vs Netherlands,FIFA World Cup ,Netherlands,12,20.0,2026-06-24 10:10:09 UTC,20.0,1.9487,Yes,0xe2C68b7ef85645e47F9b94382c3Db59b046945a2
2026-06-28 02:00:00 UTC,Algeria vs Austria,FIFA World Cup ,Austria,1X2,0.0,2026-06-24 10:09:07 UTC,0.0,1.3337,Yes,0x68E1818FF20BBe84F9be9E0A4A395FB11079Bd35
2026-06-28 02:00:00 UTC,Algeria vs Austria,FIFA World Cup ,Austria,1X2,91.0,2026-06-24 10:08:47 UTC,91.0,1.335,Yes,0x68E1818FF20BBe84F9be9E0A4A395FB11079Bd35
2026-06-26 02:00:00 UTC,Paraguay vs Australia,FIFA World Cup ,Not Paraguay,1X2,2.0,2026-06-24 10:05:54 UTC,2.0,1.6675,Yes,0x68E1818FF20BBe84F9be9E0A4A395FB11079Bd35
2026-06-26 02:00:00 UTC,Paraguay vs Australia,FIFA World Cup ,Not Paraguay,1X2,2.0,2026-06-24 10:05:53 UTC,2.0,1.6675,Yes,0x68E1818FF20BBe84F9be9E0A4A395FB11079Bd35
2026-06-26 02:00:00 UTC,Paraguay vs Australia,FIFA World Cup ,Not Paraguay,1X2,31.0,2026-06-24 10:05:46 UTC,31.0,1.6675,Yes,0x68E1818FF20BBe84F9be9E0A4A395FB11079Bd35
2026-06-26 02:00:00 UTC,Paraguay vs Australia,FIFA World Cup ,Not Paraguay,1X2,164.0,2026-06-24 10:05:43 UTC,164.0,1.6675,Yes,0x68E1818FF20BBe84F9be9E0A4A395FB11079Bd35
2026-06-27 23:30:00 UTC,Congo DR vs Uzbekistan,FIFA World Cup ,Not Uzbekistan,1X2,3.0,2026-06-24 10:01:57 UTC,3.0,1.7688,Yes,0x68E1818FF20BBe84F9be9E0A4A395FB11079Bd35
2026-06-27 23:30:00 UTC,Congo DR vs Uzbekistan,FIFA World Cup ,Not Uzbekistan,1X2,216.0,2026-06-24 10:01:47 UTC,216.0,1.7688,Yes,0x68E1818FF20BBe84F9be9E0A4A395FB11079Bd35
2026-06-25 20:00:00 UTC,Ecuador vs Germany,FIFA World Cup ,Germany,1X2,1.0,2026-06-24 09:58:25 UTC,1.0,1.5188,Yes,0x5B3498Cb20C3107B5B267fabd3601B6425BDeb42
2026-06-25 20:00:00 UTC,Ecuador vs Germany,FIFA World Cup ,Not Ecuador,1X2,194.0,2026-06-24 09:57:48 UTC,194.0,1.7512,Yes,0x68E1818FF20BBe84F9be9E0A4A395FB11079Bd35
2026-06-25 20:00:00 UTC,Ecuador vs Germany,FIFA World Cup ,Germany,1X2,376.0,2026-06-24 09:57:48 UTC,376.0,1.52,Yes,0x68E1818FF20BBe84F9be9E0A4A395FB11079Bd35
2026-06-25 20:00:00 UTC,Ecuador vs Germany,FIFA World Cup ,Germany,1X2,118.0,2026-06-24 09:57:47 UTC,118.0,1.52,Yes,0x68E1818FF20BBe84F9be9E0A4A395FB11079Bd35
2026-06-25 20:00:00 UTC,Ecuador vs Germany,FIFA World Cup ,Not Ecuador,1X2,267.0,2026-06-24 09:57:46 UTC,267.0,1.7512,Yes,0x68E1818FF20BBe84F9be9E0A4A395FB11079Bd35
2026-06-26 02:00:00 UTC,Paraguay vs Australia,FIFA World Cup ,Paraguay,1X2,0.0,2026-06-24 09:54:53 UTC,0.0,1.3225,Yes,0x8268feC8dCb0D284343054BDf2b649286c9aA0a1
2026-06-26 02:00:00 UTC,Paraguay vs Australia,FIFA World Cup ,Paraguay,1X2,0.0,2026-06-24 09:54:48 UTC,0.0,1.3225,Yes,0x8268feC8dCb0D284343054BDf2b649286c9aA0a1
2026-06-26 02:00:00 UTC,Paraguay vs Australia,FIFA World Cup ,Australia,1X2,0.0,2026-06-24 09:54:44 UTC,0.0,1.2388,Yes,0x68E1818FF20BBe84F9be9E0A4A395FB11079Bd35
2026-06-26 02:00:00 UTC,Paraguay vs Australia,FIFA World Cup ,Australia,1X2,0.0,2026-06-24 09:54:38 UTC,0.0,1.2388,Yes,0x68E1818FF20BBe84F9be9E0A4A395FB11079Bd35
2026-06-25 20:00:00 UTC,Ecuador vs Germany,FIFA World Cup ,Not Ecuador,1X2,477.0,2026-06-24 09:49:06 UTC,477.0,1.7525,Yes,0x68E1818FF20BBe84F9be9E0A4A395FB11079Bd35
2026-06-27 00:00:00 UTC,Uruguay vs Spain,FIFA World Cup ,Not tie,1X2,254.0,2026-06-24 09:46:32 UTC,254.0,1.7675,Yes,0x68E1818FF20BBe84F9be9E0A4A395FB11079Bd35
2026-06-25 23:00:00 UTC,Japan vs Sweden,FIFA World Cup ,Under 4.5,Under/Over (4.5),423.0,2026-06-24 09:46:20 UTC,423.0,1.8337,Yes,0xe2C68b7ef85645e47F9b94382c3Db59b046945a2
2026-06-27 00:00:00 UTC,Uruguay vs Spain,FIFA World Cup ,Not tie,1X2,3.0,2026-06-24 09:41:07 UTC,3.0,1.7675,Yes,0x68E1818FF20BBe84F9be9E0A4A395FB11079Bd35
2026-06-27 00:00:00 UTC,Uruguay vs Spain,FIFA World Cup ,Not tie,1X2,252.0,2026-06-24 09:40:25 UTC,252.0,1.7675,Yes,0x5B3498Cb20C3107B5B267fabd3601B6425BDeb42
2026-06-27 23:30:00 UTC,Colombia vs Portugal,FIFA World Cup ,Portugal,1X2,1.0,2026-06-24 09:39:35 UTC,1.0,1.5125,Yes,0x68E1818FF20BBe84F9be9E0A4A395FB11079Bd35
2026-06-27 23:30:00 UTC,Colombia vs Portugal,FIFA World Cup ,Portugal,1X2,78.0,2026-06-24 09:39:02 UTC,78.0,1.5125,Yes,0x68E1818FF20BBe84F9be9E0A4A395FB11079Bd35
2026-06-27 23:30:00 UTC,Congo DR vs Uzbekistan,FIFA World Cup ,Not Uzbekistan,1X2,41.0,2026-06-24 09:34:51 UTC,41.0,1.7688,Yes,0x68E1818FF20BBe84F9be9E0A4A395FB11079Bd35
2026-06-27 23:30:00 UTC,Congo DR vs Uzbekistan,FIFA World Cup ,Not Uzbekistan,1X2,237.0,2026-06-24 09:34:50 UTC,237.0,1.7688,Yes,0x68E1818FF20BBe84F9be9E0A4A395FB11079Bd35
2026-06-27 00:00:00 UTC,Uruguay vs Spain,FIFA World Cup ,Spain,1X2,13.0,2026-06-24 09:32:57 UTC,13.0,1.6362,Yes,0x5B3498Cb20C3107B5B267fabd3601B6425BDeb42
2026-06-27 23:30:00 UTC,Congo DR vs Uzbekistan,FIFA World Cup ,Tie,1X2,0.0,2026-06-24 09:31:41 UTC,0.0,1.2288,Yes,0x68E1818FF20BBe84F9be9E0A4A395FB11079Bd35
2026-06-25 20:00:00 UTC,Curaçao vs Ivory Coast,FIFA World Cup ,Not tie,1X2,311.0,2026-06-24 09:31:35 UTC,311.0,1.8887,Yes,0x68E1818FF20BBe84F9be9E0A4A395FB11079Bd35
2026-06-25 23:00:00 UTC,Tunisia vs Netherlands,FIFA World Cup ,Under 6.5,Under/Over (6.5),16.0,2026-06-24 09:25:44 UTC,16.0,1.9438,Yes,0xe2C68b7ef85645e47F9b94382c3Db59b046945a2
2026-06-27 00:00:00 UTC,Uruguay vs Spain,FIFA World Cup ,Not tie,1X2,142.0,2026-06-24 09:25:07 UTC,142.0,1.7688,Yes,0x68E1818FF20BBe84F9be9E0A4A395FB11079Bd35
2026-06-27 00:00:00 UTC,Uruguay vs Spain,FIFA World Cup ,Not tie,1X2,76.0,2026-06-24 09:25:06 UTC,76.0,1.7688,Yes,0x68E1818FF20BBe84F9be9E0A4A395FB11079Bd35
2026-06-27 00:00:00 UTC,Uruguay vs Spain,FIFA World Cup ,Not tie,1X2,3.0,2026-06-24 09:24:50 UTC,3.0,1.7688,Yes,0x68E1818FF20BBe84F9be9E0A4A395FB11079Bd35
2026-06-27 00:00:00 UTC,Uruguay vs Spain,FIFA World Cup ,Not tie,1X2,63.0,2026-06-24 09:24:13 UTC,63.0,1.7688,Yes,0x5B3498Cb20C3107B5B267fabd3601B6425BDeb42
2026-06-25 20:00:00 UTC,Curaçao vs Ivory Coast,FIFA World Cup ,Curaçao +4.5,Asian Handicap (4.5),7.0,2026-06-24 09:24:07 UTC,7.0,1.8825,Yes,0xe2C68b7ef85645e47F9b94382c3Db59b046945a2
2026-06-27 23:30:00 UTC,Congo DR vs Uzbekistan,FIFA World Cup ,Not Uzbekistan,1X2,3.0,2026-06-24 09:23:54 UTC,3.0,1.7688,Yes,0x68E1818FF20BBe84F9be9E0A4A395FB11079Bd35
2026-06-25 20:00:00 UTC,Ecuador vs Germany,FIFA World Cup ,Germany,1X2,10.0,2026-06-24 09:11:29 UTC,10.0,1.5188,Yes,0x5B3498Cb20C3107B5B267fabd3601B6425BDeb42
2026-06-25 20:00:00 UTC,Ecuador vs Germany,FIFA World Cup ,Germany,1X2,10.0,2026-06-24 09:08:20 UTC,10.0,1.5188,Yes,0x5B3498Cb20C3107B5B267fabd3601B6425BDeb42
2026-06-25 20:00:00 UTC,Ecuador vs Germany,FIFA World Cup ,Germany,1X2,59.0,2026-06-24 09:04:00 UTC,59.0,1.5188,Yes,0x5B3498Cb20C3107B5B267fabd3601B6425BDeb42
2026-06-27 03:00:00 UTC,Egypt vs Iran,FIFA World Cup ,Not tie,1X2,288.0,2026-06-24 08:52:49 UTC,288.0,1.635,Yes,0x68E1818FF20BBe84F9be9E0A4A395FB11079Bd35
2026-06-25 20:00:00 UTC,Ecuador vs Germany,FIFA World Cup ,Germany,1X2,646.0,2026-06-24 08:52:42 UTC,646.0,1.5225,Yes,0x68E1818FF20BBe84F9be9E0A4A395FB11079Bd35
2026-06-27 00:00:00 UTC,Uruguay vs Spain,FIFA World Cup ,Spain,1X2,880.0,2026-06-24 08:51:18 UTC,880.0,1.6438,Yes,0x68E1818FF20BBe84F9be9E0A4A395FB11079Bd35
2026-06-25 20:00:00 UTC,Ecuador vs Germany,FIFA World Cup ,Germany,1X2,675.0,2026-06-24 08:28:22 UTC,675.0,1.5225,Yes,0x68E1818FF20BBe84F9be9E0A4A395FB11079Bd35
2026-06-26 19:00:00 UTC,Senegal vs Iraq,FIFA World Cup ,Under 2.5,Under/Over (2.5),9.0,2026-06-24 08:23:45 UTC,9.0,1.3713,Yes,0x42B4CF407654a8469d1Cf3606712C1f30599B2C5
2026-06-25 23:00:00 UTC,Japan vs Sweden,FIFA World Cup ,Under 5.5,Under/Over (5.5),311.0,2026-06-24 08:20:43 UTC,311.0,1.9263,Yes,0xe2C68b7ef85645e47F9b94382c3Db59b046945a2
2026-06-25 23:00:00 UTC,Japan vs Sweden,FIFA World Cup ,Under 5.5,Under/Over (5.5),18.0,2026-06-24 08:10:09 UTC,18.0,1.9263,Yes,0xe2C68b7ef85645e47F9b94382c3Db59b046945a2
2026-06-25 20:00:00 UTC,Ecuador vs Germany,FIFA World Cup ,Not Ecuador,1X2,474.0,2026-06-24 08:09:45 UTC,474.0,1.7538,Yes,0x68E1818FF20BBe84F9be9E0A4A395FB11079Bd35
2026-06-25 20:00:00 UTC,Ecuador vs Germany,FIFA World Cup ,Germany,1X2,632.0,2026-06-24 08:09:44 UTC,632.0,1.525,Yes,0x68E1818FF20BBe84F9be9E0A4A395FB11079Bd35
2026-06-25 23:00:00 UTC,Japan vs Sweden,FIFA World Cup ,Japan -0.5,Asian Handicap (-0.5),1.0,2026-06-24 08:07:15 UTC,1.0,1.495,Yes,0xe2C68b7ef85645e47F9b94382c3Db59b046945a2
2026-06-26 02:00:00 UTC,Turkey vs USA,FIFA World Cup ,USA,1X2,602.0,2026-06-24 07:59:51 UTC,602.0,1.5075,Yes,0x68E1818FF20BBe84F9be9E0A4A395FB11079Bd35
2026-06-25 20:00:00 UTC,Ecuador vs Germany,FIFA World Cup ,Not Ecuador,1X2,449.0,2026-06-24 07:54:42 UTC,449.0,1.7538,Yes,0x68E1818FF20BBe84F9be9E0A4A395FB11079Bd35
2026-06-27 23:30:00 UTC,Colombia vs Portugal,FIFA World Cup ,Over 1.0,Under/Over (1),9.0,2026-06-24 07:21:38 UTC,9.0,1.9013,Yes,0x8268feC8dCb0D284343054BDf2b649286c9aA0a1
2026-06-27 23:30:00 UTC,Colombia vs Portugal,FIFA World Cup ,Over 1.0,Under/Over (1),821.0,2026-06-24 07:16:11 UTC,821.0,1.9013,Yes,0x8268feC8dCb0D284343054BDf2b649286c9aA0a1
2026-06-25 23:00:00 UTC,Japan vs Sweden,FIFA World Cup ,Japan,1X2,51.0,2026-06-24 07:15:57 UTC,51.0,1.5125,Yes,0x68E1818FF20BBe84F9be9E0A4A395FB11079Bd35
2026-06-25 23:00:00 UTC,Japan vs Sweden,FIFA World Cup ,Japan,1X2,45.0,2026-06-24 07:13:56 UTC,45.0,1.5125,Yes,0x68E1818FF20BBe84F9be9E0A4A395FB11079Bd35
2026-06-27 21:00:00 UTC,Panama vs England,FIFA World Cup ,Not Panama,1X2,17.0,2026-06-24 07:03:09 UTC,17.0,1.9463,Yes,0x68E1818FF20BBe84F9be9E0A4A395FB11079Bd35
2026-06-27 21:00:00 UTC,Panama vs England,FIFA World Cup ,Not England,1X2,0.0,2026-06-24 07:03:06 UTC,0.0,1.1587,Yes,0xe2C68b7ef85645e47F9b94382c3Db59b046945a2
2026-06-25 20:00:00 UTC,Ecuador vs Germany,FIFA World Cup ,Germany,1X2,691.0,2026-06-24 07:00:59 UTC,691.0,1.525,Yes,0x68E1818FF20BBe84F9be9E0A4A395FB11079Bd35
2026-06-27 21:00:00 UTC,Croatia vs Ghana,FIFA World Cup ,Not Croatia,1X2,0.0,2026-06-24 06:55:41 UTC,0.0,1.4387,Yes,0x8268feC8dCb0D284343054BDf2b649286c9aA0a1
2026-06-27 23:30:00 UTC,Congo DR vs Uzbekistan,FIFA World Cup ,Not Uzbekistan,1X2,3.0,2026-06-24 06:55:39 UTC,3.0,1.7612,Yes,0x68E1818FF20BBe84F9be9E0A4A395FB11079Bd35
2026-06-25 20:00:00 UTC,Ecuador vs Germany,FIFA World Cup ,Not Ecuador,1X2,3.0,2026-06-24 06:55:37 UTC,3.0,1.755,Yes,0x68E1818FF20BBe84F9be9E0A4A395FB11079Bd35
2026-06-25 23:00:00 UTC,Japan vs Sweden,FIFA World Cup ,Not tie,1X2,2.0,2026-06-24 06:55:36 UTC,2.0,1.73,Yes,0x5B3498Cb20C3107B5B267fabd3601B6425BDeb42
2026-06-26 02:00:00 UTC,Paraguay vs Australia,FIFA World Cup ,Not tie,1X2,1.0,2026-06-24 06:55:35 UTC,1.0,1.5625,Yes,0x8268feC8dCb0D284343054BDf2b649286c9aA0a1
2026-06-27 00:00:00 UTC,Cape Verde vs Saudi Arabia,FIFA World Cup ,Not Saudi Arabia,1X2,2.0,2026-06-24 06:55:33 UTC,2.0,1.6675,Yes,0x5B3498Cb20C3107B5B267fabd3601B6425BDeb42
2026-06-27 00:00:00 UTC,Cape Verde vs Saudi Arabia,FIFA World Cup ,Cape Verde,1X2,0.0,2026-06-24 06:55:32 UTC,0.0,1.3887,Yes,0x8268feC8dCb0D284343054BDf2b649286c9aA0a1
2026-06-28 02:00:00 UTC,Jordan vs Argentina,FIFA World Cup ,Not Jordan,1X2,16.0,2026-06-24 06:55:31 UTC,16.0,1.9425,Yes,0xe2C68b7ef85645e47F9b94382c3Db59b046945a2
2026-06-26 19:00:00 UTC,Senegal vs Iraq,FIFA World Cup ,Not Senegal,1X2,0.0,2026-06-24 06:55:30 UTC,0.0,1.2063,Yes,0x5B3498Cb20C3107B5B267fabd3601B6425BDeb42
2026-06-28 02:00:00 UTC,Algeria vs Austria,FIFA World Cup ,Not tie,1X2,1.0,2026-06-24 06:55:29 UTC,1.0,1.5737,Yes,0x8268feC8dCb0D284343054BDf2b649286c9aA0a1
2026-06-28 02:00:00 UTC,Algeria vs Austria,FIFA World Cup ,Austria,1X2,0.0,2026-06-24 06:55:26 UTC,0.0,1.3375,Yes,0x68E1818FF20BBe84F9be9E0A4A395FB11079Bd35
2026-06-27 21:00:00 UTC,Panama vs England,FIFA World Cup ,Tie,1X2,0.0,2026-06-24 06:55:25 UTC,0.0,1.1113,Yes,0xe2C68b7ef85645e47F9b94382c3Db59b046945a2
2026-06-25 20:00:00 UTC,Curaçao vs Ivory Coast,FIFA World Cup ,Not Ivory Coast,1X2,0.0,2026-06-24 06:55:23 UTC,0.0,1.1513,Yes,0x8268feC8dCb0D284343054BDf2b649286c9aA0a1
2026-06-26 19:00:00 UTC,Norway vs France,FIFA World Cup ,Not tie,1X2,3.0,2026-06-24 06:55:21 UTC,3.0,1.795,Yes,0x68E1818FF20BBe84F9be9E0A4A395FB11079Bd35
2026-06-26 19:00:00 UTC,Norway vs France,FIFA World Cup ,Norway,1X2,0.0,2026-06-24 06:55:20 UTC,0.0,1.2075,Yes,0x68E1818FF20BBe84F9be9E0A4A395FB11079Bd35
2026-06-27 21:00:00 UTC,Croatia vs Ghana,FIFA World Cup ,Not Croatia,1X2,0.0,2026-06-24 06:55:01 UTC,0.0,1.4387,Yes,0x8268feC8dCb0D284343054BDf2b649286c9aA0a1
2026-06-27 23:30:00 UTC,Congo DR vs Uzbekistan,FIFA World Cup ,Not Uzbekistan,1X2,3.0,2026-06-24 06:54:58 UTC,3.0,1.7612,Yes,0x68E1818FF20BBe84F9be9E0A4A395FB11079Bd35
2026-06-25 20:00:00 UTC,Ecuador vs Germany,FIFA World Cup ,Not Ecuador,1X2,3.0,2026-06-24 06:54:57 UTC,3.0,1.755,Yes,0x68E1818FF20BBe84F9be9E0A4A395FB11079Bd35
2026-06-25 23:00:00 UTC,Japan vs Sweden,FIFA World Cup ,Not tie,1X2,2.0,2026-06-24 06:54:55 UTC,2.0,1.73,Yes,0x5B3498Cb20C3107B5B267fabd3601B6425BDeb42
2026-06-26 02:00:00 UTC,Paraguay vs Australia,FIFA World Cup ,Not tie,1X2,1.0,2026-06-24 06:54:54 UTC,1.0,1.5625,Yes,0x8268feC8dCb0D284343054BDf2b649286c9aA0a1
2026-06-27 00:00:00 UTC,Cape Verde vs Saudi Arabia,FIFA World Cup ,Not Saudi Arabia,1X2,2.0,2026-06-24 06:54:53 UTC,2.0,1.6675,Yes,0x5B3498Cb20C3107B5B267fabd3601B6425BDeb42
2026-06-27 00:00:00 UTC,Cape Verde vs Saudi Arabia,FIFA World Cup ,Cape Verde,1X2,0.0,2026-06-24 06:54:52 UTC,0.0,1.3887,Yes,0x8268feC8dCb0D284343054BDf2b649286c9aA0a1
2026-06-28 02:00:00 UTC,Jordan vs Argentina,FIFA World Cup ,Not Jordan,1X2,16.0,2026-06-24 06:54:50 UTC,16.0,1.9425,Yes,0xe2C68b7ef85645e47F9b94382c3Db59b046945a2
2026-06-26 19:00:00 UTC,Senegal vs Iraq,FIFA World Cup ,Not Senegal,1X2,0.0,2026-06-24 06:54:49 UTC,0.0,1.2063,Yes,0x5B3498Cb20C3107B5B267fabd3601B6425BDeb42
2026-06-28 02:00:00 UTC,Algeria vs Austria,FIFA World Cup ,Not tie,1X2,1.0,2026-06-24 06:54:48 UTC,1.0,1.5737,Yes,0x8268feC8dCb0D284343054BDf2b649286c9aA0a1
2026-06-28 02:00:00 UTC,Algeria vs Austria,FIFA World Cup ,Austria,1X2,0.0,2026-06-24 06:54:47 UTC,0.0,1.3375,Yes,0x68E1818FF20BBe84F9be9E0A4A395FB11079Bd35
2026-06-27 21:00:00 UTC,Panama vs England,FIFA World Cup ,Tie,1X2,0.0,2026-06-24 06:54:46 UTC,0.0,1.1113,Yes,0xe2C68b7ef85645e47F9b94382c3Db59b046945a2
2026-06-25 20:00:00 UTC,Curaçao vs Ivory Coast,FIFA World Cup ,Not Ivory Coast,1X2,0.0,2026-06-24 06:54:43 UTC,0.0,1.1513,Yes,0x8268feC8dCb0D284343054BDf2b649286c9aA0a1
2026-06-26 19:00:00 UTC,Norway vs France,FIFA World Cup ,Not tie,1X2,3.0,2026-06-24 06:54:42 UTC,3.0,1.795,Yes,0x68E1818FF20BBe84F9be9E0A4A395FB11079Bd35
2026-06-26 19:00:00 UTC,Norway vs France,FIFA World Cup ,Norway,1X2,0.0,2026-06-24 06:54:41 UTC,0.0,1.2075,Yes,0x68E1818FF20BBe84F9be9E0A4A395FB11079Bd35
2026-06-27 21:00:00 UTC,Croatia vs Ghana,FIFA World Cup ,Not Croatia,1X2,391.0,2026-06-24 06:51:41 UTC,391.0,1.44,Yes,0x68E1818FF20BBe84F9be9E0A4A395FB11079Bd35
2026-06-25 20:00:00 UTC,Curaçao vs Ivory Coast,FIFA World Cup ,Curaçao,1X2,19.0,2026-06-24 06:50:54 UTC,19.0,1.0488,Yes,0x68E1818FF20BBe84F9be9E0A4A395FB11079Bd35
2026-06-25 23:00:00 UTC,Japan vs Sweden,FIFA World Cup ,Japan,1X2,207.0,2026-06-24 06:48:25 UTC,207.0,1.5125,Yes,0x68E1818FF20BBe84F9be9E0A4A395FB11079Bd35
2026-06-25 20:00:00 UTC,Ecuador vs Germany,FIFA World Cup ,Germany,1X2,671.0,2026-06-24 06:47:41 UTC,671.0,1.5288,Yes,0x68E1818FF20BBe84F9be9E0A4A395FB11079Bd35
2026-06-25 20:00:00 UTC,Ecuador vs Germany,FIFA World Cup ,Germany,1X2,556.0,2026-06-24 06:47:33 UTC,556.0,1.5288,Yes,0x68E1818FF20BBe84F9be9E0A4A395FB11079Bd35
2026-06-25 20:00:00 UTC,Ecuador vs Germany,FIFA World Cup ,Germany,1X2,420.0,2026-06-24 06:45:45 UTC,420.0,1.5312,Yes,0x68E1818FF20BBe84F9be9E0A4A395FB11079Bd35
2026-06-27 00:00:00 UTC,Cape Verde vs Saudi Arabia,FIFA World Cup ,Cape Verde,1X2,0.0,2026-06-24 06:31:55 UTC,0.0,1.3887,Yes,0x68E1818FF20BBe84F9be9E0A4A395FB11079Bd35
2026-06-25 20:00:00 UTC,Ecuador vs Germany,FIFA World Cup ,Germany,1X2,42.0,2026-06-24 06:28:10 UTC,42.0,1.5312,Yes,0x68E1818FF20BBe84F9be9E0A4A395FB11079Bd35
2026-06-25 20:00:00 UTC,Ecuador vs Germany,FIFA World Cup ,Germany,1X2,1.0,2026-06-24 06:25:12 UTC,1.0,1.5312,Yes,0x68E1818FF20BBe84F9be9E0A4A395FB11079Bd35
2026-06-25 20:00:00 UTC,Ecuador vs Germany,FIFA World Cup ,Germany,1X2,224.0,2026-06-24 06:24:57 UTC,224.0,1.5312,Yes,0x68E1818FF20BBe84F9be9E0A4A395FB11079Bd35
2026-06-25 20:00:00 UTC,Ecuador vs Germany,FIFA World Cup ,Germany,1X2,22.0,2026-06-24 06:18:31 UTC,22.0,1.5288,Yes,0x68E1818FF20BBe84F9be9E0A4A395FB11079Bd35
2026-06-25 20:00:00 UTC,Ecuador vs Germany,FIFA World Cup ,Germany,1X2,9.0,2026-06-24 06:16:02 UTC,9.0,1.5312,Yes,0x68E1818FF20BBe84F9be9E0A4A395FB11079Bd35
2026-06-28 02:00:00 UTC,Algeria vs Austria,FIFA World Cup ,Austria,1X2,92.0,2026-06-24 06:15:41 UTC,92.0,1.3375,Yes,0x68E1818FF20BBe84F9be9E0A4A395FB11079Bd35
2026-06-25 20:00:00 UTC,Ecuador vs Germany,FIFA World Cup ,Germany,1X2,657.0,2026-06-24 06:12:06 UTC,657.0,1.5312,Yes,0x68E1818FF20BBe84F9be9E0A4A395FB11079Bd35
2026-06-25 20:00:00 UTC,Ecuador vs Germany,FIFA World Cup ,Not tie,1X2,526.0,2026-06-24 06:07:54 UTC,526.0,1.7725,Yes,0x68E1818FF20BBe84F9be9E0A4A395FB11079Bd35
2026-06-28 02:00:00 UTC,Algeria vs Austria,FIFA World Cup ,Austria,1X2,0.0,2026-06-24 06:07:51 UTC,0.0,1.3375,Yes,0x68E1818FF20BBe84F9be9E0A4A395FB11079Bd35
2026-06-27 21:00:00 UTC,Croatia vs Ghana,FIFA World Cup ,Not tie,1X2,154.0,2026-06-24 05:51:11 UTC,154.0,1.7125,Yes,0x8268feC8dCb0D284343054BDf2b649286c9aA0a1
2026-06-27 21:00:00 UTC,Croatia vs Ghana,FIFA World Cup ,Not Ghana,1X2,4.0,2026-06-24 05:50:05 UTC,4.0,1.8325,Yes,0x68E1818FF20BBe84F9be9E0A4A395FB11079Bd35
2026-06-27 21:00:00 UTC,Croatia vs Ghana,FIFA World Cup ,Not Ghana,1X2,133.0,2026-06-24 05:49:47 UTC,133.0,1.8325,Yes,0x68E1818FF20BBe84F9be9E0A4A395FB11079Bd35
2026-06-27 23:30:00 UTC,Colombia vs Portugal,FIFA World Cup ,Not Colombia,1X2,151.0,2026-06-24 05:47:41 UTC,151.0,1.77,Yes,0xe2C68b7ef85645e47F9b94382c3Db59b046945a2
2026-06-27 23:30:00 UTC,Colombia vs Portugal,FIFA World Cup ,Not Colombia,1X2,44.0,2026-06-24 05:47:39 UTC,44.0,1.77,Yes,0xe2C68b7ef85645e47F9b94382c3Db59b046945a2
2026-06-27 23:30:00 UTC,Colombia vs Portugal,FIFA World Cup ,Portugal +0.5,Asian Handicap (-0.5),65.0,2026-06-24 05:47:37 UTC,65.0,1.7712,Yes,0xe2C68b7ef85645e47F9b94382c3Db59b046945a2
2026-06-27 23:30:00 UTC,Colombia vs Portugal,FIFA World Cup ,Not Colombia,1X2,77.0,2026-06-24 05:47:37 UTC,77.0,1.77,Yes,0xe2C68b7ef85645e47F9b94382c3Db59b046945a2
2026-06-27 23:30:00 UTC,Colombia vs Portugal,FIFA World Cup ,Not Colombia,1X2,3.0,2026-06-24 05:47:36 UTC,3.0,1.77,Yes,0xe2C68b7ef85645e47F9b94382c3Db59b046945a2
2026-06-27 23:30:00 UTC,Congo DR vs Uzbekistan,FIFA World Cup ,Tie,1X2,0.0,2026-06-24 05:45:33 UTC,0.0,1.235,Yes,0xe2C68b7ef85645e47F9b94382c3Db59b046945a2
2026-06-27 23:30:00 UTC,Congo DR vs Uzbekistan,FIFA World Cup ,Tie,1X2,27.0,2026-06-24 05:45:33 UTC,27.0,1.235,Yes,0xe2C68b7ef85645e47F9b94382c3Db59b046945a2
2026-06-25 20:00:00 UTC,Ecuador vs Germany,FIFA World Cup ,Not tie,1X2,516.0,2026-06-24 05:40:36 UTC,516.0,1.7725,Yes,0x68E1818FF20BBe84F9be9E0A4A395FB11079Bd35
2026-06-25 20:00:00 UTC,Ecuador vs Germany,FIFA World Cup ,Not tie,1X2,533.0,2026-06-24 05:37:51 UTC,533.0,1.7725,Yes,0x68E1818FF20BBe84F9be9E0A4A395FB11079Bd35
2026-06-27 21:00:00 UTC,Croatia vs Ghana,FIFA World Cup ,Not Croatia,1X2,0.0,2026-06-24 05:31:17 UTC,0.0,1.4387,Yes,0x8268feC8dCb0D284343054BDf2b649286c9aA0a1
2026-06-27 23:30:00 UTC,Congo DR vs Uzbekistan,FIFA World Cup ,Not Uzbekistan,1X2,3.0,2026-06-24 05:31:15 UTC,3.0,1.7612,Yes,0x68E1818FF20BBe84F9be9E0A4A395FB11079Bd35
2026-06-25 20:00:00 UTC,Ecuador vs Germany,FIFA World Cup ,Not Ecuador,1X2,3.0,2026-06-24 05:31:13 UTC,3.0,1.7512,Yes,0x68E1818FF20BBe84F9be9E0A4A395FB11079Bd35
2026-06-25 23:00:00 UTC,Japan vs Sweden,FIFA World Cup ,Not tie,1X2,2.0,2026-06-24 05:31:12 UTC,2.0,1.7288,Yes,0x5B3498Cb20C3107B5B267fabd3601B6425BDeb42
2026-06-25 20:00:00 UTC,Ecuador vs Germany,FIFA World Cup ,Germany,1X2,1.0,2026-06-24 05:31:11 UTC,1.0,1.5288,Yes,0x68E1818FF20BBe84F9be9E0A4A395FB11079Bd35
2026-06-25 20:00:00 UTC,Ecuador vs Germany,FIFA World Cup ,Germany,1X2,101.0,2026-06-24 05:31:10 UTC,101.0,1.5288,Yes,0x68E1818FF20BBe84F9be9E0A4A395FB11079Bd35
2026-06-26 02:00:00 UTC,Paraguay vs Australia,FIFA World Cup ,Not tie,1X2,1.0,2026-06-24 05:31:09 UTC,1.0,1.56,Yes,0x8268feC8dCb0D284343054BDf2b649286c9aA0a1
2026-06-28 02:00:00 UTC,Jordan vs Argentina,FIFA World Cup ,Not Jordan,1X2,16.0,2026-06-24 05:31:08 UTC,16.0,1.9425,Yes,0xe2C68b7ef85645e47F9b94382c3Db59b046945a2
2026-06-26 19:00:00 UTC,Senegal vs Iraq,FIFA World Cup ,Not Senegal,1X2,0.0,2026-06-24 05:31:07 UTC,0.0,1.2063,Yes,0x5B3498Cb20C3107B5B267fabd3601B6425BDeb42
2026-06-28 02:00:00 UTC,Algeria vs Austria,FIFA World Cup ,Not tie,1X2,1.0,2026-06-24 05:31:06 UTC,1.0,1.5737,Yes,0x68E1818FF20BBe84F9be9E0A4A395FB11079Bd35
2026-06-27 21:00:00 UTC,Panama vs England,FIFA World Cup ,Tie,1X2,0.0,2026-06-24 05:31:05 UTC,0.0,1.1113,Yes,0xe2C68b7ef85645e47F9b94382c3Db59b046945a2
2026-06-25 20:00:00 UTC,Curaçao vs Ivory Coast,FIFA World Cup ,Not Ivory Coast,1X2,0.0,2026-06-24 05:31:04 UTC,0.0,1.1562,Yes,0x5B3498Cb20C3107B5B267fabd3601B6425BDeb42
2026-06-26 19:00:00 UTC,Norway vs France,FIFA World Cup ,Not tie,1X2,3.0,2026-06-24 05:31:02 UTC,3.0,1.7937,Yes,0x68E1818FF20BBe84F9be9E0A4A395FB11079Bd35
2026-06-26 19:00:00 UTC,Norway vs France,FIFA World Cup ,Norway,1X2,0.0,2026-06-24 05:31:01 UTC,0.0,1.2075,Yes,0x68E1818FF20BBe84F9be9E0A4A395FB11079Bd35
2026-06-25 23:00:00 UTC,Japan vs Sweden,FIFA World Cup ,Japan,1X2,390.0,2026-06-24 05:14:05 UTC,390.0,1.5125,Yes,0x68E1818FF20BBe84F9be9E0A4A395FB11079Bd35
2026-06-25 20:00:00 UTC,Curaçao vs Ivory Coast,FIFA World Cup ,Not Curaçao,1X2,595.0,2026-06-24 05:06:14 UTC,595.0,1.9475,Yes,0xe2C68b7ef85645e47F9b94382c3Db59b046945a2
2026-06-25 20:00:00 UTC,Ecuador vs Germany,FIFA World Cup ,Not tie,1X2,369.0,2026-06-24 05:02:11 UTC,369.0,1.7738,Yes,0x68E1818FF20BBe84F9be9E0A4A395FB11079Bd35
2026-06-27 23:30:00 UTC,Colombia vs Portugal,FIFA World Cup ,Not Colombia,1X2,126.0,2026-06-24 05:02:08 UTC,126.0,1.76,Yes,0x68E1818FF20BBe84F9be9E0A4A395FB11079Bd35
2026-06-28 02:00:00 UTC,Algeria vs Austria,FIFA World Cup ,Not tie,1X2,215.0,2026-06-24 05:01:32 UTC,215.0,1.5737,Yes,0x8268feC8dCb0D284343054BDf2b649286c9aA0a1
2026-06-27 03:00:00 UTC,New Zealand vs Belgium,FIFA World Cup ,Not New Zealand,1X2,536.0,2026-06-24 05:00:26 UTC,536.0,1.9387,Yes,0x68E1818FF20BBe84F9be9E0A4A395FB11079Bd35
2026-06-25 20:00:00 UTC,Ecuador vs Germany,FIFA World Cup ,Not tie,1X2,376.0,2026-06-24 04:52:45 UTC,376.0,1.7738,Yes,0x68E1818FF20BBe84F9be9E0A4A395FB11079Bd35
2026-06-25 20:00:00 UTC,Ecuador vs Germany,FIFA World Cup ,Not tie,1X2,340.0,2026-06-24 04:50:08 UTC,340.0,1.775,Yes,0x68E1818FF20BBe84F9be9E0A4A395FB11079Bd35
2026-06-25 20:00:00 UTC,Ecuador vs Germany,FIFA World Cup ,Not tie,1X2,364.0,2026-06-24 04:47:28 UTC,364.0,1.775,Yes,0x68E1818FF20BBe84F9be9E0A4A395FB11079Bd35
2026-06-27 23:30:00 UTC,Colombia vs Portugal,FIFA World Cup ,Tie,1X2,0.0,2026-06-24 04:47:03 UTC,0.0,1.2463,Yes,0x68E1818FF20BBe84F9be9E0A4A395FB11079Bd35
2026-06-27 23:30:00 UTC,Colombia vs Portugal,FIFA World Cup ,Tie,1X2,4.0,2026-06-24 04:46:17 UTC,4.0,1.2463,Yes,0x68E1818FF20BBe84F9be9E0A4A395FB11079Bd35
2026-06-27 23:30:00 UTC,Colombia vs Portugal,FIFA World Cup ,Tie,1X2,4.0,2026-06-24 04:46:14 UTC,4.0,1.2463,Yes,0x68E1818FF20BBe84F9be9E0A4A395FB11079Bd35
2026-06-27 23:30:00 UTC,Colombia vs Portugal,FIFA World Cup ,Tie,1X2,4.0,2026-06-24 04:46:12 UTC,4.0,1.2463,Yes,0x68E1818FF20BBe84F9be9E0A4A395FB11079Bd35
2026-06-27 23:30:00 UTC,Colombia vs Portugal,FIFA World Cup ,Tie,1X2,4.0,2026-06-24 04:46:11 UTC,4.0,1.2463,Yes,0x68E1818FF20BBe84F9be9E0A4A395FB11079Bd35
2026-06-27 23:30:00 UTC,Colombia vs Portugal,FIFA World Cup ,Tie,1X2,4.0,2026-06-24 04:46:09 UTC,4.0,1.2463,Yes,0x68E1818FF20BBe84F9be9E0A4A395FB11079Bd35
2026-06-27 23:30:00 UTC,Colombia vs Portugal,FIFA World Cup ,Tie,1X2,6.0,2026-06-24 04:46:07 UTC,6.0,1.2463,Yes,0x68E1818FF20BBe84F9be9E0A4A395FB11079Bd35
2026-06-27 23:30:00 UTC,Colombia vs Portugal,FIFA World Cup ,Tie,1X2,7.0,2026-06-24 04:46:06 UTC,7.0,1.2463,Yes,0x68E1818FF20BBe84F9be9E0A4A395FB11079Bd35
2026-06-27 23:30:00 UTC,Colombia vs Portugal,FIFA World Cup ,Tie,1X2,8.0,2026-06-24 04:46:05 UTC,8.0,1.2463,Yes,0x68E1818FF20BBe84F9be9E0A4A395FB11079Bd35
2026-06-27 23:30:00 UTC,Colombia vs Portugal,FIFA World Cup ,Tie,1X2,10.0,2026-06-24 04:46:03 UTC,10.0,1.2463,Yes,0x68E1818FF20BBe84F9be9E0A4A395FB11079Bd35
2026-06-27 23:30:00 UTC,Colombia vs Portugal,FIFA World Cup ,Tie,1X2,12.0,2026-06-24 04:46:01 UTC,12.0,1.2463,Yes,0x68E1818FF20BBe84F9be9E0A4A395FB11079Bd35
2026-06-27 23:30:00 UTC,Colombia vs Portugal,FIFA World Cup ,Tie,1X2,11.0,2026-06-24 04:46:00 UTC,11.0,1.2463,Yes,0x68E1818FF20BBe84F9be9E0A4A395FB11079Bd35
2026-06-27 23:30:00 UTC,Colombia vs Portugal,FIFA World Cup ,Tie,1X2,5.0,2026-06-24 04:45:59 UTC,5.0,1.2463,Yes,0x68E1818FF20BBe84F9be9E0A4A395FB11079Bd35
2026-06-25 20:00:00 UTC,Ecuador vs Germany,FIFA World Cup ,Tie,1X2,109.0,2026-06-24 04:44:14 UTC,109.0,1.2263,Yes,0xe2C68b7ef85645e47F9b94382c3Db59b046945a2
2026-06-27 23:30:00 UTC,Colombia vs Portugal,FIFA World Cup ,Not Portugal,1X2,0.0,2026-06-24 04:34:28 UTC,0.0,1.4812,Yes,0x68E1818FF20BBe84F9be9E0A4A395FB11079Bd35
2026-06-27 23:30:00 UTC,Colombia vs Portugal,FIFA World Cup ,Not Portugal,1X2,13.0,2026-06-24 04:34:04 UTC,13.0,1.4812,Yes,0x68E1818FF20BBe84F9be9E0A4A395FB11079Bd35
2026-06-25 20:00:00 UTC,Ecuador vs Germany,FIFA World Cup ,Not Germany,1X2,0.0,2026-06-24 04:30:35 UTC,0.0,1.4663,Yes,0x8268feC8dCb0D284343054BDf2b649286c9aA0a1
2026-06-25 20:00:00 UTC,Ecuador vs Germany,FIFA World Cup ,Not Germany,1X2,1.0,2026-06-24 04:30:27 UTC,1.0,1.4663,Yes,0x8268feC8dCb0D284343054BDf2b649286c9aA0a1
2026-06-25 23:00:00 UTC,Tunisia vs Netherlands,FIFA World Cup ,Not Netherlands,1X2,0.0,2026-06-24 04:29:54 UTC,0.0,1.1238,Yes,0x8268feC8dCb0D284343054BDf2b649286c9aA0a1
2026-06-27 21:00:00 UTC,Panama vs England,FIFA World Cup ,Not England,1X2,0.0,2026-06-24 04:28:51 UTC,0.0,1.1587,Yes,0xe2C68b7ef85645e47F9b94382c3Db59b046945a2
2026-06-25 23:00:00 UTC,Japan vs Sweden,FIFA World Cup ,Japan,1X2,102.0,2026-06-24 04:28:21 UTC,102.0,1.51,Yes,0x68E1818FF20BBe84F9be9E0A4A395FB11079Bd35
2026-06-27 00:00:00 UTC,Uruguay vs Spain,FIFA World Cup ,Not Spain,1X2,0.0,2026-06-24 04:28:14 UTC,0.0,1.3462,Yes,0x8268feC8dCb0D284343054BDf2b649286c9aA0a1
2026-06-28 02:00:00 UTC,Jordan vs Argentina,FIFA World Cup ,Not Argentina,1X2,0.0,2026-06-24 04:27:45 UTC,0.0,1.1675,Yes,0x8268feC8dCb0D284343054BDf2b649286c9aA0a1
2026-06-25 23:00:00 UTC,Japan vs Sweden,FIFA World Cup ,Japan,1X2,517.0,2026-06-24 04:17:15 UTC,517.0,1.5125,Yes,0x68E1818FF20BBe84F9be9E0A4A395FB11079Bd35
2026-06-25 20:00:00 UTC,Ecuador vs Germany,FIFA World Cup ,Ecuador +0.5,Asian Handicap (0.5),45.0,2026-06-24 04:15:51 UTC,45.0,1.4812,Yes,0x350d80b2f78f793C56858b39982c9B11B0fc2DD2
2026-06-25 20:00:00 UTC,Ecuador vs Germany,FIFA World Cup ,Ecuador +0.5,Asian Handicap (0.5),0.0,2026-06-24 04:15:15 UTC,0.0,1.4812,Yes,0x350d80b2f78f793C56858b39982c9B11B0fc2DD2
2026-06-25 20:00:00 UTC,Ecuador vs Germany,FIFA World Cup ,Ecuador +0.5,Asian Handicap (0.5),46.0,2026-06-24 04:14:29 UTC,46.0,1.4812,Yes,0x350d80b2f78f793C56858b39982c9B11B0fc2DD2
2026-06-25 20:00:00 UTC,Ecuador vs Germany,FIFA World Cup ,Germany,1X2,1.0,2026-06-24 04:14:07 UTC,1.0,1.52,Yes,0x68E1818FF20BBe84F9be9E0A4A395FB11079Bd35
2026-06-27 23:30:00 UTC,Congo DR vs Uzbekistan,FIFA World Cup ,Not Congo DR,1X2,9.0,2026-06-24 03:56:44 UTC,9.0,1.4763,Yes,0x42B4CF407654a8469d1Cf3606712C1f30599B2C5
2026-06-27 23:30:00 UTC,Congo DR vs Uzbekistan,FIFA World Cup ,Not Congo DR,1X2,0.0,2026-06-24 03:54:09 UTC,0.0,1.4763,Yes,0x42B4CF407654a8469d1Cf3606712C1f30599B2C5
2026-06-25 20:00:00 UTC,Ecuador vs Germany,FIFA World Cup ,Germany,1X2,290.0,2026-06-24 03:52:21 UTC,290.0,1.5175,Yes,0x68E1818FF20BBe84F9be9E0A4A395FB11079Bd35
2026-06-26 19:00:00 UTC,Norway vs France,FIFA World Cup ,Norway,1X2,0.0,2026-06-24 03:42:17 UTC,0.0,1.21,Yes,0x68E1818FF20BBe84F9be9E0A4A395FB11079Bd35
2026-06-25 20:00:00 UTC,Ecuador vs Germany,FIFA World Cup ,Not Ecuador,1X2,2.0,2026-06-24 03:39:51 UTC,2.0,1.7437,Yes,0x8268feC8dCb0D284343054BDf2b649286c9aA0a1
2026-06-26 02:00:00 UTC,Paraguay vs Australia,FIFA World Cup ,Not tie,1X2,1.0,2026-06-24 03:39:51 UTC,1.0,1.5625,Yes,0x8268feC8dCb0D284343054BDf2b649286c9aA0a1
2026-06-27 21:00:00 UTC,Croatia vs Ghana,FIFA World Cup ,Not Croatia,1X2,0.0,2026-06-24 03:39:50 UTC,0.0,1.4387,Yes,0x8268feC8dCb0D284343054BDf2b649286c9aA0a1
2026-06-27 21:00:00 UTC,Panama vs England,FIFA World Cup ,Tie,1X2,0.0,2026-06-24 03:39:50 UTC,0.0,1.1113,Yes,0x68E1818FF20BBe84F9be9E0A4A395FB11079Bd35
2026-06-26 19:00:00 UTC,Norway vs France,FIFA World Cup ,Not tie,1X2,3.0,2026-06-24 03:39:49 UTC,3.0,1.7913,Yes,0x68E1818FF20BBe84F9be9E0A4A395FB11079Bd35
2026-06-28 02:00:00 UTC,Jordan vs Argentina,FIFA World Cup ,Not Jordan,1X2,16.0,2026-06-24 03:39:46 UTC,16.0,1.9425,Yes,0xe2C68b7ef85645e47F9b94382c3Db59b046945a2
2026-06-25 20:00:00 UTC,Curaçao vs Ivory Coast,FIFA World Cup ,Not Ivory Coast,1X2,0.0,2026-06-24 03:39:46 UTC,0.0,1.1538,Yes,0x8268feC8dCb0D284343054BDf2b649286c9aA0a1
2026-06-25 23:00:00 UTC,Japan vs Sweden,FIFA World Cup ,Not tie,1X2,2.0,2026-06-24 03:39:45 UTC,2.0,1.7288,Yes,0x5B3498Cb20C3107B5B267fabd3601B6425BDeb42
2026-06-28 02:00:00 UTC,Algeria vs Austria,FIFA World Cup ,Not tie,1X2,1.0,2026-06-24 03:39:45 UTC,1.0,1.5737,Yes,0x8268feC8dCb0D284343054BDf2b649286c9aA0a1
2026-06-26 19:00:00 UTC,Senegal vs Iraq,FIFA World Cup ,Not Senegal,1X2,0.0,2026-06-24 03:39:45 UTC,0.0,1.2063,Yes,0x5B3498Cb20C3107B5B267fabd3601B6425BDeb42
2026-06-27 23:30:00 UTC,Congo DR vs Uzbekistan,FIFA World Cup ,Under 2.5,Under/Over (2.5),10.0,2026-06-24 03:37:51 UTC,10.0,1.52,Yes,0x42B4CF407654a8469d1Cf3606712C1f30599B2C5
2026-06-25 20:00:00 UTC,Ecuador vs Germany,FIFA World Cup ,Germany,1X2,671.0,2026-06-24 03:16:30 UTC,671.0,1.5175,Yes,0x68E1818FF20BBe84F9be9E0A4A395FB11079Bd35
2026-06-25 20:00:00 UTC,Ecuador vs Germany,FIFA World Cup ,Not Germany,1X2,51.0,2026-06-24 03:00:08 UTC,51.0,1.4712,Yes,0x8268feC8dCb0D284343054BDf2b649286c9aA0a1
2026-06-26 02:00:00 UTC,Turkey vs USA,FIFA World Cup ,Under 0.5,Under/Over (0.5),5.0,2026-06-24 02:46:43 UTC,5.0,1.0513,Yes,0xe2C68b7ef85645e47F9b94382c3Db59b046945a2
2026-06-28 02:00:00 UTC,Jordan vs Argentina,FIFA World Cup ,Tie,1X2,17.0,2026-06-24 02:08:27 UTC,17.0,1.125,Yes,0x68E1818FF20BBe84F9be9E0A4A395FB11079Bd35
2026-06-28 02:00:00 UTC,Jordan vs Argentina,FIFA World Cup ,Not Argentina,1X2,344.0,2026-06-24 02:08:27 UTC,344.0,1.1775,Yes,0x68E1818FF20BBe84F9be9E0A4A395FB11079Bd35
2026-06-26 19:00:00 UTC,Norway vs France,FIFA World Cup ,Norway,1X2,349.0,2026-06-24 02:06:18 UTC,349.0,1.2087,Yes,0x8268feC8dCb0D284343054BDf2b649286c9aA0a1
2026-06-26 19:00:00 UTC,Norway vs France,FIFA World Cup ,Norway,1X2,125.0,2026-06-24 02:04:49 UTC,125.0,1.2087,Yes,0x8268feC8dCb0D284343054BDf2b649286c9aA0a1
2026-06-26 19:00:00 UTC,Norway vs France,FIFA World Cup ,Norway,1X2,125.0,2026-06-24 02:03:07 UTC,125.0,1.2087,Yes,0x8268feC8dCb0D284343054BDf2b649286c9aA0a1
2026-06-26 19:00:00 UTC,Norway vs France,FIFA World Cup ,Norway,1X2,125.0,2026-06-24 02:02:27 UTC,125.0,1.2087,Yes,0x8268feC8dCb0D284343054BDf2b649286c9aA0a1
2026-06-28 02:00:00 UTC,Jordan vs Argentina,FIFA World Cup ,Tie,1X2,0.0,2026-06-24 02:01:19 UTC,0.0,1.125,Yes,0x68E1818FF20BBe84F9be9E0A4A395FB11079Bd35
2026-06-28 02:00:00 UTC,Jordan vs Argentina,FIFA World Cup ,Tie,1X2,26.0,2026-06-24 02:01:02 UTC,26.0,1.125,Yes,0x68E1818FF20BBe84F9be9E0A4A395FB11079Bd35
2026-06-28 02:00:00 UTC,Algeria vs Austria,FIFA World Cup ,Under 2.5,Under/Over (2.5),350.0,2026-06-24 02:00:50 UTC,350.0,1.6612,Yes,0x740d5718a79A8559fEeE8B00922F8Cd773A81D84
2026-06-26 19:00:00 UTC,Norway vs France,FIFA World Cup ,Not Norway,1X2,7.0,2026-06-24 01:47:06 UTC,7.0,1.7812,Yes,0x68E1818FF20BBe84F9be9E0A4A395FB11079Bd35
2026-06-26 19:00:00 UTC,Norway vs France,FIFA World Cup ,Not Norway,1X2,94.0,2026-06-24 01:47:06 UTC,94.0,1.7837,Yes,0x68E1818FF20BBe84F9be9E0A4A395FB11079Bd35
2026-06-26 19:00:00 UTC,Norway vs France,FIFA World Cup ,Not Norway,1X2,198.0,2026-06-24 01:47:04 UTC,198.0,1.7837,Yes,0x68E1818FF20BBe84F9be9E0A4A395FB11079Bd35
2026-06-26 19:00:00 UTC,Norway vs France,FIFA World Cup ,Not Norway,1X2,357.0,2026-06-24 01:43:29 UTC,357.0,1.7925,Yes,0x68E1818FF20BBe84F9be9E0A4A395FB11079Bd35
2026-06-26 19:00:00 UTC,Norway vs France,FIFA World Cup ,Not Norway,1X2,11.0,2026-06-24 01:43:29 UTC,11.0,1.7925,Yes,0x68E1818FF20BBe84F9be9E0A4A395FB11079Bd35
2026-06-26 19:00:00 UTC,Norway vs France,FIFA World Cup ,Not Norway,1X2,23.0,2026-06-24 01:43:28 UTC,23.0,1.7925,Yes,0x68E1818FF20BBe84F9be9E0A4A395FB11079Bd35
2026-06-26 19:00:00 UTC,Norway vs France,FIFA World Cup ,Not Norway,1X2,346.0,2026-06-24 01:39:59 UTC,346.0,1.7975,Yes,0x68E1818FF20BBe84F9be9E0A4A395FB11079Bd35
2026-06-26 19:00:00 UTC,Norway vs France,FIFA World Cup ,Not Norway,1X2,349.0,2026-06-24 01:39:58 UTC,349.0,1.7988,Yes,0x68E1818FF20BBe84F9be9E0A4A395FB11079Bd35
2026-06-26 19:00:00 UTC,Norway vs France,FIFA World Cup ,Not Norway,1X2,334.0,2026-06-24 01:39:54 UTC,334.0,1.8013,Yes,0x68E1818FF20BBe84F9be9E0A4A395FB11079Bd35
2026-06-26 19:00:00 UTC,Norway vs France,FIFA World Cup ,Not Norway,1X2,365.0,2026-06-24 01:39:54 UTC,365.0,1.8025,Yes,0x68E1818FF20BBe84F9be9E0A4A395FB11079Bd35
2026-06-27 21:00:00 UTC,Croatia vs Ghana,FIFA World Cup ,Not tie,1X2,2.0,2026-06-24 01:19:49 UTC,2.0,1.7163,Yes,0x68E1818FF20BBe84F9be9E0A4A395FB11079Bd35
2026-06-27 21:00:00 UTC,Croatia vs Ghana,FIFA World Cup ,Not tie,1X2,2.0,2026-06-24 01:19:48 UTC,2.0,1.7163,Yes,0x68E1818FF20BBe84F9be9E0A4A395FB11079Bd35
2026-06-27 21:00:00 UTC,Croatia vs Ghana,FIFA World Cup ,Not tie,1X2,34.0,2026-06-24 01:19:33 UTC,34.0,1.7163,Yes,0x68E1818FF20BBe84F9be9E0A4A395FB11079Bd35
2026-06-27 21:00:00 UTC,Croatia vs Ghana,FIFA World Cup ,Not tie,1X2,41.0,2026-06-24 01:19:23 UTC,41.0,1.7163,Yes,0x68E1818FF20BBe84F9be9E0A4A395FB11079Bd35
2026-06-27 21:00:00 UTC,Panama vs England,FIFA World Cup ,Panama +2.5,Asian Handicap (2.5),14.0,2026-06-24 01:19:10 UTC,14.0,1.5913,Yes,0x42B4CF407654a8469d1Cf3606712C1f30599B2C5
2026-06-27 21:00:00 UTC,Croatia vs Ghana,FIFA World Cup ,Ghana,1X2,0.0,2026-06-24 01:18:13 UTC,0.0,1.16,Yes,0x68E1818FF20BBe84F9be9E0A4A395FB11079Bd35
2026-06-27 21:00:00 UTC,Croatia vs Ghana,FIFA World Cup ,Ghana,1X2,0.0,2026-06-24 01:17:26 UTC,0.0,1.1663,Yes,0x68E1818FF20BBe84F9be9E0A4A395FB11079Bd35
2026-06-27 21:00:00 UTC,Croatia vs Ghana,FIFA World Cup ,Ghana,1X2,0.0,2026-06-24 01:17:23 UTC,0.0,1.1675,Yes,0x68E1818FF20BBe84F9be9E0A4A395FB11079Bd35
2026-06-27 21:00:00 UTC,Croatia vs Ghana,FIFA World Cup ,Ghana,1X2,65.0,2026-06-24 01:17:22 UTC,65.0,1.1687,Yes,0x68E1818FF20BBe84F9be9E0A4A395FB11079Bd35
2026-06-27 21:00:00 UTC,Croatia vs Ghana,FIFA World Cup ,Ghana,1X2,0.0,2026-06-24 01:17:22 UTC,0.0,1.1687,Yes,0x68E1818FF20BBe84F9be9E0A4A395FB11079Bd35
2026-06-27 21:00:00 UTC,Croatia vs Ghana,FIFA World Cup ,Ghana,1X2,0.0,2026-06-24 01:15:54 UTC,0.0,1.1612,Yes,0x68E1818FF20BBe84F9be9E0A4A395FB11079Bd35
2026-06-27 21:00:00 UTC,Croatia vs Ghana,FIFA World Cup ,Ghana,1X2,10.0,2026-06-24 01:15:16 UTC,10.0,1.1612,Yes,0x68E1818FF20BBe84F9be9E0A4A395FB11079Bd35
2026-06-27 21:00:00 UTC,Croatia vs Ghana,FIFA World Cup ,Ghana,1X2,0.0,2026-06-24 01:15:08 UTC,0.0,1.1612,Yes,0x68E1818FF20BBe84F9be9E0A4A395FB11079Bd35
2026-06-27 21:00:00 UTC,Croatia vs Ghana,FIFA World Cup ,Ghana,1X2,0.0,2026-06-24 01:15:06 UTC,0.0,1.1612,Yes,0x68E1818FF20BBe84F9be9E0A4A395FB11079Bd35
2026-06-27 21:00:00 UTC,Croatia vs Ghana,FIFA World Cup ,Ghana,1X2,3.0,2026-06-24 01:14:50 UTC,3.0,1.1612,Yes,0x68E1818FF20BBe84F9be9E0A4A395FB11079Bd35
2026-06-27 21:00:00 UTC,Croatia vs Ghana,FIFA World Cup ,Ghana,1X2,17.0,2026-06-24 01:14:49 UTC,17.0,1.1612,Yes,0x68E1818FF20BBe84F9be9E0A4A395FB11079Bd35
2026-06-25 23:00:00 UTC,Tunisia vs Netherlands,FIFA World Cup ,Under 6.5,Under/Over (6.5),311.0,2026-06-24 01:12:44 UTC,311.0,1.9438,Yes,0xe2C68b7ef85645e47F9b94382c3Db59b046945a2
2026-06-27 21:00:00 UTC,Croatia vs Ghana,FIFA World Cup ,Ghana,1X2,0.0,2026-06-24 01:11:30 UTC,0.0,1.1575,Yes,0x68E1818FF20BBe84F9be9E0A4A395FB11079Bd35
2026-06-27 21:00:00 UTC,Croatia vs Ghana,FIFA World Cup ,Ghana,1X2,2.0,2026-06-24 01:10:58 UTC,2.0,1.1575,Yes,0x68E1818FF20BBe84F9be9E0A4A395FB11079Bd35
2026-06-27 21:00:00 UTC,Croatia vs Ghana,FIFA World Cup ,Not tie,1X2,45.0,2026-06-24 01:07:14 UTC,45.0,1.715,Yes,0x68E1818FF20BBe84F9be9E0A4A395FB11079Bd35
2026-06-27 21:00:00 UTC,Croatia vs Ghana,FIFA World Cup ,Not tie,1X2,42.0,2026-06-24 01:07:11 UTC,42.0,1.715,Yes,0x68E1818FF20BBe84F9be9E0A4A395FB11079Bd35
2026-06-27 21:00:00 UTC,Croatia vs Ghana,FIFA World Cup ,Not tie,1X2,47.0,2026-06-24 01:07:08 UTC,47.0,1.715,Yes,0x68E1818FF20BBe84F9be9E0A4A395FB11079Bd35
2026-06-27 21:00:00 UTC,Croatia vs Ghana,FIFA World Cup ,Croatia,1X2,1.0,2026-06-24 01:04:23 UTC,1.0,1.55,Yes,0x42B4CF407654a8469d1Cf3606712C1f30599B2C5
2026-06-27 21:00:00 UTC,Croatia vs Ghana,FIFA World Cup ,Croatia,1X2,27.0,2026-06-24 01:03:56 UTC,27.0,1.55,Yes,0x740d5718a79A8559fEeE8B00922F8Cd773A81D84
2026-06-27 21:00:00 UTC,Croatia vs Ghana,FIFA World Cup ,Under 4.0,Under/Over (4),262.0,2026-06-24 00:54:55 UTC,262.0,1.885,Yes,0xe2C68b7ef85645e47F9b94382c3Db59b046945a2
2026-06-27 21:00:00 UTC,Croatia vs Ghana,FIFA World Cup ,Under 3.5,Under/Over (3.5),51.0,2026-06-24 00:54:53 UTC,51.0,1.7688,Yes,0xe2C68b7ef85645e47F9b94382c3Db59b046945a2
2026-06-27 21:00:00 UTC,Croatia vs Ghana,FIFA World Cup ,Under 3.0,Under/Over (3),57.0,2026-06-24 00:54:52 UTC,57.0,1.71,Yes,0xe2C68b7ef85645e47F9b94382c3Db59b046945a2
2026-06-27 03:00:00 UTC,Egypt vs Iran,FIFA World Cup ,Not tie,1X2,273.0,2026-06-24 00:40:07 UTC,273.0,1.635,Yes,0x68E1818FF20BBe84F9be9E0A4A395FB11079Bd35
2026-06-27 23:30:00 UTC,Congo DR vs Uzbekistan,FIFA World Cup ,Not Congo DR,1X2,357.0,2026-06-24 00:38:12 UTC,357.0,1.4763,Yes,0x68E1818FF20BBe84F9be9E0A4A395FB11079Bd35
2026-06-27 23:30:00 UTC,Congo DR vs Uzbekistan,FIFA World Cup ,Not Uzbekistan,1X2,75.0,2026-06-24 00:36:45 UTC,75.0,1.7575,Yes,0x68E1818FF20BBe84F9be9E0A4A395FB11079Bd35
2026-06-25 20:00:00 UTC,Ecuador vs Germany,FIFA World Cup ,Germany,1X2,513.0,2026-06-24 00:06:18 UTC,513.0,1.5175,Yes,0x68E1818FF20BBe84F9be9E0A4A395FB11079Bd35
2026-06-25 20:00:00 UTC,Ecuador vs Germany,FIFA World Cup ,Germany,1X2,154.0,2026-06-23 23:56:51 UTC,154.0,1.5175,Yes,0x68E1818FF20BBe84F9be9E0A4A395FB11079Bd35
2026-06-27 23:30:00 UTC,Colombia vs Portugal,FIFA World Cup ,Tie,1X2,0.0,2026-06-23 23:36:00 UTC,0.0,1.2488,Yes,0x68E1818FF20BBe84F9be9E0A4A395FB11079Bd35
2026-06-27 23:30:00 UTC,Colombia vs Portugal,FIFA World Cup ,Tie,1X2,4.0,2026-06-23 23:35:28 UTC,4.0,1.2488,Yes,0x68E1818FF20BBe84F9be9E0A4A395FB11079Bd35
2026-06-27 23:30:00 UTC,Colombia vs Portugal,FIFA World Cup ,Not Colombia,1X2,3.0,2026-06-23 23:31:15 UTC,3.0,1.7525,Yes,0x68E1818FF20BBe84F9be9E0A4A395FB11079Bd35
2026-06-27 23:30:00 UTC,Colombia vs Portugal,FIFA World Cup ,Tie,1X2,0.0,2026-06-23 23:31:13 UTC,0.0,1.2488,Yes,0x68E1818FF20BBe84F9be9E0A4A395FB11079Bd35
2026-06-27 23:30:00 UTC,Colombia vs Portugal,FIFA World Cup ,Tie,1X2,0.0,2026-06-23 23:31:12 UTC,0.0,1.2488,Yes,0x68E1818FF20BBe84F9be9E0A4A395FB11079Bd35
2026-06-27 23:30:00 UTC,Colombia vs Portugal,FIFA World Cup ,Not Colombia,1X2,3.0,2026-06-23 23:31:10 UTC,3.0,1.7525,Yes,0x68E1818FF20BBe84F9be9E0A4A395FB11079Bd35
2026-06-27 23:30:00 UTC,Colombia vs Portugal,FIFA World Cup ,Not Colombia,1X2,50.0,2026-06-23 23:30:45 UTC,50.0,1.7525,Yes,0x68E1818FF20BBe84F9be9E0A4A395FB11079Bd35
2026-06-27 23:30:00 UTC,Colombia vs Portugal,FIFA World Cup ,Tie,1X2,82.0,2026-06-23 23:30:44 UTC,82.0,1.2488,Yes,0x68E1818FF20BBe84F9be9E0A4A395FB11079Bd35
2026-06-27 23:30:00 UTC,Colombia vs Portugal,FIFA World Cup ,Not Colombia,1X2,116.0,2026-06-23 23:30:43 UTC,116.0,1.7525,Yes,0x68E1818FF20BBe84F9be9E0A4A395FB11079Bd35
2026-06-27 23:30:00 UTC,Colombia vs Portugal,FIFA World Cup ,Tie,1X2,90.0,2026-06-23 23:30:43 UTC,90.0,1.25,Yes,0x68E1818FF20BBe84F9be9E0A4A395FB11079Bd35
2026-06-28 02:00:00 UTC,Jordan vs Argentina,FIFA World Cup ,Jordan +1,Asian Handicap (1),29.0,2026-06-23 23:08:33 UTC,29.0,1.2225,Yes,0xe2C68b7ef85645e47F9b94382c3Db59b046945a2
2026-06-27 03:00:00 UTC,New Zealand vs Belgium,FIFA World Cup ,Not New Zealand,1X2,548.0,2026-06-23 23:08:32 UTC,548.0,1.94,Yes,0x68E1818FF20BBe84F9be9E0A4A395FB11079Bd35
2026-06-25 20:00:00 UTC,Ecuador vs Germany,FIFA World Cup ,Germany,1X2,132.0,2026-06-23 23:08:10 UTC,132.0,1.515,Yes,0x68E1818FF20BBe84F9be9E0A4A395FB11079Bd35
2026-06-26 02:00:00 UTC,Paraguay vs Australia,FIFA World Cup ,Paraguay -1.5,Asian Handicap (-1.5),56.0,2026-06-23 22:57:11 UTC,56.0,1.1138,Yes,0x8268feC8dCb0D284343054BDf2b649286c9aA0a1
2026-06-27 21:00:00 UTC,Panama vs England,FIFA World Cup ,Under 2.5,Under/Over (2.5),9.0,2026-06-23 22:21:39 UTC,9.0,1.3362,Yes,0x42B4CF407654a8469d1Cf3606712C1f30599B2C5
2026-06-25 20:00:00 UTC,Ecuador vs Germany,FIFA World Cup ,Germany,1X2,319.0,2026-06-23 22:13:01 UTC,319.0,1.5175,Yes,0x68E1818FF20BBe84F9be9E0A4A395FB11079Bd35
2026-06-27 21:00:00 UTC,Croatia vs Ghana,FIFA World Cup ,Not Ghana,1X2,153.0,2026-06-23 22:10:02 UTC,153.0,1.8287,Yes,0x5B3498Cb20C3107B5B267fabd3601B6425BDeb42
2026-06-27 21:00:00 UTC,Croatia vs Ghana,FIFA World Cup ,Not Ghana,1X2,82.0,2026-06-23 22:10:01 UTC,82.0,1.8287,Yes,0x5B3498Cb20C3107B5B267fabd3601B6425BDeb42
2026-06-27 21:00:00 UTC,Croatia vs Ghana,FIFA World Cup ,Not Ghana,1X2,106.0,2026-06-23 22:08:19 UTC,106.0,1.8287,Yes,0x5B3498Cb20C3107B5B267fabd3601B6425BDeb42
2026-06-27 21:00:00 UTC,Croatia vs Ghana,FIFA World Cup ,Not Ghana,1X2,92.0,2026-06-23 22:08:02 UTC,92.0,1.8287,Yes,0x5B3498Cb20C3107B5B267fabd3601B6425BDeb42
2026-06-25 20:00:00 UTC,Ecuador vs Germany,FIFA World Cup ,Germany,1X2,1.0,2026-06-23 22:07:01 UTC,1.0,1.5175,Yes,0x68E1818FF20BBe84F9be9E0A4A395FB11079Bd35
2026-06-25 20:00:00 UTC,Ecuador vs Germany,FIFA World Cup ,Germany,1X2,231.0,2026-06-23 22:06:35 UTC,231.0,1.5175,Yes,0x68E1818FF20BBe84F9be9E0A4A395FB11079Bd35
2026-06-27 21:00:00 UTC,Croatia vs Ghana,FIFA World Cup ,Not Ghana,1X2,125.0,2026-06-23 22:06:10 UTC,125.0,1.8287,Yes,0x5B3498Cb20C3107B5B267fabd3601B6425BDeb42
2026-06-27 21:00:00 UTC,Croatia vs Ghana,FIFA World Cup ,Not Ghana,1X2,106.0,2026-06-23 22:06:09 UTC,106.0,1.8287,Yes,0x5B3498Cb20C3107B5B267fabd3601B6425BDeb42
2026-06-27 21:00:00 UTC,Croatia vs Ghana,FIFA World Cup ,Not Ghana,1X2,4.0,2026-06-23 22:06:09 UTC,4.0,1.8287,Yes,0x5B3498Cb20C3107B5B267fabd3601B6425BDeb42
2026-06-27 21:00:00 UTC,Croatia vs Ghana,FIFA World Cup ,Not Ghana,1X2,94.0,2026-06-23 22:06:07 UTC,94.0,1.8287,Yes,0x5B3498Cb20C3107B5B267fabd3601B6425BDeb42
2026-06-27 21:00:00 UTC,Croatia vs Ghana,FIFA World Cup ,Not Ghana,1X2,4.0,2026-06-23 22:06:07 UTC,4.0,1.8287,Yes,0x5B3498Cb20C3107B5B267fabd3601B6425BDeb42
2026-06-27 21:00:00 UTC,Croatia vs Ghana,FIFA World Cup ,Not Ghana,1X2,200.0,2026-06-23 22:05:49 UTC,200.0,1.8287,Yes,0x5B3498Cb20C3107B5B267fabd3601B6425BDeb42
2026-06-27 21:00:00 UTC,Croatia vs Ghana,FIFA World Cup ,Not Ghana,1X2,112.0,2026-06-23 22:05:32 UTC,112.0,1.8287,Yes,0x5B3498Cb20C3107B5B267fabd3601B6425BDeb42
2026-06-27 21:00:00 UTC,Croatia vs Ghana,FIFA World Cup ,Not Ghana,1X2,66.0,2026-06-23 22:05:14 UTC,66.0,1.8287,Yes,0x5B3498Cb20C3107B5B267fabd3601B6425BDeb42
2026-06-27 21:00:00 UTC,Croatia vs Ghana,FIFA World Cup ,Not Ghana,1X2,4.0,2026-06-23 22:04:33 UTC,4.0,1.8287,Yes,0x5B3498Cb20C3107B5B267fabd3601B6425BDeb42
2026-06-27 21:00:00 UTC,Croatia vs Ghana,FIFA World Cup ,Not Ghana,1X2,4.0,2026-06-23 22:04:32 UTC,4.0,1.8287,Yes,0x5B3498Cb20C3107B5B267fabd3601B6425BDeb42
2026-06-27 21:00:00 UTC,Croatia vs Ghana,FIFA World Cup ,Not Ghana,1X2,268.0,2026-06-23 22:03:50 UTC,268.0,1.8287,Yes,0x5B3498Cb20C3107B5B267fabd3601B6425BDeb42
2026-06-27 21:00:00 UTC,Croatia vs Ghana,FIFA World Cup ,Not Ghana,1X2,72.0,2026-06-23 22:03:49 UTC,72.0,1.8287,Yes,0x5B3498Cb20C3107B5B267fabd3601B6425BDeb42
2026-06-27 00:00:00 UTC,Cape Verde vs Saudi Arabia,FIFA World Cup ,Over 2.5,Under/Over (2.5),1658.0,2026-06-23 22:02:51 UTC,1658.0,1.4712,Yes,0x8268feC8dCb0D284343054BDf2b649286c9aA0a1
2026-06-27 21:00:00 UTC,Panama vs England,FIFA World Cup ,Under 2.5,Under/Over (2.5),9.0,2026-06-23 22:02:30 UTC,9.0,1.355,Yes,0x42B4CF407654a8469d1Cf3606712C1f30599B2C5
2026-06-27 21:00:00 UTC,Croatia vs Ghana,FIFA World Cup ,Not Ghana,1X2,4.0,2026-06-23 22:02:01 UTC,4.0,1.8287,Yes,0x5B3498Cb20C3107B5B267fabd3601B6425BDeb42
2026-06-27 21:00:00 UTC,Croatia vs Ghana,FIFA World Cup ,Not Ghana,1X2,110.0,2026-06-23 22:01:38 UTC,110.0,1.8287,Yes,0x5B3498Cb20C3107B5B267fabd3601B6425BDeb42
2026-06-27 21:00:00 UTC,Croatia vs Ghana,FIFA World Cup ,Under 1.0,Under/Over (1),0.0,2026-06-23 21:48:02 UTC,0.0,1.1162,Yes,0xe2C68b7ef85645e47F9b94382c3Db59b046945a2
2026-06-27 21:00:00 UTC,Croatia vs Ghana,FIFA World Cup ,Under 1.0,Under/Over (1),15.0,2026-06-23 21:47:07 UTC,15.0,1.1213,Yes,0xe2C68b7ef85645e47F9b94382c3Db59b046945a2
2026-06-26 02:00:00 UTC,Turkey vs USA,FIFA World Cup ,USA,1X2,479.0,2026-06-23 21:42:22 UTC,479.0,1.505,Yes,0x68E1818FF20BBe84F9be9E0A4A395FB11079Bd35
2026-06-27 03:00:00 UTC,New Zealand vs Belgium,FIFA World Cup ,Under 2.5,Under/Over (2.5),9.0,2026-06-23 21:30:20 UTC,9.0,1.3613,Yes,0x42B4CF407654a8469d1Cf3606712C1f30599B2C5
2026-06-28 02:00:00 UTC,Algeria vs Austria,FIFA World Cup ,Over 2.5,Under/Over (2.5),9.0,2026-06-23 21:08:18 UTC,9.0,1.3413,Yes,0x42B4CF407654a8469d1Cf3606712C1f30599B2C5
2026-06-27 23:30:00 UTC,Congo DR vs Uzbekistan,FIFA World Cup ,Under 2.5,Under/Over (2.5),19.0,2026-06-23 20:50:16 UTC,19.0,1.5188,Yes,0x8268feC8dCb0D284343054BDf2b649286c9aA0a1
2026-06-26 02:00:00 UTC,Turkey vs USA,FIFA World Cup ,Not tie,1X2,289.0,2026-06-23 20:36:02 UTC,289.0,1.7688,Yes,0x68E1818FF20BBe84F9be9E0A4A395FB11079Bd35
2026-06-26 19:00:00 UTC,Norway vs France,FIFA World Cup ,Not tie,1X2,441.0,2026-06-23 20:35:46 UTC,441.0,1.7788,Yes,0x8268feC8dCb0D284343054BDf2b649286c9aA0a1
2026-06-25 20:00:00 UTC,Curaçao vs Ivory Coast,FIFA World Cup ,Curaçao,1X2,26.0,2026-06-23 20:34:27 UTC,26.0,1.0462,Yes,0x740d5718a79A8559fEeE8B00922F8Cd773A81D84
2026-06-27 23:30:00 UTC,Congo DR vs Uzbekistan,FIFA World Cup ,Under 4.0,Under/Over (4),120.0,2026-06-23 20:33:10 UTC,120.0,1.8762,Yes,0x8268feC8dCb0D284343054BDf2b649286c9aA0a1
2026-06-28 02:00:00 UTC,Algeria vs Austria,FIFA World Cup ,Not tie,1X2,14.0,2026-06-23 20:33:07 UTC,14.0,1.58,Yes,0x42B4CF407654a8469d1Cf3606712C1f30599B2C5
2026-06-27 03:00:00 UTC,New Zealand vs Belgium,FIFA World Cup ,Not New Zealand,1X2,276.0,2026-06-23 20:14:47 UTC,276.0,1.94,Yes,0x68E1818FF20BBe84F9be9E0A4A395FB11079Bd35
2026-06-27 21:00:00 UTC,Croatia vs Ghana,FIFA World Cup ,Ghana +1,Asian Handicap (-1),1.0,2026-06-23 20:12:18 UTC,1.0,1.5762,Yes,0xe2C68b7ef85645e47F9b94382c3Db59b046945a2
2026-06-27 21:00:00 UTC,Croatia vs Ghana,FIFA World Cup ,Ghana +1,Asian Handicap (-1),20.0,2026-06-23 20:12:13 UTC,20.0,1.5762,Yes,0xe2C68b7ef85645e47F9b94382c3Db59b046945a2
2026-06-25 20:00:00 UTC,Curaçao vs Ivory Coast,FIFA World Cup ,Curaçao,1X2,8.0,2026-06-23 20:05:18 UTC,8.0,1.0475,Yes,0x68E1818FF20BBe84F9be9E0A4A395FB11079Bd35
2026-06-26 02:00:00 UTC,Turkey vs USA,FIFA World Cup ,USA,1X2,98.0,2026-06-23 19:56:54 UTC,98.0,1.5075,Yes,0x68E1818FF20BBe84F9be9E0A4A395FB11079Bd35
2026-06-26 02:00:00 UTC,Turkey vs USA,FIFA World Cup ,USA,1X2,107.0,2026-06-23 19:56:53 UTC,107.0,1.5075,Yes,0x68E1818FF20BBe84F9be9E0A4A395FB11079Bd35
2026-06-26 02:00:00 UTC,Turkey vs USA,FIFA World Cup ,USA,1X2,98.0,2026-06-23 19:56:51 UTC,98.0,1.5075,Yes,0x68E1818FF20BBe84F9be9E0A4A395FB11079Bd35
2026-06-26 02:00:00 UTC,Turkey vs USA,FIFA World Cup ,USA,1X2,171.0,2026-06-23 19:56:49 UTC,171.0,1.5075,Yes,0x68E1818FF20BBe84F9be9E0A4A395FB11079Bd35
2026-06-26 02:00:00 UTC,Turkey vs USA,FIFA World Cup ,Not Turkey,1X2,358.0,2026-06-23 19:54:40 UTC,358.0,1.7325,Yes,0x68E1818FF20BBe84F9be9E0A4A395FB11079Bd35
2026-06-25 20:00:00 UTC,Curaçao vs Ivory Coast,FIFA World Cup ,Curaçao,1X2,24.0,2026-06-23 19:51:36 UTC,24.0,1.0475,Yes,0x68E1818FF20BBe84F9be9E0A4A395FB11079Bd35
2026-06-25 20:00:00 UTC,Ecuador vs Germany,FIFA World Cup ,Germany,1X2,1.0,2026-06-23 19:45:46 UTC,1.0,1.515,Yes,0x68E1818FF20BBe84F9be9E0A4A395FB11079Bd35
2026-06-28 02:00:00 UTC,Jordan vs Argentina,FIFA World Cup ,Under 5.5,Under/Over (5.5),9.0,2026-06-23 19:35:02 UTC,9.0,1.9025,Yes,0xe2C68b7ef85645e47F9b94382c3Db59b046945a2
2026-06-27 03:00:00 UTC,New Zealand vs Belgium,FIFA World Cup ,Under 2.0,Under/Over (2),212.0,2026-06-23 19:29:04 UTC,212.0,1.2025,Yes,0xe2C68b7ef85645e47F9b94382c3Db59b046945a2
2026-06-27 23:30:00 UTC,Congo DR vs Uzbekistan,FIFA World Cup ,Not Congo DR,1X2,9.0,2026-06-23 19:21:34 UTC,9.0,1.4812,Yes,0x42B4CF407654a8469d1Cf3606712C1f30599B2C5
2026-06-27 23:30:00 UTC,Congo DR vs Uzbekistan,FIFA World Cup ,Not Congo DR,1X2,62.0,2026-06-23 19:17:27 UTC,62.0,1.4812,Yes,0x8268feC8dCb0D284343054BDf2b649286c9aA0a1
2026-06-27 03:00:00 UTC,New Zealand vs Belgium,FIFA World Cup ,Not New Zealand,1X2,287.0,2026-06-23 19:07:50 UTC,287.0,1.94,Yes,0x68E1818FF20BBe84F9be9E0A4A395FB11079Bd35
2026-06-25 23:00:00 UTC,Tunisia vs Netherlands,FIFA World Cup ,Under 6.5,Under/Over (6.5),109.0,2026-06-23 19:02:38 UTC,109.0,1.9425,Yes,0xe2C68b7ef85645e47F9b94382c3Db59b046945a2
2026-06-27 23:30:00 UTC,Colombia vs Portugal,FIFA World Cup ,Over 3.0,Under/Over (3),0.0,2026-06-23 18:26:30 UTC,0.0,1.3062,Yes,0xe2C68b7ef85645e47F9b94382c3Db59b046945a2
2026-06-27 23:30:00 UTC,Colombia vs Portugal,FIFA World Cup ,Over 3.0,Under/Over (3),10.0,2026-06-23 18:25:58 UTC,10.0,1.3062,Yes,0xe2C68b7ef85645e47F9b94382c3Db59b046945a2
2026-06-27 23:30:00 UTC,Colombia vs Portugal,FIFA World Cup ,Colombia,1X2,48.0,2026-06-23 18:24:49 UTC,48.0,1.2525,Yes,0x8268feC8dCb0D284343054BDf2b649286c9aA0a1
2026-06-25 20:00:00 UTC,Ecuador vs Germany,FIFA World Cup ,Germany,1X2,88.0,2026-06-23 18:19:17 UTC,88.0,1.5125,Yes,0x68E1818FF20BBe84F9be9E0A4A395FB11079Bd35
2026-06-26 02:00:00 UTC,Turkey vs USA,FIFA World Cup ,USA,1X2,102.0,2026-06-23 18:13:54 UTC,102.0,1.505,Yes,0x68E1818FF20BBe84F9be9E0A4A395FB11079Bd35
2026-06-26 19:00:00 UTC,Norway vs France,FIFA World Cup ,Over 2.5,Under/Over (2.5),81.0,2026-06-23 18:01:13 UTC,81.0,1.565,Yes,0x8268feC8dCb0D284343054BDf2b649286c9aA0a1
2026-06-27 00:00:00 UTC,Uruguay vs Spain,FIFA World Cup ,Under 4.5,Under/Over (4.5),5.0,2026-06-23 17:55:27 UTC,5.0,1.85,Yes,0xe2C68b7ef85645e47F9b94382c3Db59b046945a2
2026-06-27 00:00:00 UTC,Cape Verde vs Saudi Arabia,FIFA World Cup ,Not Saudi Arabia,1X2,295.0,2026-06-23 17:49:05 UTC,295.0,1.67,Yes,0x5B3498Cb20C3107B5B267fabd3601B6425BDeb42
2026-06-26 02:00:00 UTC,Turkey vs USA,FIFA World Cup ,USA,1X2,383.0,2026-06-23 17:38:46 UTC,383.0,1.505,Yes,0x68E1818FF20BBe84F9be9E0A4A395FB11079Bd35
2026-06-26 02:00:00 UTC,Turkey vs USA,FIFA World Cup ,USA,1X2,506.0,2026-06-23 17:36:12 UTC,506.0,1.505,Yes,0x68E1818FF20BBe84F9be9E0A4A395FB11079Bd35
2026-06-26 02:00:00 UTC,Turkey vs USA,FIFA World Cup ,USA,1X2,514.0,2026-06-23 17:33:29 UTC,514.0,1.505,Yes,0x68E1818FF20BBe84F9be9E0A4A395FB11079Bd35
2026-06-26 19:00:00 UTC,Senegal vs Iraq,FIFA World Cup ,Senegal,1X2,3.0,2026-06-23 17:22:52 UTC,3.0,1.7825,Yes,0xe2C68b7ef85645e47F9b94382c3Db59b046945a2
2026-06-26 02:00:00 UTC,Turkey vs USA,FIFA World Cup ,Not USA,1X2,0.0,2026-06-23 17:21:35 UTC,0.0,1.4825,Yes,0x8268feC8dCb0D284343054BDf2b649286c9aA0a1
2026-06-25 20:00:00 UTC,Curaçao vs Ivory Coast,FIFA World Cup ,Over 6.5,Under/Over (6.5),39.0,2026-06-23 17:08:16 UTC,39.0,1.1225,Yes,0x85488156a1675CE39D29f15418b1bf15eA79a2a6
2026-06-25 20:00:00 UTC,Curaçao vs Ivory Coast,FIFA World Cup ,Over 6.5,Under/Over (6.5),39.0,2026-06-23 17:01:41 UTC,39.0,1.1225,Yes,0x85488156a1675CE39D29f15418b1bf15eA79a2a6
2026-06-25 20:00:00 UTC,Curaçao vs Ivory Coast,FIFA World Cup ,Over 6.5,Under/Over (6.5),39.0,2026-06-23 16:59:06 UTC,39.0,1.1225,Yes,0x85488156a1675CE39D29f15418b1bf15eA79a2a6
2026-06-26 02:00:00 UTC,Turkey vs USA,FIFA World Cup ,USA -3.5,Asian Handicap (3.5),39.0,2026-06-23 16:56:51 UTC,39.0,1.0462,Yes,0x85488156a1675CE39D29f15418b1bf15eA79a2a6
2026-06-25 20:00:00 UTC,Curaçao vs Ivory Coast,FIFA World Cup ,Over 6.5,Under/Over (6.5),39.0,2026-06-23 16:54:42 UTC,39.0,1.1225,Yes,0x85488156a1675CE39D29f15418b1bf15eA79a2a6
2026-06-26 02:00:00 UTC,Paraguay vs Australia,FIFA World Cup ,Australia +1.5,Asian Handicap (-1.5),39.0,2026-06-23 16:53:55 UTC,39.0,1.8975,Yes,0x85488156a1675CE39D29f15418b1bf15eA79a2a6
2026-06-26 02:00:00 UTC,Paraguay vs Australia,FIFA World Cup ,Under 2.5,Under/Over (2.5),39.0,2026-06-23 16:52:12 UTC,39.0,1.8925,Yes,0x85488156a1675CE39D29f15418b1bf15eA79a2a6
2026-06-26 02:00:00 UTC,Paraguay vs Australia,FIFA World Cup ,Under 1.5,Under/Over (1.5),39.0,2026-06-23 16:51:22 UTC,39.0,1.7163,Yes,0x85488156a1675CE39D29f15418b1bf15eA79a2a6
2026-06-26 02:00:00 UTC,Paraguay vs Australia,FIFA World Cup ,Under 0.5,Under/Over (0.5),39.0,2026-06-23 16:51:21 UTC,39.0,1.3213,Yes,0x85488156a1675CE39D29f15418b1bf15eA79a2a6
2026-06-26 02:00:00 UTC,Turkey vs USA,FIFA World Cup ,USA -3.5,Asian Handicap (3.5),39.0,2026-06-23 16:51:09 UTC,39.0,1.0462,Yes,0x85488156a1675CE39D29f15418b1bf15eA79a2a6
2026-06-25 20:00:00 UTC,Curaçao vs Ivory Coast,FIFA World Cup ,Over 6.5,Under/Over (6.5),39.0,2026-06-23 16:49:41 UTC,39.0,1.1238,Yes,0x85488156a1675CE39D29f15418b1bf15eA79a2a6
2026-06-26 02:00:00 UTC,Paraguay vs Australia,FIFA World Cup ,Under 0.5,Under/Over (0.5),3.0,2026-06-23 16:48:29 UTC,3.0,1.3213,Yes,0x85488156a1675CE39D29f15418b1bf15eA79a2a6
2026-06-26 02:00:00 UTC,Paraguay vs Australia,FIFA World Cup ,Under 2.5,Under/Over (2.5),39.0,2026-06-23 16:48:25 UTC,39.0,1.8925,Yes,0x85488156a1675CE39D29f15418b1bf15eA79a2a6
2026-06-26 02:00:00 UTC,Paraguay vs Australia,FIFA World Cup ,Under 1.5,Under/Over (1.5),39.0,2026-06-23 16:48:00 UTC,39.0,1.7163,Yes,0x85488156a1675CE39D29f15418b1bf15eA79a2a6
2026-06-25 20:00:00 UTC,Curaçao vs Ivory Coast,FIFA World Cup ,Over 6.5,Under/Over (6.5),39.0,2026-06-23 16:46:33 UTC,39.0,1.1238,Yes,0x85488156a1675CE39D29f15418b1bf15eA79a2a6
2026-06-26 02:00:00 UTC,Paraguay vs Australia,FIFA World Cup ,Under 0.5,Under/Over (0.5),36.0,2026-06-23 16:45:45 UTC,36.0,1.3213,Yes,0x85488156a1675CE39D29f15418b1bf15eA79a2a6
2026-06-28 02:00:00 UTC,Algeria vs Austria,FIFA World Cup ,Not Algeria,1X2,5.0,2026-06-23 16:29:44 UTC,5.0,1.7488,Yes,0x5B3498Cb20C3107B5B267fabd3601B6425BDeb42
2026-06-26 19:00:00 UTC,Norway vs France,FIFA World Cup ,Norway,1X2,1.0,2026-06-23 16:28:02 UTC,1.0,1.1825,Yes,0x68E1818FF20BBe84F9be9E0A4A395FB11079Bd35
2026-06-25 23:00:00 UTC,Tunisia vs Netherlands,FIFA World Cup ,Over 6.5,Under/Over (6.5),0.0,2026-06-23 16:26:33 UTC,0.0,1.0475,Yes,0xe2C68b7ef85645e47F9b94382c3Db59b046945a2
2026-06-28 02:00:00 UTC,Algeria vs Austria,FIFA World Cup ,Not Algeria,1X2,432.0,2026-06-23 16:00:03 UTC,432.0,1.7488,Yes,0x5B3498Cb20C3107B5B267fabd3601B6425BDeb42
2026-06-28 02:00:00 UTC,Jordan vs Argentina,FIFA World Cup ,Under 4.5,Under/Over (4.5),3.0,2026-06-23 15:33:51 UTC,3.0,1.7925,Yes,0x8268feC8dCb0D284343054BDf2b649286c9aA0a1
2026-06-25 23:00:00 UTC,Tunisia vs Netherlands,FIFA World Cup ,Not Tunisia,1X2,35.0,2026-06-23 15:33:42 UTC,35.0,1.9625,Yes,0xe2C68b7ef85645e47F9b94382c3Db59b046945a2
2026-06-25 20:00:00 UTC,Ecuador vs Germany,FIFA World Cup ,Germany,1X2,513.0,2026-06-23 15:25:20 UTC,513.0,1.51,Yes,0x68E1818FF20BBe84F9be9E0A4A395FB11079Bd35
2026-06-25 20:00:00 UTC,Ecuador vs Germany,FIFA World Cup ,Germany,1X2,504.0,2026-06-23 15:25:19 UTC,504.0,1.51,Yes,0x68E1818FF20BBe84F9be9E0A4A395FB11079Bd35
2026-06-25 23:00:00 UTC,Japan vs Sweden,FIFA World Cup ,Not Japan,1X2,3.0,2026-06-23 15:11:55 UTC,3.0,1.48,Yes,0x8268feC8dCb0D284343054BDf2b649286c9aA0a1
2026-06-27 23:30:00 UTC,Congo DR vs Uzbekistan,FIFA World Cup ,Under 3.5,Under/Over (3.5),3.0,2026-06-23 14:44:35 UTC,3.0,1.7563,Yes,0x8268feC8dCb0D284343054BDf2b649286c9aA0a1
2026-06-28 02:00:00 UTC,Jordan vs Argentina,FIFA World Cup ,Over 1.0,Under/Over (1),74.0,2026-06-23 14:39:57 UTC,74.0,1.9387,Yes,0x8268feC8dCb0D284343054BDf2b649286c9aA0a1
2026-06-28 02:00:00 UTC,Algeria vs Austria,FIFA World Cup ,Not Algeria,1X2,6.0,2026-06-23 14:31:46 UTC,6.0,1.7425,Yes,0x8268feC8dCb0D284343054BDf2b649286c9aA0a1
2026-06-25 23:00:00 UTC,Tunisia vs Netherlands,FIFA World Cup ,Not Tunisia,1X2,25.0,2026-06-23 14:31:13 UTC,25.0,1.9625,Yes,0xe2C68b7ef85645e47F9b94382c3Db59b046945a2
2026-06-27 03:00:00 UTC,Egypt vs Iran,FIFA World Cup ,Iran,1X2,0.0,2026-06-23 14:29:50 UTC,0.0,1.24,Yes,0x68E1818FF20BBe84F9be9E0A4A395FB11079Bd35
2026-06-28 02:00:00 UTC,Jordan vs Argentina,FIFA World Cup ,Not Jordan,1X2,16.0,2026-06-23 14:29:27 UTC,16.0,1.9413,Yes,0xe2C68b7ef85645e47F9b94382c3Db59b046945a2
2026-06-27 03:00:00 UTC,Egypt vs Iran,FIFA World Cup ,Iran,1X2,86.0,2026-06-23 14:29:17 UTC,86.0,1.2412,Yes,0x68E1818FF20BBe84F9be9E0A4A395FB11079Bd35
2026-06-25 23:00:00 UTC,Tunisia vs Netherlands,FIFA World Cup ,Not Tunisia,1X2,25.0,2026-06-23 14:29:17 UTC,25.0,1.9625,Yes,0xe2C68b7ef85645e47F9b94382c3Db59b046945a2
2026-06-27 03:00:00 UTC,Egypt vs Iran,FIFA World Cup ,Not Egypt,1X2,290.0,2026-06-23 14:29:17 UTC,290.0,1.605,Yes,0x68E1818FF20BBe84F9be9E0A4A395FB11079Bd35
2026-06-28 02:00:00 UTC,Jordan vs Argentina,FIFA World Cup ,Not Jordan,1X2,32.0,2026-06-23 14:28:54 UTC,32.0,1.9413,Yes,0xe2C68b7ef85645e47F9b94382c3Db59b046945a2
2026-06-25 23:00:00 UTC,Tunisia vs Netherlands,FIFA World Cup ,Not Tunisia,1X2,25.0,2026-06-23 14:28:21 UTC,25.0,1.9625,Yes,0xe2C68b7ef85645e47F9b94382c3Db59b046945a2
2026-06-28 02:00:00 UTC,Algeria vs Austria,FIFA World Cup ,Not Algeria,1X2,6.0,2026-06-23 13:45:52 UTC,6.0,1.7488,Yes,0x5B3498Cb20C3107B5B267fabd3601B6425BDeb42
2026-06-26 02:00:00 UTC,Paraguay vs Australia,FIFA World Cup ,Not Paraguay,1X2,682.0,2026-06-23 13:32:55 UTC,682.0,1.6663,Yes,0x5B3498Cb20C3107B5B267fabd3601B6425BDeb42
2026-06-26 02:00:00 UTC,Paraguay vs Australia,FIFA World Cup ,Not Paraguay,1X2,213.0,2026-06-23 13:32:54 UTC,213.0,1.6675,Yes,0x68E1818FF20BBe84F9be9E0A4A395FB11079Bd35
2026-06-26 19:00:00 UTC,Senegal vs Iraq,FIFA World Cup ,Senegal,1X2,3.0,2026-06-23 13:26:10 UTC,3.0,1.7825,Yes,0xe2C68b7ef85645e47F9b94382c3Db59b046945a2
2026-06-26 19:00:00 UTC,Senegal vs Iraq,FIFA World Cup ,Senegal,1X2,329.0,2026-06-23 13:25:44 UTC,329.0,1.7825,Yes,0xe2C68b7ef85645e47F9b94382c3Db59b046945a2
2026-06-26 19:00:00 UTC,Senegal vs Iraq,FIFA World Cup ,Not tie,1X2,234.0,2026-06-23 13:25:43 UTC,234.0,1.8538,Yes,0x68E1818FF20BBe84F9be9E0A4A395FB11079Bd35
2026-06-26 19:00:00 UTC,Senegal vs Iraq,FIFA World Cup ,Senegal,1X2,1530.0,2026-06-23 13:25:43 UTC,1530.0,1.785,Yes,0x68E1818FF20BBe84F9be9E0A4A395FB11079Bd35
2026-06-25 23:00:00 UTC,Tunisia vs Netherlands,FIFA World Cup ,Not Netherlands,1X2,0.0,2026-06-23 13:12:50 UTC,0.0,1.1213,Yes,0x8268feC8dCb0D284343054BDf2b649286c9aA0a1
2026-06-25 23:00:00 UTC,Tunisia vs Netherlands,FIFA World Cup ,Tie,1X2,0.0,2026-06-23 13:12:48 UTC,0.0,1.0862,Yes,0x8268feC8dCb0D284343054BDf2b649286c9aA0a1
2026-06-25 20:00:00 UTC,Curaçao vs Ivory Coast,FIFA World Cup ,Curaçao,1X2,0.0,2026-06-23 13:12:32 UTC,0.0,1.0462,Yes,0x68E1818FF20BBe84F9be9E0A4A395FB11079Bd35
2026-06-25 20:00:00 UTC,Ecuador vs Germany,FIFA World Cup ,Under 0.5,Under/Over (0.5),0.0,2026-06-23 13:12:25 UTC,0.0,1.0475,Yes,0x8268feC8dCb0D284343054BDf2b649286c9aA0a1
2026-06-25 20:00:00 UTC,Ecuador vs Germany,FIFA World Cup ,Ecuador,1X2,0.0,2026-06-23 13:12:22 UTC,0.0,1.2488,Yes,0x68E1818FF20BBe84F9be9E0A4A395FB11079Bd35
2026-06-25 20:00:00 UTC,Curaçao vs Ivory Coast,FIFA World Cup ,Tie,1X2,0.0,2026-06-23 13:12:18 UTC,0.0,1.0975,Yes,0x8268feC8dCb0D284343054BDf2b649286c9aA0a1
2026-06-25 23:00:00 UTC,Japan vs Sweden,FIFA World Cup ,Sweden,1X2,0.0,2026-06-23 13:09:20 UTC,0.0,1.2138,Yes,0x68E1818FF20BBe84F9be9E0A4A395FB11079Bd35
2026-06-25 20:00:00 UTC,Curaçao vs Ivory Coast,FIFA World Cup ,Ivory Coast -4.5,Asian Handicap (4.5),39.0,2026-06-23 13:07:10 UTC,39.0,1.1475,Yes,0x85488156a1675CE39D29f15418b1bf15eA79a2a6
2026-06-25 20:00:00 UTC,Curaçao vs Ivory Coast,FIFA World Cup ,Ivory Coast -4.5,Asian Handicap (4.5),39.0,2026-06-23 13:04:42 UTC,39.0,1.1475,Yes,0x85488156a1675CE39D29f15418b1bf15eA79a2a6
2026-06-26 02:00:00 UTC,Turkey vs USA,FIFA World Cup ,Under 0.5,Under/Over (0.5),0.0,2026-06-23 13:04:30 UTC,0.0,1.0462,Yes,0x740d5718a79A8559fEeE8B00922F8Cd773A81D84
2026-06-25 20:00:00 UTC,Curaçao vs Ivory Coast,FIFA World Cup ,Over 5.5,Under/Over (5.5),0.0,2026-06-23 13:04:26 UTC,0.0,1.105,Yes,0x740d5718a79A8559fEeE8B00922F8Cd773A81D84
2026-06-25 20:00:00 UTC,Ecuador vs Germany,FIFA World Cup ,Under 0.5,Under/Over (0.5),0.0,2026-06-23 13:04:05 UTC,0.0,1.0475,Yes,0x8268feC8dCb0D284343054BDf2b649286c9aA0a1
2026-06-25 20:00:00 UTC,Ecuador vs Germany,FIFA World Cup ,Ecuador,1X2,0.0,2026-06-23 13:04:03 UTC,0.0,1.2475,Yes,0x68E1818FF20BBe84F9be9E0A4A395FB11079Bd35
2026-06-25 20:00:00 UTC,Curaçao vs Ivory Coast,FIFA World Cup ,Curaçao,1X2,0.0,2026-06-23 13:03:59 UTC,0.0,1.0462,Yes,0x68E1818FF20BBe84F9be9E0A4A395FB11079Bd35
2026-06-25 20:00:00 UTC,Curaçao vs Ivory Coast,FIFA World Cup ,Not Ivory Coast,1X2,0.0,2026-06-23 13:03:57 UTC,0.0,1.1538,Yes,0x740d5718a79A8559fEeE8B00922F8Cd773A81D84
2026-06-25 20:00:00 UTC,Curaçao vs Ivory Coast,FIFA World Cup ,Tie,1X2,0.0,2026-06-23 13:03:55 UTC,0.0,1.0975,Yes,0x8268feC8dCb0D284343054BDf2b649286c9aA0a1
2026-06-25 23:00:00 UTC,Japan vs Sweden,FIFA World Cup ,Sweden,1X2,0.0,2026-06-23 13:00:28 UTC,0.0,1.2138,Yes,0x68E1818FF20BBe84F9be9E0A4A395FB11079Bd35
2026-06-26 02:00:00 UTC,Paraguay vs Australia,FIFA World Cup ,Paraguay -1.5,Asian Handicap (-1.5),49.0,2026-06-23 12:32:17 UTC,49.0,1.1225,Yes,0xE4DD6165bFF7EE73D7932C3b478f7E22431e85E7
2026-06-27 00:00:00 UTC,Uruguay vs Spain,FIFA World Cup ,Spain -2,Asian Handicap (2),15.0,2026-06-23 12:30:20 UTC,15.0,1.2375,Yes,0xE4DD6165bFF7EE73D7932C3b478f7E22431e85E7
2026-06-27 03:00:00 UTC,New Zealand vs Belgium,FIFA World Cup ,Not New Zealand,1X2,548.0,2026-06-23 12:29:47 UTC,548.0,1.94,Yes,0x68E1818FF20BBe84F9be9E0A4A395FB11079Bd35
2026-06-27 00:00:00 UTC,Uruguay vs Spain,FIFA World Cup ,Spain -2,Asian Handicap (2),6.0,2026-06-23 12:28:34 UTC,6.0,1.2375,Yes,0xE4DD6165bFF7EE73D7932C3b478f7E22431e85E7
2026-06-27 23:30:00 UTC,Colombia vs Portugal,FIFA World Cup ,Colombia +1.5,Asian Handicap (1.5),41.0,2026-06-23 12:26:22 UTC,41.0,1.7662,Yes,0xE4DD6165bFF7EE73D7932C3b478f7E22431e85E7
2026-06-28 02:00:00 UTC,Jordan vs Argentina,FIFA World Cup ,Under 0.5,Under/Over (0.5),0.0,2026-06-23 12:14:47 UTC,0.0,1.0425,Yes,0xE4DD6165bFF7EE73D7932C3b478f7E22431e85E7
2026-06-26 02:00:00 UTC,Turkey vs USA,FIFA World Cup ,USA,1X2,270.0,2026-06-23 11:59:34 UTC,270.0,1.4975,Yes,0x68E1818FF20BBe84F9be9E0A4A395FB11079Bd35
2026-06-28 02:00:00 UTC,Algeria vs Austria,FIFA World Cup ,Over 1.0,Under/Over (1),23.0,2026-06-23 11:57:41 UTC,23.0,1.8113,Yes,0xE4DD6165bFF7EE73D7932C3b478f7E22431e85E7
2026-06-25 23:00:00 UTC,Tunisia vs Netherlands,FIFA World Cup ,Netherlands -2,Asian Handicap (2),189.0,2026-06-23 11:55:57 UTC,189.0,1.5888,Yes,0xE4DD6165bFF7EE73D7932C3b478f7E22431e85E7
2026-06-25 23:00:00 UTC,Japan vs Sweden,FIFA World Cup ,Japan,1X2,10.0,2026-06-23 11:54:12 UTC,10.0,1.5038,Yes,0x8268feC8dCb0D284343054BDf2b649286c9aA0a1
2026-06-26 02:00:00 UTC,Turkey vs USA,FIFA World Cup ,USA,1X2,338.0,2026-06-23 11:53:55 UTC,338.0,1.4988,Yes,0x5B3498Cb20C3107B5B267fabd3601B6425BDeb42
2026-06-25 23:00:00 UTC,Japan vs Sweden,FIFA World Cup ,Not Japan,1X2,120.0,2026-06-23 11:49:38 UTC,120.0,1.4925,Yes,0xE4DD6165bFF7EE73D7932C3b478f7E22431e85E7
2026-06-25 20:00:00 UTC,Curaçao vs Ivory Coast,FIFA World Cup ,Ivory Coast -2,Asian Handicap (2),465.0,2026-06-23 11:49:24 UTC,465.0,1.5375,Yes,0xE4DD6165bFF7EE73D7932C3b478f7E22431e85E7
2026-06-28 02:00:00 UTC,Algeria vs Austria,FIFA World Cup ,Not tie,1X2,18.0,2026-06-23 11:49:14 UTC,18.0,1.5888,Yes,0x5B3498Cb20C3107B5B267fabd3601B6425BDeb42
2026-06-25 23:00:00 UTC,Japan vs Sweden,FIFA World Cup ,Japan,1X2,420.0,2026-06-23 11:48:50 UTC,420.0,1.505,Yes,0x68E1818FF20BBe84F9be9E0A4A395FB11079Bd35
2026-06-27 03:00:00 UTC,New Zealand vs Belgium,FIFA World Cup ,Under 4.0,Under/Over (4),178.0,2026-06-23 11:34:44 UTC,178.0,1.74,Yes,0xE4DD6165bFF7EE73D7932C3b478f7E22431e85E7
2026-06-25 23:00:00 UTC,Japan vs Sweden,FIFA World Cup ,Sweden -1.5,Asian Handicap (1.5),0.0,2026-06-23 11:33:26 UTC,0.0,1.075,Yes,0xE4DD6165bFF7EE73D7932C3b478f7E22431e85E7
2026-06-25 23:00:00 UTC,Japan vs Sweden,FIFA World Cup ,Sweden -0.5,Asian Handicap (0.5),64.0,2026-06-23 11:32:49 UTC,64.0,1.2175,Yes,0xE4DD6165bFF7EE73D7932C3b478f7E22431e85E7
2026-06-25 23:00:00 UTC,Japan vs Sweden,FIFA World Cup ,Sweden -1.5,Asian Handicap (1.5),25.0,2026-06-23 11:32:47 UTC,25.0,1.0788,Yes,0xE4DD6165bFF7EE73D7932C3b478f7E22431e85E7
2026-06-27 00:00:00 UTC,Cape Verde vs Saudi Arabia,FIFA World Cup ,Cape Verde +0.5,Asian Handicap (0.5),9.0,2026-06-23 11:31:35 UTC,9.0,1.6575,Yes,0xe2C68b7ef85645e47F9b94382c3Db59b046945a2
2026-06-25 23:00:00 UTC,Japan vs Sweden,FIFA World Cup ,Under 2.0,Under/Over (2),97.0,2026-06-23 11:30:16 UTC,97.0,1.2862,Yes,0xE4DD6165bFF7EE73D7932C3b478f7E22431e85E7
2026-06-26 02:00:00 UTC,Paraguay vs Australia,FIFA World Cup ,Not Paraguay,1X2,46.0,2026-06-23 11:26:45 UTC,46.0,1.67,Yes,0x68E1818FF20BBe84F9be9E0A4A395FB11079Bd35
2026-06-26 02:00:00 UTC,Paraguay vs Australia,FIFA World Cup ,Not Paraguay,1X2,150.0,2026-06-23 11:26:43 UTC,150.0,1.67,Yes,0x68E1818FF20BBe84F9be9E0A4A395FB11079Bd35
2026-06-26 02:00:00 UTC,Paraguay vs Australia,FIFA World Cup ,Not Paraguay,1X2,150.0,2026-06-23 11:26:42 UTC,150.0,1.67,Yes,0x68E1818FF20BBe84F9be9E0A4A395FB11079Bd35
2026-06-26 02:00:00 UTC,Paraguay vs Australia,FIFA World Cup ,Not Paraguay,1X2,48.0,2026-06-23 11:26:40 UTC,48.0,1.67,Yes,0x68E1818FF20BBe84F9be9E0A4A395FB11079Bd35
2026-06-26 02:00:00 UTC,Paraguay vs Australia,FIFA World Cup ,Over 4.0,Under/Over (4),0.0,2026-06-23 11:26:36 UTC,0.0,1.0437,Yes,0xE4DD6165bFF7EE73D7932C3b478f7E22431e85E7
2026-06-26 02:00:00 UTC,Paraguay vs Australia,FIFA World Cup ,Over 4.0,Under/Over (4),48.0,2026-06-23 11:26:07 UTC,48.0,1.0513,Yes,0xE4DD6165bFF7EE73D7932C3b478f7E22431e85E7
2026-06-25 20:00:00 UTC,Ecuador vs Germany,FIFA World Cup ,Germany -0.5,Asian Handicap (0.5),2.0,2026-06-23 11:13:44 UTC,2.0,1.505,Yes,0xE4DD6165bFF7EE73D7932C3b478f7E22431e85E7
2026-06-28 02:00:00 UTC,Algeria vs Austria,FIFA World Cup ,Not Austria,1X2,3.0,2026-06-23 11:13:41 UTC,3.0,1.65,Yes,0x8268feC8dCb0D284343054BDf2b649286c9aA0a1
2026-06-25 23:00:00 UTC,Tunisia vs Netherlands,FIFA World Cup ,Under 3.5,Under/Over (3.5),1.0,2026-06-23 11:07:08 UTC,1.0,1.5613,Yes,0xE4DD6165bFF7EE73D7932C3b478f7E22431e85E7
2026-06-25 23:00:00 UTC,Tunisia vs Netherlands,FIFA World Cup ,Under 3.5,Under/Over (3.5),48.0,2026-06-23 11:06:45 UTC,48.0,1.5625,Yes,0xE4DD6165bFF7EE73D7932C3b478f7E22431e85E7
2026-06-25 23:00:00 UTC,Japan vs Sweden,FIFA World Cup ,Japan -0.5,Asian Handicap (-0.5),24.0,2026-06-23 11:05:26 UTC,24.0,1.5075,Yes,0xE4DD6165bFF7EE73D7932C3b478f7E22431e85E7
2026-06-25 23:00:00 UTC,Japan vs Sweden,FIFA World Cup ,Under 3.5,Under/Over (3.5),73.0,2026-06-23 11:02:00 UTC,73.0,1.6763,Yes,0xE4DD6165bFF7EE73D7932C3b478f7E22431e85E7
2026-06-25 23:00:00 UTC,Japan vs Sweden,FIFA World Cup ,Under 4.5,Under/Over (4.5),73.0,2026-06-23 11:02:00 UTC,73.0,1.8388,Yes,0xE4DD6165bFF7EE73D7932C3b478f7E22431e85E7
2026-06-25 23:00:00 UTC,Japan vs Sweden,FIFA World Cup ,Under 3.0,Under/Over (3),139.0,2026-06-23 11:01:59 UTC,139.0,1.5825,Yes,0xE4DD6165bFF7EE73D7932C3b478f7E22431e85E7
2026-06-25 23:00:00 UTC,Japan vs Sweden,FIFA World Cup ,Under 3.5,Under/Over (3.5),120.0,2026-06-23 11:01:59 UTC,120.0,1.6763,Yes,0xE4DD6165bFF7EE73D7932C3b478f7E22431e85E7
2026-06-26 02:00:00 UTC,Paraguay vs Australia,FIFA World Cup ,Not Paraguay,1X2,214.0,2026-06-23 11:01:18 UTC,214.0,1.6713,Yes,0x68E1818FF20BBe84F9be9E0A4A395FB11079Bd35
2026-06-27 23:30:00 UTC,Colombia vs Portugal,FIFA World Cup ,Over 2.5,Under/Over (2.5),0.0,2026-06-23 10:56:16 UTC,0.0,1.4525,Yes,0xE4DD6165bFF7EE73D7932C3b478f7E22431e85E7
2026-06-27 23:30:00 UTC,Colombia vs Portugal,FIFA World Cup ,Over 2.5,Under/Over (2.5),15.0,2026-06-23 10:56:04 UTC,15.0,1.4525,Yes,0xE4DD6165bFF7EE73D7932C3b478f7E22431e85E7
2026-06-27 03:00:00 UTC,New Zealand vs Belgium,FIFA World Cup ,Not New Zealand,1X2,528.0,2026-06-23 10:56:04 UTC,528.0,1.9413,Yes,0x68E1818FF20BBe84F9be9E0A4A395FB11079Bd35
2026-06-25 20:00:00 UTC,Ecuador vs Germany,FIFA World Cup ,Ecuador +1,Asian Handicap (1),150.0,2026-06-23 10:56:04 UTC,150.0,1.6438,Yes,0xE4DD6165bFF7EE73D7932C3b478f7E22431e85E7
2026-06-25 23:00:00 UTC,Tunisia vs Netherlands,FIFA World Cup ,Over 3.0,Under/Over (3),161.0,2026-06-23 10:50:15 UTC,161.0,1.56,Yes,0xE4DD6165bFF7EE73D7932C3b478f7E22431e85E7
2026-06-26 19:00:00 UTC,Senegal vs Iraq,FIFA World Cup ,Under 5.5,Under/Over (5.5),715.0,2026-06-23 10:40:04 UTC,715.0,1.9038,Yes,0xE4DD6165bFF7EE73D7932C3b478f7E22431e85E7
2026-06-26 19:00:00 UTC,Senegal vs Iraq,FIFA World Cup ,Under 4.0,Under/Over (4),357.0,2026-06-23 10:40:03 UTC,357.0,1.745,Yes,0xE4DD6165bFF7EE73D7932C3b478f7E22431e85E7
2026-06-26 19:00:00 UTC,Senegal vs Iraq,FIFA World Cup ,Under 4.5,Under/Over (4.5),491.0,2026-06-23 10:40:03 UTC,491.0,1.7913,Yes,0xE4DD6165bFF7EE73D7932C3b478f7E22431e85E7
2026-06-26 19:00:00 UTC,Senegal vs Iraq,FIFA World Cup ,Under 5.5,Under/Over (5.5),212.0,2026-06-23 10:40:03 UTC,212.0,1.9038,Yes,0xE4DD6165bFF7EE73D7932C3b478f7E22431e85E7
2026-06-26 19:00:00 UTC,Senegal vs Iraq,FIFA World Cup ,Under 5.0,Under/Over (5),823.0,2026-06-23 10:40:02 UTC,823.0,1.8925,Yes,0xE4DD6165bFF7EE73D7932C3b478f7E22431e85E7
2026-06-26 19:00:00 UTC,Senegal vs Iraq,FIFA World Cup ,Under 2.0,Under/Over (2),108.0,2026-06-23 10:40:02 UTC,108.0,1.225,Yes,0xE4DD6165bFF7EE73D7932C3b478f7E22431e85E7
2026-06-26 02:00:00 UTC,Turkey vs USA,FIFA World Cup ,USA,1X2,124.0,2026-06-23 10:39:18 UTC,124.0,1.4988,Yes,0x5B3498Cb20C3107B5B267fabd3601B6425BDeb42
2026-06-28 02:00:00 UTC,Jordan vs Argentina,FIFA World Cup ,Under 4.5,Under/Over (4.5),179.0,2026-06-23 10:39:07 UTC,179.0,1.8013,Yes,0xE4DD6165bFF7EE73D7932C3b478f7E22431e85E7
2026-06-28 02:00:00 UTC,Jordan vs Argentina,FIFA World Cup ,Under 4.0,Under/Over (4),137.0,2026-06-23 10:39:06 UTC,137.0,1.7612,Yes,0xE4DD6165bFF7EE73D7932C3b478f7E22431e85E7
2026-06-26 19:00:00 UTC,Senegal vs Iraq,FIFA World Cup ,Under 1.0,Under/Over (1),0.0,2026-06-23 10:35:48 UTC,0.0,1.0525,Yes,0xE4DD6165bFF7EE73D7932C3b478f7E22431e85E7
2026-06-25 20:00:00 UTC,Ecuador vs Germany,FIFA World Cup ,Germany,1X2,103.0,2026-06-23 10:35:32 UTC,103.0,1.5075,Yes,0x68E1818FF20BBe84F9be9E0A4A395FB11079Bd35
2026-06-26 19:00:00 UTC,Senegal vs Iraq,FIFA World Cup ,Over 1.0,Under/Over (1),77.0,2026-06-23 10:35:09 UTC,77.0,1.9413,Yes,0x8268feC8dCb0D284343054BDf2b649286c9aA0a1
2026-06-28 02:00:00 UTC,Algeria vs Austria,FIFA World Cup ,Over 2.5,Under/Over (2.5),64.0,2026-06-23 10:32:25 UTC,64.0,1.3713,Yes,0xE4DD6165bFF7EE73D7932C3b478f7E22431e85E7
2026-06-28 02:00:00 UTC,Algeria vs Austria,FIFA World Cup ,Over 4.0,Under/Over (4),47.0,2026-06-23 10:32:24 UTC,47.0,1.09,Yes,0xE4DD6165bFF7EE73D7932C3b478f7E22431e85E7
2026-06-28 02:00:00 UTC,Algeria vs Austria,FIFA World Cup ,Over 2.5,Under/Over (2.5),60.0,2026-06-23 10:32:24 UTC,60.0,1.3738,Yes,0xE4DD6165bFF7EE73D7932C3b478f7E22431e85E7
2026-06-28 02:00:00 UTC,Algeria vs Austria,FIFA World Cup ,Over 1.0,Under/Over (1),360.0,2026-06-23 10:32:24 UTC,360.0,1.8188,Yes,0xE4DD6165bFF7EE73D7932C3b478f7E22431e85E7
2026-06-28 02:00:00 UTC,Algeria vs Austria,FIFA World Cup ,Over 1.5,Under/Over (1.5),162.0,2026-06-23 10:32:24 UTC,162.0,1.6612,Yes,0xE4DD6165bFF7EE73D7932C3b478f7E22431e85E7
2026-06-28 02:00:00 UTC,Algeria vs Austria,FIFA World Cup ,Over 3.5,Under/Over (3.5),48.0,2026-06-23 10:32:24 UTC,48.0,1.1963,Yes,0xE4DD6165bFF7EE73D7932C3b478f7E22431e85E7
2026-06-28 02:00:00 UTC,Algeria vs Austria,FIFA World Cup ,Over 4.5,Under/Over (4.5),51.0,2026-06-23 10:32:24 UTC,51.0,1.0788,Yes,0xE4DD6165bFF7EE73D7932C3b478f7E22431e85E7
2026-06-28 02:00:00 UTC,Algeria vs Austria,FIFA World Cup ,Over 3.0,Under/Over (3),53.0,2026-06-23 10:32:22 UTC,53.0,1.2388,Yes,0xE4DD6165bFF7EE73D7932C3b478f7E22431e85E7
2026-06-28 02:00:00 UTC,Algeria vs Austria,FIFA World Cup ,Over 2.0,Under/Over (2),74.0,2026-06-23 10:32:22 UTC,74.0,1.5275,Yes,0xE4DD6165bFF7EE73D7932C3b478f7E22431e85E7
2026-06-27 03:00:00 UTC,Egypt vs Iran,FIFA World Cup ,Over 2.5,Under/Over (2.5),85.0,2026-06-23 10:30:20 UTC,85.0,1.3375,Yes,0xE4DD6165bFF7EE73D7932C3b478f7E22431e85E7
2026-06-26 19:00:00 UTC,Norway vs France,FIFA World Cup ,Over 2.0,Under/Over (2),399.0,2026-06-23 10:28:52 UTC,399.0,1.7412,Yes,0xE4DD6165bFF7EE73D7932C3b478f7E22431e85E7
2026-06-26 02:00:00 UTC,Paraguay vs Australia,FIFA World Cup ,Under 1.5,Under/Over (1.5),68.0,2026-06-23 10:28:26 UTC,68.0,1.4138,Yes,0xE4DD6165bFF7EE73D7932C3b478f7E22431e85E7
2026-06-26 02:00:00 UTC,Paraguay vs Australia,FIFA World Cup ,Under 1.5,Under/Over (1.5),71.0,2026-06-23 10:28:24 UTC,71.0,1.4138,Yes,0xE4DD6165bFF7EE73D7932C3b478f7E22431e85E7
2026-06-26 19:00:00 UTC,Norway vs France,FIFA World Cup ,Over 2.0,Under/Over (2),2.0,2026-06-23 10:18:50 UTC,2.0,1.7412,Yes,0xE4DD6165bFF7EE73D7932C3b478f7E22431e85E7
2026-06-26 19:00:00 UTC,Norway vs France,FIFA World Cup ,Over 2.0,Under/Over (2),134.0,2026-06-23 10:17:59 UTC,134.0,1.7412,Yes,0xE4DD6165bFF7EE73D7932C3b478f7E22431e85E7
2026-06-28 02:00:00 UTC,Algeria vs Austria,FIFA World Cup ,Over 1.0,Under/Over (1),12.0,2026-06-23 10:17:00 UTC,12.0,1.8188,Yes,0xE4DD6165bFF7EE73D7932C3b478f7E22431e85E7
2026-06-28 02:00:00 UTC,Algeria vs Austria,FIFA World Cup ,Over 2.0,Under/Over (2),8.0,2026-06-23 10:16:42 UTC,8.0,1.5275,Yes,0xE4DD6165bFF7EE73D7932C3b478f7E22431e85E7
2026-06-27 03:00:00 UTC,New Zealand vs Belgium,FIFA World Cup ,Not New Zealand,1X2,512.0,2026-06-23 10:12:37 UTC,512.0,1.9413,Yes,0x68E1818FF20BBe84F9be9E0A4A395FB11079Bd35
2026-06-27 03:00:00 UTC,New Zealand vs Belgium,FIFA World Cup ,Belgium -1,Asian Handicap (1),46.0,2026-06-23 10:12:33 UTC,46.0,1.7612,Yes,0xe2C68b7ef85645e47F9b94382c3Db59b046945a2
2026-06-26 19:00:00 UTC,Norway vs France,FIFA World Cup ,Under 4.5,Under/Over (4.5),473.0,2026-06-23 10:12:32 UTC,473.0,1.8175,Yes,0xE4DD6165bFF7EE73D7932C3b478f7E22431e85E7
2026-06-27 00:00:00 UTC,Cape Verde vs Saudi Arabia,FIFA World Cup ,Saudi Arabia +0.5,Asian Handicap (-0.5),107.0,2026-06-23 10:12:32 UTC,107.0,1.5925,Yes,0xE4DD6165bFF7EE73D7932C3b478f7E22431e85E7
2026-06-25 23:00:00 UTC,Japan vs Sweden,FIFA World Cup ,Not Japan,1X2,9.0,2026-06-23 10:08:04 UTC,9.0,1.485,Yes,0xe2C68b7ef85645e47F9b94382c3Db59b046945a2
2026-06-26 19:00:00 UTC,Senegal vs Iraq,FIFA World Cup ,Not tie,1X2,5.0,2026-06-23 10:01:14 UTC,5.0,1.8538,Yes,0x68E1818FF20BBe84F9be9E0A4A395FB11079Bd35
2026-06-28 02:00:00 UTC,Algeria vs Austria,FIFA World Cup ,Austria -2,Asian Handicap (2),0.0,2026-06-23 10:01:09 UTC,0.0,1.05,Yes,0xE4DD6165bFF7EE73D7932C3b478f7E22431e85E7
2026-06-28 02:00:00 UTC,Algeria vs Austria,FIFA World Cup ,Algeria -1.5,Asian Handicap (-1.5),0.0,2026-06-23 10:01:07 UTC,0.0,1.0788,Yes,0xE4DD6165bFF7EE73D7932C3b478f7E22431e85E7
2026-06-25 23:00:00 UTC,Tunisia vs Netherlands,FIFA World Cup ,Tunisia +4,Asian Handicap (4),143.0,2026-06-23 10:00:42 UTC,143.0,1.8562,Yes,0xE4DD6165bFF7EE73D7932C3b478f7E22431e85E7
2026-06-26 19:00:00 UTC,Senegal vs Iraq,FIFA World Cup ,Not tie,1X2,80.0,2026-06-23 10:00:42 UTC,80.0,1.8538,Yes,0x68E1818FF20BBe84F9be9E0A4A395FB11079Bd35
2026-06-27 03:00:00 UTC,New Zealand vs Belgium,FIFA World Cup ,Not New Zealand,1X2,560.0,2026-06-23 10:00:42 UTC,560.0,1.9413,Yes,0x68E1818FF20BBe84F9be9E0A4A395FB11079Bd35
2026-06-28 02:00:00 UTC,Algeria vs Austria,FIFA World Cup ,Austria -2,Asian Handicap (2),40.0,2026-06-23 10:00:40 UTC,40.0,1.0513,Yes,0xE4DD6165bFF7EE73D7932C3b478f7E22431e85E7
2026-06-28 02:00:00 UTC,Algeria vs Austria,FIFA World Cup ,Over 1.0,Under/Over (1),207.0,2026-06-23 10:00:40 UTC,207.0,1.8275,Yes,0xE4DD6165bFF7EE73D7932C3b478f7E22431e85E7
2026-06-28 02:00:00 UTC,Algeria vs Austria,FIFA World Cup ,Algeria -1.5,Asian Handicap (-1.5),80.0,2026-06-23 10:00:38 UTC,80.0,1.0813,Yes,0xE4DD6165bFF7EE73D7932C3b478f7E22431e85E7
2026-06-27 21:00:00 UTC,Croatia vs Ghana,FIFA World Cup ,Over 1.5,Under/Over (1.5),235.0,2026-06-23 10:00:37 UTC,235.0,1.715,Yes,0xE4DD6165bFF7EE73D7932C3b478f7E22431e85E7
2026-06-27 03:00:00 UTC,Egypt vs Iran,FIFA World Cup ,Over 1.5,Under/Over (1.5),180.0,2026-06-23 10:00:36 UTC,180.0,1.6175,Yes,0xE4DD6165bFF7EE73D7932C3b478f7E22431e85E7
2026-06-26 19:00:00 UTC,Norway vs France,FIFA World Cup ,Over 3.0,Under/Over (3),220.0,2026-06-23 09:46:07 UTC,220.0,1.4537,Yes,0xE4DD6165bFF7EE73D7932C3b478f7E22431e85E7
2026-06-26 19:00:00 UTC,Norway vs France,FIFA World Cup ,Over 2.5,Under/Over (2.5),92.0,2026-06-23 09:46:06 UTC,92.0,1.5775,Yes,0xE4DD6165bFF7EE73D7932C3b478f7E22431e85E7
2026-06-26 19:00:00 UTC,Norway vs France,FIFA World Cup ,Over 3.0,Under/Over (3),166.0,2026-06-23 09:46:06 UTC,166.0,1.4537,Yes,0xE4DD6165bFF7EE73D7932C3b478f7E22431e85E7
2026-06-26 02:00:00 UTC,Paraguay vs Australia,FIFA World Cup ,Not Paraguay,1X2,2.0,2026-06-23 09:43:27 UTC,2.0,1.6675,Yes,0xE4DD6165bFF7EE73D7932C3b478f7E22431e85E7
2026-06-26 02:00:00 UTC,Paraguay vs Australia,FIFA World Cup ,Paraguay +1,Asian Handicap (1),224.0,2026-06-23 09:40:49 UTC,224.0,1.9087,Yes,0xE4DD6165bFF7EE73D7932C3b478f7E22431e85E7
2026-06-28 02:00:00 UTC,Algeria vs Austria,FIFA World Cup ,Algeria +1.5,Asian Handicap (1.5),34.0,2026-06-23 09:39:39 UTC,34.0,1.85,Yes,0x8268feC8dCb0D284343054BDf2b649286c9aA0a1
2026-06-27 21:00:00 UTC,Croatia vs Ghana,FIFA World Cup ,Under 3.5,Under/Over (3.5),9.0,2026-06-23 09:37:48 UTC,9.0,1.7538,Yes,0xE4DD6165bFF7EE73D7932C3b478f7E22431e85E7
2026-06-27 03:00:00 UTC,New Zealand vs Belgium,FIFA World Cup ,Not New Zealand,1X2,460.0,2026-06-23 09:37:46 UTC,460.0,1.9425,Yes,0xe2C68b7ef85645e47F9b94382c3Db59b046945a2
2026-06-27 03:00:00 UTC,New Zealand vs Belgium,FIFA World Cup ,Belgium -2,Asian Handicap (2),155.0,2026-06-23 09:37:35 UTC,155.0,1.485,Yes,0xE4DD6165bFF7EE73D7932C3b478f7E22431e85E7
2026-06-27 03:00:00 UTC,Egypt vs Iran,FIFA World Cup ,Over 4.5,Under/Over (4.5),0.0,2026-06-23 09:32:04 UTC,0.0,1.0562,Yes,0x740d5718a79A8559fEeE8B00922F8Cd773A81D84
2026-06-27 03:00:00 UTC,Egypt vs Iran,FIFA World Cup ,Over 1.0,Under/Over (1),110.0,2026-06-23 09:31:35 UTC,110.0,1.8113,Yes,0xE4DD6165bFF7EE73D7932C3b478f7E22431e85E7
2026-06-27 03:00:00 UTC,Egypt vs Iran,FIFA World Cup ,Over 4.5,Under/Over (4.5),50.0,2026-06-23 09:31:35 UTC,50.0,1.06,Yes,0xE4DD6165bFF7EE73D7932C3b478f7E22431e85E7
2026-06-27 03:00:00 UTC,Egypt vs Iran,FIFA World Cup ,Over 3.5,Under/Over (3.5),64.0,2026-06-23 09:31:34 UTC,64.0,1.1612,Yes,0xE4DD6165bFF7EE73D7932C3b478f7E22431e85E7
2026-06-27 03:00:00 UTC,Egypt vs Iran,FIFA World Cup ,Over 3.0,Under/Over (3),93.0,2026-06-23 09:31:33 UTC,93.0,1.1963,Yes,0xE4DD6165bFF7EE73D7932C3b478f7E22431e85E7
2026-06-27 03:00:00 UTC,New Zealand vs Belgium,FIFA World Cup ,New Zealand +2.5,Asian Handicap (2.5),103.0,2026-06-23 09:31:23 UTC,103.0,1.6225,Yes,0xE4DD6165bFF7EE73D7932C3b478f7E22431e85E7
2026-06-27 03:00:00 UTC,New Zealand vs Belgium,FIFA World Cup ,Under 4.0,Under/Over (4),177.0,2026-06-23 09:31:23 UTC,177.0,1.7412,Yes,0xE4DD6165bFF7EE73D7932C3b478f7E22431e85E7
2026-06-25 23:00:00 UTC,Tunisia vs Netherlands,FIFA World Cup ,Under 3.5,Under/Over (3.5),61.0,2026-06-23 09:26:38 UTC,61.0,1.56,Yes,0xE4DD6165bFF7EE73D7932C3b478f7E22431e85E7
2026-06-26 19:00:00 UTC,Norway vs France,FIFA World Cup ,Not Norway,1X2,16.0,2026-06-23 09:16:03 UTC,16.0,1.805,Yes,0xe2C68b7ef85645e47F9b94382c3Db59b046945a2
2026-06-26 19:00:00 UTC,Norway vs France,FIFA World Cup ,Not Norway,1X2,171.0,2026-06-23 09:16:01 UTC,171.0,1.805,Yes,0xe2C68b7ef85645e47F9b94382c3Db59b046945a2
2026-06-26 19:00:00 UTC,Norway vs France,FIFA World Cup ,Not Norway,1X2,76.0,2026-06-23 09:16:00 UTC,76.0,1.805,Yes,0xe2C68b7ef85645e47F9b94382c3Db59b046945a2
2026-06-26 19:00:00 UTC,Norway vs France,FIFA World Cup ,France,12,242.0,2026-06-23 09:15:56 UTC,242.0,1.7512,Yes,0xE4DD6165bFF7EE73D7932C3b478f7E22431e85E7
2026-06-26 19:00:00 UTC,Norway vs France,FIFA World Cup ,France,12,124.0,2026-06-23 09:15:54 UTC,124.0,1.7512,Yes,0xE4DD6165bFF7EE73D7932C3b478f7E22431e85E7
2026-06-26 19:00:00 UTC,Norway vs France,FIFA World Cup ,France,12,55.0,2026-06-23 09:15:53 UTC,55.0,1.7512,Yes,0xE4DD6165bFF7EE73D7932C3b478f7E22431e85E7
2026-06-26 19:00:00 UTC,Norway vs France,FIFA World Cup ,Norway +1.5,Asian Handicap (1.5),201.0,2026-06-23 09:15:03 UTC,201.0,1.6538,Yes,0xE4DD6165bFF7EE73D7932C3b478f7E22431e85E7
2026-06-26 19:00:00 UTC,Norway vs France,FIFA World Cup ,Norway +1,Asian Handicap (1),164.0,2026-06-23 09:15:02 UTC,164.0,1.5413,Yes,0xE4DD6165bFF7EE73D7932C3b478f7E22431e85E7
2026-06-26 19:00:00 UTC,Norway vs France,FIFA World Cup ,Not France,1X2,63.0,2026-06-23 09:15:02 UTC,63.0,1.4087,Yes,0xE4DD6165bFF7EE73D7932C3b478f7E22431e85E7
2026-06-26 19:00:00 UTC,Senegal vs Iraq,FIFA World Cup ,Senegal -1.5,Asian Handicap (-1.5),1.0,2026-06-23 09:13:59 UTC,1.0,1.5562,Yes,0xE4DD6165bFF7EE73D7932C3b478f7E22431e85E7
2026-06-27 03:00:00 UTC,Egypt vs Iran,FIFA World Cup ,Over 3.5,Under/Over (3.5),0.0,2026-06-23 09:13:56 UTC,0.0,1.1612,Yes,0xE4DD6165bFF7EE73D7932C3b478f7E22431e85E7
2026-06-26 19:00:00 UTC,Senegal vs Iraq,FIFA World Cup ,Senegal -1.5,Asian Handicap (-1.5),41.0,2026-06-23 09:13:44 UTC,41.0,1.5562,Yes,0xE4DD6165bFF7EE73D7932C3b478f7E22431e85E7
2026-06-27 03:00:00 UTC,Egypt vs Iran,FIFA World Cup ,Over 3.5,Under/Over (3.5),49.0,2026-06-23 09:13:39 UTC,49.0,1.1663,Yes,0xE4DD6165bFF7EE73D7932C3b478f7E22431e85E7
2026-06-28 02:00:00 UTC,Jordan vs Argentina,FIFA World Cup ,Jordan +3.5,Asian Handicap (3.5),176.0,2026-06-23 09:04:39 UTC,176.0,1.8313,Yes,0xE4DD6165bFF7EE73D7932C3b478f7E22431e85E7
2026-06-28 02:00:00 UTC,Jordan vs Argentina,FIFA World Cup ,Jordan +2.5,Asian Handicap (2.5),179.0,2026-06-23 09:04:39 UTC,179.0,1.655,Yes,0xE4DD6165bFF7EE73D7932C3b478f7E22431e85E7
2026-06-26 19:00:00 UTC,Norway vs France,FIFA World Cup ,Under 2.5,Under/Over (2.5),0.0,2026-06-23 08:56:05 UTC,0.0,1.41,Yes,0x8268feC8dCb0D284343054BDf2b649286c9aA0a1
2026-06-26 19:00:00 UTC,Norway vs France,FIFA World Cup ,Under 2.5,Under/Over (2.5),12.0,2026-06-23 08:55:23 UTC,12.0,1.4112,Yes,0xE4DD6165bFF7EE73D7932C3b478f7E22431e85E7
2026-06-26 19:00:00 UTC,Norway vs France,FIFA World Cup ,France,12,282.0,2026-06-23 08:55:23 UTC,282.0,1.7512,Yes,0xE4DD6165bFF7EE73D7932C3b478f7E22431e85E7
2026-06-26 19:00:00 UTC,Norway vs France,FIFA World Cup ,Under 4.0,Under/Over (4),72.0,2026-06-23 08:55:22 UTC,72.0,1.7725,Yes,0xE4DD6165bFF7EE73D7932C3b478f7E22431e85E7
2026-06-27 03:00:00 UTC,Egypt vs Iran,FIFA World Cup ,Over 3.5,Under/Over (3.5),0.0,2026-06-23 08:50:48 UTC,0.0,1.1587,Yes,0xE4DD6165bFF7EE73D7932C3b478f7E22431e85E7
2026-06-27 03:00:00 UTC,Egypt vs Iran,FIFA World Cup ,Over 3.5,Under/Over (3.5),50.0,2026-06-23 08:50:16 UTC,50.0,1.1612,Yes,0xE4DD6165bFF7EE73D7932C3b478f7E22431e85E7
2026-06-27 03:00:00 UTC,Egypt vs Iran,FIFA World Cup ,Over 2.0,Under/Over (2),90.0,2026-06-23 08:31:34 UTC,90.0,1.4812,Yes,0xE4DD6165bFF7EE73D7932C3b478f7E22431e85E7
2026-06-27 03:00:00 UTC,Egypt vs Iran,FIFA World Cup ,Over 1.5,Under/Over (1.5),72.0,2026-06-23 08:31:33 UTC,72.0,1.6288,Yes,0xE4DD6165bFF7EE73D7932C3b478f7E22431e85E7
2026-06-27 03:00:00 UTC,Egypt vs Iran,FIFA World Cup ,Over 2.0,Under/Over (2),223.0,2026-06-23 08:31:32 UTC,223.0,1.4812,Yes,0xE4DD6165bFF7EE73D7932C3b478f7E22431e85E7
2026-06-26 19:00:00 UTC,Senegal vs Iraq,FIFA World Cup ,Iraq +1.5,Asian Handicap (-1.5),10.0,2026-06-23 08:27:38 UTC,10.0,1.4325,Yes,0x8268feC8dCb0D284343054BDf2b649286c9aA0a1
2026-06-27 03:00:00 UTC,New Zealand vs Belgium,FIFA World Cup ,Under 3.0,Under/Over (3),96.0,2026-06-23 08:24:06 UTC,96.0,1.4963,Yes,0xE4DD6165bFF7EE73D7932C3b478f7E22431e85E7
2026-06-27 03:00:00 UTC,New Zealand vs Belgium,FIFA World Cup ,Under 2.5,Under/Over (2.5),93.0,2026-06-23 08:24:02 UTC,93.0,1.385,Yes,0xE4DD6165bFF7EE73D7932C3b478f7E22431e85E7
2026-06-27 03:00:00 UTC,New Zealand vs Belgium,FIFA World Cup ,Under 3.0,Under/Over (3),193.0,2026-06-23 08:24:02 UTC,193.0,1.4963,Yes,0xE4DD6165bFF7EE73D7932C3b478f7E22431e85E7
2026-06-27 21:00:00 UTC,Panama vs England,FIFA World Cup ,Panama +3.5,Asian Handicap (3.5),88.0,2026-06-23 08:16:37 UTC,88.0,1.805,Yes,0xE4DD6165bFF7EE73D7932C3b478f7E22431e85E7
2026-06-26 19:00:00 UTC,Senegal vs Iraq,FIFA World Cup ,Iraq +1.5,Asian Handicap (-1.5),42.0,2026-06-23 08:11:57 UTC,42.0,1.4325,Yes,0x8268feC8dCb0D284343054BDf2b649286c9aA0a1
2026-06-26 19:00:00 UTC,Norway vs France,FIFA World Cup ,Not France,1X2,170.0,2026-06-23 08:10:48 UTC,170.0,1.4187,Yes,0x5B3498Cb20C3107B5B267fabd3601B6425BDeb42
2026-06-26 19:00:00 UTC,Senegal vs Iraq,FIFA World Cup ,Iraq +1.5,Asian Handicap (-1.5),242.0,2026-06-23 08:08:37 UTC,242.0,1.4325,Yes,0x8268feC8dCb0D284343054BDf2b649286c9aA0a1
2026-06-26 19:00:00 UTC,Norway vs France,FIFA World Cup ,Under 4.0,Under/Over (4),3.0,2026-06-23 08:01:22 UTC,3.0,1.7763,Yes,0xE4DD6165bFF7EE73D7932C3b478f7E22431e85E7
2026-06-26 19:00:00 UTC,Norway vs France,FIFA World Cup ,Under 4.0,Under/Over (4),48.0,2026-06-23 08:00:48 UTC,48.0,1.7763,Yes,0xE4DD6165bFF7EE73D7932C3b478f7E22431e85E7
2026-06-26 19:00:00 UTC,Senegal vs Iraq,FIFA World Cup ,Not tie,1X2,321.0,2026-06-23 07:54:58 UTC,321.0,1.8538,Yes,0x68E1818FF20BBe84F9be9E0A4A395FB11079Bd35
2026-06-26 19:00:00 UTC,Senegal vs Iraq,FIFA World Cup ,Not tie,1X2,338.0,2026-06-23 07:53:32 UTC,338.0,1.8538,Yes,0x68E1818FF20BBe84F9be9E0A4A395FB11079Bd35
2026-06-25 23:00:00 UTC,Japan vs Sweden,FIFA World Cup ,Japan -0.5,Asian Handicap (-0.5),29.0,2026-06-23 07:51:39 UTC,29.0,1.505,Yes,0x8268feC8dCb0D284343054BDf2b649286c9aA0a1
2026-06-25 23:00:00 UTC,Japan vs Sweden,FIFA World Cup ,Not Japan,1X2,188.0,2026-06-23 07:44:56 UTC,188.0,1.4875,Yes,0xE4DD6165bFF7EE73D7932C3b478f7E22431e85E7
2026-06-25 23:00:00 UTC,Japan vs Sweden,FIFA World Cup ,Sweden +1,Asian Handicap (-1),184.0,2026-06-23 07:44:56 UTC,184.0,1.6412,Yes,0xE4DD6165bFF7EE73D7932C3b478f7E22431e85E7
2026-06-25 23:00:00 UTC,Japan vs Sweden,FIFA World Cup ,Sweden 0,Asian Handicap (0),77.0,2026-06-23 07:44:56 UTC,77.0,1.2988,Yes,0xE4DD6165bFF7EE73D7932C3b478f7E22431e85E7
2026-06-25 23:00:00 UTC,Japan vs Sweden,FIFA World Cup ,Sweden +0.5,Asian Handicap (-0.5),103.0,2026-06-23 07:44:55 UTC,103.0,1.4888,Yes,0xE4DD6165bFF7EE73D7932C3b478f7E22431e85E7
2026-06-26 19:00:00 UTC,Norway vs France,FIFA World Cup ,Under 4.0,Under/Over (4),114.0,2026-06-23 07:41:56 UTC,114.0,1.78,Yes,0xE4DD6165bFF7EE73D7932C3b478f7E22431e85E7
2026-06-26 19:00:00 UTC,Norway vs France,FIFA World Cup ,Under 3.0,Under/Over (3),79.0,2026-06-23 07:41:39 UTC,79.0,1.5413,Yes,0xE4DD6165bFF7EE73D7932C3b478f7E22431e85E7
2026-06-26 02:00:00 UTC,Paraguay vs Australia,FIFA World Cup ,Australia,1X2,65.0,2026-06-23 07:37:20 UTC,65.0,1.235,Yes,0x68E1818FF20BBe84F9be9E0A4A395FB11079Bd35
2026-06-26 19:00:00 UTC,Norway vs France,FIFA World Cup ,Under 4.0,Under/Over (4),3.0,2026-06-23 07:32:23 UTC,3.0,1.78,Yes,0xE4DD6165bFF7EE73D7932C3b478f7E22431e85E7
2026-06-26 19:00:00 UTC,Norway vs France,FIFA World Cup ,Under 4.5,Under/Over (4.5),4.0,2026-06-23 07:32:21 UTC,4.0,1.8175,Yes,0xE4DD6165bFF7EE73D7932C3b478f7E22431e85E7
2026-06-26 19:00:00 UTC,Norway vs France,FIFA World Cup ,Under 4.0,Under/Over (4),556.0,2026-06-23 07:31:55 UTC,556.0,1.78,Yes,0xe2C68b7ef85645e47F9b94382c3Db59b046945a2
2026-06-26 19:00:00 UTC,Norway vs France,FIFA World Cup ,Under 4.5,Under/Over (4.5),661.0,2026-06-23 07:31:55 UTC,661.0,1.8175,Yes,0xe2C68b7ef85645e47F9b94382c3Db59b046945a2
2026-06-27 03:00:00 UTC,Egypt vs Iran,FIFA World Cup ,Egypt -1.5,Asian Handicap (-1.5),41.0,2026-06-23 07:30:58 UTC,41.0,1.1638,Yes,0xE4DD6165bFF7EE73D7932C3b478f7E22431e85E7
2026-06-28 02:00:00 UTC,Algeria vs Austria,FIFA World Cup ,Over 2.5,Under/Over (2.5),124.0,2026-06-23 07:30:57 UTC,124.0,1.385,Yes,0xE4DD6165bFF7EE73D7932C3b478f7E22431e85E7
2026-06-28 02:00:00 UTC,Algeria vs Austria,FIFA World Cup ,Over 1.5,Under/Over (1.5),140.0,2026-06-23 07:30:57 UTC,140.0,1.68,Yes,0xE4DD6165bFF7EE73D7932C3b478f7E22431e85E7
2026-06-27 00:00:00 UTC,Cape Verde vs Saudi Arabia,FIFA World Cup ,Not Saudi Arabia,1X2,193.0,2026-06-23 07:29:47 UTC,193.0,1.6763,Yes,0x8268feC8dCb0D284343054BDf2b649286c9aA0a1
2026-06-27 03:00:00 UTC,New Zealand vs Belgium,FIFA World Cup ,Under 2.5,Under/Over (2.5),0.0,2026-06-23 07:23:03 UTC,0.0,1.385,Yes,0xE4DD6165bFF7EE73D7932C3b478f7E22431e85E7
2026-06-27 03:00:00 UTC,New Zealand vs Belgium,FIFA World Cup ,Under 2.5,Under/Over (2.5),83.0,2026-06-23 07:22:23 UTC,83.0,1.3887,Yes,0xE4DD6165bFF7EE73D7932C3b478f7E22431e85E7
2026-06-27 03:00:00 UTC,New Zealand vs Belgium,FIFA World Cup ,Belgium -2,Asian Handicap (2),182.0,2026-06-23 07:21:28 UTC,182.0,1.4763,Yes,0xE4DD6165bFF7EE73D7932C3b478f7E22431e85E7
2026-06-26 19:00:00 UTC,Norway vs France,FIFA World Cup ,Not France,1X2,418.0,2026-06-23 07:20:03 UTC,418.0,1.4213,Yes,0x68E1818FF20BBe84F9be9E0A4A395FB11079Bd35
2026-06-25 20:00:00 UTC,Ecuador vs Germany,FIFA World Cup ,Ecuador +0.5,Asian Handicap (0.5),83.0,2026-06-23 07:19:44 UTC,83.0,1.4838,Yes,0xE4DD6165bFF7EE73D7932C3b478f7E22431e85E7
2026-06-25 20:00:00 UTC,Ecuador vs Germany,FIFA World Cup ,Not Ecuador,1X2,67.0,2026-06-23 07:19:16 UTC,67.0,1.7475,Yes,0xE4DD6165bFF7EE73D7932C3b478f7E22431e85E7
2026-06-26 02:00:00 UTC,Paraguay vs Australia,FIFA World Cup ,Not Paraguay,1X2,45.0,2026-06-23 07:16:09 UTC,45.0,1.6675,Yes,0xE4DD6165bFF7EE73D7932C3b478f7E22431e85E7
2026-06-26 02:00:00 UTC,Paraguay vs Australia,FIFA World Cup ,Under 1.5,Under/Over (1.5),11.0,2026-06-23 07:14:26 UTC,11.0,1.4138,Yes,0xE4DD6165bFF7EE73D7932C3b478f7E22431e85E7
2026-06-27 21:00:00 UTC,Panama vs England,FIFA World Cup ,England,1X2,57.0,2026-06-23 07:14:07 UTC,57.0,1.8113,Yes,0xe2C68b7ef85645e47F9b94382c3Db59b046945a2
2026-06-27 21:00:00 UTC,Panama vs England,FIFA World Cup ,England,1X2,58.0,2026-06-23 07:13:49 UTC,58.0,1.8113,Yes,0xe2C68b7ef85645e47F9b94382c3Db59b046945a2
2026-06-27 21:00:00 UTC,Panama vs England,FIFA World Cup ,England,1X2,4.0,2026-06-23 07:13:35 UTC,4.0,1.8113,Yes,0xe2C68b7ef85645e47F9b94382c3Db59b046945a2
2026-06-25 20:00:00 UTC,Ecuador vs Germany,FIFA World Cup ,Not Germany,1X2,0.0,2026-06-23 07:13:29 UTC,0.0,1.4812,Yes,0xE4DD6165bFF7EE73D7932C3b478f7E22431e85E7
2026-06-27 21:00:00 UTC,Panama vs England,FIFA World Cup ,England,1X2,67.0,2026-06-23 07:13:02 UTC,67.0,1.8113,Yes,0xe2C68b7ef85645e47F9b94382c3Db59b046945a2
2026-06-25 20:00:00 UTC,Ecuador vs Germany,FIFA World Cup ,Not Germany,1X2,0.0,2026-06-23 07:12:59 UTC,0.0,1.4812,Yes,0xE4DD6165bFF7EE73D7932C3b478f7E22431e85E7
2026-06-25 20:00:00 UTC,Ecuador vs Germany,FIFA World Cup ,Not Germany,1X2,9.0,2026-06-23 07:12:25 UTC,9.0,1.4812,Yes,0xE4DD6165bFF7EE73D7932C3b478f7E22431e85E7
2026-06-27 21:00:00 UTC,Panama vs England,FIFA World Cup ,Panama +2,Asian Handicap (2),30.0,2026-06-23 07:11:21 UTC,30.0,1.5075,Yes,0xE4DD6165bFF7EE73D7932C3b478f7E22431e85E7
2026-06-26 19:00:00 UTC,Senegal vs Iraq,FIFA World Cup ,Not tie,1X2,858.0,2026-06-23 07:07:39 UTC,858.0,1.8538,Yes,0x68E1818FF20BBe84F9be9E0A4A395FB11079Bd35
2026-06-25 20:00:00 UTC,Curaçao vs Ivory Coast,FIFA World Cup ,Ivory Coast -2,Asian Handicap (2),954.0,2026-06-23 07:05:34 UTC,954.0,1.5312,Yes,0x8268feC8dCb0D284343054BDf2b649286c9aA0a1
2026-06-25 20:00:00 UTC,Curaçao vs Ivory Coast,FIFA World Cup ,Ivory Coast -1,Asian Handicap (1),75.0,2026-06-23 06:59:02 UTC,75.0,1.8025,Yes,0xE4DD6165bFF7EE73D7932C3b478f7E22431e85E7
2026-06-28 02:00:00 UTC,Algeria vs Austria,FIFA World Cup ,Under 1.5,Under/Over (1.5),65.0,2026-06-23 06:52:47 UTC,65.0,1.3137,Yes,0xE4DD6165bFF7EE73D7932C3b478f7E22431e85E7
2026-06-28 02:00:00 UTC,Algeria vs Austria,FIFA World Cup ,Under 3.0,Under/Over (3),357.0,2026-06-23 06:52:47 UTC,357.0,1.745,Yes,0xE4DD6165bFF7EE73D7932C3b478f7E22431e85E7
2026-06-28 02:00:00 UTC,Algeria vs Austria,FIFA World Cup ,Under 2.0,Under/Over (2),185.0,2026-06-23 06:52:47 UTC,185.0,1.4475,Yes,0xE4DD6165bFF7EE73D7932C3b478f7E22431e85E7
2026-06-28 02:00:00 UTC,Algeria vs Austria,FIFA World Cup ,Not Algeria,1X2,47.0,2026-06-23 06:51:54 UTC,47.0,1.75,Yes,0x5B3498Cb20C3107B5B267fabd3601B6425BDeb42
2026-06-26 19:00:00 UTC,Norway vs France,FIFA World Cup ,Norway +2,Asian Handicap (2),317.0,2026-06-23 06:47:26 UTC,317.0,1.8137,Yes,0xE4DD6165bFF7EE73D7932C3b478f7E22431e85E7
2026-06-26 19:00:00 UTC,Norway vs France,FIFA World Cup ,Norway +2,Asian Handicap (2),60.0,2026-06-23 06:47:25 UTC,60.0,1.8137,Yes,0xE4DD6165bFF7EE73D7932C3b478f7E22431e85E7
2026-06-27 03:00:00 UTC,New Zealand vs Belgium,FIFA World Cup ,Over 2.0,Under/Over (2),105.0,2026-06-23 06:42:33 UTC,105.0,1.7738,Yes,0xE4DD6165bFF7EE73D7932C3b478f7E22431e85E7
2026-06-27 03:00:00 UTC,New Zealand vs Belgium,FIFA World Cup ,Over 3.0,Under/Over (3),67.0,2026-06-23 06:42:14 UTC,67.0,1.495,Yes,0xE4DD6165bFF7EE73D7932C3b478f7E22431e85E7
2026-06-26 19:00:00 UTC,Senegal vs Iraq,FIFA World Cup ,Iraq +2.5,Asian Handicap (-2.5),123.0,2026-06-23 06:41:33 UTC,123.0,1.6738,Yes,0xE4DD6165bFF7EE73D7932C3b478f7E22431e85E7
2026-06-26 19:00:00 UTC,Senegal vs Iraq,FIFA World Cup ,Iraq +2.5,Asian Handicap (-2.5),124.0,2026-06-23 06:41:33 UTC,124.0,1.6738,Yes,0xE4DD6165bFF7EE73D7932C3b478f7E22431e85E7
2026-06-27 21:00:00 UTC,Panama vs England,FIFA World Cup ,Panama +2,Asian Handicap (2),37.0,2026-06-23 06:39:08 UTC,37.0,1.5488,Yes,0xE4DD6165bFF7EE73D7932C3b478f7E22431e85E7
2026-06-27 21:00:00 UTC,Panama vs England,FIFA World Cup ,Panama +2,Asian Handicap (2),53.0,2026-06-23 06:39:07 UTC,53.0,1.5488,Yes,0xE4DD6165bFF7EE73D7932C3b478f7E22431e85E7
2026-06-27 21:00:00 UTC,Panama vs England,FIFA World Cup ,Panama +3,Asian Handicap (3),157.0,2026-06-23 06:39:06 UTC,157.0,1.7937,Yes,0xE4DD6165bFF7EE73D7932C3b478f7E22431e85E7
2026-06-27 21:00:00 UTC,Panama vs England,FIFA World Cup ,Panama +2,Asian Handicap (2),17.0,2026-06-23 06:39:06 UTC,17.0,1.5488,Yes,0xE4DD6165bFF7EE73D7932C3b478f7E22431e85E7
2026-06-27 21:00:00 UTC,Panama vs England,FIFA World Cup ,Panama +3.5,Asian Handicap (3.5),104.0,2026-06-23 06:39:05 UTC,104.0,1.83,Yes,0xE4DD6165bFF7EE73D7932C3b478f7E22431e85E7
2026-06-28 02:00:00 UTC,Algeria vs Austria,FIFA World Cup ,Under 2.5,Under/Over (2.5),52.0,2026-06-23 06:35:54 UTC,52.0,1.6162,Yes,0xE4DD6165bFF7EE73D7932C3b478f7E22431e85E7
2026-06-28 02:00:00 UTC,Jordan vs Argentina,FIFA World Cup ,Under 5.0,Under/Over (5),305.0,2026-06-23 06:34:33 UTC,305.0,1.9,Yes,0xe2C68b7ef85645e47F9b94382c3Db59b046945a2
2026-06-28 02:00:00 UTC,Jordan vs Argentina,FIFA World Cup ,Under 5.0,Under/Over (5),157.0,2026-06-23 06:34:31 UTC,157.0,1.9,Yes,0xe2C68b7ef85645e47F9b94382c3Db59b046945a2
2026-06-28 02:00:00 UTC,Jordan vs Argentina,FIFA World Cup ,Jordan +2.5,Asian Handicap (2.5),54.0,2026-06-23 06:28:39 UTC,54.0,1.6612,Yes,0xE4DD6165bFF7EE73D7932C3b478f7E22431e85E7
2026-06-28 02:00:00 UTC,Jordan vs Argentina,FIFA World Cup ,Jordan +2.5,Asian Handicap (2.5),90.0,2026-06-23 06:28:37 UTC,90.0,1.6612,Yes,0xE4DD6165bFF7EE73D7932C3b478f7E22431e85E7
2026-06-27 03:00:00 UTC,Egypt vs Iran,FIFA World Cup ,Under 1.5,Under/Over (1.5),74.0,2026-06-23 06:26:24 UTC,74.0,1.3613,Yes,0xE4DD6165bFF7EE73D7932C3b478f7E22431e85E7
2026-06-25 20:00:00 UTC,Ecuador vs Germany,FIFA World Cup ,Ecuador +1,Asian Handicap (1),128.0,2026-06-23 06:25:14 UTC,128.0,1.64,Yes,0xE4DD6165bFF7EE73D7932C3b478f7E22431e85E7
2026-06-26 19:00:00 UTC,Norway vs France,FIFA World Cup ,Over 2.5,Under/Over (2.5),97.0,2026-06-23 06:24:02 UTC,97.0,1.5775,Yes,0xE4DD6165bFF7EE73D7932C3b478f7E22431e85E7
2026-06-25 23:00:00 UTC,Tunisia vs Netherlands,FIFA World Cup ,Tunisia +2.5,Asian Handicap (2.5),109.0,2026-06-23 06:23:13 UTC,109.0,1.5362,Yes,0xE4DD6165bFF7EE73D7932C3b478f7E22431e85E7
2026-06-28 02:00:00 UTC,Algeria vs Austria,FIFA World Cup ,Under 2.5,Under/Over (2.5),71.0,2026-06-23 06:22:35 UTC,71.0,1.615,Yes,0x8268feC8dCb0D284343054BDf2b649286c9aA0a1
2026-06-27 23:30:00 UTC,Colombia vs Portugal,FIFA World Cup ,Under 3.5,Under/Over (3.5),107.0,2026-06-23 06:19:42 UTC,107.0,1.7563,Yes,0xE4DD6165bFF7EE73D7932C3b478f7E22431e85E7
2026-06-27 23:30:00 UTC,Colombia vs Portugal,FIFA World Cup ,Under 2.5,Under/Over (2.5),75.0,2026-06-23 06:19:20 UTC,75.0,1.5387,Yes,0x8268feC8dCb0D284343054BDf2b649286c9aA0a1
2026-06-28 02:00:00 UTC,Jordan vs Argentina,FIFA World Cup ,Not Jordan,1X2,529.0,2026-06-23 06:19:07 UTC,529.0,1.94,Yes,0xE4DD6165bFF7EE73D7932C3b478f7E22431e85E7
2026-06-27 03:00:00 UTC,Egypt vs Iran,FIFA World Cup ,Under 1.0,Under/Over (1),47.0,2026-06-23 06:19:02 UTC,47.0,1.1812,Yes,0xE4DD6165bFF7EE73D7932C3b478f7E22431e85E7
2026-06-27 03:00:00 UTC,Egypt vs Iran,FIFA World Cup ,Under 1.5,Under/Over (1.5),67.0,2026-06-23 06:19:02 UTC,67.0,1.3675,Yes,0xE4DD6165bFF7EE73D7932C3b478f7E22431e85E7
2026-06-27 03:00:00 UTC,Egypt vs Iran,FIFA World Cup ,Under 2.0,Under/Over (2),158.0,2026-06-23 06:19:01 UTC,158.0,1.51,Yes,0xE4DD6165bFF7EE73D7932C3b478f7E22431e85E7
2026-06-25 23:00:00 UTC,Japan vs Sweden,FIFA World Cup ,Under 2.5,Under/Over (2.5),662.0,2026-06-23 06:15:34 UTC,662.0,1.4512,Yes,0xe2C68b7ef85645e47F9b94382c3Db59b046945a2
2026-06-27 03:00:00 UTC,New Zealand vs Belgium,FIFA World Cup ,Under 2.0,Under/Over (2),0.0,2026-06-23 06:13:46 UTC,0.0,1.2188,Yes,0xE4DD6165bFF7EE73D7932C3b478f7E22431e85E7
2026-06-27 03:00:00 UTC,New Zealand vs Belgium,FIFA World Cup ,Under 2.0,Under/Over (2),48.0,2026-06-23 06:13:14 UTC,48.0,1.2212,Yes,0xE4DD6165bFF7EE73D7932C3b478f7E22431e85E7
2026-06-27 00:00:00 UTC,Uruguay vs Spain,FIFA World Cup ,Uruguay +1,Asian Handicap (1),69.0,2026-06-23 06:13:13 UTC,69.0,1.4688,Yes,0xE4DD6165bFF7EE73D7932C3b478f7E22431e85E7
2026-06-28 02:00:00 UTC,Jordan vs Argentina,FIFA World Cup ,Jordan +1.5,Asian Handicap (1.5),8.0,2026-06-23 06:04:40 UTC,8.0,1.4213,Yes,0xE4DD6165bFF7EE73D7932C3b478f7E22431e85E7
2026-06-27 00:00:00 UTC,Cape Verde vs Saudi Arabia,FIFA World Cup ,Saudi Arabia 0,Asian Handicap (0),0.0,2026-06-23 06:03:43 UTC,0.0,1.4387,Yes,0xE4DD6165bFF7EE73D7932C3b478f7E22431e85E7
2026-06-28 02:00:00 UTC,Algeria vs Austria,FIFA World Cup ,Under 2.0,Under/Over (2),144.0,2026-06-23 06:03:37 UTC,144.0,1.4575,Yes,0xE4DD6165bFF7EE73D7932C3b478f7E22431e85E7
2026-06-27 00:00:00 UTC,Cape Verde vs Saudi Arabia,FIFA World Cup ,Saudi Arabia 0,Asian Handicap (0),113.0,2026-06-23 06:03:10 UTC,113.0,1.4412,Yes,0xE4DD6165bFF7EE73D7932C3b478f7E22431e85E7
2026-06-28 02:00:00 UTC,Algeria vs Austria,FIFA World Cup ,Over 3.0,Under/Over (3),66.0,2026-06-23 05:53:57 UTC,66.0,1.2425,Yes,0xE4DD6165bFF7EE73D7932C3b478f7E22431e85E7
2026-06-28 02:00:00 UTC,Algeria vs Austria,FIFA World Cup ,Over 2.5,Under/Over (2.5),10.0,2026-06-23 05:53:54 UTC,10.0,1.375,Yes,0xE4DD6165bFF7EE73D7932C3b478f7E22431e85E7
2026-06-28 02:00:00 UTC,Jordan vs Argentina,FIFA World Cup ,Jordan,1X2,0.0,2026-06-23 05:50:37 UTC,0.0,1.0525,Yes,0xE4DD6165bFF7EE73D7932C3b478f7E22431e85E7
2026-06-28 02:00:00 UTC,Jordan vs Argentina,FIFA World Cup ,Jordan,1X2,0.0,2026-06-23 05:50:35 UTC,0.0,1.0525,Yes,0xE4DD6165bFF7EE73D7932C3b478f7E22431e85E7
2026-06-28 02:00:00 UTC,Jordan vs Argentina,FIFA World Cup ,Jordan,1X2,0.0,2026-06-23 05:50:34 UTC,0.0,1.0525,Yes,0xE4DD6165bFF7EE73D7932C3b478f7E22431e85E7
2026-06-28 02:00:00 UTC,Jordan vs Argentina,FIFA World Cup ,Jordan,1X2,2.0,2026-06-23 05:49:54 UTC,2.0,1.0613,Yes,0x740d5718a79A8559fEeE8B00922F8Cd773A81D84
2026-06-28 02:00:00 UTC,Jordan vs Argentina,FIFA World Cup ,Jordan,1X2,6.0,2026-06-23 05:49:53 UTC,6.0,1.0613,Yes,0x740d5718a79A8559fEeE8B00922F8Cd773A81D84
2026-06-28 02:00:00 UTC,Jordan vs Argentina,FIFA World Cup ,Jordan,1X2,13.0,2026-06-23 05:49:51 UTC,13.0,1.0613,Yes,0x740d5718a79A8559fEeE8B00922F8Cd773A81D84
2026-06-28 02:00:00 UTC,Algeria vs Austria,FIFA World Cup ,Not tie,1X2,21.0,2026-06-23 05:47:49 UTC,21.0,1.59,Yes,0x8268feC8dCb0D284343054BDf2b649286c9aA0a1
2026-06-28 02:00:00 UTC,Algeria vs Austria,FIFA World Cup ,Under 3.0,Under/Over (3),157.0,2026-06-23 05:37:38 UTC,157.0,1.7475,Yes,0xE4DD6165bFF7EE73D7932C3b478f7E22431e85E7
2026-06-26 19:00:00 UTC,Norway vs France,FIFA World Cup ,Over 2.5,Under/Over (2.5),45.0,2026-06-23 05:35:23 UTC,45.0,1.5775,Yes,0xE4DD6165bFF7EE73D7932C3b478f7E22431e85E7
2026-06-26 19:00:00 UTC,Norway vs France,FIFA World Cup ,Over 2.5,Under/Over (2.5),25.0,2026-06-23 05:35:22 UTC,25.0,1.5775,Yes,0xE4DD6165bFF7EE73D7932C3b478f7E22431e85E7
2026-06-26 19:00:00 UTC,Norway vs France,FIFA World Cup ,Over 2.5,Under/Over (2.5),1.0,2026-06-23 05:35:17 UTC,1.0,1.5775,Yes,0xE4DD6165bFF7EE73D7932C3b478f7E22431e85E7
2026-06-26 19:00:00 UTC,Norway vs France,FIFA World Cup ,Over 2.5,Under/Over (2.5),18.0,2026-06-23 05:34:50 UTC,18.0,1.5775,Yes,0xE4DD6165bFF7EE73D7932C3b478f7E22431e85E7
2026-06-26 19:00:00 UTC,Norway vs France,FIFA World Cup ,Over 2.5,Under/Over (2.5),1.0,2026-06-23 05:34:32 UTC,1.0,1.5775,Yes,0xE4DD6165bFF7EE73D7932C3b478f7E22431e85E7
2026-06-26 19:00:00 UTC,Norway vs France,FIFA World Cup ,Over 2.5,Under/Over (2.5),18.0,2026-06-23 05:34:07 UTC,18.0,1.5775,Yes,0xE4DD6165bFF7EE73D7932C3b478f7E22431e85E7
2026-06-26 02:00:00 UTC,Turkey vs USA,FIFA World Cup ,Turkey +1,Asian Handicap (1),50.0,2026-06-23 05:31:01 UTC,50.0,1.6313,Yes,0xe2C68b7ef85645e47F9b94382c3Db59b046945a2
2026-06-28 02:00:00 UTC,Jordan vs Argentina,FIFA World Cup ,Argentina -4,Asian Handicap (4),26.0,2026-06-23 05:29:48 UTC,26.0,1.0762,Yes,0xe2C68b7ef85645e47F9b94382c3Db59b046945a2
2026-06-28 02:00:00 UTC,Algeria vs Austria,FIFA World Cup ,Not tie,1X2,153.0,2026-06-23 05:23:12 UTC,153.0,1.59,Yes,0x8268feC8dCb0D284343054BDf2b649286c9aA0a1
2026-06-27 23:30:00 UTC,Colombia vs Portugal,FIFA World Cup ,Over 2.0,Under/Over (2),1.0,2026-06-23 05:14:28 UTC,1.0,1.61,Yes,0xE4DD6165bFF7EE73D7932C3b478f7E22431e85E7
2026-06-27 23:30:00 UTC,Colombia vs Portugal,FIFA World Cup ,Over 2.0,Under/Over (2),32.0,2026-06-23 05:13:43 UTC,32.0,1.6113,Yes,0xE4DD6165bFF7EE73D7932C3b478f7E22431e85E7
2026-06-28 02:00:00 UTC,Algeria vs Austria,FIFA World Cup ,Over 2.5,Under/Over (2.5),81.0,2026-06-23 05:12:40 UTC,81.0,1.3925,Yes,0x8268feC8dCb0D284343054BDf2b649286c9aA0a1
2026-06-28 02:00:00 UTC,Algeria vs Austria,FIFA World Cup ,Algeria,12,16.0,2026-06-23 05:08:52 UTC,16.0,1.4187,Yes,0xE4DD6165bFF7EE73D7932C3b478f7E22431e85E7
2026-06-28 02:00:00 UTC,Algeria vs Austria,FIFA World Cup ,Algeria 0,Asian Handicap (0),13.0,2026-06-23 05:07:48 UTC,13.0,1.42,Yes,0xE4DD6165bFF7EE73D7932C3b478f7E22431e85E7
2026-06-28 02:00:00 UTC,Jordan vs Argentina,FIFA World Cup ,Jordan +2,Asian Handicap (2),165.0,2026-06-23 05:06:49 UTC,165.0,1.5637,Yes,0xE4DD6165bFF7EE73D7932C3b478f7E22431e85E7
2026-06-26 19:00:00 UTC,Norway vs France,FIFA World Cup ,Tie,1X2,0.0,2026-06-23 05:05:46 UTC,0.0,1.225,Yes,0x68E1818FF20BBe84F9be9E0A4A395FB11079Bd35
2026-06-26 19:00:00 UTC,Norway vs France,FIFA World Cup ,Tie,1X2,0.0,2026-06-23 05:05:44 UTC,0.0,1.225,Yes,0x68E1818FF20BBe84F9be9E0A4A395FB11079Bd35
2026-06-26 19:00:00 UTC,Norway vs France,FIFA World Cup ,Tie,1X2,4.0,2026-06-23 05:05:40 UTC,4.0,1.225,Yes,0x68E1818FF20BBe84F9be9E0A4A395FB11079Bd35
2026-06-26 19:00:00 UTC,Norway vs France,FIFA World Cup ,Tie,1X2,5.0,2026-06-23 05:05:39 UTC,5.0,1.225,Yes,0x68E1818FF20BBe84F9be9E0A4A395FB11079Bd35
2026-06-26 19:00:00 UTC,Norway vs France,FIFA World Cup ,Tie,1X2,0.0,2026-06-23 05:04:58 UTC,0.0,1.225,Yes,0x68E1818FF20BBe84F9be9E0A4A395FB11079Bd35
2026-06-26 19:00:00 UTC,Norway vs France,FIFA World Cup ,Tie,1X2,0.0,2026-06-23 05:04:56 UTC,0.0,1.225,Yes,0x68E1818FF20BBe84F9be9E0A4A395FB11079Bd35
2026-06-26 19:00:00 UTC,Norway vs France,FIFA World Cup ,Tie,1X2,0.0,2026-06-23 05:04:55 UTC,0.0,1.225,Yes,0x68E1818FF20BBe84F9be9E0A4A395FB11079Bd35
2026-06-26 19:00:00 UTC,Norway vs France,FIFA World Cup ,Tie,1X2,0.0,2026-06-23 05:04:53 UTC,0.0,1.225,Yes,0x68E1818FF20BBe84F9be9E0A4A395FB11079Bd35
2026-06-26 19:00:00 UTC,Norway vs France,FIFA World Cup ,Tie,1X2,0.0,2026-06-23 05:04:51 UTC,0.0,1.225,Yes,0x68E1818FF20BBe84F9be9E0A4A395FB11079Bd35
2026-06-26 19:00:00 UTC,Norway vs France,FIFA World Cup ,Tie,1X2,0.0,2026-06-23 05:04:50 UTC,0.0,1.225,Yes,0x68E1818FF20BBe84F9be9E0A4A395FB11079Bd35
2026-06-26 19:00:00 UTC,Norway vs France,FIFA World Cup ,Tie,1X2,4.0,2026-06-23 05:04:33 UTC,4.0,1.225,Yes,0x68E1818FF20BBe84F9be9E0A4A395FB11079Bd35
2026-06-26 19:00:00 UTC,Norway vs France,FIFA World Cup ,Tie,1X2,18.0,2026-06-23 05:04:31 UTC,18.0,1.225,Yes,0x68E1818FF20BBe84F9be9E0A4A395FB11079Bd35
2026-06-26 19:00:00 UTC,Norway vs France,FIFA World Cup ,Tie,1X2,4.0,2026-06-23 05:04:30 UTC,4.0,1.225,Yes,0x68E1818FF20BBe84F9be9E0A4A395FB11079Bd35
2026-06-26 19:00:00 UTC,Norway vs France,FIFA World Cup ,Tie,1X2,4.0,2026-06-23 05:04:25 UTC,4.0,1.225,Yes,0x68E1818FF20BBe84F9be9E0A4A395FB11079Bd35
2026-06-26 19:00:00 UTC,Norway vs France,FIFA World Cup ,Tie,1X2,4.0,2026-06-23 05:04:23 UTC,4.0,1.225,Yes,0x68E1818FF20BBe84F9be9E0A4A395FB11079Bd35
2026-06-26 19:00:00 UTC,Norway vs France,FIFA World Cup ,Tie,1X2,3.0,2026-06-23 05:04:22 UTC,3.0,1.225,Yes,0x68E1818FF20BBe84F9be9E0A4A395FB11079Bd35
2026-06-25 20:00:00 UTC,Ecuador vs Germany,FIFA World Cup ,Ecuador,1X2,0.0,2026-06-23 05:02:45 UTC,0.0,1.2463,Yes,0x68E1818FF20BBe84F9be9E0A4A395FB11079Bd35
2026-06-25 20:00:00 UTC,Ecuador vs Germany,FIFA World Cup ,Ecuador,1X2,116.0,2026-06-23 05:02:18 UTC,116.0,1.2475,Yes,0x68E1818FF20BBe84F9be9E0A4A395FB11079Bd35
2026-06-25 20:00:00 UTC,Ecuador vs Germany,FIFA World Cup ,Ecuador +1,Asian Handicap (1),151.0,2026-06-23 05:02:16 UTC,151.0,1.64,Yes,0xE4DD6165bFF7EE73D7932C3b478f7E22431e85E7
2026-06-25 20:00:00 UTC,Curaçao vs Ivory Coast,FIFA World Cup ,Not Curaçao,1X2,18.0,2026-06-23 05:01:30 UTC,18.0,1.9487,Yes,0xe2C68b7ef85645e47F9b94382c3Db59b046945a2
2026-06-25 23:00:00 UTC,Tunisia vs Netherlands,FIFA World Cup ,Netherlands -2,Asian Handicap (2),1012.0,2026-06-23 04:57:25 UTC,1012.0,1.5863,Yes,0x8268feC8dCb0D284343054BDf2b649286c9aA0a1
2026-06-28 02:00:00 UTC,Algeria vs Austria,FIFA World Cup ,Over 0.5,Under/Over (0.5),153.0,2026-06-23 04:56:12 UTC,153.0,1.87,Yes,0x8268feC8dCb0D284343054BDf2b649286c9aA0a1
2026-06-28 02:00:00 UTC,Algeria vs Austria,FIFA World Cup ,Under 2.0,Under/Over (2),112.0,2026-06-23 04:50:19 UTC,112.0,1.4038,Yes,0xE4DD6165bFF7EE73D7932C3b478f7E22431e85E7
2026-06-28 02:00:00 UTC,Algeria vs Austria,FIFA World Cup ,Under 2.5,Under/Over (2.5),25.0,2026-06-23 04:50:18 UTC,25.0,1.565,Yes,0xE4DD6165bFF7EE73D7932C3b478f7E22431e85E7
2026-06-28 02:00:00 UTC,Algeria vs Austria,FIFA World Cup ,Under 2.0,Under/Over (2),35.0,2026-06-23 04:50:18 UTC,35.0,1.4038,Yes,0xE4DD6165bFF7EE73D7932C3b478f7E22431e85E7
2026-06-25 23:00:00 UTC,Tunisia vs Netherlands,FIFA World Cup ,Netherlands -2,Asian Handicap (2),1014.0,2026-06-23 04:49:35 UTC,1014.0,1.5875,Yes,0x8268feC8dCb0D284343054BDf2b649286c9aA0a1
2026-06-28 02:00:00 UTC,Algeria vs Austria,FIFA World Cup ,Under 3.0,Under/Over (3),34.0,2026-06-23 04:48:37 UTC,34.0,1.7063,Yes,0xE4DD6165bFF7EE73D7932C3b478f7E22431e85E7
2026-06-27 23:30:00 UTC,Colombia vs Portugal,FIFA World Cup ,Over 3.0,Under/Over (3),0.0,2026-06-23 04:48:35 UTC,0.0,1.3,Yes,0xE4DD6165bFF7EE73D7932C3b478f7E22431e85E7
2026-06-27 23:30:00 UTC,Colombia vs Portugal,FIFA World Cup ,Over 3.5,Under/Over (3.5),0.0,2026-06-23 04:48:34 UTC,0.0,1.2325,Yes,0xE4DD6165bFF7EE73D7932C3b478f7E22431e85E7
2026-06-28 02:00:00 UTC,Algeria vs Austria,FIFA World Cup ,Under 3.0,Under/Over (3),43.0,2026-06-23 04:48:29 UTC,43.0,1.7063,Yes,0xE4DD6165bFF7EE73D7932C3b478f7E22431e85E7
2026-06-27 23:30:00 UTC,Colombia vs Portugal,FIFA World Cup ,Over 3.0,Under/Over (3),12.0,2026-06-23 04:47:45 UTC,12.0,1.3013,Yes,0xE4DD6165bFF7EE73D7932C3b478f7E22431e85E7
2026-06-27 23:30:00 UTC,Colombia vs Portugal,FIFA World Cup ,Over 3.5,Under/Over (3.5),23.0,2026-06-23 04:47:42 UTC,23.0,1.235,Yes,0xE4DD6165bFF7EE73D7932C3b478f7E22431e85E7
2026-06-28 02:00:00 UTC,Algeria vs Austria,FIFA World Cup ,Over 4.5,Under/Over (4.5),64.0,2026-06-23 04:47:20 UTC,64.0,1.0888,Yes,0xE4DD6165bFF7EE73D7932C3b478f7E22431e85E7
2026-06-25 23:00:00 UTC,Tunisia vs Netherlands,FIFA World Cup ,Netherlands -2,Asian Handicap (2),162.0,2026-06-23 04:47:16 UTC,162.0,1.5888,Yes,0xE4DD6165bFF7EE73D7932C3b478f7E22431e85E7
2026-06-25 23:00:00 UTC,Tunisia vs Netherlands,FIFA World Cup ,Under 6.5,Under/Over (6.5),65.0,2026-06-23 04:47:14 UTC,65.0,1.9438,Yes,0xe2C68b7ef85645e47F9b94382c3Db59b046945a2
2026-06-28 02:00:00 UTC,Algeria vs Austria,FIFA World Cup ,Over 4.5,Under/Over (4.5),4.0,2026-06-23 04:46:57 UTC,4.0,1.0962,Yes,0xE4DD6165bFF7EE73D7932C3b478f7E22431e85E7
2026-06-28 02:00:00 UTC,Algeria vs Austria,FIFA World Cup ,Over 3.0,Under/Over (3),71.0,2026-06-23 04:46:54 UTC,71.0,1.2913,Yes,0xE4DD6165bFF7EE73D7932C3b478f7E22431e85E7
2026-06-28 02:00:00 UTC,Algeria vs Austria,FIFA World Cup ,Tie,1X2,164.0,2026-06-23 04:46:17 UTC,164.0,1.365,Yes,0xE4DD6165bFF7EE73D7932C3b478f7E22431e85E7
2026-06-28 02:00:00 UTC,Algeria vs Austria,FIFA World Cup ,Tie,1X2,17.0,2026-06-23 04:46:15 UTC,17.0,1.365,Yes,0xE4DD6165bFF7EE73D7932C3b478f7E22431e85E7
2026-06-28 02:00:00 UTC,Algeria vs Austria,FIFA World Cup ,Not Austria,1X2,206.0,2026-06-23 04:46:10 UTC,206.0,1.6362,Yes,0xE4DD6165bFF7EE73D7932C3b478f7E22431e85E7
2026-06-28 02:00:00 UTC,Algeria vs Austria,FIFA World Cup ,Under 2.0,Under/Over (2),59.0,2026-06-23 04:46:05 UTC,59.0,1.3925,Yes,0xE4DD6165bFF7EE73D7932C3b478f7E22431e85E7
2026-06-28 02:00:00 UTC,Algeria vs Austria,FIFA World Cup ,Algeria,12,13.0,2026-06-23 04:45:54 UTC,13.0,1.4187,Yes,0xE4DD6165bFF7EE73D7932C3b478f7E22431e85E7
2026-06-28 02:00:00 UTC,Algeria vs Austria,FIFA World Cup ,Algeria 0,Asian Handicap (0),35.0,2026-06-23 04:45:31 UTC,35.0,1.425,Yes,0xE4DD6165bFF7EE73D7932C3b478f7E22431e85E7
2026-06-28 02:00:00 UTC,Algeria vs Austria,FIFA World Cup ,Under 3.0,Under/Over (3),50.0,2026-06-23 04:45:30 UTC,50.0,1.6963,Yes,0xE4DD6165bFF7EE73D7932C3b478f7E22431e85E7
2026-06-28 02:00:00 UTC,Algeria vs Austria,FIFA World Cup ,Algeria 0,Asian Handicap (0),13.0,2026-06-23 04:45:29 UTC,13.0,1.425,Yes,0xE4DD6165bFF7EE73D7932C3b478f7E22431e85E7
2026-06-28 02:00:00 UTC,Algeria vs Austria,FIFA World Cup ,Algeria 0,Asian Handicap (0),19.0,2026-06-23 04:45:27 UTC,19.0,1.425,Yes,0xE4DD6165bFF7EE73D7932C3b478f7E22431e85E7
2026-06-28 02:00:00 UTC,Algeria vs Austria,FIFA World Cup ,Under 2.0,Under/Over (2),108.0,2026-06-23 04:45:15 UTC,108.0,1.4062,Yes,0xE4DD6165bFF7EE73D7932C3b478f7E22431e85E7
2026-06-28 02:00:00 UTC,Algeria vs Austria,FIFA World Cup ,Under 2.0,Under/Over (2),13.0,2026-06-23 04:45:14 UTC,13.0,1.4062,Yes,0xE4DD6165bFF7EE73D7932C3b478f7E22431e85E7
2026-06-28 02:00:00 UTC,Algeria vs Austria,FIFA World Cup ,Under 4.5,Under/Over (4.5),364.0,2026-06-23 04:45:13 UTC,364.0,1.9,Yes,0xE4DD6165bFF7EE73D7932C3b478f7E22431e85E7
2026-06-28 02:00:00 UTC,Algeria vs Austria,FIFA World Cup ,Under 4.0,Under/Over (4),642.0,2026-06-23 04:45:12 UTC,642.0,1.8862,Yes,0xE4DD6165bFF7EE73D7932C3b478f7E22431e85E7
2026-06-28 02:00:00 UTC,Algeria vs Austria,FIFA World Cup ,Under 2.0,Under/Over (2),14.0,2026-06-23 04:45:12 UTC,14.0,1.4062,Yes,0xE4DD6165bFF7EE73D7932C3b478f7E22431e85E7
2026-06-28 02:00:00 UTC,Algeria vs Austria,FIFA World Cup ,Under 4.5,Under/Over (4.5),355.0,2026-06-23 04:45:12 UTC,355.0,1.9,Yes,0xE4DD6165bFF7EE73D7932C3b478f7E22431e85E7
2026-06-28 02:00:00 UTC,Algeria vs Austria,FIFA World Cup ,Austria,1X2,50.0,2026-06-23 04:45:12 UTC,50.0,1.35,Yes,0x740d5718a79A8559fEeE8B00922F8Cd773A81D84
2026-06-28 02:00:00 UTC,Algeria vs Austria,FIFA World Cup ,Over 2.5,Under/Over (2.5),0.0,2026-06-23 04:45:02 UTC,0.0,1.43,Yes,0x8268feC8dCb0D284343054BDf2b649286c9aA0a1
2026-06-28 02:00:00 UTC,Algeria vs Austria,FIFA World Cup ,Over 2.5,Under/Over (2.5),75.0,2026-06-23 04:45:00 UTC,75.0,1.43,Yes,0x8268feC8dCb0D284343054BDf2b649286c9aA0a1
2026-06-28 02:00:00 UTC,Algeria vs Austria,FIFA World Cup ,Algeria -1.5,Asian Handicap (-1.5),50.0,2026-06-23 04:44:21 UTC,50.0,1.0975,Yes,0xE4DD6165bFF7EE73D7932C3b478f7E22431e85E7
2026-06-28 02:00:00 UTC,Algeria vs Austria,FIFA World Cup ,Algeria -1.5,Asian Handicap (-1.5),15.0,2026-06-23 04:44:20 UTC,15.0,1.0975,Yes,0xE4DD6165bFF7EE73D7932C3b478f7E22431e85E7
2026-06-28 02:00:00 UTC,Algeria vs Austria,FIFA World Cup ,Over 1.5,Under/Over (1.5),221.0,2026-06-23 04:44:20 UTC,221.0,1.6975,Yes,0xE4DD6165bFF7EE73D7932C3b478f7E22431e85E7
2026-06-28 02:00:00 UTC,Algeria vs Austria,FIFA World Cup ,Not tie,1X2,560.0,2026-06-23 04:44:20 UTC,560.0,1.6475,Yes,0x5B3498Cb20C3107B5B267fabd3601B6425BDeb42
2026-06-28 02:00:00 UTC,Algeria vs Austria,FIFA World Cup ,Over 2.5,Under/Over (2.5),151.0,2026-06-23 04:44:19 UTC,151.0,1.4325,Yes,0xE4DD6165bFF7EE73D7932C3b478f7E22431e85E7
2026-06-28 02:00:00 UTC,Algeria vs Austria,FIFA World Cup ,Austria -1.5,Asian Handicap (1.5),58.0,2026-06-23 04:44:18 UTC,58.0,1.155,Yes,0xE4DD6165bFF7EE73D7932C3b478f7E22431e85E7
2026-06-28 02:00:00 UTC,Algeria vs Austria,FIFA World Cup ,Over 1.0,Under/Over (1),168.0,2026-06-23 04:44:18 UTC,168.0,1.8638,Yes,0xE4DD6165bFF7EE73D7932C3b478f7E22431e85E7
2026-06-28 02:00:00 UTC,Algeria vs Austria,FIFA World Cup ,Austria -1,Asian Handicap (1),67.0,2026-06-23 04:44:18 UTC,67.0,1.1987,Yes,0xE4DD6165bFF7EE73D7932C3b478f7E22431e85E7
2026-06-28 02:00:00 UTC,Jordan vs Argentina,FIFA World Cup ,Argentina -4,Asian Handicap (4),0.0,2026-06-23 04:36:57 UTC,0.0,1.0688,Yes,0xE4DD6165bFF7EE73D7932C3b478f7E22431e85E7
2026-06-28 02:00:00 UTC,Jordan vs Argentina,FIFA World Cup ,Argentina -4,Asian Handicap (4),0.0,2026-06-23 04:36:56 UTC,0.0,1.0688,Yes,0xE4DD6165bFF7EE73D7932C3b478f7E22431e85E7
2026-06-26 19:00:00 UTC,Norway vs France,FIFA World Cup ,Tie,1X2,0.0,2026-06-23 04:36:08 UTC,0.0,1.225,Yes,0x68E1818FF20BBe84F9be9E0A4A395FB11079Bd35
2026-06-26 19:00:00 UTC,Norway vs France,FIFA World Cup ,Tie,1X2,0.0,2026-06-23 04:36:06 UTC,0.0,1.225,Yes,0x68E1818FF20BBe84F9be9E0A4A395FB11079Bd35
2026-06-26 19:00:00 UTC,Norway vs France,FIFA World Cup ,Tie,1X2,0.0,2026-06-23 04:36:04 UTC,0.0,1.225,Yes,0x68E1818FF20BBe84F9be9E0A4A395FB11079Bd35
2026-06-26 19:00:00 UTC,Norway vs France,FIFA World Cup ,Tie,1X2,0.0,2026-06-23 04:36:02 UTC,0.0,1.225,Yes,0x68E1818FF20BBe84F9be9E0A4A395FB11079Bd35
2026-06-25 20:00:00 UTC,Ecuador vs Germany,FIFA World Cup ,Not Germany,1X2,30.0,2026-06-23 04:36:01 UTC,30.0,1.4838,Yes,0xE4DD6165bFF7EE73D7932C3b478f7E22431e85E7
2026-06-26 19:00:00 UTC,Norway vs France,FIFA World Cup ,Tie,1X2,0.0,2026-06-23 04:36:00 UTC,0.0,1.225,Yes,0x68E1818FF20BBe84F9be9E0A4A395FB11079Bd35
2026-06-28 02:00:00 UTC,Jordan vs Argentina,FIFA World Cup ,Argentina -4,Asian Handicap (4),1.0,2026-06-23 04:35:58 UTC,1.0,1.0688,Yes,0xE4DD6165bFF7EE73D7932C3b478f7E22431e85E7
2026-06-28 02:00:00 UTC,Jordan vs Argentina,FIFA World Cup ,Argentina -4,Asian Handicap (4),1.0,2026-06-23 04:35:57 UTC,1.0,1.0688,Yes,0xE4DD6165bFF7EE73D7932C3b478f7E22431e85E7
2026-06-27 03:00:00 UTC,Egypt vs Iran,FIFA World Cup ,Under 1.5,Under/Over (1.5),0.0,2026-06-23 04:35:55 UTC,0.0,1.3625,Yes,0xE4DD6165bFF7EE73D7932C3b478f7E22431e85E7
2026-06-27 03:00:00 UTC,Egypt vs Iran,FIFA World Cup ,Iran,1X2,0.0,2026-06-23 04:35:52 UTC,0.0,1.245,Yes,0x68E1818FF20BBe84F9be9E0A4A395FB11079Bd35
2026-06-26 19:00:00 UTC,Norway vs France,FIFA World Cup ,Tie,1X2,3.0,2026-06-23 04:35:42 UTC,3.0,1.225,Yes,0x68E1818FF20BBe84F9be9E0A4A395FB11079Bd35
2026-06-26 19:00:00 UTC,Norway vs France,FIFA World Cup ,Tie,1X2,3.0,2026-06-23 04:35:40 UTC,3.0,1.225,Yes,0x68E1818FF20BBe84F9be9E0A4A395FB11079Bd35
2026-06-26 19:00:00 UTC,Norway vs France,FIFA World Cup ,Tie,1X2,4.0,2026-06-23 04:35:38 UTC,4.0,1.225,Yes,0x68E1818FF20BBe84F9be9E0A4A395FB11079Bd35
2026-06-26 19:00:00 UTC,Norway vs France,FIFA World Cup ,Tie,1X2,4.0,2026-06-23 04:35:35 UTC,4.0,1.225,Yes,0x68E1818FF20BBe84F9be9E0A4A395FB11079Bd35
2026-06-26 19:00:00 UTC,Norway vs France,FIFA World Cup ,Tie,1X2,4.0,2026-06-23 04:35:33 UTC,4.0,1.225,Yes,0x68E1818FF20BBe84F9be9E0A4A395FB11079Bd35
2026-06-27 03:00:00 UTC,Egypt vs Iran,FIFA World Cup ,Under 1.5,Under/Over (1.5),68.0,2026-06-23 04:35:17 UTC,68.0,1.3638,Yes,0xE4DD6165bFF7EE73D7932C3b478f7E22431e85E7
2026-06-27 03:00:00 UTC,Egypt vs Iran,FIFA World Cup ,Iran,1X2,96.0,2026-06-23 04:35:15 UTC,96.0,1.245,Yes,0x68E1818FF20BBe84F9be9E0A4A395FB11079Bd35
2026-06-26 02:00:00 UTC,Turkey vs USA,FIFA World Cup ,USA,1X2,226.0,2026-06-23 04:26:11 UTC,226.0,1.5075,Yes,0x68E1818FF20BBe84F9be9E0A4A395FB11079Bd35
2026-06-26 02:00:00 UTC,Turkey vs USA,FIFA World Cup ,USA,1X2,209.0,2026-06-23 04:26:09 UTC,209.0,1.5075,Yes,0x68E1818FF20BBe84F9be9E0A4A395FB11079Bd35
2026-06-26 19:00:00 UTC,Norway vs France,FIFA World Cup ,Not Norway,1X2,309.0,2026-06-23 04:21:21 UTC,309.0,1.7925,Yes,0xE4DD6165bFF7EE73D7932C3b478f7E22431e85E7
2026-06-25 20:00:00 UTC,Ecuador vs Germany,FIFA World Cup ,Not Germany,1X2,24.0,2026-06-23 04:19:23 UTC,24.0,1.4838,Yes,0x8268feC8dCb0D284343054BDf2b649286c9aA0a1
2026-06-27 03:00:00 UTC,New Zealand vs Belgium,FIFA World Cup ,Under 2.5,Under/Over (2.5),0.0,2026-06-23 04:11:05 UTC,0.0,1.385,Yes,0xE4DD6165bFF7EE73D7932C3b478f7E22431e85E7
2026-06-28 02:00:00 UTC,Jordan vs Argentina,FIFA World Cup ,Jordan +2.5,Asian Handicap (2.5),1.0,2026-06-23 04:11:03 UTC,1.0,1.6625,Yes,0xE4DD6165bFF7EE73D7932C3b478f7E22431e85E7
2026-06-27 03:00:00 UTC,New Zealand vs Belgium,FIFA World Cup ,Under 2.5,Under/Over (2.5),73.0,2026-06-23 04:10:35 UTC,73.0,1.3887,Yes,0xE4DD6165bFF7EE73D7932C3b478f7E22431e85E7
2026-06-28 02:00:00 UTC,Jordan vs Argentina,FIFA World Cup ,Jordan +2.5,Asian Handicap (2.5),26.0,2026-06-23 04:10:35 UTC,26.0,1.6625,Yes,0xE4DD6165bFF7EE73D7932C3b478f7E22431e85E7
2026-06-28 02:00:00 UTC,Algeria vs Austria,FIFA World Cup ,Not Austria,1X2,129.0,2026-06-23 04:07:27 UTC,129.0,1.6175,Yes,0x5B3498Cb20C3107B5B267fabd3601B6425BDeb42
2026-06-28 02:00:00 UTC,Algeria vs Austria,FIFA World Cup ,Over 2.5,Under/Over (2.5),140.0,2026-06-23 04:07:26 UTC,140.0,1.435,Yes,0xE4DD6165bFF7EE73D7932C3b478f7E22431e85E7
2026-06-26 02:00:00 UTC,Paraguay vs Australia,FIFA World Cup ,Over 4.5,Under/Over (4.5),21.0,2026-06-23 04:04:23 UTC,21.0,1.05,Yes,0xE4DD6165bFF7EE73D7932C3b478f7E22431e85E7
2026-06-25 20:00:00 UTC,Ecuador vs Germany,FIFA World Cup ,Ecuador +0.5,Asian Handicap (0.5),0.0,2026-06-23 04:03:59 UTC,0.0,1.4838,Yes,0xE4DD6165bFF7EE73D7932C3b478f7E22431e85E7
2026-06-25 20:00:00 UTC,Ecuador vs Germany,FIFA World Cup ,Ecuador +1,Asian Handicap (1),141.0,2026-06-23 04:03:48 UTC,141.0,1.6438,Yes,0xE4DD6165bFF7EE73D7932C3b478f7E22431e85E7
2026-06-25 20:00:00 UTC,Ecuador vs Germany,FIFA World Cup ,Not Germany,1X2,122.0,2026-06-23 04:03:46 UTC,122.0,1.4875,Yes,0xE4DD6165bFF7EE73D7932C3b478f7E22431e85E7
2026-06-25 20:00:00 UTC,Ecuador vs Germany,FIFA World Cup ,Ecuador +0.5,Asian Handicap (0.5),123.0,2026-06-23 04:03:46 UTC,123.0,1.4863,Yes,0xE4DD6165bFF7EE73D7932C3b478f7E22431e85E7
2026-06-28 02:00:00 UTC,Algeria vs Austria,FIFA World Cup ,Under 4.0,Under/Over (4),128.0,2026-06-23 03:53:31 UTC,128.0,1.8862,Yes,0xE4DD6165bFF7EE73D7932C3b478f7E22431e85E7
2026-06-28 02:00:00 UTC,Algeria vs Austria,FIFA World Cup ,Under 2.5,Under/Over (2.5),54.0,2026-06-23 03:53:31 UTC,54.0,1.5575,Yes,0xE4DD6165bFF7EE73D7932C3b478f7E22431e85E7
2026-06-28 02:00:00 UTC,Algeria vs Austria,FIFA World Cup ,Under 1.0,Under/Over (1),9.0,2026-06-23 03:53:31 UTC,9.0,1.125,Yes,0xE4DD6165bFF7EE73D7932C3b478f7E22431e85E7
2026-06-28 02:00:00 UTC,Algeria vs Austria,FIFA World Cup ,Under 2.0,Under/Over (2),162.0,2026-06-23 03:53:31 UTC,162.0,1.4025,Yes,0xE4DD6165bFF7EE73D7932C3b478f7E22431e85E7
2026-06-27 03:00:00 UTC,Egypt vs Iran,FIFA World Cup ,Not Iran,1X2,287.0,2026-06-23 03:53:13 UTC,287.0,1.7538,Yes,0xE4DD6165bFF7EE73D7932C3b478f7E22431e85E7
2026-06-28 02:00:00 UTC,Jordan vs Argentina,FIFA World Cup ,Not Argentina,1X2,0.0,2026-06-23 03:53:11 UTC,0.0,1.2012,Yes,0xe2C68b7ef85645e47F9b94382c3Db59b046945a2
2026-06-28 02:00:00 UTC,Jordan vs Argentina,FIFA World Cup ,Not Argentina,1X2,4.0,2026-06-23 03:52:28 UTC,4.0,1.2012,Yes,0xe2C68b7ef85645e47F9b94382c3Db59b046945a2
2026-06-28 02:00:00 UTC,Jordan vs Argentina,FIFA World Cup ,Jordan +1,Asian Handicap (1),0.0,2026-06-23 03:51:39 UTC,0.0,1.2625,Yes,0xe2C68b7ef85645e47F9b94382c3Db59b046945a2
2026-06-28 02:00:00 UTC,Jordan vs Argentina,FIFA World Cup ,Jordan +1,Asian Handicap (1),75.0,2026-06-23 03:51:23 UTC,75.0,1.265,Yes,0xE4DD6165bFF7EE73D7932C3b478f7E22431e85E7
2026-06-28 02:00:00 UTC,Algeria vs Austria,FIFA World Cup ,Under 2.0,Under/Over (2),0.0,2026-06-23 03:50:52 UTC,0.0,1.4025,Yes,0xE4DD6165bFF7EE73D7932C3b478f7E22431e85E7
2026-06-28 02:00:00 UTC,Algeria vs Austria,FIFA World Cup ,Under 2.0,Under/Over (2),33.0,2026-06-23 03:50:33 UTC,33.0,1.405,Yes,0xE4DD6165bFF7EE73D7932C3b478f7E22431e85E7
2026-06-28 02:00:00 UTC,Algeria vs Austria,FIFA World Cup ,Austria -1.5,Asian Handicap (1.5),0.0,2026-06-23 03:49:05 UTC,0.0,1.1513,Yes,0xE4DD6165bFF7EE73D7932C3b478f7E22431e85E7
2026-06-28 02:00:00 UTC,Algeria vs Austria,FIFA World Cup ,Austria -1.5,Asian Handicap (1.5),0.0,2026-06-23 03:49:03 UTC,0.0,1.1513,Yes,0xE4DD6165bFF7EE73D7932C3b478f7E22431e85E7
2026-06-28 02:00:00 UTC,Algeria vs Austria,FIFA World Cup ,Austria -1,Asian Handicap (1),50.0,2026-06-23 03:48:20 UTC,50.0,1.2012,Yes,0xE4DD6165bFF7EE73D7932C3b478f7E22431e85E7
2026-06-28 02:00:00 UTC,Algeria vs Austria,FIFA World Cup ,Austria -1.5,Asian Handicap (1.5),47.0,2026-06-23 03:48:19 UTC,47.0,1.1575,Yes,0xE4DD6165bFF7EE73D7932C3b478f7E22431e85E7
2026-06-28 02:00:00 UTC,Algeria vs Austria,FIFA World Cup ,Austria -1.5,Asian Handicap (1.5),10.0,2026-06-23 03:48:18 UTC,10.0,1.1575,Yes,0xE4DD6165bFF7EE73D7932C3b478f7E22431e85E7
2026-06-28 02:00:00 UTC,Algeria vs Austria,FIFA World Cup ,Austria -1,Asian Handicap (1),17.0,2026-06-23 03:48:18 UTC,17.0,1.2012,Yes,0xE4DD6165bFF7EE73D7932C3b478f7E22431e85E7
2026-06-27 00:00:00 UTC,Cape Verde vs Saudi Arabia,FIFA World Cup ,Not Saudi Arabia,1X2,11.0,2026-06-23 03:46:49 UTC,11.0,1.6763,Yes,0x8268feC8dCb0D284343054BDf2b649286c9aA0a1
2026-06-28 02:00:00 UTC,Algeria vs Austria,FIFA World Cup ,Under 2.5,Under/Over (2.5),2.0,2026-06-23 03:46:35 UTC,2.0,1.5713,Yes,0xE4DD6165bFF7EE73D7932C3b478f7E22431e85E7
2026-06-28 02:00:00 UTC,Algeria vs Austria,FIFA World Cup ,Under 2.5,Under/Over (2.5),205.0,2026-06-23 03:46:34 UTC,205.0,1.5713,Yes,0xE4DD6165bFF7EE73D7932C3b478f7E22431e85E7
2026-06-28 02:00:00 UTC,Algeria vs Austria,FIFA World Cup ,Under 3.0,Under/Over (3),313.0,2026-06-23 03:46:34 UTC,313.0,1.7188,Yes,0xE4DD6165bFF7EE73D7932C3b478f7E22431e85E7
2026-06-27 21:00:00 UTC,Panama vs England,FIFA World Cup ,Over 3.0,Under/Over (3),0.0,2026-06-23 03:41:52 UTC,0.0,1.4788,Yes,0xE4DD6165bFF7EE73D7932C3b478f7E22431e85E7
2026-06-27 21:00:00 UTC,Panama vs England,FIFA World Cup ,Over 3.0,Under/Over (3),16.0,2026-06-23 03:41:33 UTC,16.0,1.48,Yes,0xE4DD6165bFF7EE73D7932C3b478f7E22431e85E7
2026-06-26 19:00:00 UTC,Norway vs France,FIFA World Cup ,Under 4.0,Under/Over (4),20.0,2026-06-23 03:38:23 UTC,20.0,1.785,Yes,0xE4DD6165bFF7EE73D7932C3b478f7E22431e85E7
2026-06-28 02:00:00 UTC,Algeria vs Austria,FIFA World Cup ,Austria -1,Asian Handicap (1),35.0,2026-06-23 03:38:12 UTC,35.0,1.2012,Yes,0xE4DD6165bFF7EE73D7932C3b478f7E22431e85E7
2026-06-28 02:00:00 UTC,Algeria vs Austria,FIFA World Cup ,Austria -1.5,Asian Handicap (1.5),10.0,2026-06-23 03:38:11 UTC,10.0,1.1587,Yes,0xE4DD6165bFF7EE73D7932C3b478f7E22431e85E7
2026-06-28 02:00:00 UTC,Algeria vs Austria,FIFA World Cup ,Austria -1,Asian Handicap (1),10.0,2026-06-23 03:38:11 UTC,10.0,1.2025,Yes,0xE4DD6165bFF7EE73D7932C3b478f7E22431e85E7
2026-06-28 02:00:00 UTC,Algeria vs Austria,FIFA World Cup ,Over 3.0,Under/Over (3),17.0,2026-06-23 03:38:09 UTC,17.0,1.275,Yes,0xE4DD6165bFF7EE73D7932C3b478f7E22431e85E7
2026-06-28 02:00:00 UTC,Algeria vs Austria,FIFA World Cup ,Austria -1,Asian Handicap (1),22.0,2026-06-23 03:38:09 UTC,22.0,1.2025,Yes,0xE4DD6165bFF7EE73D7932C3b478f7E22431e85E7
2026-06-28 02:00:00 UTC,Algeria vs Austria,FIFA World Cup ,Under 1.5,Under/Over (1.5),0.0,2026-06-23 03:37:11 UTC,0.0,1.2888,Yes,0x8268feC8dCb0D284343054BDf2b649286c9aA0a1
2026-06-28 02:00:00 UTC,Algeria vs Austria,FIFA World Cup ,Over 3.0,Under/Over (3),72.0,2026-06-23 03:36:46 UTC,72.0,1.2862,Yes,0xE4DD6165bFF7EE73D7932C3b478f7E22431e85E7
2026-06-28 02:00:00 UTC,Algeria vs Austria,FIFA World Cup ,Over 3.0,Under/Over (3),61.0,2026-06-23 03:36:43 UTC,61.0,1.2875,Yes,0xE4DD6165bFF7EE73D7932C3b478f7E22431e85E7
2026-06-28 02:00:00 UTC,Algeria vs Austria,FIFA World Cup ,Over 1.5,Under/Over (1.5),150.0,2026-06-23 03:36:42 UTC,150.0,1.71,Yes,0xE4DD6165bFF7EE73D7932C3b478f7E22431e85E7
2026-06-28 02:00:00 UTC,Algeria vs Austria,FIFA World Cup ,Over 3.0,Under/Over (3),15.0,2026-06-23 03:36:41 UTC,15.0,1.2875,Yes,0xE4DD6165bFF7EE73D7932C3b478f7E22431e85E7
2026-06-28 02:00:00 UTC,Algeria vs Austria,FIFA World Cup ,Over 1.5,Under/Over (1.5),56.0,2026-06-23 03:36:40 UTC,56.0,1.71,Yes,0xE4DD6165bFF7EE73D7932C3b478f7E22431e85E7
2026-06-28 02:00:00 UTC,Algeria vs Austria,FIFA World Cup ,Over 3.0,Under/Over (3),58.0,2026-06-23 03:36:40 UTC,58.0,1.2875,Yes,0xE4DD6165bFF7EE73D7932C3b478f7E22431e85E7
2026-06-28 02:00:00 UTC,Algeria vs Austria,FIFA World Cup ,Over 2.0,Under/Over (2),1.0,2026-06-23 03:36:25 UTC,1.0,1.5975,Yes,0xE4DD6165bFF7EE73D7932C3b478f7E22431e85E7
2026-06-28 02:00:00 UTC,Algeria vs Austria,FIFA World Cup ,Under 1.5,Under/Over (1.5),23.0,2026-06-23 03:36:24 UTC,23.0,1.2825,Yes,0xE4DD6165bFF7EE73D7932C3b478f7E22431e85E7
2026-06-28 02:00:00 UTC,Algeria vs Austria,FIFA World Cup ,Over 2.0,Under/Over (2),142.0,2026-06-23 03:36:16 UTC,142.0,1.5938,Yes,0xE4DD6165bFF7EE73D7932C3b478f7E22431e85E7
2026-06-28 02:00:00 UTC,Algeria vs Austria,FIFA World Cup ,Under 3.0,Under/Over (3),180.0,2026-06-23 03:36:13 UTC,180.0,1.7063,Yes,0xE4DD6165bFF7EE73D7932C3b478f7E22431e85E7
2026-06-27 00:00:00 UTC,Uruguay vs Spain,FIFA World Cup ,Tie,1X2,52.0,2026-06-23 03:27:01 UTC,52.0,1.2237,Yes,0xE4DD6165bFF7EE73D7932C3b478f7E22431e85E7
2026-06-28 02:00:00 UTC,Jordan vs Argentina,FIFA World Cup ,Jordan +1,Asian Handicap (1),0.0,2026-06-23 03:20:37 UTC,0.0,1.2637,Yes,0xe2C68b7ef85645e47F9b94382c3Db59b046945a2
2026-06-28 02:00:00 UTC,Jordan vs Argentina,FIFA World Cup ,Jordan +1,Asian Handicap (1),5.0,2026-06-23 03:20:31 UTC,5.0,1.2637,Yes,0xe2C68b7ef85645e47F9b94382c3Db59b046945a2
2026-06-27 21:00:00 UTC,Panama vs England,FIFA World Cup ,Over 3.0,Under/Over (3),0.0,2026-06-23 03:12:01 UTC,0.0,1.48,Yes,0xE4DD6165bFF7EE73D7932C3b478f7E22431e85E7
2026-06-27 21:00:00 UTC,Panama vs England,FIFA World Cup ,Over 3.0,Under/Over (3),23.0,2026-06-23 03:11:14 UTC,23.0,1.48,Yes,0xE4DD6165bFF7EE73D7932C3b478f7E22431e85E7
2026-06-27 03:00:00 UTC,New Zealand vs Belgium,FIFA World Cup ,Under 2.5,Under/Over (2.5),0.0,2026-06-23 02:50:47 UTC,0.0,1.3887,Yes,0xE4DD6165bFF7EE73D7932C3b478f7E22431e85E7
2026-06-27 03:00:00 UTC,New Zealand vs Belgium,FIFA World Cup ,Under 2.5,Under/Over (2.5),63.0,2026-06-23 02:50:40 UTC,63.0,1.39,Yes,0xE4DD6165bFF7EE73D7932C3b478f7E22431e85E7
2026-06-26 02:00:00 UTC,Turkey vs USA,FIFA World Cup ,USA -1.5,Asian Handicap (1.5),173.0,2026-06-23 02:50:26 UTC,173.0,1.2775,Yes,0x8268feC8dCb0D284343054BDf2b649286c9aA0a1
2026-06-25 20:00:00 UTC,Curaçao vs Ivory Coast,FIFA World Cup ,Under 2.5,Under/Over (2.5),0.0,2026-06-23 02:40:46 UTC,0.0,1.36,Yes,0xE4DD6165bFF7EE73D7932C3b478f7E22431e85E7
2026-06-25 20:00:00 UTC,Curaçao vs Ivory Coast,FIFA World Cup ,Under 2.5,Under/Over (2.5),88.0,2026-06-23 02:40:37 UTC,88.0,1.3625,Yes,0xE4DD6165bFF7EE73D7932C3b478f7E22431e85E7
2026-06-26 19:00:00 UTC,Senegal vs Iraq,FIFA World Cup ,Senegal,1X2,3.0,2026-06-23 02:39:56 UTC,3.0,1.7788,Yes,0x68E1818FF20BBe84F9be9E0A4A395FB11079Bd35
2026-06-26 19:00:00 UTC,Senegal vs Iraq,FIFA World Cup ,Senegal,1X2,54.0,2026-06-23 02:39:00 UTC,54.0,1.7788,Yes,0x68E1818FF20BBe84F9be9E0A4A395FB11079Bd35
2026-06-26 02:00:00 UTC,Turkey vs USA,FIFA World Cup ,USA,12,3.0,2026-06-23 02:36:01 UTC,3.0,1.6387,Yes,0xE4DD6165bFF7EE73D7932C3b478f7E22431e85E7
2026-06-26 02:00:00 UTC,Turkey vs USA,FIFA World Cup ,Turkey +2,Asian Handicap (2),347.0,2026-06-23 02:31:47 UTC,347.0,1.8525,Yes,0xE4DD6165bFF7EE73D7932C3b478f7E22431e85E7
2026-06-26 02:00:00 UTC,Turkey vs USA,FIFA World Cup ,Turkey +1.5,Asian Handicap (1.5),157.0,2026-06-23 02:31:47 UTC,157.0,1.7163,Yes,0xE4DD6165bFF7EE73D7932C3b478f7E22431e85E7
2026-06-26 02:00:00 UTC,Turkey vs USA,FIFA World Cup ,Turkey 0,Asian Handicap (0),0.0,2026-06-23 02:30:31 UTC,0.0,1.3425,Yes,0xE4DD6165bFF7EE73D7932C3b478f7E22431e85E7
2026-06-26 02:00:00 UTC,Turkey vs USA,FIFA World Cup ,Turkey +1.5,Asian Handicap (1.5),51.0,2026-06-23 02:29:45 UTC,51.0,1.72,Yes,0xe2C68b7ef85645e47F9b94382c3Db59b046945a2
2026-06-26 02:00:00 UTC,Turkey vs USA,FIFA World Cup ,Turkey 0,Asian Handicap (0),65.0,2026-06-23 02:29:44 UTC,65.0,1.3462,Yes,0xE4DD6165bFF7EE73D7932C3b478f7E22431e85E7
2026-06-27 23:30:00 UTC,Congo DR vs Uzbekistan,FIFA World Cup ,Uzbekistan,12,5.0,2026-06-23 02:28:29 UTC,5.0,1.3562,Yes,0xE4DD6165bFF7EE73D7932C3b478f7E22431e85E7
2026-06-27 00:00:00 UTC,Cape Verde vs Saudi Arabia,FIFA World Cup ,Saudi Arabia,12,7.0,2026-06-23 02:27:58 UTC,7.0,1.4275,Yes,0xE4DD6165bFF7EE73D7932C3b478f7E22431e85E7
2026-06-27 03:00:00 UTC,New Zealand vs Belgium,FIFA World Cup ,Under 2.5,Under/Over (2.5),0.0,2026-06-23 02:13:59 UTC,0.0,1.39,Yes,0xE4DD6165bFF7EE73D7932C3b478f7E22431e85E7
2026-06-27 03:00:00 UTC,New Zealand vs Belgium,FIFA World Cup ,Under 2.5,Under/Over (2.5),71.0,2026-06-23 02:13:17 UTC,71.0,1.3925,Yes,0xE4DD6165bFF7EE73D7932C3b478f7E22431e85E7
2026-06-27 03:00:00 UTC,New Zealand vs Belgium,FIFA World Cup ,Belgium -2,Asian Handicap (2),90.0,2026-06-23 02:13:16 UTC,90.0,1.4663,Yes,0x8268feC8dCb0D284343054BDf2b649286c9aA0a1
2026-06-26 19:00:00 UTC,Norway vs France,FIFA World Cup ,Not France,1X2,84.0,2026-06-23 02:12:50 UTC,84.0,1.4325,Yes,0xE4DD6165bFF7EE73D7932C3b478f7E22431e85E7
2026-06-26 19:00:00 UTC,Senegal vs Iraq,FIFA World Cup ,Senegal -3,Asian Handicap (-3),0.0,2026-06-23 02:10:10 UTC,0.0,1.1725,Yes,0xe2C68b7ef85645e47F9b94382c3Db59b046945a2
2026-06-26 19:00:00 UTC,Senegal vs Iraq,FIFA World Cup ,Senegal -3.5,Asian Handicap (-3.5),0.0,2026-06-23 02:10:08 UTC,0.0,1.1438,Yes,0xe2C68b7ef85645e47F9b94382c3Db59b046945a2
2026-06-26 19:00:00 UTC,Senegal vs Iraq,FIFA World Cup ,Senegal -3,Asian Handicap (-3),51.0,2026-06-23 02:09:56 UTC,51.0,1.1738,Yes,0xE4DD6165bFF7EE73D7932C3b478f7E22431e85E7
2026-06-26 19:00:00 UTC,Senegal vs Iraq,FIFA World Cup ,Senegal -3.5,Asian Handicap (-3.5),23.0,2026-06-23 02:09:55 UTC,23.0,1.145,Yes,0xE4DD6165bFF7EE73D7932C3b478f7E22431e85E7
2026-06-26 19:00:00 UTC,Senegal vs Iraq,FIFA World Cup ,Under 3.5,Under/Over (3.5),72.0,2026-06-23 02:07:44 UTC,72.0,1.62,Yes,0x740d5718a79A8559fEeE8B00922F8Cd773A81D84
2026-06-26 19:00:00 UTC,Senegal vs Iraq,FIFA World Cup ,Under 2.5,Under/Over (2.5),9.0,2026-06-23 02:00:53 UTC,9.0,1.4163,Yes,0x42B4CF407654a8469d1Cf3606712C1f30599B2C5
2026-06-26 19:00:00 UTC,Senegal vs Iraq,FIFA World Cup ,Iraq +2.5,Asian Handicap (-2.5),22.0,2026-06-23 02:00:25 UTC,22.0,1.6913,Yes,0x740d5718a79A8559fEeE8B00922F8Cd773A81D84
2026-06-26 19:00:00 UTC,Senegal vs Iraq,FIFA World Cup ,Over 5.0,Under/Over (5),0.0,2026-06-23 01:58:04 UTC,0.0,1.0837,Yes,0xe2C68b7ef85645e47F9b94382c3Db59b046945a2
2026-06-26 19:00:00 UTC,Senegal vs Iraq,FIFA World Cup ,Over 5.0,Under/Over (5),8.0,2026-06-23 01:57:41 UTC,8.0,1.0875,Yes,0xe2C68b7ef85645e47F9b94382c3Db59b046945a2
2026-06-26 19:00:00 UTC,Senegal vs Iraq,FIFA World Cup ,Over 5.0,Under/Over (5),0.0,2026-06-23 01:57:21 UTC,0.0,1.0875,Yes,0xe2C68b7ef85645e47F9b94382c3Db59b046945a2
2026-06-26 19:00:00 UTC,Senegal vs Iraq,FIFA World Cup ,Over 5.0,Under/Over (5),0.0,2026-06-23 01:57:19 UTC,0.0,1.0875,Yes,0xe2C68b7ef85645e47F9b94382c3Db59b046945a2
2026-06-26 19:00:00 UTC,Senegal vs Iraq,FIFA World Cup ,Over 5.0,Under/Over (5),0.0,2026-06-23 01:57:18 UTC,0.0,1.0875,Yes,0xe2C68b7ef85645e47F9b94382c3Db59b046945a2
2026-06-26 19:00:00 UTC,Senegal vs Iraq,FIFA World Cup ,Over 5.0,Under/Over (5),0.0,2026-06-23 01:57:16 UTC,0.0,1.0875,Yes,0xe2C68b7ef85645e47F9b94382c3Db59b046945a2
2026-06-26 19:00:00 UTC,Senegal vs Iraq,FIFA World Cup ,Over 5.0,Under/Over (5),0.0,2026-06-23 01:57:14 UTC,0.0,1.0875,Yes,0xe2C68b7ef85645e47F9b94382c3Db59b046945a2
2026-06-26 19:00:00 UTC,Senegal vs Iraq,FIFA World Cup ,Over 5.0,Under/Over (5),0.0,2026-06-23 01:57:13 UTC,0.0,1.0875,Yes,0xe2C68b7ef85645e47F9b94382c3Db59b046945a2
2026-06-26 19:00:00 UTC,Senegal vs Iraq,FIFA World Cup ,Over 5.0,Under/Over (5),0.0,2026-06-23 01:57:11 UTC,0.0,1.0875,Yes,0xe2C68b7ef85645e47F9b94382c3Db59b046945a2
2026-06-26 19:00:00 UTC,Senegal vs Iraq,FIFA World Cup ,Over 5.0,Under/Over (5),5.0,2026-06-23 01:56:55 UTC,5.0,1.0875,Yes,0xe2C68b7ef85645e47F9b94382c3Db59b046945a2
2026-06-26 19:00:00 UTC,Senegal vs Iraq,FIFA World Cup ,Over 5.0,Under/Over (5),6.0,2026-06-23 01:56:50 UTC,6.0,1.0875,Yes,0xe2C68b7ef85645e47F9b94382c3Db59b046945a2
2026-06-26 19:00:00 UTC,Senegal vs Iraq,FIFA World Cup ,Over 5.0,Under/Over (5),1.0,2026-06-23 01:56:48 UTC,1.0,1.0875,Yes,0xe2C68b7ef85645e47F9b94382c3Db59b046945a2
2026-06-26 19:00:00 UTC,Senegal vs Iraq,FIFA World Cup ,Over 5.0,Under/Over (5),1.0,2026-06-23 01:56:47 UTC,1.0,1.0875,Yes,0xe2C68b7ef85645e47F9b94382c3Db59b046945a2
2026-06-26 19:00:00 UTC,Senegal vs Iraq,FIFA World Cup ,Over 5.0,Under/Over (5),2.0,2026-06-23 01:56:44 UTC,2.0,1.0875,Yes,0xe2C68b7ef85645e47F9b94382c3Db59b046945a2
2026-06-26 19:00:00 UTC,Senegal vs Iraq,FIFA World Cup ,Over 5.0,Under/Over (5),2.0,2026-06-23 01:56:40 UTC,2.0,1.0875,Yes,0xe2C68b7ef85645e47F9b94382c3Db59b046945a2
2026-06-26 19:00:00 UTC,Senegal vs Iraq,FIFA World Cup ,Over 5.0,Under/Over (5),1.0,2026-06-23 01:56:33 UTC,1.0,1.0875,Yes,0xe2C68b7ef85645e47F9b94382c3Db59b046945a2
2026-06-26 19:00:00 UTC,Senegal vs Iraq,FIFA World Cup ,Over 5.5,Under/Over (5.5),0.0,2026-06-23 01:55:38 UTC,0.0,1.0775,Yes,0xe2C68b7ef85645e47F9b94382c3Db59b046945a2
2026-06-26 19:00:00 UTC,Senegal vs Iraq,FIFA World Cup ,Over 5.5,Under/Over (5.5),3.0,2026-06-23 01:55:08 UTC,3.0,1.0775,Yes,0xe2C68b7ef85645e47F9b94382c3Db59b046945a2
2026-06-26 19:00:00 UTC,Senegal vs Iraq,FIFA World Cup ,Iraq +1.5,Asian Handicap (-1.5),336.0,2026-06-23 01:53:18 UTC,336.0,1.4463,Yes,0xE4DD6165bFF7EE73D7932C3b478f7E22431e85E7
2026-06-26 19:00:00 UTC,Norway vs France,FIFA World Cup ,Under 2.5,Under/Over (2.5),78.0,2026-06-23 01:52:14 UTC,78.0,1.425,Yes,0xE4DD6165bFF7EE73D7932C3b478f7E22431e85E7
2026-06-26 19:00:00 UTC,Norway vs France,FIFA World Cup ,Not France,1X2,0.0,2026-06-23 01:48:40 UTC,0.0,1.4325,Yes,0xE4DD6165bFF7EE73D7932C3b478f7E22431e85E7
2026-06-26 19:00:00 UTC,Norway vs France,FIFA World Cup ,Not France,1X2,10.0,2026-06-23 01:47:54 UTC,10.0,1.4363,Yes,0x42B4CF407654a8469d1Cf3606712C1f30599B2C5
2026-06-28 02:00:00 UTC,Algeria vs Austria,FIFA World Cup ,Austria -2.5,Asian Handicap (2.5),0.0,2026-06-23 01:34:07 UTC,0.0,1.05,Yes,0xE4DD6165bFF7EE73D7932C3b478f7E22431e85E7
2026-06-25 20:00:00 UTC,Ecuador vs Germany,FIFA World Cup ,Ecuador +0.5,Asian Handicap (0.5),90.0,2026-06-23 01:25:32 UTC,90.0,1.4912,Yes,0xE4DD6165bFF7EE73D7932C3b478f7E22431e85E7
2026-06-26 19:00:00 UTC,Norway vs France,FIFA World Cup ,Under 3.5,Under/Over (3.5),108.0,2026-06-23 01:03:52 UTC,108.0,1.6763,Yes,0xE4DD6165bFF7EE73D7932C3b478f7E22431e85E7
2026-06-26 19:00:00 UTC,Norway vs France,FIFA World Cup ,Under 3.5,Under/Over (3.5),56.0,2026-06-23 01:03:33 UTC,56.0,1.6763,Yes,0xE4DD6165bFF7EE73D7932C3b478f7E22431e85E7
2026-06-26 19:00:00 UTC,Norway vs France,FIFA World Cup ,Under 3.5,Under/Over (3.5),61.0,2026-06-23 01:03:15 UTC,61.0,1.6787,Yes,0xE4DD6165bFF7EE73D7932C3b478f7E22431e85E7
2026-06-26 02:00:00 UTC,Paraguay vs Australia,FIFA World Cup ,Over 2.0,Under/Over (2),0.0,2026-06-23 00:54:58 UTC,0.0,1.4075,Yes,0x8268feC8dCb0D284343054BDf2b649286c9aA0a1
2026-06-26 02:00:00 UTC,Paraguay vs Australia,FIFA World Cup ,Over 2.0,Under/Over (2),52.0,2026-06-23 00:54:20 UTC,52.0,1.4087,Yes,0xE4DD6165bFF7EE73D7932C3b478f7E22431e85E7
2026-06-26 19:00:00 UTC,Senegal vs Iraq,FIFA World Cup ,Over 5.0,Under/Over (5),0.0,2026-06-23 00:54:07 UTC,0.0,1.0775,Yes,0xe2C68b7ef85645e47F9b94382c3Db59b046945a2
2026-06-26 19:00:00 UTC,Senegal vs Iraq,FIFA World Cup ,Over 5.0,Under/Over (5),1.0,2026-06-23 00:53:25 UTC,1.0,1.0775,Yes,0xe2C68b7ef85645e47F9b94382c3Db59b046945a2
2026-06-26 19:00:00 UTC,Senegal vs Iraq,FIFA World Cup ,Over 4.0,Under/Over (4),25.0,2026-06-23 00:51:07 UTC,25.0,1.1987,Yes,0xe2C68b7ef85645e47F9b94382c3Db59b046945a2
2026-06-26 19:00:00 UTC,Senegal vs Iraq,FIFA World Cup ,Over 4.5,Under/Over (4.5),16.0,2026-06-23 00:51:07 UTC,16.0,1.1663,Yes,0xe2C68b7ef85645e47F9b94382c3Db59b046945a2
2026-06-26 19:00:00 UTC,Senegal vs Iraq,FIFA World Cup ,Over 4.5,Under/Over (4.5),5.0,2026-06-23 00:51:06 UTC,5.0,1.1663,Yes,0xe2C68b7ef85645e47F9b94382c3Db59b046945a2
2026-06-26 19:00:00 UTC,Senegal vs Iraq,FIFA World Cup ,Over 4.5,Under/Over (4.5),3.0,2026-06-23 00:51:04 UTC,3.0,1.1663,Yes,0xe2C68b7ef85645e47F9b94382c3Db59b046945a2
2026-06-26 19:00:00 UTC,Senegal vs Iraq,FIFA World Cup ,Over 4.5,Under/Over (4.5),2.0,2026-06-23 00:51:01 UTC,2.0,1.1663,Yes,0xe2C68b7ef85645e47F9b94382c3Db59b046945a2
2026-06-26 19:00:00 UTC,Senegal vs Iraq,FIFA World Cup ,Over 4.5,Under/Over (4.5),4.0,2026-06-23 00:50:59 UTC,4.0,1.1663,Yes,0xe2C68b7ef85645e47F9b94382c3Db59b046945a2
2026-06-26 19:00:00 UTC,Senegal vs Iraq,FIFA World Cup ,Over 4.5,Under/Over (4.5),6.0,2026-06-23 00:50:57 UTC,6.0,1.1663,Yes,0xe2C68b7ef85645e47F9b94382c3Db59b046945a2
2026-06-26 19:00:00 UTC,Senegal vs Iraq,FIFA World Cup ,Over 4.5,Under/Over (4.5),10.0,2026-06-23 00:50:56 UTC,10.0,1.1663,Yes,0xe2C68b7ef85645e47F9b94382c3Db59b046945a2
2026-06-27 00:00:00 UTC,Cape Verde vs Saudi Arabia,FIFA World Cup ,Cape Verde -0.5,Asian Handicap (-0.5),3.0,2026-06-23 00:01:39 UTC,3.0,1.3875,Yes,0xe2C68b7ef85645e47F9b94382c3Db59b046945a2
2026-06-27 23:30:00 UTC,Colombia vs Portugal,FIFA World Cup ,Not Colombia,1X2,109.0,2026-06-22 23:43:06 UTC,109.0,1.7325,Yes,0xE4DD6165bFF7EE73D7932C3b478f7E22431e85E7
2026-06-25 20:00:00 UTC,Ecuador vs Germany,FIFA World Cup ,Under 2.0,Under/Over (2),0.0,2026-06-22 23:39:09 UTC,0.0,1.2975,Yes,0xE4DD6165bFF7EE73D7932C3b478f7E22431e85E7
2026-06-25 20:00:00 UTC,Ecuador vs Germany,FIFA World Cup ,Under 2.0,Under/Over (2),80.0,2026-06-22 23:38:33 UTC,80.0,1.3013,Yes,0xE4DD6165bFF7EE73D7932C3b478f7E22431e85E7
2026-06-26 02:00:00 UTC,Turkey vs USA,FIFA World Cup ,USA,1X2,0.0,2026-06-22 23:38:32 UTC,0.0,1.495,Yes,0x68E1818FF20BBe84F9be9E0A4A395FB11079Bd35
2026-06-26 02:00:00 UTC,Turkey vs USA,FIFA World Cup ,USA,1X2,145.0,2026-06-22 23:38:13 UTC,145.0,1.4975,Yes,0x68E1818FF20BBe84F9be9E0A4A395FB11079Bd35
2026-06-26 02:00:00 UTC,Turkey vs USA,FIFA World Cup ,Not USA,1X2,135.0,2026-06-22 23:38:12 UTC,135.0,1.5038,Yes,0xE4DD6165bFF7EE73D7932C3b478f7E22431e85E7
2026-06-26 02:00:00 UTC,Turkey vs USA,FIFA World Cup ,Not USA,1X2,168.0,2026-06-22 23:31:48 UTC,168.0,1.5038,Yes,0xE4DD6165bFF7EE73D7932C3b478f7E22431e85E7
2026-06-25 20:00:00 UTC,Curaçao vs Ivory Coast,FIFA World Cup ,Ivory Coast -3,Asian Handicap (3),33.0,2026-06-22 23:19:56 UTC,33.0,1.2788,Yes,0xE4DD6165bFF7EE73D7932C3b478f7E22431e85E7
2026-06-27 23:30:00 UTC,Colombia vs Portugal,FIFA World Cup ,Over 2.5,Under/Over (2.5),0.0,2026-06-22 23:15:42 UTC,0.0,1.4537,Yes,0xE4DD6165bFF7EE73D7932C3b478f7E22431e85E7
2026-06-27 23:30:00 UTC,Colombia vs Portugal,FIFA World Cup ,Over 2.5,Under/Over (2.5),0.0,2026-06-22 23:15:40 UTC,0.0,1.4537,Yes,0xE4DD6165bFF7EE73D7932C3b478f7E22431e85E7
2026-06-27 23:30:00 UTC,Colombia vs Portugal,FIFA World Cup ,Over 2.5,Under/Over (2.5),13.0,2026-06-22 23:15:28 UTC,13.0,1.4537,Yes,0xE4DD6165bFF7EE73D7932C3b478f7E22431e85E7
2026-06-27 23:30:00 UTC,Colombia vs Portugal,FIFA World Cup ,Over 2.5,Under/Over (2.5),11.0,2026-06-22 23:15:26 UTC,11.0,1.4537,Yes,0xE4DD6165bFF7EE73D7932C3b478f7E22431e85E7
2026-06-26 02:00:00 UTC,Turkey vs USA,FIFA World Cup ,Over 2.5,Under/Over (2.5),1.0,2026-06-22 22:47:58 UTC,1.0,1.5475,Yes,0xE4DD6165bFF7EE73D7932C3b478f7E22431e85E7
2026-06-26 02:00:00 UTC,Turkey vs USA,FIFA World Cup ,Over 2.5,Under/Over (2.5),63.0,2026-06-22 22:47:11 UTC,63.0,1.5488,Yes,0xE4DD6165bFF7EE73D7932C3b478f7E22431e85E7
2026-06-26 02:00:00 UTC,Turkey vs USA,FIFA World Cup ,Over 2.5,Under/Over (2.5),1.0,2026-06-22 22:45:28 UTC,1.0,1.5488,Yes,0xE4DD6165bFF7EE73D7932C3b478f7E22431e85E7
2026-06-26 02:00:00 UTC,Turkey vs USA,FIFA World Cup ,Over 2.5,Under/Over (2.5),1.0,2026-06-22 22:45:26 UTC,1.0,1.5488,Yes,0xE4DD6165bFF7EE73D7932C3b478f7E22431e85E7
2026-06-26 02:00:00 UTC,Turkey vs USA,FIFA World Cup ,Over 2.5,Under/Over (2.5),62.0,2026-06-22 22:44:56 UTC,62.0,1.5488,Yes,0xE4DD6165bFF7EE73D7932C3b478f7E22431e85E7
2026-06-26 02:00:00 UTC,Turkey vs USA,FIFA World Cup ,Over 2.5,Under/Over (2.5),41.0,2026-06-22 22:44:53 UTC,41.0,1.5488,Yes,0xE4DD6165bFF7EE73D7932C3b478f7E22431e85E7
2026-06-26 02:00:00 UTC,Turkey vs USA,FIFA World Cup ,Not Turkey,1X2,2.0,2026-06-22 22:40:49 UTC,2.0,1.7237,Yes,0x68E1818FF20BBe84F9be9E0A4A395FB11079Bd35
2026-06-26 02:00:00 UTC,Turkey vs USA,FIFA World Cup ,Not Turkey,1X2,133.0,2026-06-22 22:40:18 UTC,133.0,1.7237,Yes,0x68E1818FF20BBe84F9be9E0A4A395FB11079Bd35
2026-06-26 02:00:00 UTC,Turkey vs USA,FIFA World Cup ,Not Turkey,1X2,385.0,2026-06-22 22:39:45 UTC,385.0,1.725,Yes,0x68E1818FF20BBe84F9be9E0A4A395FB11079Bd35
2026-06-26 02:00:00 UTC,Turkey vs USA,FIFA World Cup ,Under 2.5,Under/Over (2.5),91.0,2026-06-22 22:39:41 UTC,91.0,1.4475,Yes,0xE4DD6165bFF7EE73D7932C3b478f7E22431e85E7
2026-06-26 02:00:00 UTC,Turkey vs USA,FIFA World Cup ,Under 4.0,Under/Over (4),434.0,2026-06-22 22:39:41 UTC,434.0,1.8,Yes,0xE4DD6165bFF7EE73D7932C3b478f7E22431e85E7
2026-06-26 02:00:00 UTC,Turkey vs USA,FIFA World Cup ,Under 2.0,Under/Over (2),83.0,2026-06-22 22:39:41 UTC,83.0,1.2788,Yes,0xE4DD6165bFF7EE73D7932C3b478f7E22431e85E7
2026-06-26 02:00:00 UTC,Turkey vs USA,FIFA World Cup ,Under 3.0,Under/Over (3),297.0,2026-06-22 22:39:41 UTC,297.0,1.5762,Yes,0xE4DD6165bFF7EE73D7932C3b478f7E22431e85E7
2026-06-26 02:00:00 UTC,Turkey vs USA,FIFA World Cup ,Under 3.5,Under/Over (3.5),259.0,2026-06-22 22:39:40 UTC,259.0,1.6725,Yes,0xE4DD6165bFF7EE73D7932C3b478f7E22431e85E7
2026-06-25 20:00:00 UTC,Ecuador vs Germany,FIFA World Cup ,Under 3.5,Under/Over (3.5),160.0,2026-06-22 22:39:30 UTC,160.0,1.6925,Yes,0xE4DD6165bFF7EE73D7932C3b478f7E22431e85E7
2026-06-25 20:00:00 UTC,Ecuador vs Germany,FIFA World Cup ,Under 3.0,Under/Over (3),129.0,2026-06-22 22:39:29 UTC,129.0,1.6025,Yes,0xE4DD6165bFF7EE73D7932C3b478f7E22431e85E7
2026-06-26 02:00:00 UTC,Paraguay vs Australia,FIFA World Cup ,Under 1.5,Under/Over (1.5),8.0,2026-06-22 22:10:20 UTC,8.0,1.4138,Yes,0xE4DD6165bFF7EE73D7932C3b478f7E22431e85E7
2026-06-28 02:00:00 UTC,Algeria vs Austria,FIFA World Cup ,Over 3.0,Under/Over (3),0.0,2026-06-22 22:08:15 UTC,0.0,1.2837,Yes,0xE4DD6165bFF7EE73D7932C3b478f7E22431e85E7
2026-06-28 02:00:00 UTC,Jordan vs Argentina,FIFA World Cup ,Not Argentina,1X2,32.0,2026-06-22 22:08:07 UTC,32.0,1.2,Yes,0xE4DD6165bFF7EE73D7932C3b478f7E22431e85E7
2026-06-28 02:00:00 UTC,Algeria vs Austria,FIFA World Cup ,Over 3.0,Under/Over (3),19.0,2026-06-22 22:07:25 UTC,19.0,1.2837,Yes,0xE4DD6165bFF7EE73D7932C3b478f7E22431e85E7
2026-06-25 20:00:00 UTC,Ecuador vs Germany,FIFA World Cup ,Germany,1X2,473.0,2026-06-22 21:56:00 UTC,473.0,1.4988,Yes,0x8268feC8dCb0D284343054BDf2b649286c9aA0a1
2026-06-25 20:00:00 UTC,Curaçao vs Ivory Coast,FIFA World Cup ,Ivory Coast -2,Asian Handicap (2),97.0,2026-06-22 21:55:35 UTC,97.0,1.5337,Yes,0xE4DD6165bFF7EE73D7932C3b478f7E22431e85E7
2026-06-26 02:00:00 UTC,Paraguay vs Australia,FIFA World Cup ,Paraguay +1.5,Asian Handicap (1.5),34.0,2026-06-22 21:53:04 UTC,34.0,1.92,Yes,0xE4DD6165bFF7EE73D7932C3b478f7E22431e85E7
2026-06-27 03:00:00 UTC,New Zealand vs Belgium,FIFA World Cup ,Under 2.5,Under/Over (2.5),3.0,2026-06-22 21:49:04 UTC,3.0,1.39,Yes,0xE4DD6165bFF7EE73D7932C3b478f7E22431e85E7
2026-06-25 20:00:00 UTC,Ecuador vs Germany,FIFA World Cup ,Over 2.5,Under/Over (2.5),6.0,2026-06-22 21:45:38 UTC,6.0,1.5275,Yes,0xE4DD6165bFF7EE73D7932C3b478f7E22431e85E7
2026-06-25 20:00:00 UTC,Ecuador vs Germany,FIFA World Cup ,Germany,1X2,303.0,2026-06-22 21:43:29 UTC,303.0,1.5025,Yes,0x68E1818FF20BBe84F9be9E0A4A395FB11079Bd35
2026-06-25 20:00:00 UTC,Ecuador vs Germany,FIFA World Cup ,Germany,1X2,97.0,2026-06-22 21:30:53 UTC,97.0,1.5025,Yes,0x68E1818FF20BBe84F9be9E0A4A395FB11079Bd35
2026-06-25 23:00:00 UTC,Tunisia vs Netherlands,FIFA World Cup ,Tunisia +1.5,Asian Handicap (1.5),0.0,2026-06-22 21:25:35 UTC,0.0,1.3113,Yes,0xE4DD6165bFF7EE73D7932C3b478f7E22431e85E7
2026-06-25 20:00:00 UTC,Curaçao vs Ivory Coast,FIFA World Cup ,Under 4.0,Under/Over (4),129.0,2026-06-22 21:25:28 UTC,129.0,1.7163,Yes,0xE4DD6165bFF7EE73D7932C3b478f7E22431e85E7
2026-06-25 23:00:00 UTC,Tunisia vs Netherlands,FIFA World Cup ,Tunisia +1.5,Asian Handicap (1.5),77.0,2026-06-22 21:25:28 UTC,77.0,1.315,Yes,0xE4DD6165bFF7EE73D7932C3b478f7E22431e85E7
2026-06-26 19:00:00 UTC,Norway vs France,FIFA World Cup ,Over 2.5,Under/Over (2.5),105.0,2026-06-22 21:14:29 UTC,105.0,1.5463,Yes,0xE4DD6165bFF7EE73D7932C3b478f7E22431e85E7
2026-06-25 23:00:00 UTC,Japan vs Sweden,FIFA World Cup ,Not Japan,1X2,0.0,2026-06-22 21:13:34 UTC,0.0,1.49,Yes,0xe2C68b7ef85645e47F9b94382c3Db59b046945a2
2026-06-27 00:00:00 UTC,Cape Verde vs Saudi Arabia,FIFA World Cup ,Saudi Arabia 0,Asian Handicap (0),44.0,2026-06-22 21:13:15 UTC,44.0,1.4412,Yes,0xE4DD6165bFF7EE73D7932C3b478f7E22431e85E7
2026-06-25 23:00:00 UTC,Japan vs Sweden,FIFA World Cup ,Not Japan,1X2,392.0,2026-06-22 21:13:09 UTC,392.0,1.4912,Yes,0x68E1818FF20BBe84F9be9E0A4A395FB11079Bd35
2026-06-27 21:00:00 UTC,Panama vs England,FIFA World Cup ,Panama +2,Asian Handicap (2),108.0,2026-06-22 21:07:54 UTC,108.0,1.5513,Yes,0xE4DD6165bFF7EE73D7932C3b478f7E22431e85E7
2026-06-27 21:00:00 UTC,Panama vs England,FIFA World Cup ,Panama +1.5,Asian Handicap (1.5),50.0,2026-06-22 21:07:54 UTC,50.0,1.4213,Yes,0xE4DD6165bFF7EE73D7932C3b478f7E22431e85E7
2026-06-27 00:00:00 UTC,Cape Verde vs Saudi Arabia,FIFA World Cup ,Under 5.0,Under/Over (5),470.0,2026-06-22 21:05:52 UTC,470.0,1.9463,Yes,0xe2C68b7ef85645e47F9b94382c3Db59b046945a2
2026-06-27 21:00:00 UTC,Croatia vs Ghana,FIFA World Cup ,Ghana +1,Asian Handicap (-1),25.0,2026-06-22 21:05:52 UTC,25.0,1.54,Yes,0xE4DD6165bFF7EE73D7932C3b478f7E22431e85E7
2026-06-27 03:00:00 UTC,New Zealand vs Belgium,FIFA World Cup ,Under 2.5,Under/Over (2.5),44.0,2026-06-22 21:01:16 UTC,44.0,1.3925,Yes,0xE4DD6165bFF7EE73D7932C3b478f7E22431e85E7
2026-06-27 23:30:00 UTC,Colombia vs Portugal,FIFA World Cup ,Over 2.5,Under/Over (2.5),0.0,2026-06-22 21:00:56 UTC,0.0,1.4537,Yes,0xE4DD6165bFF7EE73D7932C3b478f7E22431e85E7
2026-06-27 23:30:00 UTC,Colombia vs Portugal,FIFA World Cup ,Over 2.5,Under/Over (2.5),0.0,2026-06-22 21:00:54 UTC,0.0,1.4537,Yes,0xE4DD6165bFF7EE73D7932C3b478f7E22431e85E7
2026-06-27 23:30:00 UTC,Colombia vs Portugal,FIFA World Cup ,Over 2.5,Under/Over (2.5),18.0,2026-06-22 21:00:33 UTC,18.0,1.455,Yes,0xE4DD6165bFF7EE73D7932C3b478f7E22431e85E7
2026-06-27 23:30:00 UTC,Colombia vs Portugal,FIFA World Cup ,Over 2.5,Under/Over (2.5),20.0,2026-06-22 21:00:32 UTC,20.0,1.455,Yes,0xE4DD6165bFF7EE73D7932C3b478f7E22431e85E7
2026-06-26 19:00:00 UTC,Norway vs France,FIFA World Cup ,Not France,1X2,0.0,2026-06-22 20:38:48 UTC,0.0,1.4463,Yes,0x68E1818FF20BBe84F9be9E0A4A395FB11079Bd35
2026-06-26 19:00:00 UTC,Norway vs France,FIFA World Cup ,Norway +1,Asian Handicap (1),26.0,2026-06-22 20:38:19 UTC,26.0,1.5938,Yes,0xe2C68b7ef85645e47F9b94382c3Db59b046945a2
2026-06-26 19:00:00 UTC,Norway vs France,FIFA World Cup ,Not France,1X2,12.0,2026-06-22 20:38:19 UTC,12.0,1.4463,Yes,0x68E1818FF20BBe84F9be9E0A4A395FB11079Bd35
2026-06-27 00:00:00 UTC,Uruguay vs Spain,FIFA World Cup ,Not tie,1X2,1130.0,2026-06-22 20:35:32 UTC,1130.0,1.7688,Yes,0x5B3498Cb20C3107B5B267fabd3601B6425BDeb42
2026-06-25 23:00:00 UTC,Tunisia vs Netherlands,FIFA World Cup ,Under 6.5,Under/Over (6.5),16.0,2026-06-22 20:32:32 UTC,16.0,1.9413,Yes,0xe2C68b7ef85645e47F9b94382c3Db59b046945a2
2026-06-25 23:00:00 UTC,Japan vs Sweden,FIFA World Cup ,Japan,1X2,262.0,2026-06-22 20:28:30 UTC,262.0,1.5,Yes,0x740d5718a79A8559fEeE8B00922F8Cd773A81D84
2026-06-25 23:00:00 UTC,Japan vs Sweden,FIFA World Cup ,Japan,1X2,339.0,2026-06-22 20:22:06 UTC,339.0,1.5,Yes,0x8268feC8dCb0D284343054BDf2b649286c9aA0a1
2026-06-25 23:00:00 UTC,Japan vs Sweden,FIFA World Cup ,Japan,1X2,408.0,2026-06-22 20:19:01 UTC,408.0,1.505,Yes,0x68E1818FF20BBe84F9be9E0A4A395FB11079Bd35
2026-06-25 20:00:00 UTC,Curaçao vs Ivory Coast,FIFA World Cup ,Curaçao,1X2,0.0,2026-06-22 20:08:58 UTC,0.0,1.0462,Yes,0x68E1818FF20BBe84F9be9E0A4A395FB11079Bd35
2026-06-26 19:00:00 UTC,Norway vs France,FIFA World Cup ,Not France,1X2,91.0,2026-06-22 19:48:20 UTC,91.0,1.4463,Yes,0x68E1818FF20BBe84F9be9E0A4A395FB11079Bd35
2026-06-26 19:00:00 UTC,Norway vs France,FIFA World Cup ,Not Norway,1X2,58.0,2026-06-22 19:42:07 UTC,58.0,1.7738,Yes,0x68E1818FF20BBe84F9be9E0A4A395FB11079Bd35
2026-06-26 02:00:00 UTC,Turkey vs USA,FIFA World Cup ,Not Turkey,1X2,15.0,2026-06-22 19:19:38 UTC,15.0,1.73,Yes,0x68E1818FF20BBe84F9be9E0A4A395FB11079Bd35
2026-06-26 02:00:00 UTC,Turkey vs USA,FIFA World Cup ,USA,1X2,1.0,2026-06-22 19:07:24 UTC,1.0,1.5,Yes,0x68E1818FF20BBe84F9be9E0A4A395FB11079Bd35
2026-06-26 02:00:00 UTC,Turkey vs USA,FIFA World Cup ,USA,1X2,227.0,2026-06-22 19:07:11 UTC,227.0,1.5,Yes,0x68E1818FF20BBe84F9be9E0A4A395FB11079Bd35
2026-06-28 02:00:00 UTC,Algeria vs Austria,FIFA World Cup ,Not tie,1X2,143.0,2026-06-22 18:58:52 UTC,143.0,1.645,Yes,0x5B3498Cb20C3107B5B267fabd3601B6425BDeb42
2026-06-28 02:00:00 UTC,Algeria vs Austria,FIFA World Cup ,Not tie,1X2,229.0,2026-06-22 18:58:50 UTC,229.0,1.645,Yes,0x5B3498Cb20C3107B5B267fabd3601B6425BDeb42
2026-06-26 19:00:00 UTC,Norway vs France,FIFA World Cup ,Not Norway,1X2,54.0,2026-06-22 18:31:09 UTC,54.0,1.7887,Yes,0x7254EC2DdB6567cf85F9d90ba014BEE1FbdAc485
2026-06-26 19:00:00 UTC,Norway vs France,FIFA World Cup ,Not France,1X2,91.0,2026-06-22 18:31:07 UTC,91.0,1.4563,Yes,0x7254EC2DdB6567cf85F9d90ba014BEE1FbdAc485
2026-06-28 02:00:00 UTC,Jordan vs Argentina,FIFA World Cup ,Argentina -1.5,Asian Handicap (1.5),80.0,2026-06-22 17:39:41 UTC,80.0,1.5863,Yes,0x740d5718a79A8559fEeE8B00922F8Cd773A81D84
2026-06-27 03:00:00 UTC,Egypt vs Iran,FIFA World Cup ,Not Iran,1X2,15.0,2026-06-22 17:23:18 UTC,15.0,1.75,Yes,0x8268feC8dCb0D284343054BDf2b649286c9aA0a1
2026-06-27 00:00:00 UTC,Cape Verde vs Saudi Arabia,FIFA World Cup ,Not Saudi Arabia,1X2,10.0,2026-06-22 17:18:17 UTC,10.0,1.6738,Yes,0xe2C68b7ef85645e47F9b94382c3Db59b046945a2
2026-06-26 02:00:00 UTC,Turkey vs USA,FIFA World Cup ,USA,1X2,360.0,2026-06-22 17:09:26 UTC,360.0,1.5,Yes,0x68E1818FF20BBe84F9be9E0A4A395FB11079Bd35
2026-06-27 21:00:00 UTC,Croatia vs Ghana,FIFA World Cup ,Over 3.0,Under/Over (3),0.0,2026-06-22 16:50:19 UTC,0.0,1.3025,Yes,0xE4DD6165bFF7EE73D7932C3b478f7E22431e85E7
2026-06-27 21:00:00 UTC,Croatia vs Ghana,FIFA World Cup ,Over 3.0,Under/Over (3),6.0,2026-06-22 16:49:29 UTC,6.0,1.3025,Yes,0xE4DD6165bFF7EE73D7932C3b478f7E22431e85E7
2026-06-28 02:00:00 UTC,Algeria vs Austria,FIFA World Cup ,Over 1.5,Under/Over (1.5),133.0,2026-06-22 16:37:01 UTC,133.0,1.71,Yes,0xE4DD6165bFF7EE73D7932C3b478f7E22431e85E7
2026-06-28 02:00:00 UTC,Algeria vs Austria,FIFA World Cup ,Over 2.0,Under/Over (2),29.0,2026-06-22 16:37:00 UTC,29.0,1.6012,Yes,0xE4DD6165bFF7EE73D7932C3b478f7E22431e85E7
2026-06-28 02:00:00 UTC,Algeria vs Austria,FIFA World Cup ,Over 3.0,Under/Over (3),61.0,2026-06-22 16:37:00 UTC,61.0,1.2875,Yes,0xE4DD6165bFF7EE73D7932C3b478f7E22431e85E7
2026-06-26 19:00:00 UTC,Norway vs France,FIFA World Cup ,Under 3.0,Under/Over (3),1.0,2026-06-22 16:35:30 UTC,1.0,1.5787,Yes,0xE4DD6165bFF7EE73D7932C3b478f7E22431e85E7
2026-06-26 19:00:00 UTC,Norway vs France,FIFA World Cup ,Under 3.0,Under/Over (3),21.0,2026-06-22 16:34:50 UTC,21.0,1.58,Yes,0xE4DD6165bFF7EE73D7932C3b478f7E22431e85E7
2026-06-27 00:00:00 UTC,Cape Verde vs Saudi Arabia,FIFA World Cup ,Under 3.0,Under/Over (3),181.0,2026-06-22 16:34:49 UTC,181.0,1.665,Yes,0xE4DD6165bFF7EE73D7932C3b478f7E22431e85E7
2026-06-27 03:00:00 UTC,New Zealand vs Belgium,FIFA World Cup ,Not New Zealand,1X2,147.0,2026-06-22 16:28:37 UTC,147.0,1.9363,Yes,0xe2C68b7ef85645e47F9b94382c3Db59b046945a2
2026-06-27 23:30:00 UTC,Colombia vs Portugal,FIFA World Cup ,Not tie,1X2,81.0,2026-06-22 16:24:12 UTC,81.0,1.7312,Yes,0xE4DD6165bFF7EE73D7932C3b478f7E22431e85E7
2026-06-27 23:30:00 UTC,Congo DR vs Uzbekistan,FIFA World Cup ,Not tie,1X2,84.0,2026-06-22 16:23:21 UTC,84.0,1.7388,Yes,0x8268feC8dCb0D284343054BDf2b649286c9aA0a1
2026-06-27 21:00:00 UTC,Croatia vs Ghana,FIFA World Cup ,Not tie,1X2,83.0,2026-06-22 16:22:19 UTC,83.0,1.735,Yes,0x8268feC8dCb0D284343054BDf2b649286c9aA0a1
2026-06-27 00:00:00 UTC,Cape Verde vs Saudi Arabia,FIFA World Cup ,Not tie,1X2,77.0,2026-06-22 16:20:11 UTC,77.0,1.72,Yes,0x5B3498Cb20C3107B5B267fabd3601B6425BDeb42
2026-06-26 19:00:00 UTC,Norway vs France,FIFA World Cup ,Not tie,1X2,93.0,2026-06-22 16:18:43 UTC,93.0,1.7563,Yes,0x8268feC8dCb0D284343054BDf2b649286c9aA0a1
2026-06-26 02:00:00 UTC,Turkey vs USA,FIFA World Cup ,Not tie,1X2,97.0,2026-06-22 16:16:51 UTC,97.0,1.765,Yes,0x5B3498Cb20C3107B5B267fabd3601B6425BDeb42
2026-06-25 23:00:00 UTC,Japan vs Sweden,FIFA World Cup ,Not tie,1X2,78.0,2026-06-22 16:15:11 UTC,78.0,1.7225,Yes,0x68E1818FF20BBe84F9be9E0A4A395FB11079Bd35
2026-06-25 20:00:00 UTC,Curaçao vs Ivory Coast,FIFA World Cup ,Curaçao +2,Asian Handicap (2),80.0,2026-06-22 16:13:42 UTC,80.0,1.4512,Yes,0xE4DD6165bFF7EE73D7932C3b478f7E22431e85E7
2026-06-26 02:00:00 UTC,Turkey vs USA,FIFA World Cup ,Under 2.0,Under/Over (2),0.0,2026-06-22 16:05:35 UTC,0.0,1.2725,Yes,0xE4DD6165bFF7EE73D7932C3b478f7E22431e85E7
2026-06-27 03:00:00 UTC,Egypt vs Iran,FIFA World Cup ,Over 2.5,Under/Over (2.5),0.0,2026-06-22 16:05:28 UTC,0.0,1.345,Yes,0xE4DD6165bFF7EE73D7932C3b478f7E22431e85E7
2026-06-28 02:00:00 UTC,Algeria vs Austria,FIFA World Cup ,Over 1.5,Under/Over (1.5),2.0,2026-06-22 16:05:25 UTC,2.0,1.71,Yes,0xE4DD6165bFF7EE73D7932C3b478f7E22431e85E7
2026-06-26 02:00:00 UTC,Turkey vs USA,FIFA World Cup ,Under 2.0,Under/Over (2),26.0,2026-06-22 16:04:34 UTC,26.0,1.275,Yes,0xE4DD6165bFF7EE73D7932C3b478f7E22431e85E7
2026-06-26 02:00:00 UTC,Turkey vs USA,FIFA World Cup ,Under 3.5,Under/Over (3.5),417.0,2026-06-22 16:04:34 UTC,417.0,1.6675,Yes,0x740d5718a79A8559fEeE8B00922F8Cd773A81D84
2026-06-25 20:00:00 UTC,Ecuador vs Germany,FIFA World Cup ,Under 3.5,Under/Over (3.5),185.0,2026-06-22 16:04:34 UTC,185.0,1.6938,Yes,0xE4DD6165bFF7EE73D7932C3b478f7E22431e85E7
2026-06-25 20:00:00 UTC,Ecuador vs Germany,FIFA World Cup ,Under 3.0,Under/Over (3),137.0,2026-06-22 16:04:33 UTC,137.0,1.6012,Yes,0xE4DD6165bFF7EE73D7932C3b478f7E22431e85E7
2026-06-27 03:00:00 UTC,Egypt vs Iran,FIFA World Cup ,Over 2.5,Under/Over (2.5),70.0,2026-06-22 16:04:32 UTC,70.0,1.3475,Yes,0xE4DD6165bFF7EE73D7932C3b478f7E22431e85E7
2026-06-28 02:00:00 UTC,Algeria vs Austria,FIFA World Cup ,Over 1.5,Under/Over (1.5),33.0,2026-06-22 16:04:32 UTC,33.0,1.71,Yes,0xE4DD6165bFF7EE73D7932C3b478f7E22431e85E7
2026-06-25 20:00:00 UTC,Ecuador vs Germany,FIFA World Cup ,Under 5.5,Under/Over (5.5),977.0,2026-06-22 16:04:32 UTC,977.0,1.9363,Yes,0xE4DD6165bFF7EE73D7932C3b478f7E22431e85E7
2026-06-25 20:00:00 UTC,Ecuador vs Germany,FIFA World Cup ,Under 4.5,Under/Over (4.5),529.0,2026-06-22 16:04:32 UTC,529.0,1.8475,Yes,0x740d5718a79A8559fEeE8B00922F8Cd773A81D84
2026-06-27 21:00:00 UTC,Panama vs England,FIFA World Cup ,Not tie,1X2,135.0,2026-06-22 15:34:15 UTC,135.0,1.8712,Yes,0x8268feC8dCb0D284343054BDf2b649286c9aA0a1
2026-06-27 03:00:00 UTC,New Zealand vs Belgium,FIFA World Cup ,New Zealand +1.5,Asian Handicap (1.5),29.0,2026-06-22 15:34:11 UTC,29.0,1.405,Yes,0x740d5718a79A8559fEeE8B00922F8Cd773A81D84
2026-06-25 20:00:00 UTC,Ecuador vs Germany,FIFA World Cup ,Germany -1,Asian Handicap (1),47.0,2026-06-22 15:32:38 UTC,47.0,1.3388,Yes,0xE4DD6165bFF7EE73D7932C3b478f7E22431e85E7
2026-06-26 02:00:00 UTC,Turkey vs USA,FIFA World Cup ,USA,1X2,43.0,2026-06-22 15:32:14 UTC,43.0,1.5,Yes,0x68E1818FF20BBe84F9be9E0A4A395FB11079Bd35
2026-06-25 23:00:00 UTC,Tunisia vs Netherlands,FIFA World Cup ,Not Tunisia,1X2,248.0,2026-06-22 15:31:35 UTC,248.0,1.9613,Yes,0xe2C68b7ef85645e47F9b94382c3Db59b046945a2
2026-06-25 23:00:00 UTC,Tunisia vs Netherlands,FIFA World Cup ,Not tie,1X2,462.0,2026-06-22 15:30:08 UTC,462.0,1.9025,Yes,0xE4DD6165bFF7EE73D7932C3b478f7E22431e85E7
2026-06-27 03:00:00 UTC,New Zealand vs Belgium,FIFA World Cup ,New Zealand +1.5,Asian Handicap (1.5),29.0,2026-06-22 15:25:48 UTC,29.0,1.4062,Yes,0x740d5718a79A8559fEeE8B00922F8Cd773A81D84
2026-06-27 03:00:00 UTC,New Zealand vs Belgium,FIFA World Cup ,New Zealand +3.5,Asian Handicap (3.5),183.0,2026-06-22 15:25:15 UTC,183.0,1.8113,Yes,0xE4DD6165bFF7EE73D7932C3b478f7E22431e85E7
2026-06-27 03:00:00 UTC,New Zealand vs Belgium,FIFA World Cup ,Under 2.5,Under/Over (2.5),70.0,2026-06-22 15:25:15 UTC,70.0,1.39,Yes,0xE4DD6165bFF7EE73D7932C3b478f7E22431e85E7
2026-06-25 20:00:00 UTC,Curaçao vs Ivory Coast,FIFA World Cup ,Ivory Coast -3,Asian Handicap (3),1.0,2026-06-22 15:18:38 UTC,1.0,1.2837,Yes,0xE4DD6165bFF7EE73D7932C3b478f7E22431e85E7
2026-06-27 03:00:00 UTC,Egypt vs Iran,FIFA World Cup ,Under 2.0,Under/Over (2),72.0,2026-06-22 14:56:25 UTC,72.0,1.5063,Yes,0xE4DD6165bFF7EE73D7932C3b478f7E22431e85E7
2026-06-27 03:00:00 UTC,Egypt vs Iran,FIFA World Cup ,Not tie,1X2,150.0,2026-06-22 14:52:32 UTC,150.0,1.6375,Yes,0xE4DD6165bFF7EE73D7932C3b478f7E22431e85E7
2026-06-27 21:00:00 UTC,Croatia vs Ghana,FIFA World Cup ,Over 3.0,Under/Over (3),0.0,2026-06-22 14:47:54 UTC,0.0,1.3025,Yes,0xE4DD6165bFF7EE73D7932C3b478f7E22431e85E7
2026-06-27 03:00:00 UTC,New Zealand vs Belgium,FIFA World Cup ,New Zealand +2.5,Asian Handicap (2.5),54.0,2026-06-22 14:47:49 UTC,54.0,1.6375,Yes,0x740d5718a79A8559fEeE8B00922F8Cd773A81D84
2026-06-27 21:00:00 UTC,Croatia vs Ghana,FIFA World Cup ,Over 3.0,Under/Over (3),29.0,2026-06-22 14:47:49 UTC,29.0,1.3025,Yes,0xE4DD6165bFF7EE73D7932C3b478f7E22431e85E7
2026-06-27 00:00:00 UTC,Cape Verde vs Saudi Arabia,FIFA World Cup ,Not Saudi Arabia,1X2,67.0,2026-06-22 14:39:19 UTC,67.0,1.6738,Yes,0xe2C68b7ef85645e47F9b94382c3Db59b046945a2
2026-06-27 00:00:00 UTC,Cape Verde vs Saudi Arabia,FIFA World Cup ,Not Cape Verde,1X2,59.0,2026-06-22 14:39:10 UTC,59.0,1.5938,Yes,0xE4DD6165bFF7EE73D7932C3b478f7E22431e85E7
2026-06-25 20:00:00 UTC,Ecuador vs Germany,FIFA World Cup ,Germany,1X2,425.0,2026-06-22 14:27:55 UTC,425.0,1.5075,Yes,0x68E1818FF20BBe84F9be9E0A4A395FB11079Bd35
2026-06-27 00:00:00 UTC,Cape Verde vs Saudi Arabia,FIFA World Cup ,Saudi Arabia +1,Asian Handicap (-1),118.0,2026-06-22 14:20:04 UTC,118.0,1.76,Yes,0xE4DD6165bFF7EE73D7932C3b478f7E22431e85E7
2026-06-27 03:00:00 UTC,Egypt vs Iran,FIFA World Cup ,Over 0.5,Under/Over (0.5),92.0,2026-06-22 14:16:01 UTC,92.0,1.855,Yes,0xE4DD6165bFF7EE73D7932C3b478f7E22431e85E7
2026-06-27 00:00:00 UTC,Uruguay vs Spain,FIFA World Cup ,Over 0.5,Under/Over (0.5),578.0,2026-06-22 14:14:34 UTC,578.0,1.9275,Yes,0x8268feC8dCb0D284343054BDf2b649286c9aA0a1
2026-06-26 02:00:00 UTC,Turkey vs USA,FIFA World Cup ,USA -0.5,Asian Handicap (0.5),314.0,2026-06-22 14:14:22 UTC,314.0,1.4963,Yes,0x8268feC8dCb0D284343054BDf2b649286c9aA0a1
2026-06-26 02:00:00 UTC,Turkey vs USA,FIFA World Cup ,USA,1X2,281.0,2026-06-22 14:14:18 UTC,281.0,1.4988,Yes,0x5B3498Cb20C3107B5B267fabd3601B6425BDeb42
2026-06-27 03:00:00 UTC,Egypt vs Iran,FIFA World Cup ,Egypt -1.5,Asian Handicap (-1.5),0.0,2026-06-22 14:12:53 UTC,0.0,1.1663,Yes,0xE4DD6165bFF7EE73D7932C3b478f7E22431e85E7
2026-06-27 03:00:00 UTC,Egypt vs Iran,FIFA World Cup ,Egypt -1.5,Asian Handicap (-1.5),40.0,2026-06-22 14:12:15 UTC,40.0,1.1687,Yes,0xE4DD6165bFF7EE73D7932C3b478f7E22431e85E7
2026-06-26 19:00:00 UTC,Norway vs France,FIFA World Cup ,Under 2.5,Under/Over (2.5),23.0,2026-06-22 14:11:31 UTC,23.0,1.4412,Yes,0xE4DD6165bFF7EE73D7932C3b478f7E22431e85E7
2026-06-25 20:00:00 UTC,Ecuador vs Germany,FIFA World Cup ,Not Ecuador,1X2,2.0,2026-06-22 14:05:06 UTC,2.0,1.7437,Yes,0x68E1818FF20BBe84F9be9E0A4A395FB11079Bd35
2026-06-25 20:00:00 UTC,Ecuador vs Germany,FIFA World Cup ,Germany,1X2,35.0,2026-06-22 14:04:28 UTC,35.0,1.51,Yes,0x68E1818FF20BBe84F9be9E0A4A395FB11079Bd35
2026-06-25 20:00:00 UTC,Ecuador vs Germany,FIFA World Cup ,Not Ecuador,1X2,225.0,2026-06-22 14:03:50 UTC,225.0,1.7437,Yes,0x68E1818FF20BBe84F9be9E0A4A395FB11079Bd35
2026-06-25 20:00:00 UTC,Ecuador vs Germany,FIFA World Cup ,Ecuador,1X2,73.0,2026-06-22 14:03:47 UTC,73.0,1.26,Yes,0xE4DD6165bFF7EE73D7932C3b478f7E22431e85E7
2026-06-25 20:00:00 UTC,Ecuador vs Germany,FIFA World Cup ,Not Germany,1X2,151.0,2026-06-22 14:03:46 UTC,151.0,1.4937,Yes,0xE4DD6165bFF7EE73D7932C3b478f7E22431e85E7
2026-06-27 00:00:00 UTC,Cape Verde vs Saudi Arabia,FIFA World Cup ,Under 3.0,Under/Over (3),174.0,2026-06-22 14:02:59 UTC,174.0,1.665,Yes,0xE4DD6165bFF7EE73D7932C3b478f7E22431e85E7
2026-06-26 02:00:00 UTC,Paraguay vs Australia,FIFA World Cup ,Paraguay -1,Asian Handicap (-1),3.0,2026-06-22 13:54:18 UTC,3.0,1.1525,Yes,0x8268feC8dCb0D284343054BDf2b649286c9aA0a1
2026-06-28 02:00:00 UTC,Jordan vs Argentina,FIFA World Cup ,Jordan +2,Asian Handicap (2),14.0,2026-06-22 13:50:32 UTC,14.0,1.5088,Yes,0xE4DD6165bFF7EE73D7932C3b478f7E22431e85E7
2026-06-28 02:00:00 UTC,Jordan vs Argentina,FIFA World Cup ,Jordan +1.5,Asian Handicap (1.5),89.0,2026-06-22 13:50:31 UTC,89.0,1.3975,Yes,0xE4DD6165bFF7EE73D7932C3b478f7E22431e85E7
2026-06-28 02:00:00 UTC,Jordan vs Argentina,FIFA World Cup ,Jordan +2,Asian Handicap (2),52.0,2026-06-22 13:50:30 UTC,52.0,1.5088,Yes,0xE4DD6165bFF7EE73D7932C3b478f7E22431e85E7
2026-06-26 02:00:00 UTC,Paraguay vs Australia,FIFA World Cup ,Paraguay -1,Asian Handicap (-1),34.0,2026-06-22 13:48:47 UTC,34.0,1.1525,Yes,0x8268feC8dCb0D284343054BDf2b649286c9aA0a1
2026-06-26 02:00:00 UTC,Paraguay vs Australia,FIFA World Cup ,Paraguay -1,Asian Handicap (-1),1.0,2026-06-22 13:47:29 UTC,1.0,1.1525,Yes,0x8268feC8dCb0D284343054BDf2b649286c9aA0a1
2026-06-26 02:00:00 UTC,Paraguay vs Australia,FIFA World Cup ,Paraguay -1,Asian Handicap (-1),74.0,2026-06-22 13:44:30 UTC,74.0,1.1525,Yes,0x8268feC8dCb0D284343054BDf2b649286c9aA0a1
2026-06-26 02:00:00 UTC,Paraguay vs Australia,FIFA World Cup ,Paraguay -1.5,Asian Handicap (-1.5),60.0,2026-06-22 13:35:38 UTC,60.0,1.1187,Yes,0x8268feC8dCb0D284343054BDf2b649286c9aA0a1
2026-06-26 02:00:00 UTC,Paraguay vs Australia,FIFA World Cup ,Over 2.5,Under/Over (2.5),79.0,2026-06-22 13:28:29 UTC,79.0,1.2963,Yes,0xE4DD6165bFF7EE73D7932C3b478f7E22431e85E7
2026-06-26 02:00:00 UTC,Paraguay vs Australia,FIFA World Cup ,Over 2.0,Under/Over (2),91.0,2026-06-22 13:28:28 UTC,91.0,1.4175,Yes,0xE4DD6165bFF7EE73D7932C3b478f7E22431e85E7
2026-06-26 02:00:00 UTC,Paraguay vs Australia,FIFA World Cup ,Over 2.5,Under/Over (2.5),0.0,2026-06-22 13:23:43 UTC,0.0,1.2975,Yes,0xE4DD6165bFF7EE73D7932C3b478f7E22431e85E7
2026-06-27 03:00:00 UTC,Egypt vs Iran,FIFA World Cup ,Iran +0.5,Asian Handicap (-0.5),1.0,2026-06-22 13:23:41 UTC,1.0,1.5987,Yes,0xE4DD6165bFF7EE73D7932C3b478f7E22431e85E7
2026-06-27 03:00:00 UTC,Egypt vs Iran,FIFA World Cup ,Not Egypt,1X2,1.0,2026-06-22 13:23:38 UTC,1.0,1.5987,Yes,0xE4DD6165bFF7EE73D7932C3b478f7E22431e85E7
2026-06-26 02:00:00 UTC,Paraguay vs Australia,FIFA World Cup ,Over 2.5,Under/Over (2.5),58.0,2026-06-22 13:23:08 UTC,58.0,1.2988,Yes,0xE4DD6165bFF7EE73D7932C3b478f7E22431e85E7
2026-06-27 03:00:00 UTC,Egypt vs Iran,FIFA World Cup ,Iran +0.5,Asian Handicap (-0.5),1.0,2026-06-22 13:23:07 UTC,1.0,1.5987,Yes,0xE4DD6165bFF7EE73D7932C3b478f7E22431e85E7
2026-06-27 03:00:00 UTC,Egypt vs Iran,FIFA World Cup ,Not Egypt,1X2,1.0,2026-06-22 13:23:04 UTC,1.0,1.5987,Yes,0xE4DD6165bFF7EE73D7932C3b478f7E22431e85E7
2026-06-27 03:00:00 UTC,Egypt vs Iran,FIFA World Cup ,Iran +0.5,Asian Handicap (-0.5),47.0,2026-06-22 13:22:53 UTC,47.0,1.5987,Yes,0xE4DD6165bFF7EE73D7932C3b478f7E22431e85E7
2026-06-27 03:00:00 UTC,Egypt vs Iran,FIFA World Cup ,Not Egypt,1X2,47.0,2026-06-22 13:22:53 UTC,47.0,1.5987,Yes,0xE4DD6165bFF7EE73D7932C3b478f7E22431e85E7
2026-06-25 20:00:00 UTC,Ecuador vs Germany,FIFA World Cup ,Under 2.5,Under/Over (2.5),49.0,2026-06-22 13:16:23 UTC,49.0,1.4638,Yes,0xE4DD6165bFF7EE73D7932C3b478f7E22431e85E7
2026-06-27 21:00:00 UTC,Panama vs England,FIFA World Cup ,Panama +2.5,Asian Handicap (2.5),1.0,2026-06-22 13:10:27 UTC,1.0,1.6587,Yes,0xE4DD6165bFF7EE73D7932C3b478f7E22431e85E7
2026-06-27 21:00:00 UTC,Panama vs England,FIFA World Cup ,Panama +2.5,Asian Handicap (2.5),32.0,2026-06-22 13:10:04 UTC,32.0,1.6587,Yes,0xE4DD6165bFF7EE73D7932C3b478f7E22431e85E7
2026-06-25 23:00:00 UTC,Tunisia vs Netherlands,FIFA World Cup ,Tunisia +2.5,Asian Handicap (2.5),84.0,2026-06-22 13:07:46 UTC,84.0,1.54,Yes,0xE4DD6165bFF7EE73D7932C3b478f7E22431e85E7
2026-06-25 23:00:00 UTC,Tunisia vs Netherlands,FIFA World Cup ,Tunisia +2,Asian Handicap (2),71.0,2026-06-22 13:07:46 UTC,71.0,1.4062,Yes,0xE4DD6165bFF7EE73D7932C3b478f7E22431e85E7
2026-06-28 02:00:00 UTC,Jordan vs Argentina,FIFA World Cup ,Under 3.0,Under/Over (3),37.0,2026-06-22 13:07:45 UTC,37.0,1.5088,Yes,0xE4DD6165bFF7EE73D7932C3b478f7E22431e85E7
2026-06-28 02:00:00 UTC,Jordan vs Argentina,FIFA World Cup ,Argentina -1,Asian Handicap (1),157.0,2026-06-22 13:04:42 UTC,157.0,1.755,Yes,0xE4DD6165bFF7EE73D7932C3b478f7E22431e85E7
2026-06-28 02:00:00 UTC,Jordan vs Argentina,FIFA World Cup ,Argentina -1.5,Asian Handicap (1.5),103.0,2026-06-22 13:04:41 UTC,103.0,1.5925,Yes,0xE4DD6165bFF7EE73D7932C3b478f7E22431e85E7
2026-06-27 00:00:00 UTC,Cape Verde vs Saudi Arabia,FIFA World Cup ,Under 2.0,Under/Over (2),0.0,2026-06-22 13:02:22 UTC,0.0,1.3613,Yes,0xE4DD6165bFF7EE73D7932C3b478f7E22431e85E7
2026-06-27 00:00:00 UTC,Cape Verde vs Saudi Arabia,FIFA World Cup ,Under 2.0,Under/Over (2),60.0,2026-06-22 13:02:02 UTC,60.0,1.3638,Yes,0xE4DD6165bFF7EE73D7932C3b478f7E22431e85E7
2026-06-27 03:00:00 UTC,Egypt vs Iran,FIFA World Cup ,Egypt,12,2.0,2026-06-22 12:58:37 UTC,2.0,1.5987,Yes,0xE4DD6165bFF7EE73D7932C3b478f7E22431e85E7
2026-06-26 02:00:00 UTC,Paraguay vs Australia,FIFA World Cup ,Not Paraguay,1X2,193.0,2026-06-22 12:36:36 UTC,193.0,1.6612,Yes,0x68E1818FF20BBe84F9be9E0A4A395FB11079Bd35
2026-06-26 02:00:00 UTC,Paraguay vs Australia,FIFA World Cup ,Not tie,1X2,45.0,2026-06-22 12:31:52 UTC,45.0,1.5762,Yes,0xE4DD6165bFF7EE73D7932C3b478f7E22431e85E7
2026-06-25 23:00:00 UTC,Tunisia vs Netherlands,FIFA World Cup ,Under 4.5,Under/Over (4.5),27.0,2026-06-22 12:26:10 UTC,27.0,1.75,Yes,0xE4DD6165bFF7EE73D7932C3b478f7E22431e85E7
2026-06-26 02:00:00 UTC,Turkey vs USA,FIFA World Cup ,Not USA,1X2,116.0,2026-06-22 12:13:05 UTC,116.0,1.4963,Yes,0xE4DD6165bFF7EE73D7932C3b478f7E22431e85E7
2026-06-26 02:00:00 UTC,Turkey vs USA,FIFA World Cup ,Turkey +0.5,Asian Handicap (0.5),85.0,2026-06-22 12:13:04 UTC,85.0,1.4963,Yes,0xE4DD6165bFF7EE73D7932C3b478f7E22431e85E7
2026-06-25 20:00:00 UTC,Ecuador vs Germany,FIFA World Cup ,Under 2.5,Under/Over (2.5),38.0,2026-06-22 12:09:10 UTC,38.0,1.465,Yes,0xE4DD6165bFF7EE73D7932C3b478f7E22431e85E7
2026-06-27 03:00:00 UTC,Egypt vs Iran,FIFA World Cup ,Not tie,1X2,2680.0,2026-06-22 12:08:42 UTC,2680.0,1.6362,Yes,0x8268feC8dCb0D284343054BDf2b649286c9aA0a1
2026-06-25 23:00:00 UTC,Japan vs Sweden,FIFA World Cup ,Not tie,1X2,163.0,2026-06-22 12:07:43 UTC,163.0,1.7225,Yes,0x68E1818FF20BBe84F9be9E0A4A395FB11079Bd35
2026-06-27 03:00:00 UTC,Egypt vs Iran,FIFA World Cup ,Over 1.0,Under/Over (1),101.0,2026-06-22 12:05:13 UTC,101.0,1.8113,Yes,0xE4DD6165bFF7EE73D7932C3b478f7E22431e85E7
2026-06-27 03:00:00 UTC,Egypt vs Iran,FIFA World Cup ,Under 3.0,Under/Over (3),97.0,2026-06-22 12:04:50 UTC,97.0,1.7887,Yes,0xE4DD6165bFF7EE73D7932C3b478f7E22431e85E7
2026-06-27 03:00:00 UTC,Egypt vs Iran,FIFA World Cup ,Not tie,1X2,79.0,2026-06-22 12:03:35 UTC,79.0,1.6375,Yes,0xE4DD6165bFF7EE73D7932C3b478f7E22431e85E7
2026-06-27 00:00:00 UTC,Uruguay vs Spain,FIFA World Cup ,Over 0.5,Under/Over (0.5),586.0,2026-06-22 11:50:07 UTC,586.0,1.9287,Yes,0xE4DD6165bFF7EE73D7932C3b478f7E22431e85E7
2026-06-27 00:00:00 UTC,Uruguay vs Spain,FIFA World Cup ,Not tie,1X2,664.0,2026-06-22 11:48:43 UTC,664.0,1.77,Yes,0x5B3498Cb20C3107B5B267fabd3601B6425BDeb42
2026-06-27 03:00:00 UTC,Egypt vs Iran,FIFA World Cup ,Over 0.5,Under/Over (0.5),386.0,2026-06-22 11:47:29 UTC,386.0,1.85,Yes,0x8268feC8dCb0D284343054BDf2b649286c9aA0a1
2026-06-27 03:00:00 UTC,Egypt vs Iran,FIFA World Cup ,Over 0.5,Under/Over (0.5),265.0,2026-06-22 11:42:39 UTC,265.0,1.8525,Yes,0xE4DD6165bFF7EE73D7932C3b478f7E22431e85E7
2026-06-27 00:00:00 UTC,Uruguay vs Spain,FIFA World Cup ,Over 0.5,Under/Over (0.5),476.0,2026-06-22 11:41:18 UTC,476.0,1.93,Yes,0xe2C68b7ef85645e47F9b94382c3Db59b046945a2
2026-06-27 00:00:00 UTC,Uruguay vs Spain,FIFA World Cup ,Not tie,1X2,1264.0,2026-06-22 11:41:18 UTC,1264.0,1.7688,Yes,0x8268feC8dCb0D284343054BDf2b649286c9aA0a1
2026-06-26 19:00:00 UTC,Senegal vs Iraq,FIFA World Cup ,Under 2.0,Under/Over (2),34.0,2026-06-22 11:32:24 UTC,34.0,1.3025,Yes,0xE4DD6165bFF7EE73D7932C3b478f7E22431e85E7
2026-06-26 19:00:00 UTC,Senegal vs Iraq,FIFA World Cup ,Under 3.0,Under/Over (3),104.0,2026-06-22 11:32:24 UTC,104.0,1.605,Yes,0xE4DD6165bFF7EE73D7932C3b478f7E22431e85E7
2026-06-27 21:00:00 UTC,Panama vs England,FIFA World Cup ,Under 5.5,Under/Over (5.5),15.0,2026-06-22 11:28:53 UTC,15.0,1.905,Yes,0xe2C68b7ef85645e47F9b94382c3Db59b046945a2
2026-06-26 02:00:00 UTC,Turkey vs USA,FIFA World Cup ,Not USA,1X2,194.0,2026-06-22 11:28:23 UTC,194.0,1.5038,Yes,0x797D61eBb38D3cb93d3a52fEA6c34e409de079ee
2026-06-26 02:00:00 UTC,Turkey vs USA,FIFA World Cup ,USA,1X2,334.0,2026-06-22 11:28:20 UTC,334.0,1.4963,Yes,0x5B3498Cb20C3107B5B267fabd3601B6425BDeb42
2026-06-27 03:00:00 UTC,Egypt vs Iran,FIFA World Cup ,Over 3.0,Under/Over (3),0.0,2026-06-22 11:26:14 UTC,0.0,1.2025,Yes,0xE4DD6165bFF7EE73D7932C3b478f7E22431e85E7
2026-06-27 03:00:00 UTC,Egypt vs Iran,FIFA World Cup ,Over 2.5,Under/Over (2.5),86.0,2026-06-22 11:25:53 UTC,86.0,1.35,Yes,0xE4DD6165bFF7EE73D7932C3b478f7E22431e85E7
2026-06-27 03:00:00 UTC,Egypt vs Iran,FIFA World Cup ,Over 3.0,Under/Over (3),64.0,2026-06-22 11:25:53 UTC,64.0,1.2087,Yes,0xE4DD6165bFF7EE73D7932C3b478f7E22431e85E7
2026-06-27 23:30:00 UTC,Colombia vs Portugal,FIFA World Cup ,Colombia -0.5,Asian Handicap (-0.5),60.0,2026-06-22 11:21:30 UTC,60.0,1.2612,Yes,0xE4DD6165bFF7EE73D7932C3b478f7E22431e85E7
2026-06-28 02:00:00 UTC,Jordan vs Argentina,FIFA World Cup ,Under 4.5,Under/Over (4.5),37.0,2026-06-22 11:15:18 UTC,37.0,1.795,Yes,0xE4DD6165bFF7EE73D7932C3b478f7E22431e85E7
2026-06-28 02:00:00 UTC,Jordan vs Argentina,FIFA World Cup ,Under 5.0,Under/Over (5),130.0,2026-06-22 11:15:16 UTC,130.0,1.8925,Yes,0xE4DD6165bFF7EE73D7932C3b478f7E22431e85E7
2026-06-28 02:00:00 UTC,Jordan vs Argentina,FIFA World Cup ,Under 4.0,Under/Over (4),48.0,2026-06-22 11:15:16 UTC,48.0,1.7525,Yes,0xE4DD6165bFF7EE73D7932C3b478f7E22431e85E7
2026-06-28 02:00:00 UTC,Jordan vs Argentina,FIFA World Cup ,Under 4.5,Under/Over (4.5),196.0,2026-06-22 11:15:16 UTC,196.0,1.795,Yes,0xE4DD6165bFF7EE73D7932C3b478f7E22431e85E7
2026-06-27 00:00:00 UTC,Uruguay vs Spain,FIFA World Cup ,Not tie,1X2,1148.0,2026-06-22 11:11:02 UTC,1148.0,1.7688,Yes,0x8268feC8dCb0D284343054BDf2b649286c9aA0a1
2026-06-27 03:00:00 UTC,Egypt vs Iran,FIFA World Cup ,Under 0.5,Under/Over (0.5),0.0,2026-06-22 11:10:55 UTC,0.0,1.1362,Yes,0xE4DD6165bFF7EE73D7932C3b478f7E22431e85E7
2026-06-27 03:00:00 UTC,Egypt vs Iran,FIFA World Cup ,Under 1.0,Under/Over (1),72.0,2026-06-22 11:10:14 UTC,72.0,1.1812,Yes,0xE4DD6165bFF7EE73D7932C3b478f7E22431e85E7
2026-06-27 03:00:00 UTC,Egypt vs Iran,FIFA World Cup ,Under 2.0,Under/Over (2),183.0,2026-06-22 11:10:14 UTC,183.0,1.5075,Yes,0xE4DD6165bFF7EE73D7932C3b478f7E22431e85E7
2026-06-27 03:00:00 UTC,Egypt vs Iran,FIFA World Cup ,Under 2.5,Under/Over (2.5),156.0,2026-06-22 11:10:13 UTC,156.0,1.6475,Yes,0xE4DD6165bFF7EE73D7932C3b478f7E22431e85E7
2026-06-27 03:00:00 UTC,Egypt vs Iran,FIFA World Cup ,Under 0.5,Under/Over (0.5),45.0,2026-06-22 11:10:13 UTC,45.0,1.1412,Yes,0xE4DD6165bFF7EE73D7932C3b478f7E22431e85E7
2026-06-27 03:00:00 UTC,Egypt vs Iran,FIFA World Cup ,Under 1.5,Under/Over (1.5),103.0,2026-06-22 11:10:13 UTC,103.0,1.3625,Yes,0xE4DD6165bFF7EE73D7932C3b478f7E22431e85E7
2026-06-27 00:00:00 UTC,Uruguay vs Spain,FIFA World Cup ,Over 1.5,Under/Over (1.5),51.0,2026-06-22 11:04:42 UTC,51.0,1.7588,Yes,0x8268feC8dCb0D284343054BDf2b649286c9aA0a1
2026-06-27 00:00:00 UTC,Uruguay vs Spain,FIFA World Cup ,Over 2.5,Under/Over (2.5),35.0,2026-06-22 11:04:20 UTC,35.0,1.5125,Yes,0x8268feC8dCb0D284343054BDf2b649286c9aA0a1
2026-06-27 03:00:00 UTC,New Zealand vs Belgium,FIFA World Cup ,New Zealand +1.5,Asian Handicap (1.5),25.0,2026-06-22 11:01:57 UTC,25.0,1.4087,Yes,0x8268feC8dCb0D284343054BDf2b649286c9aA0a1
2026-06-27 00:00:00 UTC,Uruguay vs Spain,FIFA World Cup ,Spain -1.5,Asian Handicap (1.5),23.0,2026-06-22 11:01:05 UTC,23.0,1.3875,Yes,0x740d5718a79A8559fEeE8B00922F8Cd773A81D84
2026-06-27 23:30:00 UTC,Congo DR vs Uzbekistan,FIFA World Cup ,Over 1.5,Under/Over (1.5),129.0,2026-06-22 11:00:09 UTC,129.0,1.7,Yes,0xE4DD6165bFF7EE73D7932C3b478f7E22431e85E7
2026-06-27 23:30:00 UTC,Congo DR vs Uzbekistan,FIFA World Cup ,Over 2.0,Under/Over (2),221.0,2026-06-22 11:00:09 UTC,221.0,1.5962,Yes,0xE4DD6165bFF7EE73D7932C3b478f7E22431e85E7
2026-06-27 23:30:00 UTC,Congo DR vs Uzbekistan,FIFA World Cup ,Over 2.5,Under/Over (2.5),99.0,2026-06-22 11:00:09 UTC,99.0,1.4425,Yes,0xE4DD6165bFF7EE73D7932C3b478f7E22431e85E7
2026-06-27 23:30:00 UTC,Congo DR vs Uzbekistan,FIFA World Cup ,Over 2.5,Under/Over (2.5),26.0,2026-06-22 11:00:07 UTC,26.0,1.4425,Yes,0xE4DD6165bFF7EE73D7932C3b478f7E22431e85E7
2026-06-28 02:00:00 UTC,Jordan vs Argentina,FIFA World Cup ,Jordan +2.5,Asian Handicap (2.5),1.0,2026-06-22 10:59:24 UTC,1.0,1.6238,Yes,0xE4DD6165bFF7EE73D7932C3b478f7E22431e85E7
2026-06-28 02:00:00 UTC,Jordan vs Argentina,FIFA World Cup ,Jordan +2.5,Asian Handicap (2.5),27.0,2026-06-22 10:58:47 UTC,27.0,1.625,Yes,0xE4DD6165bFF7EE73D7932C3b478f7E22431e85E7
2026-06-28 02:00:00 UTC,Jordan vs Argentina,FIFA World Cup ,Jordan +2.5,Asian Handicap (2.5),1.0,2026-06-22 10:57:52 UTC,1.0,1.625,Yes,0xE4DD6165bFF7EE73D7932C3b478f7E22431e85E7
2026-06-28 02:00:00 UTC,Jordan vs Argentina,FIFA World Cup ,Jordan +2,Asian Handicap (2),42.0,2026-06-22 10:57:38 UTC,42.0,1.5212,Yes,0xE4DD6165bFF7EE73D7932C3b478f7E22431e85E7
2026-06-27 03:00:00 UTC,New Zealand vs Belgium,FIFA World Cup ,Under 3.5,Under/Over (3.5),91.0,2026-06-22 10:57:34 UTC,91.0,1.6162,Yes,0xE4DD6165bFF7EE73D7932C3b478f7E22431e85E7
2026-06-28 02:00:00 UTC,Jordan vs Argentina,FIFA World Cup ,Jordan +2.5,Asian Handicap (2.5),22.0,2026-06-22 10:57:26 UTC,22.0,1.625,Yes,0xE4DD6165bFF7EE73D7932C3b478f7E22431e85E7
2026-06-28 02:00:00 UTC,Jordan vs Argentina,FIFA World Cup ,Over 1.5,Under/Over (1.5),82.0,2026-06-22 10:56:49 UTC,82.0,1.8037,Yes,0xE4DD6165bFF7EE73D7932C3b478f7E22431e85E7
2026-06-25 23:00:00 UTC,Japan vs Sweden,FIFA World Cup ,Under 1.0,Under/Over (1),0.0,2026-06-22 10:54:12 UTC,0.0,1.0762,Yes,0xE4DD6165bFF7EE73D7932C3b478f7E22431e85E7
2026-06-25 23:00:00 UTC,Japan vs Sweden,FIFA World Cup ,Over 1.0,Under/Over (1),54.0,2026-06-22 10:53:25 UTC,54.0,1.9163,Yes,0x8268feC8dCb0D284343054BDf2b649286c9aA0a1
2026-06-28 02:00:00 UTC,Jordan vs Argentina,FIFA World Cup ,Over 4.0,Under/Over (4),0.0,2026-06-22 10:52:27 UTC,0.0,1.235,Yes,0x8268feC8dCb0D284343054BDf2b649286c9aA0a1
2026-06-28 02:00:00 UTC,Jordan vs Argentina,FIFA World Cup ,Over 3.5,Under/Over (3.5),0.0,2026-06-22 10:52:25 UTC,0.0,1.3662,Yes,0x8268feC8dCb0D284343054BDf2b649286c9aA0a1
2026-06-28 02:00:00 UTC,Jordan vs Argentina,FIFA World Cup ,Over 2.5,Under/Over (2.5),1.0,2026-06-22 10:52:22 UTC,1.0,1.6,Yes,0x8268feC8dCb0D284343054BDf2b649286c9aA0a1
2026-06-28 02:00:00 UTC,Jordan vs Argentina,FIFA World Cup ,Over 3.0,Under/Over (3),0.0,2026-06-22 10:52:20 UTC,0.0,1.4788,Yes,0xE4DD6165bFF7EE73D7932C3b478f7E22431e85E7
2026-06-28 02:00:00 UTC,Jordan vs Argentina,FIFA World Cup ,Over 2.0,Under/Over (2),62.0,2026-06-22 10:51:55 UTC,62.0,1.7612,Yes,0xE4DD6165bFF7EE73D7932C3b478f7E22431e85E7
2026-06-28 02:00:00 UTC,Jordan vs Argentina,FIFA World Cup ,Jordan +2,Asian Handicap (2),91.0,2026-06-22 10:51:39 UTC,91.0,1.5212,Yes,0xE4DD6165bFF7EE73D7932C3b478f7E22431e85E7
2026-06-28 02:00:00 UTC,Jordan vs Argentina,FIFA World Cup ,Jordan +3,Asian Handicap (3),127.0,2026-06-22 10:51:37 UTC,127.0,1.77,Yes,0xE4DD6165bFF7EE73D7932C3b478f7E22431e85E7
2026-06-28 02:00:00 UTC,Jordan vs Argentina,FIFA World Cup ,Jordan +2,Asian Handicap (2),26.0,2026-06-22 10:51:37 UTC,26.0,1.5212,Yes,0xE4DD6165bFF7EE73D7932C3b478f7E22431e85E7
2026-06-28 02:00:00 UTC,Jordan vs Argentina,FIFA World Cup ,Jordan +2.5,Asian Handicap (2.5),125.0,2026-06-22 10:51:37 UTC,125.0,1.6313,Yes,0xE4DD6165bFF7EE73D7932C3b478f7E22431e85E7
2026-06-28 02:00:00 UTC,Jordan vs Argentina,FIFA World Cup ,Over 4.0,Under/Over (4),4.0,2026-06-22 10:51:35 UTC,4.0,1.235,Yes,0xE4DD6165bFF7EE73D7932C3b478f7E22431e85E7
2026-06-28 02:00:00 UTC,Jordan vs Argentina,FIFA World Cup ,Over 2.0,Under/Over (2),142.0,2026-06-22 10:51:35 UTC,142.0,1.7612,Yes,0xE4DD6165bFF7EE73D7932C3b478f7E22431e85E7
2026-06-28 02:00:00 UTC,Jordan vs Argentina,FIFA World Cup ,Over 3.5,Under/Over (3.5),15.0,2026-06-22 10:51:35 UTC,15.0,1.365,Yes,0xE4DD6165bFF7EE73D7932C3b478f7E22431e85E7
2026-06-28 02:00:00 UTC,Jordan vs Argentina,FIFA World Cup ,Over 2.5,Under/Over (2.5),63.0,2026-06-22 10:51:34 UTC,63.0,1.6012,Yes,0xE4DD6165bFF7EE73D7932C3b478f7E22431e85E7
2026-06-28 02:00:00 UTC,Jordan vs Argentina,FIFA World Cup ,Over 3.0,Under/Over (3),103.0,2026-06-22 10:51:33 UTC,103.0,1.48,Yes,0xE4DD6165bFF7EE73D7932C3b478f7E22431e85E7
2026-06-25 23:00:00 UTC,Tunisia vs Netherlands,FIFA World Cup ,Netherlands -4.5,Asian Handicap (4.5),24.0,2026-06-22 10:48:27 UTC,24.0,1.1162,Yes,0xe2C68b7ef85645e47F9b94382c3Db59b046945a2
2026-06-25 23:00:00 UTC,Tunisia vs Netherlands,FIFA World Cup ,Over 4.5,Under/Over (4.5),33.0,2026-06-22 10:47:48 UTC,33.0,1.245,Yes,0xE4DD6165bFF7EE73D7932C3b478f7E22431e85E7
2026-06-28 02:00:00 UTC,Algeria vs Austria,FIFA World Cup ,Over 2.5,Under/Over (2.5),10.0,2026-06-22 10:41:17 UTC,10.0,1.4412,Yes,0xE4DD6165bFF7EE73D7932C3b478f7E22431e85E7
2026-06-27 00:00:00 UTC,Uruguay vs Spain,FIFA World Cup ,Under 1.5,Under/Over (1.5),16.0,2026-06-22 10:38:15 UTC,16.0,1.2312,Yes,0xE4DD6165bFF7EE73D7932C3b478f7E22431e85E7
2026-06-27 03:00:00 UTC,New Zealand vs Belgium,FIFA World Cup ,Over 1.0,Under/Over (1),97.0,2026-06-22 10:32:41 UTC,97.0,1.945,Yes,0xE4DD6165bFF7EE73D7932C3b478f7E22431e85E7
2026-06-27 03:00:00 UTC,Egypt vs Iran,FIFA World Cup ,Not tie,1X2,129.0,2026-06-22 10:23:54 UTC,129.0,1.635,Yes,0xE4DD6165bFF7EE73D7932C3b478f7E22431e85E7
2026-06-28 02:00:00 UTC,Jordan vs Argentina,FIFA World Cup ,Not Jordan,1X2,12.0,2026-06-22 10:18:41 UTC,12.0,1.9275,Yes,0xE4DD6165bFF7EE73D7932C3b478f7E22431e85E7
2026-06-25 20:00:00 UTC,Curaçao vs Ivory Coast,FIFA World Cup ,Ivory Coast -3,Asian Handicap (3),7.0,2026-06-22 10:17:16 UTC,7.0,1.2837,Yes,0xE4DD6165bFF7EE73D7932C3b478f7E22431e85E7
2026-06-25 20:00:00 UTC,Curaçao vs Ivory Coast,FIFA World Cup ,Ivory Coast -3,Asian Handicap (3),3.0,2026-06-22 10:16:32 UTC,3.0,1.2837,Yes,0xE4DD6165bFF7EE73D7932C3b478f7E22431e85E7
2026-06-25 20:00:00 UTC,Curaçao vs Ivory Coast,FIFA World Cup ,Ivory Coast -3.5,Asian Handicap (3.5),3.0,2026-06-22 10:15:50 UTC,3.0,1.23,Yes,0xE4DD6165bFF7EE73D7932C3b478f7E22431e85E7
2026-06-25 20:00:00 UTC,Curaçao vs Ivory Coast,FIFA World Cup ,Under 3.5,Under/Over (3.5),125.0,2026-06-22 10:04:16 UTC,125.0,1.5888,Yes,0xE4DD6165bFF7EE73D7932C3b478f7E22431e85E7
2026-06-25 23:00:00 UTC,Tunisia vs Netherlands,FIFA World Cup ,Netherlands -2,Asian Handicap (2),240.0,2026-06-22 10:04:11 UTC,240.0,1.5863,Yes,0xE4DD6165bFF7EE73D7932C3b478f7E22431e85E7
2026-06-25 23:00:00 UTC,Tunisia vs Netherlands,FIFA World Cup ,Netherlands -2.5,Asian Handicap (2.5),3.0,2026-06-22 09:48:07 UTC,3.0,1.4525,Yes,0xE4DD6165bFF7EE73D7932C3b478f7E22431e85E7
2026-06-25 23:00:00 UTC,Japan vs Sweden,FIFA World Cup ,Sweden +2.5,Asian Handicap (-2.5),362.0,2026-06-22 09:41:10 UTC,362.0,1.875,Yes,0xE4DD6165bFF7EE73D7932C3b478f7E22431e85E7
2026-06-25 23:00:00 UTC,Japan vs Sweden,FIFA World Cup ,Not Japan,1X2,115.0,2026-06-22 09:41:10 UTC,115.0,1.4863,Yes,0xE4DD6165bFF7EE73D7932C3b478f7E22431e85E7
2026-06-25 23:00:00 UTC,Japan vs Sweden,FIFA World Cup ,Sweden +0.5,Asian Handicap (-0.5),99.0,2026-06-22 09:41:10 UTC,99.0,1.4863,Yes,0xE4DD6165bFF7EE73D7932C3b478f7E22431e85E7
2026-06-25 23:00:00 UTC,Tunisia vs Netherlands,FIFA World Cup ,Netherlands -2.5,Asian Handicap (2.5),19.0,2026-06-22 09:32:40 UTC,19.0,1.4525,Yes,0xE4DD6165bFF7EE73D7932C3b478f7E22431e85E7
2026-06-26 02:00:00 UTC,Turkey vs USA,FIFA World Cup ,USA -0.5,Asian Handicap (0.5),1619.0,2026-06-22 09:28:36 UTC,1619.0,1.4963,Yes,0x8268feC8dCb0D284343054BDf2b649286c9aA0a1
2026-06-26 02:00:00 UTC,Turkey vs USA,FIFA World Cup ,USA,1X2,395.0,2026-06-22 09:28:33 UTC,395.0,1.5,Yes,0x68E1818FF20BBe84F9be9E0A4A395FB11079Bd35
2026-06-25 20:00:00 UTC,Ecuador vs Germany,FIFA World Cup ,Not Ecuador,1X2,2.0,2026-06-22 09:17:55 UTC,2.0,1.735,Yes,0x68E1818FF20BBe84F9be9E0A4A395FB11079Bd35
2026-06-26 02:00:00 UTC,Paraguay vs Australia,FIFA World Cup ,Not tie,1X2,2.0,2026-06-22 09:16:54 UTC,2.0,1.575,Yes,0x8268feC8dCb0D284343054BDf2b649286c9aA0a1
2026-06-25 23:00:00 UTC,Japan vs Sweden,FIFA World Cup ,Under 3.0,Under/Over (3),98.0,2026-06-22 09:15:23 UTC,98.0,1.5875,Yes,0xE4DD6165bFF7EE73D7932C3b478f7E22431e85E7
2026-06-27 03:00:00 UTC,Egypt vs Iran,FIFA World Cup ,Over 1.5,Under/Over (1.5),392.0,2026-06-22 09:09:20 UTC,392.0,1.6275,Yes,0x740d5718a79A8559fEeE8B00922F8Cd773A81D84
2026-06-25 20:00:00 UTC,Ecuador vs Germany,FIFA World Cup ,Ecuador 0,Asian Handicap (0),14.0,2026-06-22 09:09:08 UTC,14.0,1.34,Yes,0xE4DD6165bFF7EE73D7932C3b478f7E22431e85E7
2026-06-27 21:00:00 UTC,Panama vs England,FIFA World Cup ,Not tie,1X2,39.0,2026-06-22 09:03:37 UTC,39.0,1.8738,Yes,0xE4DD6165bFF7EE73D7932C3b478f7E22431e85E7
2026-06-25 23:00:00 UTC,Tunisia vs Netherlands,FIFA World Cup ,Tie,1X2,0.0,2026-06-22 09:02:54 UTC,0.0,1.0925,Yes,0xe2C68b7ef85645e47F9b94382c3Db59b046945a2
2026-06-26 02:00:00 UTC,Turkey vs USA,FIFA World Cup ,Not tie,1X2,18.0,2026-06-22 09:02:52 UTC,18.0,1.77,Yes,0x5B3498Cb20C3107B5B267fabd3601B6425BDeb42
2026-06-25 23:00:00 UTC,Tunisia vs Netherlands,FIFA World Cup ,Not tie,1X2,51.0,2026-06-22 09:02:43 UTC,51.0,1.9013,Yes,0x8268feC8dCb0D284343054BDf2b649286c9aA0a1
2026-06-25 20:00:00 UTC,Ecuador vs Germany,FIFA World Cup ,Ecuador 0,Asian Handicap (0),12.0,2026-06-22 09:00:03 UTC,12.0,1.3413,Yes,0xE4DD6165bFF7EE73D7932C3b478f7E22431e85E7
2026-06-27 03:00:00 UTC,Egypt vs Iran,FIFA World Cup ,Over 2.0,Under/Over (2),0.0,2026-06-22 08:59:57 UTC,0.0,1.4888,Yes,0xE4DD6165bFF7EE73D7932C3b478f7E22431e85E7
2026-06-27 03:00:00 UTC,Egypt vs Iran,FIFA World Cup ,Over 2.0,Under/Over (2),74.0,2026-06-22 08:59:35 UTC,74.0,1.49,Yes,0xE4DD6165bFF7EE73D7932C3b478f7E22431e85E7
2026-06-25 20:00:00 UTC,Curaçao vs Ivory Coast,FIFA World Cup ,Over 3.5,Under/Over (3.5),0.0,2026-06-22 08:59:11 UTC,0.0,1.4038,Yes,0xE4DD6165bFF7EE73D7932C3b478f7E22431e85E7
2026-06-25 20:00:00 UTC,Curaçao vs Ivory Coast,FIFA World Cup ,Over 3.5,Under/Over (3.5),114.0,2026-06-22 08:58:41 UTC,114.0,1.4062,Yes,0xE4DD6165bFF7EE73D7932C3b478f7E22431e85E7
2026-06-25 23:00:00 UTC,Tunisia vs Netherlands,FIFA World Cup ,Tunisia +1.5,Asian Handicap (1.5),6.0,2026-06-22 08:54:32 UTC,6.0,1.3188,Yes,0xE4DD6165bFF7EE73D7932C3b478f7E22431e85E7
2026-06-25 23:00:00 UTC,Tunisia vs Netherlands,FIFA World Cup ,Tunisia +1.5,Asian Handicap (1.5),9.0,2026-06-22 08:51:57 UTC,9.0,1.3188,Yes,0xE4DD6165bFF7EE73D7932C3b478f7E22431e85E7
2026-06-25 23:00:00 UTC,Tunisia vs Netherlands,FIFA World Cup ,Tunisia +1.5,Asian Handicap (1.5),11.0,2026-06-22 08:49:23 UTC,11.0,1.3188,Yes,0xE4DD6165bFF7EE73D7932C3b478f7E22431e85E7
2026-06-25 23:00:00 UTC,Tunisia vs Netherlands,FIFA World Cup ,Tunisia +1.5,Asian Handicap (1.5),14.0,2026-06-22 08:46:42 UTC,14.0,1.3188,Yes,0xE4DD6165bFF7EE73D7932C3b478f7E22431e85E7
2026-06-27 03:00:00 UTC,New Zealand vs Belgium,FIFA World Cup ,Under 3.5,Under/Over (3.5),1437.0,2026-06-22 08:19:31 UTC,1437.0,1.6162,Yes,0x8268feC8dCb0D284343054BDf2b649286c9aA0a1
2026-06-27 03:00:00 UTC,New Zealand vs Belgium,FIFA World Cup ,Belgium -2,Asian Handicap (2),33.0,2026-06-22 08:14:31 UTC,33.0,1.4575,Yes,0xE4DD6165bFF7EE73D7932C3b478f7E22431e85E7
2026-06-27 03:00:00 UTC,New Zealand vs Belgium,FIFA World Cup ,Under 3.5,Under/Over (3.5),565.0,2026-06-22 07:59:30 UTC,565.0,1.6162,Yes,0x8268feC8dCb0D284343054BDf2b649286c9aA0a1
2026-06-25 23:00:00 UTC,Tunisia vs Netherlands,FIFA World Cup ,Netherlands -2,Asian Handicap (2),145.0,2026-06-22 07:57:11 UTC,145.0,1.58,Yes,0x8268feC8dCb0D284343054BDf2b649286c9aA0a1
2026-06-27 03:00:00 UTC,New Zealand vs Belgium,FIFA World Cup ,Under 5.0,Under/Over (5),264.0,2026-06-22 07:47:37 UTC,264.0,1.8962,Yes,0xe2C68b7ef85645e47F9b94382c3Db59b046945a2
2026-06-27 03:00:00 UTC,New Zealand vs Belgium,FIFA World Cup ,Under 5.5,Under/Over (5.5),264.0,2026-06-22 07:47:37 UTC,264.0,1.9062,Yes,0xe2C68b7ef85645e47F9b94382c3Db59b046945a2
2026-06-25 23:00:00 UTC,Tunisia vs Netherlands,FIFA World Cup ,Netherlands -3,Asian Handicap (3),32.0,2026-06-22 07:23:59 UTC,32.0,1.3113,Yes,0xE4DD6165bFF7EE73D7932C3b478f7E22431e85E7
2026-06-26 02:00:00 UTC,Paraguay vs Australia,FIFA World Cup ,Over 4.5,Under/Over (4.5),0.0,2026-06-22 07:21:17 UTC,0.0,1.05,Yes,0xE4DD6165bFF7EE73D7932C3b478f7E22431e85E7
2026-06-25 23:00:00 UTC,Tunisia vs Netherlands,FIFA World Cup ,Tunisia +4,Asian Handicap (4),232.0,2026-06-22 07:20:09 UTC,232.0,1.8638,Yes,0xE4DD6165bFF7EE73D7932C3b478f7E22431e85E7
2026-06-25 23:00:00 UTC,Tunisia vs Netherlands,FIFA World Cup ,Tunisia +3,Asian Handicap (3),76.0,2026-06-22 07:20:02 UTC,76.0,1.6863,Yes,0xE4DD6165bFF7EE73D7932C3b478f7E22431e85E7
2026-06-25 23:00:00 UTC,Tunisia vs Netherlands,FIFA World Cup ,Tunisia +3,Asian Handicap (3),60.0,2026-06-22 07:19:59 UTC,60.0,1.6863,Yes,0xE4DD6165bFF7EE73D7932C3b478f7E22431e85E7
2026-06-25 23:00:00 UTC,Tunisia vs Netherlands,FIFA World Cup ,Netherlands -3,Asian Handicap (3),98.0,2026-06-22 07:19:18 UTC,98.0,1.3125,Yes,0xE4DD6165bFF7EE73D7932C3b478f7E22431e85E7
2026-06-25 23:00:00 UTC,Tunisia vs Netherlands,FIFA World Cup ,Netherlands -2.5,Asian Handicap (2.5),60.0,2026-06-22 07:19:17 UTC,60.0,1.45,Yes,0xE4DD6165bFF7EE73D7932C3b478f7E22431e85E7
2026-06-25 23:00:00 UTC,Tunisia vs Netherlands,FIFA World Cup ,Netherlands -2,Asian Handicap (2),160.0,2026-06-22 07:19:17 UTC,160.0,1.5825,Yes,0xE4DD6165bFF7EE73D7932C3b478f7E22431e85E7
2026-06-26 02:00:00 UTC,Turkey vs USA,FIFA World Cup ,USA,1X2,393.0,2026-06-22 07:05:55 UTC,393.0,1.5025,Yes,0x68E1818FF20BBe84F9be9E0A4A395FB11079Bd35
2026-06-26 02:00:00 UTC,Turkey vs USA,FIFA World Cup ,USA,1X2,261.0,2026-06-22 07:05:39 UTC,261.0,1.5025,Yes,0x68E1818FF20BBe84F9be9E0A4A395FB11079Bd35
2026-06-27 03:00:00 UTC,New Zealand vs Belgium,FIFA World Cup ,New Zealand +4,Asian Handicap (4),462.0,2026-06-22 07:00:59 UTC,462.0,1.9125,Yes,0xE4DD6165bFF7EE73D7932C3b478f7E22431e85E7
2026-06-27 03:00:00 UTC,New Zealand vs Belgium,FIFA World Cup ,New Zealand +3.5,Asian Handicap (3.5),749.0,2026-06-22 07:00:41 UTC,749.0,1.8163,Yes,0x8268feC8dCb0D284343054BDf2b649286c9aA0a1
2026-06-27 03:00:00 UTC,New Zealand vs Belgium,FIFA World Cup ,New Zealand +3,Asian Handicap (3),193.0,2026-06-22 06:58:00 UTC,193.0,1.7837,Yes,0xE4DD6165bFF7EE73D7932C3b478f7E22431e85E7
2026-06-25 20:00:00 UTC,Ecuador vs Germany,FIFA World Cup ,Germany 0,Asian Handicap (0),256.0,2026-06-22 06:57:39 UTC,256.0,1.6488,Yes,0xE4DD6165bFF7EE73D7932C3b478f7E22431e85E7
2026-06-26 02:00:00 UTC,Turkey vs USA,FIFA World Cup ,USA,1X2,395.0,2026-06-22 06:57:09 UTC,395.0,1.505,Yes,0x68E1818FF20BBe84F9be9E0A4A395FB11079Bd35
2026-06-27 23:30:00 UTC,Colombia vs Portugal,FIFA World Cup ,Over 2.5,Under/Over (2.5),0.0,2026-06-22 06:56:55 UTC,0.0,1.4537,Yes,0xE4DD6165bFF7EE73D7932C3b478f7E22431e85E7
2026-06-27 23:30:00 UTC,Colombia vs Portugal,FIFA World Cup ,Over 2.5,Under/Over (2.5),17.0,2026-06-22 06:56:43 UTC,17.0,1.455,Yes,0xE4DD6165bFF7EE73D7932C3b478f7E22431e85E7
2026-06-27 03:00:00 UTC,New Zealand vs Belgium,FIFA World Cup ,New Zealand +2.5,Asian Handicap (2.5),120.0,2026-06-22 06:56:20 UTC,120.0,1.6488,Yes,0xE4DD6165bFF7EE73D7932C3b478f7E22431e85E7
2026-06-26 02:00:00 UTC,Turkey vs USA,FIFA World Cup ,USA,1X2,394.0,2026-06-22 06:54:52 UTC,394.0,1.5075,Yes,0x68E1818FF20BBe84F9be9E0A4A395FB11079Bd35
2026-06-28 02:00:00 UTC,Jordan vs Argentina,FIFA World Cup ,Jordan +2,Asian Handicap (2),20.0,2026-06-22 06:52:46 UTC,20.0,1.5212,Yes,0xE4DD6165bFF7EE73D7932C3b478f7E22431e85E7
2026-06-28 02:00:00 UTC,Jordan vs Argentina,FIFA World Cup ,Jordan +2.5,Asian Handicap (2.5),30.0,2026-06-22 06:52:46 UTC,30.0,1.6313,Yes,0xE4DD6165bFF7EE73D7932C3b478f7E22431e85E7
2026-06-26 02:00:00 UTC,Turkey vs USA,FIFA World Cup ,Over 0.5,Under/Over (0.5),78.0,2026-06-22 06:43:26 UTC,78.0,1.9425,Yes,0xE4DD6165bFF7EE73D7932C3b478f7E22431e85E7
2026-06-26 02:00:00 UTC,Turkey vs USA,FIFA World Cup ,USA -1.5,Asian Handicap (1.5),192.0,2026-06-22 06:42:14 UTC,192.0,1.2775,Yes,0x8268feC8dCb0D284343054BDf2b649286c9aA0a1
2026-06-27 00:00:00 UTC,Uruguay vs Spain,FIFA World Cup ,Uruguay +2.5,Asian Handicap (2.5),200.0,2026-06-22 06:42:13 UTC,200.0,1.805,Yes,0xE4DD6165bFF7EE73D7932C3b478f7E22431e85E7
2026-06-27 03:00:00 UTC,Egypt vs Iran,FIFA World Cup ,Tie,1X2,1.0,2026-06-22 06:36:44 UTC,1.0,1.35,Yes,0x8268feC8dCb0D284343054BDf2b649286c9aA0a1
2026-06-28 02:00:00 UTC,Jordan vs Argentina,FIFA World Cup ,Jordan +2,Asian Handicap (2),1.0,2026-06-22 06:31:41 UTC,1.0,1.5212,Yes,0xE4DD6165bFF7EE73D7932C3b478f7E22431e85E7
2026-06-27 03:00:00 UTC,Egypt vs Iran,FIFA World Cup ,Tie,1X2,546.0,2026-06-22 06:31:31 UTC,546.0,1.3525,Yes,0x8268feC8dCb0D284343054BDf2b649286c9aA0a1
2026-06-28 02:00:00 UTC,Jordan vs Argentina,FIFA World Cup ,Jordan +2,Asian Handicap (2),25.0,2026-06-22 06:30:45 UTC,25.0,1.5212,Yes,0xE4DD6165bFF7EE73D7932C3b478f7E22431e85E7
2026-06-27 03:00:00 UTC,Egypt vs Iran,FIFA World Cup ,Tie,1X2,63.0,2026-06-22 06:25:28 UTC,63.0,1.355,Yes,0xE4DD6165bFF7EE73D7932C3b478f7E22431e85E7
2026-06-27 03:00:00 UTC,Egypt vs Iran,FIFA World Cup ,Not tie,1X2,146.0,2026-06-22 06:22:38 UTC,146.0,1.6375,Yes,0xE4DD6165bFF7EE73D7932C3b478f7E22431e85E7
2026-06-28 02:00:00 UTC,Jordan vs Argentina,FIFA World Cup ,Jordan +2.5,Asian Handicap (2.5),1.0,2026-06-22 06:20:52 UTC,1.0,1.6313,Yes,0xE4DD6165bFF7EE73D7932C3b478f7E22431e85E7
2026-06-28 02:00:00 UTC,Jordan vs Argentina,FIFA World Cup ,Not Jordan,1X2,132.0,2026-06-22 06:20:15 UTC,132.0,1.93,Yes,0xe2C68b7ef85645e47F9b94382c3Db59b046945a2
2026-06-28 02:00:00 UTC,Jordan vs Argentina,FIFA World Cup ,Jordan +2.5,Asian Handicap (2.5),28.0,2026-06-22 06:20:09 UTC,28.0,1.6313,Yes,0xE4DD6165bFF7EE73D7932C3b478f7E22431e85E7
2026-06-28 02:00:00 UTC,Jordan vs Argentina,FIFA World Cup ,Jordan +2.5,Asian Handicap (2.5),1.0,2026-06-22 06:20:07 UTC,1.0,1.6313,Yes,0xE4DD6165bFF7EE73D7932C3b478f7E22431e85E7
2026-06-28 02:00:00 UTC,Jordan vs Argentina,FIFA World Cup ,Jordan +2.5,Asian Handicap (2.5),26.0,2026-06-22 06:19:18 UTC,26.0,1.6313,Yes,0xE4DD6165bFF7EE73D7932C3b478f7E22431e85E7
2026-06-27 00:00:00 UTC,Uruguay vs Spain,FIFA World Cup ,Under 3.0,Under/Over (3),26.0,2026-06-22 06:17:59 UTC,26.0,1.6138,Yes,0xE4DD6165bFF7EE73D7932C3b478f7E22431e85E7
2026-06-27 00:00:00 UTC,Cape Verde vs Saudi Arabia,FIFA World Cup ,Not Cape Verde,1X2,102.0,2026-06-22 06:17:41 UTC,102.0,1.5938,Yes,0xe2C68b7ef85645e47F9b94382c3Db59b046945a2
2026-06-27 03:00:00 UTC,Egypt vs Iran,FIFA World Cup ,Tie,1X2,189.0,2026-06-22 06:14:21 UTC,189.0,1.3538,Yes,0x8268feC8dCb0D284343054BDf2b649286c9aA0a1
2026-06-26 02:00:00 UTC,Turkey vs USA,FIFA World Cup ,USA -1.5,Asian Handicap (1.5),79.0,2026-06-22 06:14:07 UTC,79.0,1.2775,Yes,0xE4DD6165bFF7EE73D7932C3b478f7E22431e85E7
2026-06-27 03:00:00 UTC,Egypt vs Iran,FIFA World Cup ,Tie,1X2,360.0,2026-06-22 06:13:34 UTC,360.0,1.3538,Yes,0x8268feC8dCb0D284343054BDf2b649286c9aA0a1
2026-06-25 23:00:00 UTC,Japan vs Sweden,FIFA World Cup ,Not Japan,1X2,31.0,2026-06-22 05:54:26 UTC,31.0,1.4863,Yes,0x68E1818FF20BBe84F9be9E0A4A395FB11079Bd35
2026-06-27 21:00:00 UTC,Panama vs England,FIFA World Cup ,Not Panama,1X2,417.0,2026-06-22 05:50:22 UTC,417.0,1.9125,Yes,0xE4DD6165bFF7EE73D7932C3b478f7E22431e85E7
2026-06-27 03:00:00 UTC,New Zealand vs Belgium,FIFA World Cup ,Belgium,12,264.0,2026-06-22 05:44:45 UTC,264.0,1.9287,Yes,0xe2C68b7ef85645e47F9b94382c3Db59b046945a2
2026-06-25 23:00:00 UTC,Japan vs Sweden,FIFA World Cup ,Japan,12,4.0,2026-06-22 05:44:33 UTC,4.0,1.69,Yes,0xE4DD6165bFF7EE73D7932C3b478f7E22431e85E7
2026-06-25 23:00:00 UTC,Japan vs Sweden,FIFA World Cup ,Sweden,1X2,0.0,2026-06-22 05:21:04 UTC,0.0,1.215,Yes,0x68E1818FF20BBe84F9be9E0A4A395FB11079Bd35
2026-06-25 23:00:00 UTC,Japan vs Sweden,FIFA World Cup ,Sweden,1X2,106.0,2026-06-22 05:20:25 UTC,106.0,1.2163,Yes,0x68E1818FF20BBe84F9be9E0A4A395FB11079Bd35
2026-06-25 23:00:00 UTC,Tunisia vs Netherlands,FIFA World Cup ,Not Tunisia,1X2,615.0,2026-06-22 05:04:10 UTC,615.0,1.96,Yes,0xe2C68b7ef85645e47F9b94382c3Db59b046945a2
2026-06-26 02:00:00 UTC,Turkey vs USA,FIFA World Cup ,USA -0.5,Asian Handicap (0.5),1.0,2026-06-22 04:49:19 UTC,1.0,1.485,Yes,0xe2C68b7ef85645e47F9b94382c3Db59b046945a2
2026-06-26 02:00:00 UTC,Turkey vs USA,FIFA World Cup ,Turkey,12,4.0,2026-06-22 04:49:16 UTC,4.0,1.3088,Yes,0xe2C68b7ef85645e47F9b94382c3Db59b046945a2
2026-06-25 20:00:00 UTC,Curaçao vs Ivory Coast,FIFA World Cup ,Ivory Coast,12,354.0,2026-06-22 04:46:50 UTC,354.0,1.9438,Yes,0xe2C68b7ef85645e47F9b94382c3Db59b046945a2
2026-06-27 00:00:00 UTC,Cape Verde vs Saudi Arabia,FIFA World Cup ,Not tie,1X2,264.0,2026-06-22 04:37:57 UTC,264.0,1.7412,Yes,0xe2C68b7ef85645e47F9b94382c3Db59b046945a2
2026-06-27 23:30:00 UTC,Colombia vs Portugal,FIFA World Cup ,Colombia,12,1.0,2026-06-22 04:35:52 UTC,1.0,1.3388,Yes,0xe2C68b7ef85645e47F9b94382c3Db59b046945a2
2026-06-25 20:00:00 UTC,Ecuador vs Germany,FIFA World Cup ,Ecuador,12,2.0,2026-06-22 04:34:27 UTC,2.0,1.3313,Yes,0xe2C68b7ef85645e47F9b94382c3Db59b046945a2
2026-06-26 02:00:00 UTC,Turkey vs USA,FIFA World Cup ,USA,1X2,219.0,2026-06-22 04:05:14 UTC,219.0,1.5125,Yes,0x68E1818FF20BBe84F9be9E0A4A395FB11079Bd35
2026-06-26 02:00:00 UTC,Turkey vs USA,FIFA World Cup ,Not USA,1X2,212.0,2026-06-22 04:05:10 UTC,212.0,1.4912,Yes,0x8268feC8dCb0D284343054BDf2b649286c9aA0a1
2026-06-26 02:00:00 UTC,Turkey vs USA,FIFA World Cup ,USA,1X2,214.0,2026-06-22 04:05:10 UTC,214.0,1.5075,Yes,0x68E1818FF20BBe84F9be9E0A4A395FB11079Bd35
2026-06-26 02:00:00 UTC,Turkey vs USA,FIFA World Cup ,Under 2.0,Under/Over (2),199.0,2026-06-22 03:29:18 UTC,199.0,1.2763,Yes,0xe2C68b7ef85645e47F9b94382c3Db59b046945a2
2026-06-27 03:00:00 UTC,New Zealand vs Belgium,FIFA World Cup ,Tie,1X2,9.0,2026-06-22 02:37:56 UTC,9.0,1.72,Yes,0x61Eba50c28d9D47b1CdC3EE20e5bd6bAf8803FFB
2026-06-27 03:00:00 UTC,New Zealand vs Belgium,FIFA World Cup ,Under 5.0,Under/Over (5),264.0,2026-06-22 02:30:11 UTC,264.0,1.8988,Yes,0xe2C68b7ef85645e47F9b94382c3Db59b046945a2
2026-06-27 03:00:00 UTC,Egypt vs Iran,FIFA World Cup ,Egypt,1X2,9.0,2026-06-22 02:27:48 UTC,9.0,1.41,Yes,0x42B4CF407654a8469d1Cf3606712C1f30599B2C5
2026-06-26 02:00:00 UTC,Turkey vs USA,FIFA World Cup ,Tie,1X2,0.0,2026-06-22 02:09:32 UTC,0.0,1.2275,Yes,0x68E1818FF20BBe84F9be9E0A4A395FB11079Bd35
2026-06-26 02:00:00 UTC,Turkey vs USA,FIFA World Cup ,Tie,1X2,0.0,2026-06-22 02:09:30 UTC,0.0,1.2275,Yes,0x68E1818FF20BBe84F9be9E0A4A395FB11079Bd35
2026-06-26 02:00:00 UTC,Turkey vs USA,FIFA World Cup ,Tie,1X2,0.0,2026-06-22 02:09:28 UTC,0.0,1.2275,Yes,0x68E1818FF20BBe84F9be9E0A4A395FB11079Bd35
2026-06-26 02:00:00 UTC,Turkey vs USA,FIFA World Cup ,Tie,1X2,0.0,2026-06-22 02:09:06 UTC,0.0,1.2275,Yes,0x68E1818FF20BBe84F9be9E0A4A395FB11079Bd35
2026-06-26 02:00:00 UTC,Turkey vs USA,FIFA World Cup ,Tie,1X2,16.0,2026-06-22 02:08:45 UTC,16.0,1.2288,Yes,0x68E1818FF20BBe84F9be9E0A4A395FB11079Bd35
2026-06-26 02:00:00 UTC,Turkey vs USA,FIFA World Cup ,Tie,1X2,19.0,2026-06-22 02:08:43 UTC,19.0,1.2288,Yes,0x68E1818FF20BBe84F9be9E0A4A395FB11079Bd35
2026-06-26 02:00:00 UTC,Turkey vs USA,FIFA World Cup ,Tie,1X2,22.0,2026-06-22 02:08:42 UTC,22.0,1.2288,Yes,0x68E1818FF20BBe84F9be9E0A4A395FB11079Bd35
2026-06-26 02:00:00 UTC,Turkey vs USA,FIFA World Cup ,Tie,1X2,26.0,2026-06-22 02:08:40 UTC,26.0,1.2288,Yes,0x68E1818FF20BBe84F9be9E0A4A395FB11079Bd35
2026-06-26 02:00:00 UTC,Turkey vs USA,FIFA World Cup ,Tie,1X2,20.0,2026-06-22 02:08:39 UTC,20.0,1.2288,Yes,0x68E1818FF20BBe84F9be9E0A4A395FB11079Bd35
2026-06-26 02:00:00 UTC,Turkey vs USA,FIFA World Cup ,Tie,1X2,0.0,2026-06-22 02:01:16 UTC,0.0,1.2288,Yes,0x68E1818FF20BBe84F9be9E0A4A395FB11079Bd35
2026-06-26 02:00:00 UTC,Turkey vs USA,FIFA World Cup ,Tie,1X2,0.0,2026-06-22 02:01:13 UTC,0.0,1.2288,Yes,0x68E1818FF20BBe84F9be9E0A4A395FB11079Bd35
2026-06-26 02:00:00 UTC,Turkey vs USA,FIFA World Cup ,Tie,1X2,0.0,2026-06-22 02:01:11 UTC,0.0,1.2288,Yes,0x68E1818FF20BBe84F9be9E0A4A395FB11079Bd35
2026-06-26 02:00:00 UTC,Turkey vs USA,FIFA World Cup ,Tie,1X2,0.0,2026-06-22 02:01:09 UTC,0.0,1.2288,Yes,0x68E1818FF20BBe84F9be9E0A4A395FB11079Bd35
2026-06-26 02:00:00 UTC,Turkey vs USA,FIFA World Cup ,Tie,1X2,0.0,2026-06-22 02:01:07 UTC,0.0,1.2288,Yes,0x68E1818FF20BBe84F9be9E0A4A395FB11079Bd35
2026-06-26 02:00:00 UTC,Turkey vs USA,FIFA World Cup ,Tie,1X2,0.0,2026-06-22 02:01:04 UTC,0.0,1.2288,Yes,0x68E1818FF20BBe84F9be9E0A4A395FB11079Bd35
2026-06-26 02:00:00 UTC,Turkey vs USA,FIFA World Cup ,Tie,1X2,0.0,2026-06-22 02:01:02 UTC,0.0,1.2288,Yes,0x68E1818FF20BBe84F9be9E0A4A395FB11079Bd35
2026-06-26 02:00:00 UTC,Turkey vs USA,FIFA World Cup ,Tie,1X2,32.0,2026-06-22 02:00:56 UTC,32.0,1.23,Yes,0x68E1818FF20BBe84F9be9E0A4A395FB11079Bd35
2026-06-26 02:00:00 UTC,Turkey vs USA,FIFA World Cup ,Tie,1X2,44.0,2026-06-22 02:00:54 UTC,44.0,1.23,Yes,0x68E1818FF20BBe84F9be9E0A4A395FB11079Bd35
2026-06-26 02:00:00 UTC,Turkey vs USA,FIFA World Cup ,Tie,1X2,73.0,2026-06-22 02:00:53 UTC,73.0,1.23,Yes,0x68E1818FF20BBe84F9be9E0A4A395FB11079Bd35
2026-06-26 02:00:00 UTC,Turkey vs USA,FIFA World Cup ,Tie,1X2,51.0,2026-06-22 02:00:49 UTC,51.0,1.23,Yes,0x68E1818FF20BBe84F9be9E0A4A395FB11079Bd35
2026-06-26 02:00:00 UTC,Turkey vs USA,FIFA World Cup ,Tie,1X2,21.0,2026-06-22 02:00:47 UTC,21.0,1.23,Yes,0x68E1818FF20BBe84F9be9E0A4A395FB11079Bd35
2026-06-26 02:00:00 UTC,Turkey vs USA,FIFA World Cup ,Tie,1X2,22.0,2026-06-22 02:00:33 UTC,22.0,1.2312,Yes,0x68E1818FF20BBe84F9be9E0A4A395FB11079Bd35
2026-06-26 02:00:00 UTC,Turkey vs USA,FIFA World Cup ,Tie,1X2,91.0,2026-06-22 02:00:32 UTC,91.0,1.2312,Yes,0x68E1818FF20BBe84F9be9E0A4A395FB11079Bd35
2026-06-26 02:00:00 UTC,Turkey vs USA,FIFA World Cup ,Not Turkey,1X2,4.0,2026-06-22 01:58:52 UTC,4.0,1.7125,Yes,0x8268feC8dCb0D284343054BDf2b649286c9aA0a1
2026-06-27 03:00:00 UTC,Egypt vs Iran,FIFA World Cup ,Not Iran,1X2,55.0,2026-06-22 01:57:23 UTC,55.0,1.7488,Yes,0x5B3498Cb20C3107B5B267fabd3601B6425BDeb42
2026-06-27 03:00:00 UTC,Egypt vs Iran,FIFA World Cup ,Under 4.0,Under/Over (4),264.0,2026-06-22 01:43:24 UTC,264.0,1.9137,Yes,0xe2C68b7ef85645e47F9b94382c3Db59b046945a2
2026-06-27 03:00:00 UTC,Egypt vs Iran,FIFA World Cup ,Under 3.0,Under/Over (3),149.0,2026-06-22 01:43:18 UTC,149.0,1.7662,Yes,0x8268feC8dCb0D284343054BDf2b649286c9aA0a1
2026-06-25 23:00:00 UTC,Tunisia vs Netherlands,FIFA World Cup ,Not Tunisia,1X2,300.0,2026-06-22 01:41:29 UTC,300.0,1.96,Yes,0xe2C68b7ef85645e47F9b94382c3Db59b046945a2
2026-06-26 02:00:00 UTC,Turkey vs USA,FIFA World Cup ,Turkey +0.5,Asian Handicap (0.5),1.0,2026-06-22 00:57:34 UTC,1.0,1.4838,Yes,0xe2C68b7ef85645e47F9b94382c3Db59b046945a2
2026-06-25 20:00:00 UTC,Ecuador vs Germany,FIFA World Cup ,Ecuador +0.5,Asian Handicap (0.5),1.0,2026-06-22 00:57:30 UTC,1.0,1.4863,Yes,0xe2C68b7ef85645e47F9b94382c3Db59b046945a2
2026-06-27 00:00:00 UTC,Cape Verde vs Saudi Arabia,FIFA World Cup ,Not tie,1X2,263.0,2026-06-21 23:39:53 UTC,263.0,1.755,Yes,0xe2C68b7ef85645e47F9b94382c3Db59b046945a2
2026-06-27 03:00:00 UTC,Egypt vs Iran,FIFA World Cup ,Over 2.5,Under/Over (2.5),0.0,2026-06-21 23:14:59 UTC,0.0,1.3713,Yes,0x42B4CF407654a8469d1Cf3606712C1f30599B2C5
2026-06-27 03:00:00 UTC,Egypt vs Iran,FIFA World Cup ,Over 2.5,Under/Over (2.5),9.0,2026-06-21 23:14:40 UTC,9.0,1.3713,Yes,0x42B4CF407654a8469d1Cf3606712C1f30599B2C5
2026-06-27 00:00:00 UTC,Cape Verde vs Saudi Arabia,FIFA World Cup ,Under 2.5,Under/Over (2.5),11.0,2026-06-21 23:13:53 UTC,11.0,1.515,Yes,0x42B4CF407654a8469d1Cf3606712C1f30599B2C5
2026-06-27 00:00:00 UTC,Cape Verde vs Saudi Arabia,FIFA World Cup ,Over 2.5,Under/Over (2.5),188.0,2026-06-21 22:53:04 UTC,188.0,1.48,Yes,0xe2C68b7ef85645e47F9b94382c3Db59b046945a2
2026-06-27 00:00:00 UTC,Cape Verde vs Saudi Arabia,FIFA World Cup ,Over 2.0,Under/Over (2),190.0,2026-06-21 22:53:00 UTC,190.0,1.625,Yes,0xe2C68b7ef85645e47F9b94382c3Db59b046945a2
2026-06-27 00:00:00 UTC,Cape Verde vs Saudi Arabia,FIFA World Cup ,Over 1.5,Under/Over (1.5),263.0,2026-06-21 22:53:00 UTC,263.0,1.7175,Yes,0xe2C68b7ef85645e47F9b94382c3Db59b046945a2
2026-06-27 00:00:00 UTC,Cape Verde vs Saudi Arabia,FIFA World Cup ,Not Saudi Arabia,1X2,26.0,2026-06-21 22:52:42 UTC,26.0,1.6025,Yes,0x5B3498Cb20C3107B5B267fabd3601B6425BDeb42
2026-06-25 23:00:00 UTC,Tunisia vs Netherlands,FIFA World Cup ,Not Tunisia,1X2,345.0,2026-06-21 22:07:04 UTC,345.0,1.96,Yes,0xe2C68b7ef85645e47F9b94382c3Db59b046945a2
2026-06-25 23:00:00 UTC,Japan vs Sweden,FIFA World Cup ,Under 4.0,Under/Over (4),512.0,2026-06-21 21:31:17 UTC,512.0,1.8163,Yes,0xe2C68b7ef85645e47F9b94382c3Db59b046945a2
2026-06-25 23:00:00 UTC,Japan vs Sweden,FIFA World Cup ,Under 2.0,Under/Over (2),393.0,2026-06-21 21:31:16 UTC,393.0,1.2937,Yes,0xe2C68b7ef85645e47F9b94382c3Db59b046945a2
2026-06-25 20:00:00 UTC,Ecuador vs Germany,FIFA World Cup ,Not Germany,1X2,329.0,2026-06-21 21:13:29 UTC,329.0,1.4988,Yes,0x68E1818FF20BBe84F9be9E0A4A395FB11079Bd35
2026-06-25 23:00:00 UTC,Tunisia vs Netherlands,FIFA World Cup ,Tunisia +2.5,Asian Handicap (2.5),68.0,2026-06-21 21:06:47 UTC,68.0,1.5413,Yes,0x8268feC8dCb0D284343054BDf2b649286c9aA0a1
2026-06-25 23:00:00 UTC,Tunisia vs Netherlands,FIFA World Cup ,Tunisia +3,Asian Handicap (3),34.0,2026-06-21 21:06:22 UTC,34.0,1.6675,Yes,0xe2C68b7ef85645e47F9b94382c3Db59b046945a2
2026-06-27 03:00:00 UTC,New Zealand vs Belgium,FIFA World Cup ,Belgium -2,Asian Handicap (2),26.0,2026-06-21 21:05:15 UTC,26.0,1.47,Yes,0xe2C68b7ef85645e47F9b94382c3Db59b046945a2
2026-06-27 03:00:00 UTC,New Zealand vs Belgium,FIFA World Cup ,Belgium -2.5,Asian Handicap (2.5),26.0,2026-06-21 21:05:14 UTC,26.0,1.36,Yes,0xe2C68b7ef85645e47F9b94382c3Db59b046945a2
2026-06-27 03:00:00 UTC,Egypt vs Iran,FIFA World Cup ,Not tie,1X2,18.0,2026-06-21 20:59:39 UTC,18.0,1.6738,Yes,0x8268feC8dCb0D284343054BDf2b649286c9aA0a1
2026-06-25 20:00:00 UTC,Ecuador vs Germany,FIFA World Cup ,Tie,1X2,0.0,2026-06-21 20:08:22 UTC,0.0,1.2338,Yes,0x68E1818FF20BBe84F9be9E0A4A395FB11079Bd35
2026-06-25 20:00:00 UTC,Ecuador vs Germany,FIFA World Cup ,Tie,1X2,0.0,2026-06-21 20:08:20 UTC,0.0,1.2338,Yes,0x68E1818FF20BBe84F9be9E0A4A395FB11079Bd35
2026-06-25 20:00:00 UTC,Ecuador vs Germany,FIFA World Cup ,Tie,1X2,65.0,2026-06-21 20:07:45 UTC,65.0,1.235,Yes,0x68E1818FF20BBe84F9be9E0A4A395FB11079Bd35
2026-06-25 20:00:00 UTC,Ecuador vs Germany,FIFA World Cup ,Tie,1X2,42.0,2026-06-21 20:07:43 UTC,42.0,1.235,Yes,0x68E1818FF20BBe84F9be9E0A4A395FB11079Bd35
2026-06-25 20:00:00 UTC,Ecuador vs Germany,FIFA World Cup ,Tie,1X2,0.0,2026-06-21 20:07:33 UTC,0.0,1.235,Yes,0x68E1818FF20BBe84F9be9E0A4A395FB11079Bd35
2026-06-25 20:00:00 UTC,Ecuador vs Germany,FIFA World Cup ,Tie,1X2,23.0,2026-06-21 20:07:08 UTC,23.0,1.235,Yes,0x68E1818FF20BBe84F9be9E0A4A395FB11079Bd35
2026-06-25 20:00:00 UTC,Ecuador vs Germany,FIFA World Cup ,Tie,1X2,0.0,2026-06-21 20:03:39 UTC,0.0,1.2338,Yes,0x68E1818FF20BBe84F9be9E0A4A395FB11079Bd35
2026-06-25 20:00:00 UTC,Ecuador vs Germany,FIFA World Cup ,Tie,1X2,0.0,2026-06-21 20:03:37 UTC,0.0,1.2338,Yes,0x68E1818FF20BBe84F9be9E0A4A395FB11079Bd35
2026-06-25 20:00:00 UTC,Ecuador vs Germany,FIFA World Cup ,Tie,1X2,0.0,2026-06-21 20:03:35 UTC,0.0,1.2338,Yes,0x68E1818FF20BBe84F9be9E0A4A395FB11079Bd35
2026-06-25 20:00:00 UTC,Ecuador vs Germany,FIFA World Cup ,Tie,1X2,6.0,2026-06-21 20:02:58 UTC,6.0,1.235,Yes,0x68E1818FF20BBe84F9be9E0A4A395FB11079Bd35
2026-06-25 20:00:00 UTC,Ecuador vs Germany,FIFA World Cup ,Tie,1X2,37.0,2026-06-21 20:02:57 UTC,37.0,1.235,Yes,0x68E1818FF20BBe84F9be9E0A4A395FB11079Bd35
2026-06-25 20:00:00 UTC,Ecuador vs Germany,FIFA World Cup ,Tie,1X2,20.0,2026-06-21 20:02:55 UTC,20.0,1.235,Yes,0x68E1818FF20BBe84F9be9E0A4A395FB11079Bd35
2026-06-25 20:00:00 UTC,Ecuador vs Germany,FIFA World Cup ,Tie,1X2,0.0,2026-06-21 20:01:10 UTC,0.0,1.235,Yes,0x68E1818FF20BBe84F9be9E0A4A395FB11079Bd35
2026-06-25 20:00:00 UTC,Ecuador vs Germany,FIFA World Cup ,Tie,1X2,0.0,2026-06-21 20:01:08 UTC,0.0,1.235,Yes,0x68E1818FF20BBe84F9be9E0A4A395FB11079Bd35
2026-06-25 20:00:00 UTC,Ecuador vs Germany,FIFA World Cup ,Tie,1X2,0.0,2026-06-21 20:01:06 UTC,0.0,1.235,Yes,0x68E1818FF20BBe84F9be9E0A4A395FB11079Bd35
2026-06-25 20:00:00 UTC,Ecuador vs Germany,FIFA World Cup ,Tie,1X2,0.0,2026-06-21 20:01:04 UTC,0.0,1.235,Yes,0x68E1818FF20BBe84F9be9E0A4A395FB11079Bd35
2026-06-25 20:00:00 UTC,Ecuador vs Germany,FIFA World Cup ,Not Germany,1X2,200.0,2026-06-21 20:00:56 UTC,200.0,1.5012,Yes,0x68E1818FF20BBe84F9be9E0A4A395FB11079Bd35
2026-06-25 20:00:00 UTC,Ecuador vs Germany,FIFA World Cup ,Not Germany,1X2,139.0,2026-06-21 20:00:54 UTC,139.0,1.5012,Yes,0x68E1818FF20BBe84F9be9E0A4A395FB11079Bd35
2026-06-25 20:00:00 UTC,Ecuador vs Germany,FIFA World Cup ,Tie,1X2,1.0,2026-06-21 20:00:42 UTC,1.0,1.2363,Yes,0x68E1818FF20BBe84F9be9E0A4A395FB11079Bd35
2026-06-25 20:00:00 UTC,Ecuador vs Germany,FIFA World Cup ,Tie,1X2,45.0,2026-06-21 20:00:40 UTC,45.0,1.2363,Yes,0x68E1818FF20BBe84F9be9E0A4A395FB11079Bd35
2026-06-25 20:00:00 UTC,Ecuador vs Germany,FIFA World Cup ,Tie,1X2,33.0,2026-06-21 20:00:39 UTC,33.0,1.2363,Yes,0x68E1818FF20BBe84F9be9E0A4A395FB11079Bd35
2026-06-25 20:00:00 UTC,Ecuador vs Germany,FIFA World Cup ,Tie,1X2,21.0,2026-06-21 20:00:37 UTC,21.0,1.2363,Yes,0x68E1818FF20BBe84F9be9E0A4A395FB11079Bd35
2026-06-25 23:00:00 UTC,Japan vs Sweden,FIFA World Cup ,Not Japan,1X2,23.0,2026-06-21 19:11:53 UTC,23.0,1.5063,Yes,0xE4DD6165bFF7EE73D7932C3b478f7E22431e85E7
2026-06-25 23:00:00 UTC,Japan vs Sweden,FIFA World Cup ,Not Japan,1X2,33.0,2026-06-21 19:11:43 UTC,33.0,1.5063,Yes,0xE4DD6165bFF7EE73D7932C3b478f7E22431e85E7
2026-06-25 23:00:00 UTC,Japan vs Sweden,FIFA World Cup ,Not Japan,1X2,33.0,2026-06-21 19:11:32 UTC,33.0,1.5063,Yes,0xE4DD6165bFF7EE73D7932C3b478f7E22431e85E7
2026-06-25 23:00:00 UTC,Japan vs Sweden,FIFA World Cup ,Not Japan,1X2,33.0,2026-06-21 19:11:23 UTC,33.0,1.5063,Yes,0xE4DD6165bFF7EE73D7932C3b478f7E22431e85E7
2026-06-25 23:00:00 UTC,Japan vs Sweden,FIFA World Cup ,Not Japan,1X2,33.0,2026-06-21 19:11:12 UTC,33.0,1.5063,Yes,0xE4DD6165bFF7EE73D7932C3b478f7E22431e85E7
2026-06-25 23:00:00 UTC,Japan vs Sweden,FIFA World Cup ,Not Japan,1X2,1.0,2026-06-21 19:11:11 UTC,1.0,1.5063,Yes,0xE4DD6165bFF7EE73D7932C3b478f7E22431e85E7
2026-06-25 23:00:00 UTC,Tunisia vs Netherlands,FIFA World Cup ,Netherlands -1.5,Asian Handicap (1.5),55.0,2026-06-21 18:10:02 UTC,55.0,1.6612,Yes,0x740d5718a79A8559fEeE8B00922F8Cd773A81D84
2026-06-25 23:00:00 UTC,Tunisia vs Netherlands,FIFA World Cup ,Netherlands -3.5,Asian Handicap (3.5),10.0,2026-06-21 17:57:38 UTC,10.0,1.2388,Yes,0x8268feC8dCb0D284343054BDf2b649286c9aA0a1
2026-06-25 23:00:00 UTC,Japan vs Sweden,FIFA World Cup ,Not Japan,1X2,84.0,2026-06-21 17:37:42 UTC,84.0,1.5063,Yes,0xE4DD6165bFF7EE73D7932C3b478f7E22431e85E7
2026-06-25 23:00:00 UTC,Japan vs Sweden,FIFA World Cup ,Not Japan,1X2,33.0,2026-06-21 17:37:41 UTC,33.0,1.5063,Yes,0xE4DD6165bFF7EE73D7932C3b478f7E22431e85E7
2026-06-27 00:00:00 UTC,Uruguay vs Spain,FIFA World Cup ,Over 2.5,Under/Over (2.5),55.0,2026-06-21 17:35:13 UTC,55.0,1.5125,Yes,0xE4DD6165bFF7EE73D7932C3b478f7E22431e85E7
2026-06-27 23:30:00 UTC,Colombia vs Portugal,FIFA World Cup ,Under 2.5,Under/Over (2.5),39.0,2026-06-21 17:31:59 UTC,39.0,1.5337,Yes,0xE4DD6165bFF7EE73D7932C3b478f7E22431e85E7
2026-06-26 02:00:00 UTC,Turkey vs USA,FIFA World Cup ,Not USA,1X2,26.0,2026-06-21 17:29:27 UTC,26.0,1.51,Yes,0xE4DD6165bFF7EE73D7932C3b478f7E22431e85E7
2026-06-26 02:00:00 UTC,Turkey vs USA,FIFA World Cup ,Not USA,1X2,89.0,2026-06-21 17:29:25 UTC,89.0,1.51,Yes,0xE4DD6165bFF7EE73D7932C3b478f7E22431e85E7
2026-06-26 02:00:00 UTC,Turkey vs USA,FIFA World Cup ,Not USA,1X2,33.0,2026-06-21 17:29:22 UTC,33.0,1.51,Yes,0xE4DD6165bFF7EE73D7932C3b478f7E22431e85E7
2026-06-26 02:00:00 UTC,Turkey vs USA,FIFA World Cup ,Not USA,1X2,22.0,2026-06-21 17:29:12 UTC,22.0,1.51,Yes,0xE4DD6165bFF7EE73D7932C3b478f7E22431e85E7
2026-06-26 02:00:00 UTC,Turkey vs USA,FIFA World Cup ,Not USA,1X2,65.0,2026-06-21 17:29:08 UTC,65.0,1.51,Yes,0xE4DD6165bFF7EE73D7932C3b478f7E22431e85E7
2026-06-26 02:00:00 UTC,Turkey vs USA,FIFA World Cup ,Not USA,1X2,1.0,2026-06-21 17:29:07 UTC,1.0,1.51,Yes,0xE4DD6165bFF7EE73D7932C3b478f7E22431e85E7
2026-06-26 02:00:00 UTC,Turkey vs USA,FIFA World Cup ,Not USA,1X2,39.0,2026-06-21 17:28:52 UTC,39.0,1.51,Yes,0xE4DD6165bFF7EE73D7932C3b478f7E22431e85E7
2026-06-26 02:00:00 UTC,Turkey vs USA,FIFA World Cup ,Not USA,1X2,20.0,2026-06-21 17:28:48 UTC,20.0,1.51,Yes,0xE4DD6165bFF7EE73D7932C3b478f7E22431e85E7
2026-06-25 23:00:00 UTC,Tunisia vs Netherlands,FIFA World Cup ,Over 3.0,Under/Over (3),9.0,2026-06-21 17:08:37 UTC,9.0,1.555,Yes,0xE4DD6165bFF7EE73D7932C3b478f7E22431e85E7
2026-06-27 00:00:00 UTC,Uruguay vs Spain,FIFA World Cup ,Under 3.0,Under/Over (3),153.0,2026-06-21 16:34:22 UTC,153.0,1.6162,Yes,0xE4DD6165bFF7EE73D7932C3b478f7E22431e85E7
2026-06-25 23:00:00 UTC,Tunisia vs Netherlands,FIFA World Cup ,Under 2.5,Under/Over (2.5),0.0,2026-06-21 16:32:32 UTC,0.0,1.3313,Yes,0x8268feC8dCb0D284343054BDf2b649286c9aA0a1
2026-06-27 00:00:00 UTC,Cape Verde vs Saudi Arabia,FIFA World Cup ,Not Cape Verde,1X2,120.0,2026-06-21 16:32:17 UTC,120.0,1.6075,Yes,0x8268feC8dCb0D284343054BDf2b649286c9aA0a1
2026-06-25 20:00:00 UTC,Curaçao vs Ivory Coast,FIFA World Cup ,Ivory Coast -3.5,Asian Handicap (3.5),0.0,2026-06-21 16:31:12 UTC,0.0,1.225,Yes,0xE4DD6165bFF7EE73D7932C3b478f7E22431e85E7
2026-06-25 20:00:00 UTC,Curaçao vs Ivory Coast,FIFA World Cup ,Under 0.5,Under/Over (0.5),0.0,2026-06-21 16:30:07 UTC,0.0,1.03,Yes,0xE4DD6165bFF7EE73D7932C3b478f7E22431e85E7
2026-06-27 00:00:00 UTC,Uruguay vs Spain,FIFA World Cup ,Not Spain,1X2,17.0,2026-06-21 16:29:10 UTC,17.0,1.3462,Yes,0x5B3498Cb20C3107B5B267fabd3601B6425BDeb42
2026-06-27 00:00:00 UTC,Uruguay vs Spain,FIFA World Cup ,Not Spain,1X2,16.0,2026-06-21 16:29:02 UTC,16.0,1.3438,Yes,0xe2C68b7ef85645e47F9b94382c3Db59b046945a2
2026-06-27 00:00:00 UTC,Uruguay vs Spain,FIFA World Cup ,Not Spain,1X2,17.0,2026-06-21 16:28:53 UTC,17.0,1.345,Yes,0x5B3498Cb20C3107B5B267fabd3601B6425BDeb42
2026-06-27 00:00:00 UTC,Uruguay vs Spain,FIFA World Cup ,Not Spain,1X2,18.0,2026-06-21 16:28:40 UTC,18.0,1.365,Yes,0xE4DD6165bFF7EE73D7932C3b478f7E22431e85E7
2026-06-27 00:00:00 UTC,Cape Verde vs Saudi Arabia,FIFA World Cup ,Not Cape Verde,1X2,12.0,2026-06-21 16:27:30 UTC,12.0,1.6113,Yes,0x8268feC8dCb0D284343054BDf2b649286c9aA0a1
2026-06-26 02:00:00 UTC,Paraguay vs Australia,FIFA World Cup ,Over 3.5,Under/Over (3.5),0.0,2026-06-21 16:21:35 UTC,0.0,1.1362,Yes,0xE4DD6165bFF7EE73D7932C3b478f7E22431e85E7
2026-06-26 02:00:00 UTC,Paraguay vs Australia,FIFA World Cup ,Over 3.0,Under/Over (3),56.0,2026-06-21 16:20:53 UTC,56.0,1.1687,Yes,0xE4DD6165bFF7EE73D7932C3b478f7E22431e85E7
2026-06-26 02:00:00 UTC,Paraguay vs Australia,FIFA World Cup ,Over 2.0,Under/Over (2),55.0,2026-06-21 16:20:52 UTC,55.0,1.4213,Yes,0xE4DD6165bFF7EE73D7932C3b478f7E22431e85E7
2026-06-26 02:00:00 UTC,Paraguay vs Australia,FIFA World Cup ,Over 3.5,Under/Over (3.5),33.0,2026-06-21 16:20:52 UTC,33.0,1.1412,Yes,0xE4DD6165bFF7EE73D7932C3b478f7E22431e85E7
2026-06-26 02:00:00 UTC,Turkey vs USA,FIFA World Cup ,Turkey +0.5,Asian Handicap (0.5),65.0,2026-06-21 16:09:31 UTC,65.0,1.5125,Yes,0xE4DD6165bFF7EE73D7932C3b478f7E22431e85E7
2026-06-26 02:00:00 UTC,Turkey vs USA,FIFA World Cup ,Not USA,1X2,92.0,2026-06-21 16:08:55 UTC,92.0,1.515,Yes,0xE4DD6165bFF7EE73D7932C3b478f7E22431e85E7
2026-06-26 02:00:00 UTC,Turkey vs USA,FIFA World Cup ,Turkey +0.5,Asian Handicap (0.5),67.0,2026-06-21 16:08:55 UTC,67.0,1.515,Yes,0xE4DD6165bFF7EE73D7932C3b478f7E22431e85E7
2026-06-25 23:00:00 UTC,Japan vs Sweden,FIFA World Cup ,Not Japan,1X2,102.0,2026-06-21 16:05:14 UTC,102.0,1.5063,Yes,0xE4DD6165bFF7EE73D7932C3b478f7E22431e85E7
2026-06-25 23:00:00 UTC,Tunisia vs Netherlands,FIFA World Cup ,Tunisia +1,Asian Handicap (1),49.0,2026-06-21 15:53:49 UTC,49.0,1.1725,Yes,0xE4DD6165bFF7EE73D7932C3b478f7E22431e85E7
2026-06-26 02:00:00 UTC,Turkey vs USA,FIFA World Cup ,Tie,1X2,0.0,2026-06-21 15:48:41 UTC,0.0,1.2212,Yes,0xE4DD6165bFF7EE73D7932C3b478f7E22431e85E7
2026-06-26 02:00:00 UTC,Paraguay vs Australia,FIFA World Cup ,Paraguay,1X2,0.0,2026-06-21 15:48:33 UTC,0.0,1.335,Yes,0x8268feC8dCb0D284343054BDf2b649286c9aA0a1
2026-06-26 02:00:00 UTC,Turkey vs USA,FIFA World Cup ,Turkey +1,Asian Handicap (1),98.0,2026-06-21 15:47:33 UTC,98.0,1.66,Yes,0xE4DD6165bFF7EE73D7932C3b478f7E22431e85E7
2026-06-26 02:00:00 UTC,Turkey vs USA,FIFA World Cup ,Tie,1X2,0.0,2026-06-21 15:47:33 UTC,0.0,1.2275,Yes,0xe2C68b7ef85645e47F9b94382c3Db59b046945a2
2026-06-26 02:00:00 UTC,Turkey vs USA,FIFA World Cup ,Turkey +0.5,Asian Handicap (0.5),64.0,2026-06-21 15:47:33 UTC,64.0,1.515,Yes,0xE4DD6165bFF7EE73D7932C3b478f7E22431e85E7
2026-06-26 02:00:00 UTC,Turkey vs USA,FIFA World Cup ,Tie,1X2,577.0,2026-06-21 15:47:32 UTC,577.0,1.2275,Yes,0xe2C68b7ef85645e47F9b94382c3Db59b046945a2
2026-06-26 02:00:00 UTC,Turkey vs USA,FIFA World Cup ,Not USA,1X2,87.0,2026-06-21 15:47:31 UTC,87.0,1.515,Yes,0xE4DD6165bFF7EE73D7932C3b478f7E22431e85E7
2026-06-26 02:00:00 UTC,Paraguay vs Australia,FIFA World Cup ,Paraguay,1X2,66.0,2026-06-21 15:47:29 UTC,66.0,1.3388,Yes,0xE4DD6165bFF7EE73D7932C3b478f7E22431e85E7
2026-06-25 23:00:00 UTC,Tunisia vs Netherlands,FIFA World Cup ,Over 2.5,Under/Over (2.5),11.0,2026-06-21 15:24:37 UTC,11.0,1.6575,Yes,0xE4DD6165bFF7EE73D7932C3b478f7E22431e85E7
2026-06-25 23:00:00 UTC,Tunisia vs Netherlands,FIFA World Cup ,Over 3.5,Under/Over (3.5),6.0,2026-06-21 15:24:16 UTC,6.0,1.43,Yes,0xE4DD6165bFF7EE73D7932C3b478f7E22431e85E7
2026-06-25 20:00:00 UTC,Ecuador vs Germany,FIFA World Cup ,Not Ecuador,1X2,162.0,2026-06-21 15:23:50 UTC,162.0,1.7288,Yes,0xE4DD6165bFF7EE73D7932C3b478f7E22431e85E7
2026-06-26 02:00:00 UTC,Turkey vs USA,FIFA World Cup ,USA,1X2,913.0,2026-06-21 15:01:35 UTC,913.0,1.48,Yes,0x8268feC8dCb0D284343054BDf2b649286c9aA0a1
2026-06-28 02:00:00 UTC,Jordan vs Argentina,FIFA World Cup ,Argentina -2,Asian Handicap (2),17.0,2026-06-21 14:32:51 UTC,17.0,1.465,Yes,0x8268feC8dCb0D284343054BDf2b649286c9aA0a1
2026-06-26 02:00:00 UTC,Turkey vs USA,FIFA World Cup ,Tie,1X2,0.0,2026-06-21 14:23:05 UTC,0.0,1.2263,Yes,0xE4DD6165bFF7EE73D7932C3b478f7E22431e85E7
2026-06-26 02:00:00 UTC,Turkey vs USA,FIFA World Cup ,Tie,1X2,20.0,2026-06-21 14:22:20 UTC,20.0,1.2288,Yes,0xE4DD6165bFF7EE73D7932C3b478f7E22431e85E7
2026-06-25 23:00:00 UTC,Japan vs Sweden,FIFA World Cup ,Sweden +1,Asian Handicap (-1),121.0,2026-06-21 13:49:26 UTC,121.0,1.6738,Yes,0xE4DD6165bFF7EE73D7932C3b478f7E22431e85E7
2026-06-25 20:00:00 UTC,Curaçao vs Ivory Coast,FIFA World Cup ,Curaçao +3.5,Asian Handicap (3.5),38.0,2026-06-21 13:48:06 UTC,38.0,1.7637,Yes,0x8268feC8dCb0D284343054BDf2b649286c9aA0a1
2026-06-25 23:00:00 UTC,Tunisia vs Netherlands,FIFA World Cup ,Under 3.0,Under/Over (3),26.0,2026-06-21 13:31:15 UTC,26.0,1.4387,Yes,0xE4DD6165bFF7EE73D7932C3b478f7E22431e85E7
2026-06-26 19:00:00 UTC,Norway vs France,FIFA World Cup ,Over 3.0,Under/Over (3),0.0,2026-06-21 13:30:22 UTC,0.0,1.3887,Yes,0xE4DD6165bFF7EE73D7932C3b478f7E22431e85E7
2026-06-26 19:00:00 UTC,Norway vs France,FIFA World Cup ,Over 3.5,Under/Over (3.5),0.0,2026-06-21 13:30:19 UTC,0.0,1.2963,Yes,0xE4DD6165bFF7EE73D7932C3b478f7E22431e85E7
2026-06-26 19:00:00 UTC,Norway vs France,FIFA World Cup ,Over 3.0,Under/Over (3),52.0,2026-06-21 13:30:10 UTC,52.0,1.3912,Yes,0xE4DD6165bFF7EE73D7932C3b478f7E22431e85E7
2026-06-26 19:00:00 UTC,Norway vs France,FIFA World Cup ,Over 3.5,Under/Over (3.5),15.0,2026-06-21 13:30:10 UTC,15.0,1.3,Yes,0xE4DD6165bFF7EE73D7932C3b478f7E22431e85E7
2026-06-25 23:00:00 UTC,Japan vs Sweden,FIFA World Cup ,Not tie,1X2,71.0,2026-06-21 13:12:37 UTC,71.0,1.7113,Yes,0xE4DD6165bFF7EE73D7932C3b478f7E22431e85E7
2026-06-28 02:00:00 UTC,Algeria vs Austria,FIFA World Cup ,Not tie,1X2,0.0,2026-06-21 13:06:07 UTC,0.0,1.67,Yes,0x8268feC8dCb0D284343054BDf2b649286c9aA0a1
2026-06-28 02:00:00 UTC,Algeria vs Austria,FIFA World Cup ,Not tie,1X2,145.0,2026-06-21 13:06:06 UTC,145.0,1.67,Yes,0x8268feC8dCb0D284343054BDf2b649286c9aA0a1
2026-06-28 02:00:00 UTC,Algeria vs Austria,FIFA World Cup ,Tie,1X2,52.0,2026-06-21 13:06:04 UTC,52.0,1.325,Yes,0xE4DD6165bFF7EE73D7932C3b478f7E22431e85E7
2026-06-28 02:00:00 UTC,Algeria vs Austria,FIFA World Cup ,Not Algeria,1X2,261.0,2026-06-21 13:06:03 UTC,261.0,1.6975,Yes,0xE4DD6165bFF7EE73D7932C3b478f7E22431e85E7
2026-06-25 20:00:00 UTC,Curaçao vs Ivory Coast,FIFA World Cup ,Ivory Coast -3,Asian Handicap (3),4.0,2026-06-21 12:39:09 UTC,4.0,1.2837,Yes,0xE4DD6165bFF7EE73D7932C3b478f7E22431e85E7
2026-06-25 23:00:00 UTC,Tunisia vs Netherlands,FIFA World Cup ,Tunisia +3.5,Asian Handicap (3.5),76.0,2026-06-21 12:13:47 UTC,76.0,1.7612,Yes,0xE4DD6165bFF7EE73D7932C3b478f7E22431e85E7
2026-06-25 20:00:00 UTC,Curaçao vs Ivory Coast,FIFA World Cup ,Over 2.5,Under/Over (2.5),152.0,2026-06-21 11:40:53 UTC,152.0,1.63,Yes,0xE4DD6165bFF7EE73D7932C3b478f7E22431e85E7
2026-06-26 02:00:00 UTC,Turkey vs USA,FIFA World Cup ,Turkey +1,Asian Handicap (1),92.0,2026-06-21 11:40:37 UTC,92.0,1.6587,Yes,0xE4DD6165bFF7EE73D7932C3b478f7E22431e85E7
2026-06-26 02:00:00 UTC,Turkey vs USA,FIFA World Cup ,Not USA,1X2,92.0,2026-06-21 11:40:37 UTC,92.0,1.515,Yes,0xE4DD6165bFF7EE73D7932C3b478f7E22431e85E7
2026-06-26 02:00:00 UTC,Turkey vs USA,FIFA World Cup ,Turkey +0.5,Asian Handicap (0.5),67.0,2026-06-21 11:40:37 UTC,67.0,1.515,Yes,0xE4DD6165bFF7EE73D7932C3b478f7E22431e85E7
2026-06-25 20:00:00 UTC,Ecuador vs Germany,FIFA World Cup ,Ecuador +1,Asian Handicap (1),26.0,2026-06-21 11:25:48 UTC,26.0,1.6525,Yes,0xe2C68b7ef85645e47F9b94382c3Db59b046945a2
2026-06-26 19:00:00 UTC,Norway vs France,FIFA World Cup ,Over 1.5,Under/Over (1.5),6.0,2026-06-21 11:11:01 UTC,6.0,1.7712,Yes,0x740d5718a79A8559fEeE8B00922F8Cd773A81D84
2026-06-26 02:00:00 UTC,Paraguay vs Australia,FIFA World Cup ,Not tie,1X2,121.0,2026-06-21 11:09:41 UTC,121.0,1.575,Yes,0xE4DD6165bFF7EE73D7932C3b478f7E22431e85E7
2026-06-26 19:00:00 UTC,Norway vs France,FIFA World Cup ,Under 1.5,Under/Over (1.5),0.0,2026-06-21 11:01:20 UTC,0.0,1.22,Yes,0xE4DD6165bFF7EE73D7932C3b478f7E22431e85E7
2026-06-26 19:00:00 UTC,Norway vs France,FIFA World Cup ,Under 1.5,Under/Over (1.5),0.0,2026-06-21 11:01:18 UTC,0.0,1.22,Yes,0xE4DD6165bFF7EE73D7932C3b478f7E22431e85E7
2026-06-26 19:00:00 UTC,Norway vs France,FIFA World Cup ,Under 1.5,Under/Over (1.5),0.0,2026-06-21 11:01:16 UTC,0.0,1.22,Yes,0xE4DD6165bFF7EE73D7932C3b478f7E22431e85E7
2026-06-27 23:30:00 UTC,Colombia vs Portugal,FIFA World Cup ,Tie,1X2,0.0,2026-06-21 11:00:25 UTC,0.0,1.2563,Yes,0xE4DD6165bFF7EE73D7932C3b478f7E22431e85E7
2026-06-27 23:30:00 UTC,Colombia vs Portugal,FIFA World Cup ,Tie,1X2,0.0,2026-06-21 11:00:23 UTC,0.0,1.2563,Yes,0xE4DD6165bFF7EE73D7932C3b478f7E22431e85E7
2026-06-27 23:30:00 UTC,Colombia vs Portugal,FIFA World Cup ,Tie,1X2,0.0,2026-06-21 11:00:20 UTC,0.0,1.2563,Yes,0xE4DD6165bFF7EE73D7932C3b478f7E22431e85E7
2026-06-26 19:00:00 UTC,Norway vs France,FIFA World Cup ,France -1.5,Asian Handicap (1.5),0.0,2026-06-21 11:00:11 UTC,0.0,1.2937,Yes,0xE4DD6165bFF7EE73D7932C3b478f7E22431e85E7
2026-06-26 19:00:00 UTC,Norway vs France,FIFA World Cup ,Under 1.5,Under/Over (1.5),3.0,2026-06-21 11:00:11 UTC,3.0,1.2212,Yes,0xE4DD6165bFF7EE73D7932C3b478f7E22431e85E7
2026-06-27 23:30:00 UTC,Colombia vs Portugal,FIFA World Cup ,Tie,1X2,0.0,2026-06-21 11:00:09 UTC,0.0,1.2563,Yes,0xE4DD6165bFF7EE73D7932C3b478f7E22431e85E7
2026-06-26 19:00:00 UTC,Norway vs France,FIFA World Cup ,Under 1.5,Under/Over (1.5),3.0,2026-06-21 11:00:08 UTC,3.0,1.2212,Yes,0xE4DD6165bFF7EE73D7932C3b478f7E22431e85E7
2026-06-26 19:00:00 UTC,Norway vs France,FIFA World Cup ,Under 1.5,Under/Over (1.5),3.0,2026-06-21 11:00:06 UTC,3.0,1.2212,Yes,0xE4DD6165bFF7EE73D7932C3b478f7E22431e85E7
2026-06-27 23:30:00 UTC,Colombia vs Portugal,FIFA World Cup ,Tie,1X2,15.0,2026-06-21 11:00:05 UTC,15.0,1.2575,Yes,0xE4DD6165bFF7EE73D7932C3b478f7E22431e85E7
2026-06-27 23:30:00 UTC,Colombia vs Portugal,FIFA World Cup ,Tie,1X2,25.0,2026-06-21 11:00:05 UTC,25.0,1.2575,Yes,0xE4DD6165bFF7EE73D7932C3b478f7E22431e85E7
2026-06-27 23:30:00 UTC,Colombia vs Portugal,FIFA World Cup ,Tie,1X2,5.0,2026-06-21 11:00:04 UTC,5.0,1.2575,Yes,0xE4DD6165bFF7EE73D7932C3b478f7E22431e85E7
2026-06-26 19:00:00 UTC,Norway vs France,FIFA World Cup ,France -1.5,Asian Handicap (1.5),56.0,2026-06-21 10:59:59 UTC,56.0,1.2937,Yes,0xE4DD6165bFF7EE73D7932C3b478f7E22431e85E7
2026-06-27 23:30:00 UTC,Colombia vs Portugal,FIFA World Cup ,Tie,1X2,31.0,2026-06-21 10:59:59 UTC,31.0,1.2575,Yes,0xE4DD6165bFF7EE73D7932C3b478f7E22431e85E7
2026-06-26 02:00:00 UTC,Turkey vs USA,FIFA World Cup ,USA 0,Asian Handicap (0),180.0,2026-06-21 10:58:48 UTC,180.0,1.6138,Yes,0x8268feC8dCb0D284343054BDf2b649286c9aA0a1
2026-06-27 23:30:00 UTC,Congo DR vs Uzbekistan,FIFA World Cup ,Not Congo DR,1X2,244.0,2026-06-21 10:57:45 UTC,244.0,1.5288,Yes,0xE4DD6165bFF7EE73D7932C3b478f7E22431e85E7
2026-06-27 23:30:00 UTC,Congo DR vs Uzbekistan,FIFA World Cup ,Uzbekistan,1X2,14.0,2026-06-21 10:57:44 UTC,14.0,1.2812,Yes,0xE4DD6165bFF7EE73D7932C3b478f7E22431e85E7
2026-06-27 23:30:00 UTC,Congo DR vs Uzbekistan,FIFA World Cup ,Uzbekistan,12,28.0,2026-06-21 10:57:44 UTC,28.0,1.375,Yes,0xE4DD6165bFF7EE73D7932C3b478f7E22431e85E7
2026-06-25 23:00:00 UTC,Japan vs Sweden,FIFA World Cup ,Not tie,1X2,57.0,2026-06-21 10:47:34 UTC,57.0,1.71,Yes,0xE4DD6165bFF7EE73D7932C3b478f7E22431e85E7
2026-06-26 02:00:00 UTC,Paraguay vs Australia,FIFA World Cup ,Paraguay -1,Asian Handicap (-1),36.0,2026-06-21 10:47:16 UTC,36.0,1.1562,Yes,0x8268feC8dCb0D284343054BDf2b649286c9aA0a1
2026-06-25 23:00:00 UTC,Tunisia vs Netherlands,FIFA World Cup ,Under 5.0,Under/Over (5),248.0,2026-06-21 10:45:25 UTC,248.0,1.87,Yes,0xE4DD6165bFF7EE73D7932C3b478f7E22431e85E7
2026-06-25 23:00:00 UTC,Tunisia vs Netherlands,FIFA World Cup ,Under 4.0,Under/Over (4),40.0,2026-06-21 10:45:25 UTC,40.0,1.7075,Yes,0xE4DD6165bFF7EE73D7932C3b478f7E22431e85E7
2026-06-25 23:00:00 UTC,Tunisia vs Netherlands,FIFA World Cup ,Under 5.0,Under/Over (5),230.0,2026-06-21 10:45:24 UTC,230.0,1.87,Yes,0xE4DD6165bFF7EE73D7932C3b478f7E22431e85E7
2026-06-25 23:00:00 UTC,Tunisia vs Netherlands,FIFA World Cup ,Under 4.0,Under/Over (4),33.0,2026-06-21 10:45:24 UTC,33.0,1.7075,Yes,0xE4DD6165bFF7EE73D7932C3b478f7E22431e85E7
2026-06-25 23:00:00 UTC,Tunisia vs Netherlands,FIFA World Cup ,Under 3.5,Under/Over (3.5),107.0,2026-06-21 10:45:23 UTC,107.0,1.5762,Yes,0xE4DD6165bFF7EE73D7932C3b478f7E22431e85E7
2026-06-25 23:00:00 UTC,Japan vs Sweden,FIFA World Cup ,Over 3.0,Under/Over (3),131.0,2026-06-21 10:43:48 UTC,131.0,1.405,Yes,0xE4DD6165bFF7EE73D7932C3b478f7E22431e85E7
2026-06-25 23:00:00 UTC,Japan vs Sweden,FIFA World Cup ,Over 2.5,Under/Over (2.5),153.0,2026-06-21 10:43:47 UTC,153.0,1.5375,Yes,0xE4DD6165bFF7EE73D7932C3b478f7E22431e85E7
2026-06-25 23:00:00 UTC,Tunisia vs Netherlands,FIFA World Cup ,Under 2.5,Under/Over (2.5),57.0,2026-06-21 10:39:35 UTC,57.0,1.3513,Yes,0xE4DD6165bFF7EE73D7932C3b478f7E22431e85E7
2026-06-25 23:00:00 UTC,Japan vs Sweden,FIFA World Cup ,Under 4.5,Under/Over (4.5),85.0,2026-06-21 10:35:50 UTC,85.0,1.8438,Yes,0xE4DD6165bFF7EE73D7932C3b478f7E22431e85E7
2026-06-25 23:00:00 UTC,Japan vs Sweden,FIFA World Cup ,Under 4.5,Under/Over (4.5),263.0,2026-06-21 10:35:48 UTC,263.0,1.8438,Yes,0xE4DD6165bFF7EE73D7932C3b478f7E22431e85E7
2026-06-25 23:00:00 UTC,Japan vs Sweden,FIFA World Cup ,Sweden -1,Asian Handicap (1),45.0,2026-06-21 10:34:29 UTC,45.0,1.11,Yes,0xE4DD6165bFF7EE73D7932C3b478f7E22431e85E7
2026-06-26 02:00:00 UTC,Turkey vs USA,FIFA World Cup ,Over 2.5,Under/Over (2.5),94.0,2026-06-21 10:31:23 UTC,94.0,1.565,Yes,0xE4DD6165bFF7EE73D7932C3b478f7E22431e85E7
2026-06-25 23:00:00 UTC,Japan vs Sweden,FIFA World Cup ,Under 4.0,Under/Over (4),385.0,2026-06-21 10:12:55 UTC,385.0,1.8175,Yes,0xE4DD6165bFF7EE73D7932C3b478f7E22431e85E7
2026-06-26 19:00:00 UTC,Norway vs France,FIFA World Cup ,Not France,1X2,36.0,2026-06-21 10:06:59 UTC,36.0,1.4512,Yes,0xE4DD6165bFF7EE73D7932C3b478f7E22431e85E7
2026-06-25 20:00:00 UTC,Ecuador vs Germany,FIFA World Cup ,Germany,1X2,108.0,2026-06-21 10:06:58 UTC,108.0,1.4875,Yes,0x8268feC8dCb0D284343054BDf2b649286c9aA0a1
2026-06-25 23:00:00 UTC,Japan vs Sweden,FIFA World Cup ,Under 4.0,Under/Over (4),45.0,2026-06-21 09:51:24 UTC,45.0,1.8175,Yes,0xE4DD6165bFF7EE73D7932C3b478f7E22431e85E7
2026-06-25 23:00:00 UTC,Japan vs Sweden,FIFA World Cup ,Over 2.5,Under/Over (2.5),184.0,2026-06-21 09:51:08 UTC,184.0,1.5375,Yes,0xE4DD6165bFF7EE73D7932C3b478f7E22431e85E7
2026-06-25 23:00:00 UTC,Japan vs Sweden,FIFA World Cup ,Under 3.0,Under/Over (3),9.0,2026-06-21 09:50:57 UTC,9.0,1.4537,Yes,0xe2C68b7ef85645e47F9b94382c3Db59b046945a2
2026-06-25 23:00:00 UTC,Japan vs Sweden,FIFA World Cup ,Under 2.5,Under/Over (2.5),9.0,2026-06-21 09:50:57 UTC,9.0,1.4537,Yes,0xe2C68b7ef85645e47F9b94382c3Db59b046945a2
2026-06-25 23:00:00 UTC,Tunisia vs Netherlands,FIFA World Cup ,Over 2.5,Under/Over (2.5),307.0,2026-06-21 09:44:18 UTC,307.0,1.6425,Yes,0x8268feC8dCb0D284343054BDf2b649286c9aA0a1
2026-06-25 20:00:00 UTC,Curaçao vs Ivory Coast,FIFA World Cup ,Under 3.0,Under/Over (3),140.0,2026-06-21 09:43:42 UTC,140.0,1.4663,Yes,0x8268feC8dCb0D284343054BDf2b649286c9aA0a1
2026-06-25 20:00:00 UTC,Curaçao vs Ivory Coast,FIFA World Cup ,Over 0.5,Under/Over (0.5),22.0,2026-06-21 09:14:57 UTC,22.0,1.9563,Yes,0xE4DD6165bFF7EE73D7932C3b478f7E22431e85E7
2026-06-25 20:00:00 UTC,Ecuador vs Germany,FIFA World Cup ,Germany,1X2,322.0,2026-06-21 09:04:48 UTC,322.0,1.4863,Yes,0x8268feC8dCb0D284343054BDf2b649286c9aA0a1
2026-06-26 19:00:00 UTC,Norway vs France,FIFA World Cup ,Under 2.5,Under/Over (2.5),84.0,2026-06-21 08:58:44 UTC,84.0,1.46,Yes,0xE4DD6165bFF7EE73D7932C3b478f7E22431e85E7
2026-06-27 00:00:00 UTC,Uruguay vs Spain,FIFA World Cup ,Uruguay +1,Asian Handicap (1),81.0,2026-06-21 08:53:29 UTC,81.0,1.4925,Yes,0xE4DD6165bFF7EE73D7932C3b478f7E22431e85E7
2026-06-27 21:00:00 UTC,Panama vs England,FIFA World Cup ,Tie,1X2,17.0,2026-06-21 08:30:38 UTC,17.0,1.1125,Yes,0x8268feC8dCb0D284343054BDf2b649286c9aA0a1
2026-06-27 21:00:00 UTC,Croatia vs Ghana,FIFA World Cup ,Ghana +1,Asian Handicap (-1),26.0,2026-06-21 08:29:48 UTC,26.0,1.5475,Yes,0xe2C68b7ef85645e47F9b94382c3Db59b046945a2
2026-06-25 20:00:00 UTC,Curaçao vs Ivory Coast,FIFA World Cup ,Curaçao +3.5,Asian Handicap (3.5),3.0,2026-06-21 08:28:00 UTC,3.0,1.7612,Yes,0x8268feC8dCb0D284343054BDf2b649286c9aA0a1
2026-06-25 20:00:00 UTC,Ecuador vs Germany,FIFA World Cup ,Ecuador +0.5,Asian Handicap (0.5),172.0,2026-06-21 08:18:42 UTC,172.0,1.5,Yes,0xE4DD6165bFF7EE73D7932C3b478f7E22431e85E7
2026-06-26 02:00:00 UTC,Turkey vs USA,FIFA World Cup ,Tie,1X2,0.0,2026-06-21 08:18:27 UTC,0.0,1.2163,Yes,0xE4DD6165bFF7EE73D7932C3b478f7E22431e85E7
2026-06-26 02:00:00 UTC,Turkey vs USA,FIFA World Cup ,Turkey +0.5,Asian Handicap (0.5),71.0,2026-06-21 08:17:43 UTC,71.0,1.5088,Yes,0xE4DD6165bFF7EE73D7932C3b478f7E22431e85E7
2026-06-26 02:00:00 UTC,Turkey vs USA,FIFA World Cup ,Tie,1X2,29.0,2026-06-21 08:17:42 UTC,29.0,1.22,Yes,0xe2C68b7ef85645e47F9b94382c3Db59b046945a2
2026-06-25 23:00:00 UTC,Japan vs Sweden,FIFA World Cup ,Under 4.0,Under/Over (4),323.0,2026-06-21 08:06:30 UTC,323.0,1.8175,Yes,0xE4DD6165bFF7EE73D7932C3b478f7E22431e85E7
2026-06-25 23:00:00 UTC,Tunisia vs Netherlands,FIFA World Cup ,Over 2.5,Under/Over (2.5),233.0,2026-06-21 07:57:28 UTC,233.0,1.6375,Yes,0x8268feC8dCb0D284343054BDf2b649286c9aA0a1
2026-06-26 02:00:00 UTC,Paraguay vs Australia,FIFA World Cup ,Paraguay +0.5,Asian Handicap (0.5),23.0,2026-06-21 07:55:28 UTC,23.0,1.7637,Yes,0x8268feC8dCb0D284343054BDf2b649286c9aA0a1
2026-06-25 23:00:00 UTC,Tunisia vs Netherlands,FIFA World Cup ,Netherlands -1.5,Asian Handicap (1.5),1.0,2026-06-21 07:37:00 UTC,1.0,1.6412,Yes,0xE4DD6165bFF7EE73D7932C3b478f7E22431e85E7
2026-06-25 23:00:00 UTC,Tunisia vs Netherlands,FIFA World Cup ,Netherlands -2,Asian Handicap (2),1.0,2026-06-21 07:36:10 UTC,1.0,1.5375,Yes,0xE4DD6165bFF7EE73D7932C3b478f7E22431e85E7
2026-06-25 23:00:00 UTC,Tunisia vs Netherlands,FIFA World Cup ,Netherlands -2,Asian Handicap (2),1.0,2026-06-21 07:36:08 UTC,1.0,1.5375,Yes,0xE4DD6165bFF7EE73D7932C3b478f7E22431e85E7
2026-06-25 23:00:00 UTC,Tunisia vs Netherlands,FIFA World Cup ,Netherlands -1.5,Asian Handicap (1.5),78.0,2026-06-21 07:36:06 UTC,78.0,1.6412,Yes,0xE4DD6165bFF7EE73D7932C3b478f7E22431e85E7
2026-06-25 23:00:00 UTC,Tunisia vs Netherlands,FIFA World Cup ,Not Tunisia,1X2,510.0,2026-06-21 07:36:06 UTC,510.0,1.9525,Yes,0xe2C68b7ef85645e47F9b94382c3Db59b046945a2
2026-06-25 23:00:00 UTC,Tunisia vs Netherlands,FIFA World Cup ,Netherlands -2,Asian Handicap (2),85.0,2026-06-21 07:35:32 UTC,85.0,1.5387,Yes,0xE4DD6165bFF7EE73D7932C3b478f7E22431e85E7
2026-06-25 23:00:00 UTC,Tunisia vs Netherlands,FIFA World Cup ,Netherlands -2,Asian Handicap (2),66.0,2026-06-21 07:35:31 UTC,66.0,1.5387,Yes,0xE4DD6165bFF7EE73D7932C3b478f7E22431e85E7
2026-06-26 02:00:00 UTC,Turkey vs USA,FIFA World Cup ,Turkey +1,Asian Handicap (1),89.0,2026-06-21 07:34:25 UTC,89.0,1.6562,Yes,0xE4DD6165bFF7EE73D7932C3b478f7E22431e85E7
2026-06-26 02:00:00 UTC,Turkey vs USA,FIFA World Cup ,Not USA,1X2,79.0,2026-06-21 07:34:25 UTC,79.0,1.5125,Yes,0xE4DD6165bFF7EE73D7932C3b478f7E22431e85E7
2026-06-25 23:00:00 UTC,Tunisia vs Netherlands,FIFA World Cup ,Not Netherlands,1X2,8.0,2026-06-21 07:33:16 UTC,8.0,1.16,Yes,0xE4DD6165bFF7EE73D7932C3b478f7E22431e85E7
2026-06-25 23:00:00 UTC,Tunisia vs Netherlands,FIFA World Cup ,Not Netherlands,1X2,20.0,2026-06-21 07:26:14 UTC,20.0,1.16,Yes,0xE4DD6165bFF7EE73D7932C3b478f7E22431e85E7
2026-06-25 23:00:00 UTC,Tunisia vs Netherlands,FIFA World Cup ,Tunisia +2,Asian Handicap (2),94.0,2026-06-21 07:24:01 UTC,94.0,1.4525,Yes,0xE4DD6165bFF7EE73D7932C3b478f7E22431e85E7
2026-06-25 23:00:00 UTC,Tunisia vs Netherlands,FIFA World Cup ,Tunisia +1.5,Asian Handicap (1.5),15.0,2026-06-21 07:20:17 UTC,15.0,1.3513,Yes,0x8268feC8dCb0D284343054BDf2b649286c9aA0a1
2026-06-25 23:00:00 UTC,Tunisia vs Netherlands,FIFA World Cup ,Tunisia +2.5,Asian Handicap (2.5),45.0,2026-06-21 07:17:04 UTC,45.0,1.5737,Yes,0x8268feC8dCb0D284343054BDf2b649286c9aA0a1
2026-06-26 02:00:00 UTC,Turkey vs USA,FIFA World Cup ,Turkey +1.5,Asian Handicap (1.5),35.0,2026-06-21 07:07:14 UTC,35.0,1.7312,Yes,0xE4DD6165bFF7EE73D7932C3b478f7E22431e85E7
2026-06-25 23:00:00 UTC,Tunisia vs Netherlands,FIFA World Cup ,Tunisia +2,Asian Handicap (2),98.0,2026-06-21 07:04:13 UTC,98.0,1.4537,Yes,0xE4DD6165bFF7EE73D7932C3b478f7E22431e85E7
2026-06-25 23:00:00 UTC,Japan vs Sweden,FIFA World Cup ,Not tie,1X2,153.0,2026-06-21 06:58:33 UTC,153.0,1.7125,Yes,0xe2C68b7ef85645e47F9b94382c3Db59b046945a2
2026-06-26 02:00:00 UTC,Turkey vs USA,FIFA World Cup ,Not USA,1X2,1.0,2026-06-21 06:58:13 UTC,1.0,1.5125,Yes,0xE4DD6165bFF7EE73D7932C3b478f7E22431e85E7
2026-06-26 02:00:00 UTC,Turkey vs USA,FIFA World Cup ,USA -0.5,Asian Handicap (0.5),18.0,2026-06-21 06:58:13 UTC,18.0,1.4775,Yes,0x8268feC8dCb0D284343054BDf2b649286c9aA0a1
2026-06-26 02:00:00 UTC,Turkey vs USA,FIFA World Cup ,Not USA,1X2,36.0,2026-06-21 06:58:06 UTC,36.0,1.5125,Yes,0xE4DD6165bFF7EE73D7932C3b478f7E22431e85E7
2026-06-26 02:00:00 UTC,Turkey vs USA,FIFA World Cup ,Turkey +1.5,Asian Handicap (1.5),45.0,2026-06-21 06:55:07 UTC,45.0,1.7312,Yes,0xE4DD6165bFF7EE73D7932C3b478f7E22431e85E7
2026-06-26 02:00:00 UTC,Turkey vs USA,FIFA World Cup ,Not USA,1X2,79.0,2026-06-21 06:54:49 UTC,79.0,1.5125,Yes,0xE4DD6165bFF7EE73D7932C3b478f7E22431e85E7
2026-06-26 02:00:00 UTC,Paraguay vs Australia,FIFA World Cup ,Over 4.5,Under/Over (4.5),0.0,2026-06-21 06:53:44 UTC,0.0,1.05,Yes,0xE4DD6165bFF7EE73D7932C3b478f7E22431e85E7
2026-06-25 23:00:00 UTC,Tunisia vs Netherlands,FIFA World Cup ,Not Netherlands,1X2,0.0,2026-06-21 06:53:36 UTC,0.0,1.1612,Yes,0xE4DD6165bFF7EE73D7932C3b478f7E22431e85E7
2026-06-26 02:00:00 UTC,Turkey vs USA,FIFA World Cup ,Turkey +1.5,Asian Handicap (1.5),7.0,2026-06-21 06:53:11 UTC,7.0,1.7312,Yes,0xE4DD6165bFF7EE73D7932C3b478f7E22431e85E7
2026-06-26 19:00:00 UTC,Norway vs France,FIFA World Cup ,Over 3.0,Under/Over (3),0.0,2026-06-21 06:52:48 UTC,0.0,1.3887,Yes,0xE4DD6165bFF7EE73D7932C3b478f7E22431e85E7
2026-06-26 19:00:00 UTC,Norway vs France,FIFA World Cup ,Over 3.5,Under/Over (3.5),0.0,2026-06-21 06:52:46 UTC,0.0,1.2975,Yes,0xE4DD6165bFF7EE73D7932C3b478f7E22431e85E7
2026-06-25 23:00:00 UTC,Tunisia vs Netherlands,FIFA World Cup ,Not Netherlands,1X2,100.0,2026-06-21 06:52:45 UTC,100.0,1.1663,Yes,0xE4DD6165bFF7EE73D7932C3b478f7E22431e85E7
2026-06-26 19:00:00 UTC,Norway vs France,FIFA World Cup ,Over 3.0,Under/Over (3),22.0,2026-06-21 06:52:08 UTC,22.0,1.3912,Yes,0xE4DD6165bFF7EE73D7932C3b478f7E22431e85E7
2026-06-26 19:00:00 UTC,Norway vs France,FIFA World Cup ,Over 3.5,Under/Over (3.5),35.0,2026-06-21 06:52:08 UTC,35.0,1.3,Yes,0xE4DD6165bFF7EE73D7932C3b478f7E22431e85E7
2026-06-25 23:00:00 UTC,Japan vs Sweden,FIFA World Cup ,Sweden -1,Asian Handicap (1),0.0,2026-06-21 06:48:08 UTC,0.0,1.1113,Yes,0xE4DD6165bFF7EE73D7932C3b478f7E22431e85E7
2026-06-25 23:00:00 UTC,Japan vs Sweden,FIFA World Cup ,Sweden -1,Asian Handicap (1),17.0,2026-06-21 06:47:53 UTC,17.0,1.1125,Yes,0xe2C68b7ef85645e47F9b94382c3Db59b046945a2
2026-06-25 23:00:00 UTC,Japan vs Sweden,FIFA World Cup ,Sweden -1.5,Asian Handicap (1.5),6.0,2026-06-21 06:47:53 UTC,6.0,1.095,Yes,0xe2C68b7ef85645e47F9b94382c3Db59b046945a2
2026-06-25 23:00:00 UTC,Tunisia vs Netherlands,FIFA World Cup ,Not Netherlands,1X2,0.0,2026-06-21 06:47:32 UTC,0.0,1.1663,Yes,0xE4DD6165bFF7EE73D7932C3b478f7E22431e85E7
2026-06-25 23:00:00 UTC,Tunisia vs Netherlands,FIFA World Cup ,Not Netherlands,1X2,4.0,2026-06-21 06:46:45 UTC,4.0,1.1663,Yes,0xE4DD6165bFF7EE73D7932C3b478f7E22431e85E7
2026-06-25 23:00:00 UTC,Tunisia vs Netherlands,FIFA World Cup ,Netherlands -2,Asian Handicap (2),100.0,2026-06-21 06:43:08 UTC,100.0,1.535,Yes,0xE4DD6165bFF7EE73D7932C3b478f7E22431e85E7
2026-06-26 02:00:00 UTC,Paraguay vs Australia,FIFA World Cup ,Under 2.0,Under/Over (2),83.0,2026-06-21 06:42:45 UTC,83.0,1.5725,Yes,0x8268feC8dCb0D284343054BDf2b649286c9aA0a1
2026-06-26 02:00:00 UTC,Paraguay vs Australia,FIFA World Cup ,Under 3.0,Under/Over (3),234.0,2026-06-21 06:42:35 UTC,234.0,1.8237,Yes,0x8268feC8dCb0D284343054BDf2b649286c9aA0a1
2026-06-26 02:00:00 UTC,Paraguay vs Australia,FIFA World Cup ,Under 2.5,Under/Over (2.5),174.0,2026-06-21 06:41:57 UTC,174.0,1.6938,Yes,0xE4DD6165bFF7EE73D7932C3b478f7E22431e85E7
2026-06-26 02:00:00 UTC,Paraguay vs Australia,FIFA World Cup ,Over 2.5,Under/Over (2.5),109.0,2026-06-21 06:23:26 UTC,109.0,1.2988,Yes,0xE4DD6165bFF7EE73D7932C3b478f7E22431e85E7
2026-06-26 19:00:00 UTC,Norway vs France,FIFA World Cup ,Under 2.5,Under/Over (2.5),0.0,2026-06-21 06:22:07 UTC,0.0,1.4575,Yes,0xE4DD6165bFF7EE73D7932C3b478f7E22431e85E7
2026-06-26 02:00:00 UTC,Paraguay vs Australia,FIFA World Cup ,Over 0.5,Under/Over (0.5),340.0,2026-06-21 06:21:44 UTC,340.0,1.8037,Yes,0xE4DD6165bFF7EE73D7932C3b478f7E22431e85E7
2026-06-26 19:00:00 UTC,Norway vs France,FIFA World Cup ,Under 2.5,Under/Over (2.5),40.0,2026-06-21 06:21:30 UTC,40.0,1.46,Yes,0xE4DD6165bFF7EE73D7932C3b478f7E22431e85E7
2026-06-25 20:00:00 UTC,Curaçao vs Ivory Coast,FIFA World Cup ,Ivory Coast -1.5,Asian Handicap (1.5),147.0,2026-06-21 06:14:17 UTC,147.0,1.6488,Yes,0xE4DD6165bFF7EE73D7932C3b478f7E22431e85E7
2026-06-25 20:00:00 UTC,Curaçao vs Ivory Coast,FIFA World Cup ,Ivory Coast -1.5,Asian Handicap (1.5),222.0,2026-06-21 06:07:47 UTC,222.0,1.6488,Yes,0xE4DD6165bFF7EE73D7932C3b478f7E22431e85E7
2026-06-26 02:00:00 UTC,Turkey vs USA,FIFA World Cup ,Under 1.0,Under/Over (1),0.0,2026-06-21 06:05:28 UTC,0.0,1.0562,Yes,0xE4DD6165bFF7EE73D7932C3b478f7E22431e85E7
2026-06-26 02:00:00 UTC,Turkey vs USA,FIFA World Cup ,Under 5.0,Under/Over (5),370.0,2026-06-21 06:04:36 UTC,370.0,1.9137,Yes,0xE4DD6165bFF7EE73D7932C3b478f7E22431e85E7
2026-06-26 02:00:00 UTC,Turkey vs USA,FIFA World Cup ,Under 1.0,Under/Over (1),34.0,2026-06-21 06:04:36 UTC,34.0,1.06,Yes,0xE4DD6165bFF7EE73D7932C3b478f7E22431e85E7
2026-06-26 02:00:00 UTC,Turkey vs USA,FIFA World Cup ,Under 4.0,Under/Over (4),190.0,2026-06-21 06:04:35 UTC,190.0,1.7887,Yes,0xE4DD6165bFF7EE73D7932C3b478f7E22431e85E7
2026-06-26 02:00:00 UTC,Turkey vs USA,FIFA World Cup ,Under 3.5,Under/Over (3.5),143.0,2026-06-21 06:04:35 UTC,143.0,1.66,Yes,0xE4DD6165bFF7EE73D7932C3b478f7E22431e85E7
2026-06-25 23:00:00 UTC,Japan vs Sweden,FIFA World Cup ,Sweden +1,Asian Handicap (-1),106.0,2026-06-21 06:03:28 UTC,106.0,1.68,Yes,0xE4DD6165bFF7EE73D7932C3b478f7E22431e85E7
2026-06-25 23:00:00 UTC,Tunisia vs Netherlands,FIFA World Cup ,Over 2.5,Under/Over (2.5),155.0,2026-06-21 05:59:56 UTC,155.0,1.6175,Yes,0xE4DD6165bFF7EE73D7932C3b478f7E22431e85E7
2026-06-26 02:00:00 UTC,Turkey vs USA,FIFA World Cup ,Not USA,1X2,4.0,2026-06-21 05:59:42 UTC,4.0,1.5125,Yes,0xE4DD6165bFF7EE73D7932C3b478f7E22431e85E7
2026-06-25 23:00:00 UTC,Tunisia vs Netherlands,FIFA World Cup ,Over 5.0,Under/Over (5),0.0,2026-06-21 05:59:13 UTC,0.0,1.1075,Yes,0xE4DD6165bFF7EE73D7932C3b478f7E22431e85E7
2026-06-25 23:00:00 UTC,Tunisia vs Netherlands,FIFA World Cup ,Over 5.0,Under/Over (5),5.0,2026-06-21 05:58:54 UTC,5.0,1.1113,Yes,0xe2C68b7ef85645e47F9b94382c3Db59b046945a2
2026-06-25 23:00:00 UTC,Tunisia vs Netherlands,FIFA World Cup ,Over 2.5,Under/Over (2.5),264.0,2026-06-21 05:55:13 UTC,264.0,1.6187,Yes,0xe2C68b7ef85645e47F9b94382c3Db59b046945a2
2026-06-25 23:00:00 UTC,Tunisia vs Netherlands,FIFA World Cup ,Over 5.0,Under/Over (5),0.0,2026-06-21 05:54:08 UTC,0.0,1.1113,Yes,0xe2C68b7ef85645e47F9b94382c3Db59b046945a2
2026-06-25 23:00:00 UTC,Tunisia vs Netherlands,FIFA World Cup ,Over 5.0,Under/Over (5),2.0,2026-06-21 05:53:19 UTC,2.0,1.1113,Yes,0xe2C68b7ef85645e47F9b94382c3Db59b046945a2
2026-06-26 19:00:00 UTC,Norway vs France,FIFA World Cup ,Over 3.5,Under/Over (3.5),0.0,2026-06-21 05:53:17 UTC,0.0,1.3,Yes,0xE4DD6165bFF7EE73D7932C3b478f7E22431e85E7
2026-06-26 19:00:00 UTC,Norway vs France,FIFA World Cup ,Over 3.5,Under/Over (3.5),0.0,2026-06-21 05:53:15 UTC,0.0,1.3,Yes,0xE4DD6165bFF7EE73D7932C3b478f7E22431e85E7
2026-06-26 19:00:00 UTC,Norway vs France,FIFA World Cup ,Over 3.5,Under/Over (3.5),0.0,2026-06-21 05:53:13 UTC,0.0,1.3,Yes,0xE4DD6165bFF7EE73D7932C3b478f7E22431e85E7
2026-06-26 19:00:00 UTC,Norway vs France,FIFA World Cup ,Over 3.5,Under/Over (3.5),9.0,2026-06-21 05:53:03 UTC,9.0,1.3,Yes,0xE4DD6165bFF7EE73D7932C3b478f7E22431e85E7
2026-06-26 19:00:00 UTC,Norway vs France,FIFA World Cup ,Over 3.5,Under/Over (3.5),6.0,2026-06-21 05:53:00 UTC,6.0,1.3,Yes,0xE4DD6165bFF7EE73D7932C3b478f7E22431e85E7
2026-06-26 19:00:00 UTC,Norway vs France,FIFA World Cup ,Over 3.5,Under/Over (3.5),6.0,2026-06-21 05:52:59 UTC,6.0,1.3,Yes,0xE4DD6165bFF7EE73D7932C3b478f7E22431e85E7
2026-06-26 19:00:00 UTC,Norway vs France,FIFA World Cup ,Over 3.0,Under/Over (3),15.0,2026-06-21 05:52:56 UTC,15.0,1.395,Yes,0xE4DD6165bFF7EE73D7932C3b478f7E22431e85E7
2026-06-26 19:00:00 UTC,Norway vs France,FIFA World Cup ,Over 3.0,Under/Over (3),14.0,2026-06-21 05:52:54 UTC,14.0,1.395,Yes,0xE4DD6165bFF7EE73D7932C3b478f7E22431e85E7
2026-06-25 23:00:00 UTC,Tunisia vs Netherlands,FIFA World Cup ,Over 5.0,Under/Over (5),2.0,2026-06-21 05:50:28 UTC,2.0,1.1113,Yes,0xe2C68b7ef85645e47F9b94382c3Db59b046945a2
2026-06-25 23:00:00 UTC,Tunisia vs Netherlands,FIFA World Cup ,Over 5.0,Under/Over (5),0.0,2026-06-21 05:47:15 UTC,0.0,1.1087,Yes,0xe2C68b7ef85645e47F9b94382c3Db59b046945a2
2026-06-25 23:00:00 UTC,Tunisia vs Netherlands,FIFA World Cup ,Over 5.0,Under/Over (5),1.0,2026-06-21 05:47:03 UTC,1.0,1.1087,Yes,0xe2C68b7ef85645e47F9b94382c3Db59b046945a2
2026-06-25 23:00:00 UTC,Tunisia vs Netherlands,FIFA World Cup ,Over 5.0,Under/Over (5),0.0,2026-06-21 05:45:39 UTC,0.0,1.1062,Yes,0xe2C68b7ef85645e47F9b94382c3Db59b046945a2
2026-06-25 23:00:00 UTC,Tunisia vs Netherlands,FIFA World Cup ,Over 2.5,Under/Over (2.5),59.0,2026-06-21 05:45:23 UTC,59.0,1.6162,Yes,0xe2C68b7ef85645e47F9b94382c3Db59b046945a2
2026-06-25 23:00:00 UTC,Tunisia vs Netherlands,FIFA World Cup ,Over 2.5,Under/Over (2.5),115.0,2026-06-21 05:45:03 UTC,115.0,1.61,Yes,0xE4DD6165bFF7EE73D7932C3b478f7E22431e85E7
2026-06-25 23:00:00 UTC,Tunisia vs Netherlands,FIFA World Cup ,Under 5.0,Under/Over (5),117.0,2026-06-21 05:44:50 UTC,117.0,1.8875,Yes,0x8268feC8dCb0D284343054BDf2b649286c9aA0a1
2026-06-25 23:00:00 UTC,Tunisia vs Netherlands,FIFA World Cup ,Tunisia +3,Asian Handicap (3),247.0,2026-06-21 05:34:04 UTC,247.0,1.78,Yes,0xE4DD6165bFF7EE73D7932C3b478f7E22431e85E7
2026-06-26 19:00:00 UTC,Senegal vs Iraq,FIFA World Cup ,Under 3.0,Under/Over (3),1.0,2026-06-21 05:20:07 UTC,1.0,1.6113,Yes,0xE4DD6165bFF7EE73D7932C3b478f7E22431e85E7
2026-06-26 02:00:00 UTC,Turkey vs USA,FIFA World Cup ,Turkey +1.5,Asian Handicap (1.5),139.0,2026-06-21 05:19:59 UTC,139.0,1.7425,Yes,0xE4DD6165bFF7EE73D7932C3b478f7E22431e85E7
2026-06-26 19:00:00 UTC,Senegal vs Iraq,FIFA World Cup ,Under 3.0,Under/Over (3),36.0,2026-06-21 05:19:59 UTC,36.0,1.6113,Yes,0xE4DD6165bFF7EE73D7932C3b478f7E22431e85E7
2026-06-25 23:00:00 UTC,Japan vs Sweden,FIFA World Cup ,Over 2.5,Under/Over (2.5),1.0,2026-06-21 05:13:17 UTC,1.0,1.5312,Yes,0xE4DD6165bFF7EE73D7932C3b478f7E22431e85E7
2026-06-25 23:00:00 UTC,Japan vs Sweden,FIFA World Cup ,Over 2.5,Under/Over (2.5),20.0,2026-06-21 05:13:11 UTC,20.0,1.5312,Yes,0xE4DD6165bFF7EE73D7932C3b478f7E22431e85E7
2026-06-25 23:00:00 UTC,Japan vs Sweden,FIFA World Cup ,Over 2.5,Under/Over (2.5),99.0,2026-06-21 05:09:19 UTC,99.0,1.5312,Yes,0xE4DD6165bFF7EE73D7932C3b478f7E22431e85E7
2026-06-25 23:00:00 UTC,Japan vs Sweden,FIFA World Cup ,Sweden,1X2,187.0,2026-06-21 04:53:45 UTC,187.0,1.2512,Yes,0x740d5718a79A8559fEeE8B00922F8Cd773A81D84
2026-06-25 23:00:00 UTC,Japan vs Sweden,FIFA World Cup ,Over 5.5,Under/Over (5.5),0.0,2026-06-21 04:41:18 UTC,0.0,1.0513,Yes,0xE4DD6165bFF7EE73D7932C3b478f7E22431e85E7
2026-06-26 02:00:00 UTC,Paraguay vs Australia,FIFA World Cup ,Under 3.0,Under/Over (3),231.0,2026-06-21 04:39:25 UTC,231.0,1.825,Yes,0xE4DD6165bFF7EE73D7932C3b478f7E22431e85E7
2026-06-25 23:00:00 UTC,Japan vs Sweden,FIFA World Cup ,Under 2.0,Under/Over (2),87.0,2026-06-21 04:32:19 UTC,87.0,1.29,Yes,0xE4DD6165bFF7EE73D7932C3b478f7E22431e85E7
2026-06-25 23:00:00 UTC,Japan vs Sweden,FIFA World Cup ,Under 3.0,Under/Over (3),209.0,2026-06-21 04:32:18 UTC,209.0,1.5962,Yes,0xe2C68b7ef85645e47F9b94382c3Db59b046945a2
2026-06-25 23:00:00 UTC,Japan vs Sweden,FIFA World Cup ,Under 2.0,Under/Over (2),12.0,2026-06-21 04:17:22 UTC,12.0,1.2988,Yes,0xE4DD6165bFF7EE73D7932C3b478f7E22431e85E7
2026-06-25 23:00:00 UTC,Tunisia vs Netherlands,FIFA World Cup ,Under 3.0,Under/Over (3),255.0,2026-06-21 04:17:03 UTC,255.0,1.5012,Yes,0xE4DD6165bFF7EE73D7932C3b478f7E22431e85E7
2026-06-27 00:00:00 UTC,Uruguay vs Spain,FIFA World Cup ,Over 0.5,Under/Over (0.5),93.0,2026-06-21 04:16:59 UTC,93.0,1.9325,Yes,0xe2C68b7ef85645e47F9b94382c3Db59b046945a2
2026-06-25 23:00:00 UTC,Japan vs Sweden,FIFA World Cup ,Sweden +2.5,Asian Handicap (-2.5),491.0,2026-06-21 04:16:39 UTC,491.0,1.8975,Yes,0xE4DD6165bFF7EE73D7932C3b478f7E22431e85E7
2026-06-25 23:00:00 UTC,Tunisia vs Netherlands,FIFA World Cup ,Tie,1X2,27.0,2026-06-21 04:15:54 UTC,27.0,1.1438,Yes,0x740d5718a79A8559fEeE8B00922F8Cd773A81D84
2026-06-25 23:00:00 UTC,Japan vs Sweden,FIFA World Cup ,Sweden +1.5,Asian Handicap (-1.5),283.0,2026-06-21 04:14:47 UTC,283.0,1.7688,Yes,0xE4DD6165bFF7EE73D7932C3b478f7E22431e85E7
2026-06-26 02:00:00 UTC,Turkey vs USA,FIFA World Cup ,Turkey +1.5,Asian Handicap (1.5),55.0,2026-06-21 04:14:31 UTC,55.0,1.745,Yes,0xE4DD6165bFF7EE73D7932C3b478f7E22431e85E7
2026-06-26 02:00:00 UTC,Turkey vs USA,FIFA World Cup ,Turkey +1.5,Asian Handicap (1.5),52.0,2026-06-21 04:14:29 UTC,52.0,1.745,Yes,0xE4DD6165bFF7EE73D7932C3b478f7E22431e85E7
2026-06-25 23:00:00 UTC,Tunisia vs Netherlands,FIFA World Cup ,Netherlands -2.5,Asian Handicap (2.5),18.0,2026-06-21 04:10:31 UTC,18.0,1.3275,Yes,0xe2C68b7ef85645e47F9b94382c3Db59b046945a2
2026-06-25 23:00:00 UTC,Japan vs Sweden,FIFA World Cup ,Not tie,1X2,11.0,2026-06-21 04:04:34 UTC,11.0,1.7037,Yes,0x8268feC8dCb0D284343054BDf2b649286c9aA0a1
2026-06-25 20:00:00 UTC,Curaçao vs Ivory Coast,FIFA World Cup ,Ivory Coast,12,437.0,2026-06-21 04:03:34 UTC,437.0,1.9475,Yes,0xe2C68b7ef85645e47F9b94382c3Db59b046945a2
2026-06-25 20:00:00 UTC,Curaçao vs Ivory Coast,FIFA World Cup ,Not Curaçao,1X2,496.0,2026-06-21 04:03:34 UTC,496.0,1.9537,Yes,0xe2C68b7ef85645e47F9b94382c3Db59b046945a2
2026-06-26 02:00:00 UTC,Turkey vs USA,FIFA World Cup ,Under 4.5,Under/Over (4.5),191.0,2026-06-21 04:03:03 UTC,191.0,1.8262,Yes,0xE4DD6165bFF7EE73D7932C3b478f7E22431e85E7
2026-06-25 23:00:00 UTC,Japan vs Sweden,FIFA World Cup ,Over 4.0,Under/Over (4),36.0,2026-06-21 03:58:34 UTC,36.0,1.1612,Yes,0xe2C68b7ef85645e47F9b94382c3Db59b046945a2
2026-06-25 23:00:00 UTC,Japan vs Sweden,FIFA World Cup ,Over 4.5,Under/Over (4.5),29.0,2026-06-21 03:58:34 UTC,29.0,1.1362,Yes,0xe2C68b7ef85645e47F9b94382c3Db59b046945a2
2026-06-25 23:00:00 UTC,Japan vs Sweden,FIFA World Cup ,Over 4.5,Under/Over (4.5),2.0,2026-06-21 03:58:30 UTC,2.0,1.1362,Yes,0xe2C68b7ef85645e47F9b94382c3Db59b046945a2
2026-06-26 02:00:00 UTC,Turkey vs USA,FIFA World Cup ,Turkey +0.5,Asian Handicap (0.5),36.0,2026-06-21 03:54:54 UTC,36.0,1.525,Yes,0xE4DD6165bFF7EE73D7932C3b478f7E22431e85E7
2026-06-26 02:00:00 UTC,Turkey vs USA,FIFA World Cup ,Turkey +0.5,Asian Handicap (0.5),21.0,2026-06-21 03:54:53 UTC,21.0,1.525,Yes,0xE4DD6165bFF7EE73D7932C3b478f7E22431e85E7
2026-06-26 02:00:00 UTC,Turkey vs USA,FIFA World Cup ,Turkey +1,Asian Handicap (1),102.0,2026-06-21 03:54:47 UTC,102.0,1.6787,Yes,0xE4DD6165bFF7EE73D7932C3b478f7E22431e85E7
2026-06-25 20:00:00 UTC,Ecuador vs Germany,FIFA World Cup ,Over 4.0,Under/Over (4),119.0,2026-06-21 03:37:15 UTC,119.0,1.16,Yes,0xe2C68b7ef85645e47F9b94382c3Db59b046945a2
2026-06-25 20:00:00 UTC,Ecuador vs Germany,FIFA World Cup ,Ecuador +1,Asian Handicap (1),49.0,2026-06-21 03:35:31 UTC,49.0,1.6887,Yes,0xe2C68b7ef85645e47F9b94382c3Db59b046945a2
2026-06-25 20:00:00 UTC,Ecuador vs Germany,FIFA World Cup ,Ecuador +1,Asian Handicap (1),49.0,2026-06-21 03:35:17 UTC,49.0,1.6913,Yes,0xe2C68b7ef85645e47F9b94382c3Db59b046945a2
2026-06-25 20:00:00 UTC,Ecuador vs Germany,FIFA World Cup ,Ecuador +1,Asian Handicap (1),49.0,2026-06-21 03:35:15 UTC,49.0,1.6913,Yes,0xe2C68b7ef85645e47F9b94382c3Db59b046945a2
2026-06-25 20:00:00 UTC,Ecuador vs Germany,FIFA World Cup ,Germany 0,Asian Handicap (0),269.0,2026-06-21 03:30:14 UTC,269.0,1.6262,Yes,0xE4DD6165bFF7EE73D7932C3b478f7E22431e85E7
2026-06-25 20:00:00 UTC,Curaçao vs Ivory Coast,FIFA World Cup ,Curaçao +2.5,Asian Handicap (2.5),63.0,2026-06-21 02:42:52 UTC,63.0,1.575,Yes,0x8268feC8dCb0D284343054BDf2b649286c9aA0a1
2026-06-25 20:00:00 UTC,Curaçao vs Ivory Coast,FIFA World Cup ,Curaçao +2,Asian Handicap (2),18.0,2026-06-21 02:42:51 UTC,18.0,1.4375,Yes,0x8268feC8dCb0D284343054BDf2b649286c9aA0a1
2026-06-25 20:00:00 UTC,Curaçao vs Ivory Coast,FIFA World Cup ,Ivory Coast -1.5,Asian Handicap (1.5),149.0,2026-06-21 02:24:31 UTC,149.0,1.6562,Yes,0xE4DD6165bFF7EE73D7932C3b478f7E22431e85E7
2026-06-28 02:00:00 UTC,Jordan vs Argentina,FIFA World Cup ,Tie,1X2,2.0,2026-06-21 02:21:28 UTC,2.0,1.1138,Yes,0xe2C68b7ef85645e47F9b94382c3Db59b046945a2
2026-06-25 20:00:00 UTC,Curaçao vs Ivory Coast,FIFA World Cup ,Curaçao +1,Asian Handicap (1),0.0,2026-06-21 02:12:06 UTC,0.0,1.18,Yes,0xe2C68b7ef85645e47F9b94382c3Db59b046945a2
2026-06-25 20:00:00 UTC,Curaçao vs Ivory Coast,FIFA World Cup ,Curaçao +1,Asian Handicap (1),49.0,2026-06-21 02:11:27 UTC,49.0,1.1812,Yes,0xE4DD6165bFF7EE73D7932C3b478f7E22431e85E7
2026-06-26 02:00:00 UTC,Paraguay vs Australia,FIFA World Cup ,Australia -0.5,Asian Handicap (0.5),0.0,2026-06-21 02:02:35 UTC,0.0,1.2288,Yes,0xE4DD6165bFF7EE73D7932C3b478f7E22431e85E7
2026-06-26 02:00:00 UTC,Paraguay vs Australia,FIFA World Cup ,Over 2.0,Under/Over (2),0.0,2026-06-21 02:02:33 UTC,0.0,1.4187,Yes,0xE4DD6165bFF7EE73D7932C3b478f7E22431e85E7
2026-06-26 02:00:00 UTC,Paraguay vs Australia,FIFA World Cup ,Australia -0.5,Asian Handicap (0.5),7.0,2026-06-21 02:02:20 UTC,7.0,1.2288,Yes,0xE4DD6165bFF7EE73D7932C3b478f7E22431e85E7
2026-06-26 02:00:00 UTC,Paraguay vs Australia,FIFA World Cup ,Over 2.0,Under/Over (2),67.0,2026-06-21 02:02:19 UTC,67.0,1.4213,Yes,0xE4DD6165bFF7EE73D7932C3b478f7E22431e85E7
2026-06-28 02:00:00 UTC,Jordan vs Argentina,FIFA World Cup ,Under 5.5,Under/Over (5.5),264.0,2026-06-21 02:00:16 UTC,264.0,1.9025,Yes,0xe2C68b7ef85645e47F9b94382c3Db59b046945a2
2026-06-25 20:00:00 UTC,Ecuador vs Germany,FIFA World Cup ,Ecuador,12,207.0,2026-06-21 01:59:49 UTC,207.0,1.3213,Yes,0xE4DD6165bFF7EE73D7932C3b478f7E22431e85E7
2026-06-25 20:00:00 UTC,Ecuador vs Germany,FIFA World Cup ,Not Ecuador,1X2,24.0,2026-06-21 01:58:16 UTC,24.0,1.7425,Yes,0x8268feC8dCb0D284343054BDf2b649286c9aA0a1
2026-06-25 20:00:00 UTC,Ecuador vs Germany,FIFA World Cup ,Not Ecuador,1X2,187.0,2026-06-21 01:56:39 UTC,187.0,1.765,Yes,0x5B3498Cb20C3107B5B267fabd3601B6425BDeb42
2026-06-25 20:00:00 UTC,Ecuador vs Germany,FIFA World Cup ,Not Germany,1X2,0.0,2026-06-21 01:56:17 UTC,0.0,1.4612,Yes,0xe2C68b7ef85645e47F9b94382c3Db59b046945a2
2026-06-25 20:00:00 UTC,Ecuador vs Germany,FIFA World Cup ,Ecuador +1,Asian Handicap (1),1.0,2026-06-21 01:56:14 UTC,1.0,1.62,Yes,0xe2C68b7ef85645e47F9b94382c3Db59b046945a2
2026-06-25 20:00:00 UTC,Ecuador vs Germany,FIFA World Cup ,Germany,12,116.0,2026-06-21 01:56:04 UTC,116.0,1.6875,Yes,0xe2C68b7ef85645e47F9b94382c3Db59b046945a2
2026-06-25 20:00:00 UTC,Ecuador vs Germany,FIFA World Cup ,Not Germany,1X2,249.0,2026-06-21 01:55:48 UTC,249.0,1.4625,Yes,0xe2C68b7ef85645e47F9b94382c3Db59b046945a2
2026-06-25 20:00:00 UTC,Ecuador vs Germany,FIFA World Cup ,Ecuador +1,Asian Handicap (1),26.0,2026-06-21 01:55:47 UTC,26.0,1.6212,Yes,0xe2C68b7ef85645e47F9b94382c3Db59b046945a2
2026-06-25 20:00:00 UTC,Ecuador vs Germany,FIFA World Cup ,Germany,1X2,348.0,2026-06-21 01:55:36 UTC,348.0,1.54,Yes,0x740d5718a79A8559fEeE8B00922F8Cd773A81D84
2026-06-25 20:00:00 UTC,Ecuador vs Germany,FIFA World Cup ,Under 2.0,Under/Over (2),34.0,2026-06-21 01:49:04 UTC,34.0,1.3513,Yes,0xE4DD6165bFF7EE73D7932C3b478f7E22431e85E7
2026-06-25 20:00:00 UTC,Ecuador vs Germany,FIFA World Cup ,Under 3.0,Under/Over (3),217.0,2026-06-21 01:05:27 UTC,217.0,1.6587,Yes,0xE4DD6165bFF7EE73D7932C3b478f7E22431e85E7
2026-06-25 20:00:00 UTC,Curaçao vs Ivory Coast,FIFA World Cup ,Over 5.0,Under/Over (5),0.0,2026-06-21 00:51:09 UTC,0.0,1.1313,Yes,0xE4DD6165bFF7EE73D7932C3b478f7E22431e85E7
2026-06-25 20:00:00 UTC,Curaçao vs Ivory Coast,FIFA World Cup ,Over 1.0,Under/Over (1),86.0,2026-06-21 00:50:47 UTC,86.0,1.945,Yes,0xE4DD6165bFF7EE73D7932C3b478f7E22431e85E7
2026-06-25 20:00:00 UTC,Curaçao vs Ivory Coast,FIFA World Cup ,Over 5.0,Under/Over (5),14.0,2026-06-21 00:50:39 UTC,14.0,1.1313,Yes,0xE4DD6165bFF7EE73D7932C3b478f7E22431e85E7
2026-06-25 20:00:00 UTC,Curaçao vs Ivory Coast,FIFA World Cup ,Over 5.0,Under/Over (5),0.0,2026-06-21 00:46:10 UTC,0.0,1.125,Yes,0xe2C68b7ef85645e47F9b94382c3Db59b046945a2
2026-06-25 20:00:00 UTC,Curaçao vs Ivory Coast,FIFA World Cup ,Over 5.0,Under/Over (5),0.0,2026-06-21 00:46:08 UTC,0.0,1.1313,Yes,0xE4DD6165bFF7EE73D7932C3b478f7E22431e85E7
2026-06-26 19:00:00 UTC,Norway vs France,FIFA World Cup ,Under 2.0,Under/Over (2),0.0,2026-06-21 00:46:00 UTC,0.0,1.2875,Yes,0xE4DD6165bFF7EE73D7932C3b478f7E22431e85E7
2026-06-25 20:00:00 UTC,Curaçao vs Ivory Coast,FIFA World Cup ,Over 5.0,Under/Over (5),11.0,2026-06-21 00:45:34 UTC,11.0,1.1313,Yes,0xE4DD6165bFF7EE73D7932C3b478f7E22431e85E7
2026-06-25 20:00:00 UTC,Curaçao vs Ivory Coast,FIFA World Cup ,Over 5.0,Under/Over (5),6.0,2026-06-21 00:45:33 UTC,6.0,1.1313,Yes,0xE4DD6165bFF7EE73D7932C3b478f7E22431e85E7
2026-06-26 19:00:00 UTC,Norway vs France,FIFA World Cup ,Under 2.0,Under/Over (2),9.0,2026-06-21 00:45:29 UTC,9.0,1.2875,Yes,0xE4DD6165bFF7EE73D7932C3b478f7E22431e85E7
2026-06-25 20:00:00 UTC,Ecuador vs Germany,FIFA World Cup ,Ecuador +1.5,Asian Handicap (1.5),16.0,2026-06-21 00:36:21 UTC,16.0,1.7012,Yes,0xE4DD6165bFF7EE73D7932C3b478f7E22431e85E7
2026-06-25 20:00:00 UTC,Ecuador vs Germany,FIFA World Cup ,Ecuador +2,Asian Handicap (2),36.0,2026-06-21 00:33:26 UTC,36.0,1.845,Yes,0x8268feC8dCb0D284343054BDf2b649286c9aA0a1
2026-06-25 20:00:00 UTC,Curaçao vs Ivory Coast,FIFA World Cup ,Under 5.0,Under/Over (5),385.0,2026-06-21 00:22:42 UTC,385.0,1.86,Yes,0xE4DD6165bFF7EE73D7932C3b478f7E22431e85E7
2026-06-25 20:00:00 UTC,Ecuador vs Germany,FIFA World Cup ,Under 2.5,Under/Over (2.5),18.0,2026-06-21 00:19:06 UTC,18.0,1.5162,Yes,0xE4DD6165bFF7EE73D7932C3b478f7E22431e85E7
2026-06-25 20:00:00 UTC,Ecuador vs Germany,FIFA World Cup ,Under 3.0,Under/Over (3),12.0,2026-06-21 00:17:09 UTC,12.0,1.66,Yes,0xE4DD6165bFF7EE73D7932C3b478f7E22431e85E7
2026-06-25 20:00:00 UTC,Ecuador vs Germany,FIFA World Cup ,Ecuador +1,Asian Handicap (1),10.0,2026-06-21 00:15:56 UTC,10.0,1.6025,Yes,0xe2C68b7ef85645e47F9b94382c3Db59b046945a2
2026-06-26 02:00:00 UTC,Paraguay vs Australia,FIFA World Cup ,Under 4.5,Under/Over (4.5),16.0,2026-06-21 00:12:40 UTC,16.0,1.9413,Yes,0xE4DD6165bFF7EE73D7932C3b478f7E22431e85E7
2026-06-25 20:00:00 UTC,Ecuador vs Germany,FIFA World Cup ,Under 1.0,Under/Over (1),0.0,2026-06-21 00:07:56 UTC,0.0,1.0913,Yes,0xe2C68b7ef85645e47F9b94382c3Db59b046945a2
2026-06-25 20:00:00 UTC,Ecuador vs Germany,FIFA World Cup ,Under 1.0,Under/Over (1),4.0,2026-06-21 00:07:47 UTC,4.0,1.0913,Yes,0xe2C68b7ef85645e47F9b94382c3Db59b046945a2
2026-06-27 00:00:00 UTC,Uruguay vs Spain,FIFA World Cup ,Uruguay +1,Asian Handicap (1),0.0,2026-06-20 23:59:47 UTC,0.0,1.49,Yes,0xE4DD6165bFF7EE73D7932C3b478f7E22431e85E7
2026-06-27 00:00:00 UTC,Uruguay vs Spain,FIFA World Cup ,Uruguay +1,Asian Handicap (1),25.0,2026-06-20 23:59:00 UTC,25.0,1.4925,Yes,0xE4DD6165bFF7EE73D7932C3b478f7E22431e85E7
2026-06-26 02:00:00 UTC,Paraguay vs Australia,FIFA World Cup ,Over 2.0,Under/Over (2),0.0,2026-06-20 23:08:34 UTC,0.0,1.4187,Yes,0xE4DD6165bFF7EE73D7932C3b478f7E22431e85E7
2026-06-26 02:00:00 UTC,Paraguay vs Australia,FIFA World Cup ,Over 2.0,Under/Over (2),32.0,2026-06-20 23:08:12 UTC,32.0,1.4187,Yes,0xE4DD6165bFF7EE73D7932C3b478f7E22431e85E7
2026-06-25 23:00:00 UTC,Tunisia vs Netherlands,FIFA World Cup ,Over 4.5,Under/Over (4.5),0.0,2026-06-20 23:03:15 UTC,0.0,1.1787,Yes,0xE4DD6165bFF7EE73D7932C3b478f7E22431e85E7
2026-06-25 23:00:00 UTC,Tunisia vs Netherlands,FIFA World Cup ,Over 4.5,Under/Over (4.5),4.0,2026-06-20 23:02:29 UTC,4.0,1.18,Yes,0xE4DD6165bFF7EE73D7932C3b478f7E22431e85E7
2026-06-25 23:00:00 UTC,Tunisia vs Netherlands,FIFA World Cup ,Over 2.0,Under/Over (2),89.0,2026-06-20 23:02:28 UTC,89.0,1.755,Yes,0xE4DD6165bFF7EE73D7932C3b478f7E22431e85E7
2026-06-25 23:00:00 UTC,Tunisia vs Netherlands,FIFA World Cup ,Over 3.0,Under/Over (3),13.0,2026-06-20 23:02:28 UTC,13.0,1.4575,Yes,0xE4DD6165bFF7EE73D7932C3b478f7E22431e85E7
2026-06-25 20:00:00 UTC,Curaçao vs Ivory Coast,FIFA World Cup ,Over 4.0,Under/Over (4),0.0,2026-06-20 22:29:08 UTC,0.0,1.2825,Yes,0xE4DD6165bFF7EE73D7932C3b478f7E22431e85E7
2026-06-25 20:00:00 UTC,Curaçao vs Ivory Coast,FIFA World Cup ,Over 4.0,Under/Over (4),50.0,2026-06-20 22:28:24 UTC,50.0,1.2825,Yes,0xE4DD6165bFF7EE73D7932C3b478f7E22431e85E7
2026-06-25 20:00:00 UTC,Ecuador vs Germany,FIFA World Cup ,Not Ecuador,1X2,56.0,2026-06-20 22:25:56 UTC,56.0,1.8062,Yes,0xe2C68b7ef85645e47F9b94382c3Db59b046945a2
2026-06-26 02:00:00 UTC,Turkey vs USA,FIFA World Cup ,Turkey,12,6.0,2026-06-20 22:18:23 UTC,6.0,1.3762,Yes,0xE4DD6165bFF7EE73D7932C3b478f7E22431e85E7
2026-06-26 02:00:00 UTC,Paraguay vs Australia,FIFA World Cup ,Under 2.5,Under/Over (2.5),106.0,2026-06-20 22:18:13 UTC,106.0,1.6938,Yes,0xE4DD6165bFF7EE73D7932C3b478f7E22431e85E7
2026-06-25 20:00:00 UTC,Curaçao vs Ivory Coast,FIFA World Cup ,Over 1.5,Under/Over (1.5),82.0,2026-06-20 22:12:03 UTC,82.0,1.8487,Yes,0xE4DD6165bFF7EE73D7932C3b478f7E22431e85E7
2026-06-25 20:00:00 UTC,Curaçao vs Ivory Coast,FIFA World Cup ,Over 2.5,Under/Over (2.5),38.0,2026-06-20 22:12:03 UTC,38.0,1.6425,Yes,0xE4DD6165bFF7EE73D7932C3b478f7E22431e85E7
2026-06-25 20:00:00 UTC,Curaçao vs Ivory Coast,FIFA World Cup ,Over 1.5,Under/Over (1.5),5.0,2026-06-20 22:03:19 UTC,5.0,1.8487,Yes,0xE4DD6165bFF7EE73D7932C3b478f7E22431e85E7
2026-06-25 20:00:00 UTC,Curaçao vs Ivory Coast,FIFA World Cup ,Over 1.5,Under/Over (1.5),93.0,2026-06-20 22:03:04 UTC,93.0,1.8487,Yes,0xE4DD6165bFF7EE73D7932C3b478f7E22431e85E7
2026-06-25 20:00:00 UTC,Ecuador vs Germany,FIFA World Cup ,Not Ecuador,1X2,61.0,2026-06-20 22:00:18 UTC,61.0,1.7837,Yes,0xe2C68b7ef85645e47F9b94382c3Db59b046945a2
2026-06-25 20:00:00 UTC,Ecuador vs Germany,FIFA World Cup ,Ecuador -0.5,Asian Handicap (-0.5),26.0,2026-06-20 21:59:37 UTC,26.0,1.205,Yes,0xe2C68b7ef85645e47F9b94382c3Db59b046945a2
2026-06-25 20:00:00 UTC,Ecuador vs Germany,FIFA World Cup ,Ecuador -1,Asian Handicap (-1),24.0,2026-06-20 21:59:37 UTC,24.0,1.0825,Yes,0xe2C68b7ef85645e47F9b94382c3Db59b046945a2
2026-06-25 20:00:00 UTC,Ecuador vs Germany,FIFA World Cup ,Ecuador 0,Asian Handicap (0),26.0,2026-06-20 21:59:37 UTC,26.0,1.2775,Yes,0xe2C68b7ef85645e47F9b94382c3Db59b046945a2
2026-06-25 20:00:00 UTC,Ecuador vs Germany,FIFA World Cup ,Ecuador,1X2,112.0,2026-06-20 21:59:37 UTC,112.0,1.205,Yes,0xe2C68b7ef85645e47F9b94382c3Db59b046945a2
2026-06-25 20:00:00 UTC,Ecuador vs Germany,FIFA World Cup ,Ecuador,12,150.0,2026-06-20 21:59:37 UTC,150.0,1.2775,Yes,0xe2C68b7ef85645e47F9b94382c3Db59b046945a2
2026-06-25 20:00:00 UTC,Ecuador vs Germany,FIFA World Cup ,Germany,1X2,284.0,2026-06-20 21:57:24 UTC,284.0,1.5663,Yes,0x5B3498Cb20C3107B5B267fabd3601B6425BDeb42
2026-06-25 20:00:00 UTC,Ecuador vs Germany,FIFA World Cup ,Not tie,1X2,44.0,2026-06-20 21:56:58 UTC,44.0,1.7575,Yes,0x5B3498Cb20C3107B5B267fabd3601B6425BDeb42
2026-06-25 20:00:00 UTC,Ecuador vs Germany,FIFA World Cup ,Germany 0,Asian Handicap (0),331.0,2026-06-20 21:56:54 UTC,331.0,1.7637,Yes,0xE4DD6165bFF7EE73D7932C3b478f7E22431e85E7
2026-06-25 20:00:00 UTC,Ecuador vs Germany,FIFA World Cup ,Not Ecuador,1X2,87.0,2026-06-20 21:56:53 UTC,87.0,1.82,Yes,0xE4DD6165bFF7EE73D7932C3b478f7E22431e85E7
2026-06-25 20:00:00 UTC,Ecuador vs Germany,FIFA World Cup ,Germany 0,Asian Handicap (0),50.0,2026-06-20 21:56:52 UTC,50.0,1.7637,Yes,0xE4DD6165bFF7EE73D7932C3b478f7E22431e85E7
2026-06-25 20:00:00 UTC,Curaçao vs Ivory Coast,FIFA World Cup ,Under 4.0,Under/Over (4),79.0,2026-06-20 21:44:53 UTC,79.0,1.7075,Yes,0x8268feC8dCb0D284343054BDf2b649286c9aA0a1
2026-06-25 20:00:00 UTC,Curaçao vs Ivory Coast,FIFA World Cup ,Under 5.0,Under/Over (5),97.0,2026-06-20 21:44:46 UTC,97.0,1.8662,Yes,0x8268feC8dCb0D284343054BDf2b649286c9aA0a1
2026-06-25 20:00:00 UTC,Curaçao vs Ivory Coast,FIFA World Cup ,Over 3.5,Under/Over (3.5),0.0,2026-06-20 21:08:43 UTC,0.0,1.41,Yes,0xE4DD6165bFF7EE73D7932C3b478f7E22431e85E7
2026-06-25 20:00:00 UTC,Curaçao vs Ivory Coast,FIFA World Cup ,Over 3.5,Under/Over (3.5),15.0,2026-06-20 21:08:04 UTC,15.0,1.4125,Yes,0xE4DD6165bFF7EE73D7932C3b478f7E22431e85E7
2026-06-25 23:00:00 UTC,Tunisia vs Netherlands,FIFA World Cup ,Netherlands -0.5,Asian Handicap (0.5),99.0,2026-06-20 20:53:41 UTC,99.0,1.7637,Yes,0xE4DD6165bFF7EE73D7932C3b478f7E22431e85E7
2026-06-26 02:00:00 UTC,Turkey vs USA,FIFA World Cup ,USA -1,Asian Handicap (1),20.0,2026-06-20 20:26:33 UTC,20.0,1.32,Yes,0x8268feC8dCb0D284343054BDf2b649286c9aA0a1
2026-06-26 02:00:00 UTC,Turkey vs USA,FIFA World Cup ,Tie,1X2,0.0,2026-06-20 20:16:08 UTC,0.0,1.225,Yes,0xe2C68b7ef85645e47F9b94382c3Db59b046945a2
2026-06-26 02:00:00 UTC,Turkey vs USA,FIFA World Cup ,Tie,1X2,21.0,2026-06-20 20:15:20 UTC,21.0,1.2288,Yes,0xE4DD6165bFF7EE73D7932C3b478f7E22431e85E7
2026-06-25 20:00:00 UTC,Curaçao vs Ivory Coast,FIFA World Cup ,Over 5.5,Under/Over (5.5),0.0,2026-06-20 20:03:59 UTC,0.0,1.1087,Yes,0xE4DD6165bFF7EE73D7932C3b478f7E22431e85E7
2026-06-25 20:00:00 UTC,Ecuador vs Germany,FIFA World Cup ,Under 2.0,Under/Over (2),114.0,2026-06-20 20:03:44 UTC,114.0,1.3262,Yes,0xE4DD6165bFF7EE73D7932C3b478f7E22431e85E7
2026-06-25 20:00:00 UTC,Ecuador vs Germany,FIFA World Cup ,Under 1.5,Under/Over (1.5),57.0,2026-06-20 20:03:43 UTC,57.0,1.2437,Yes,0xE4DD6165bFF7EE73D7932C3b478f7E22431e85E7
2026-06-25 20:00:00 UTC,Curaçao vs Ivory Coast,FIFA World Cup ,Curaçao +1,Asian Handicap (1),0.0,2026-06-20 20:02:35 UTC,0.0,1.1738,Yes,0xE4DD6165bFF7EE73D7932C3b478f7E22431e85E7
2026-06-25 20:00:00 UTC,Curaçao vs Ivory Coast,FIFA World Cup ,Curaçao +1,Asian Handicap (1),26.0,2026-06-20 20:02:26 UTC,26.0,1.1787,Yes,0xe2C68b7ef85645e47F9b94382c3Db59b046945a2
2026-06-26 02:00:00 UTC,Paraguay vs Australia,FIFA World Cup ,Tie,1X2,99.0,2026-06-20 19:20:20 UTC,99.0,1.4287,Yes,0x8268feC8dCb0D284343054BDf2b649286c9aA0a1
2026-06-26 02:00:00 UTC,Turkey vs USA,FIFA World Cup ,Turkey +1,Asian Handicap (1),29.0,2026-06-20 19:19:19 UTC,29.0,1.6763,Yes,0xe2C68b7ef85645e47F9b94382c3Db59b046945a2
2026-06-26 02:00:00 UTC,Turkey vs USA,FIFA World Cup ,Under 5.0,Under/Over (5),291.0,2026-06-20 19:18:42 UTC,291.0,1.915,Yes,0xe2C68b7ef85645e47F9b94382c3Db59b046945a2
2026-06-25 23:00:00 UTC,Tunisia vs Netherlands,FIFA World Cup ,Over 1.0,Under/Over (1),97.0,2026-06-20 19:17:06 UTC,97.0,1.9425,Yes,0xE4DD6165bFF7EE73D7932C3b478f7E22431e85E7
2026-06-27 03:00:00 UTC,New Zealand vs Belgium,FIFA World Cup ,Belgium -1.5,Asian Handicap (1.5),66.0,2026-06-20 18:59:33 UTC,66.0,1.5663,Yes,0x8268feC8dCb0D284343054BDf2b649286c9aA0a1
2026-06-25 20:00:00 UTC,Ecuador vs Germany,FIFA World Cup ,Ecuador +1,Asian Handicap (1),9.0,2026-06-20 18:31:16 UTC,9.0,1.5537,Yes,0xe2C68b7ef85645e47F9b94382c3Db59b046945a2
2026-06-25 20:00:00 UTC,Ecuador vs Germany,FIFA World Cup ,Ecuador +1,Asian Handicap (1),17.0,2026-06-20 18:31:14 UTC,17.0,1.5537,Yes,0xe2C68b7ef85645e47F9b94382c3Db59b046945a2
2026-06-25 23:00:00 UTC,Japan vs Sweden,FIFA World Cup ,Sweden,12,204.0,2026-06-20 18:21:25 UTC,204.0,1.3613,Yes,0xe2C68b7ef85645e47F9b94382c3Db59b046945a2
2026-06-25 23:00:00 UTC,Japan vs Sweden,FIFA World Cup ,Under 2.5,Under/Over (2.5),20.0,2026-06-20 18:17:53 UTC,20.0,1.5025,Yes,0xE4DD6165bFF7EE73D7932C3b478f7E22431e85E7
2026-06-25 23:00:00 UTC,Tunisia vs Netherlands,FIFA World Cup ,Tunisia 0,Asian Handicap (0),0.0,2026-06-20 18:09:11 UTC,0.0,1.0962,Yes,0xE4DD6165bFF7EE73D7932C3b478f7E22431e85E7
2026-06-25 23:00:00 UTC,Tunisia vs Netherlands,FIFA World Cup ,Tunisia 0,Asian Handicap (0),2.0,2026-06-20 18:08:57 UTC,2.0,1.0962,Yes,0xE4DD6165bFF7EE73D7932C3b478f7E22431e85E7
2026-06-26 02:00:00 UTC,Turkey vs USA,FIFA World Cup ,Turkey +1,Asian Handicap (1),52.0,2026-06-20 18:08:21 UTC,52.0,1.6913,Yes,0xE4DD6165bFF7EE73D7932C3b478f7E22431e85E7
2026-06-26 02:00:00 UTC,Turkey vs USA,FIFA World Cup ,Turkey +0.5,Asian Handicap (0.5),71.0,2026-06-20 18:00:56 UTC,71.0,1.5425,Yes,0xE4DD6165bFF7EE73D7932C3b478f7E22431e85E7
2026-06-26 02:00:00 UTC,Turkey vs USA,FIFA World Cup ,Under 4.5,Under/Over (4.5),373.0,2026-06-20 17:57:58 UTC,373.0,1.8287,Yes,0xE4DD6165bFF7EE73D7932C3b478f7E22431e85E7
2026-06-26 02:00:00 UTC,Turkey vs USA,FIFA World Cup ,Under 5.5,Under/Over (5.5),385.0,2026-06-20 17:57:58 UTC,385.0,1.925,Yes,0xE4DD6165bFF7EE73D7932C3b478f7E22431e85E7
2026-06-26 02:00:00 UTC,Turkey vs USA,FIFA World Cup ,Under 3.5,Under/Over (3.5),139.0,2026-06-20 17:57:58 UTC,139.0,1.6663,Yes,0xE4DD6165bFF7EE73D7932C3b478f7E22431e85E7
2026-06-26 02:00:00 UTC,Turkey vs USA,FIFA World Cup ,Under 5.0,Under/Over (5),264.0,2026-06-20 17:57:57 UTC,264.0,1.9175,Yes,0xe2C68b7ef85645e47F9b94382c3Db59b046945a2
2026-06-26 02:00:00 UTC,Turkey vs USA,FIFA World Cup ,Under 4.0,Under/Over (4),270.0,2026-06-20 17:57:57 UTC,270.0,1.7963,Yes,0xE4DD6165bFF7EE73D7932C3b478f7E22431e85E7
2026-06-25 20:00:00 UTC,Ecuador vs Germany,FIFA World Cup ,Ecuador +0.5,Asian Handicap (0.5),0.0,2026-06-20 17:53:41 UTC,0.0,1.4312,Yes,0xE4DD6165bFF7EE73D7932C3b478f7E22431e85E7
2026-06-25 20:00:00 UTC,Ecuador vs Germany,FIFA World Cup ,Ecuador +0.5,Asian Handicap (0.5),28.0,2026-06-20 17:53:35 UTC,28.0,1.4312,Yes,0xE4DD6165bFF7EE73D7932C3b478f7E22431e85E7
2026-06-26 02:00:00 UTC,Turkey vs USA,FIFA World Cup ,Turkey +0.5,Asian Handicap (0.5),75.0,2026-06-20 17:45:51 UTC,75.0,1.5425,Yes,0xE4DD6165bFF7EE73D7932C3b478f7E22431e85E7
2026-06-25 23:00:00 UTC,Tunisia vs Netherlands,FIFA World Cup ,Not Tunisia,1X2,11.0,2026-06-20 17:36:09 UTC,11.0,1.915,Yes,0xe2C68b7ef85645e47F9b94382c3Db59b046945a2
2026-06-25 23:00:00 UTC,Tunisia vs Netherlands,FIFA World Cup ,Not Tunisia,1X2,11.0,2026-06-20 17:26:00 UTC,11.0,1.915,Yes,0xe2C68b7ef85645e47F9b94382c3Db59b046945a2
2026-06-25 23:00:00 UTC,Japan vs Sweden,FIFA World Cup ,Under 3.5,Under/Over (3.5),140.0,2026-06-20 17:17:51 UTC,140.0,1.745,Yes,0xE4DD6165bFF7EE73D7932C3b478f7E22431e85E7
2026-06-25 23:00:00 UTC,Japan vs Sweden,FIFA World Cup ,Under 2.0,Under/Over (2),127.0,2026-06-20 17:17:50 UTC,127.0,1.36,Yes,0xE4DD6165bFF7EE73D7932C3b478f7E22431e85E7
2026-06-25 23:00:00 UTC,Japan vs Sweden,FIFA World Cup ,Under 3.0,Under/Over (3),176.0,2026-06-20 17:17:50 UTC,176.0,1.6738,Yes,0xE4DD6165bFF7EE73D7932C3b478f7E22431e85E7
2026-06-25 23:00:00 UTC,Japan vs Sweden,FIFA World Cup ,Under 2.5,Under/Over (2.5),118.0,2026-06-20 17:17:50 UTC,118.0,1.5225,Yes,0xE4DD6165bFF7EE73D7932C3b478f7E22431e85E7
2026-06-26 02:00:00 UTC,Paraguay vs Australia,FIFA World Cup ,Under 0.5,Under/Over (0.5),40.0,2026-06-20 16:57:50 UTC,40.0,1.1938,Yes,0xE4DD6165bFF7EE73D7932C3b478f7E22431e85E7
2026-06-26 02:00:00 UTC,Paraguay vs Australia,FIFA World Cup ,Over 0.5,Under/Over (0.5),233.0,2026-06-20 16:33:41 UTC,233.0,1.7963,Yes,0x8268feC8dCb0D284343054BDf2b649286c9aA0a1
2026-06-26 02:00:00 UTC,Turkey vs USA,FIFA World Cup ,Not USA,1X2,46.0,2026-06-20 16:22:52 UTC,46.0,1.5425,Yes,0xe2C68b7ef85645e47F9b94382c3Db59b046945a2
2026-06-26 02:00:00 UTC,Paraguay vs Australia,FIFA World Cup ,Not Paraguay,1X2,47.0,2026-06-20 16:05:12 UTC,47.0,1.6587,Yes,0xE4DD6165bFF7EE73D7932C3b478f7E22431e85E7
2026-06-27 23:30:00 UTC,Colombia vs Portugal,FIFA World Cup ,Not Colombia,1X2,80.0,2026-06-20 16:02:28 UTC,80.0,1.7288,Yes,0x8268feC8dCb0D284343054BDf2b649286c9aA0a1
2026-06-25 23:00:00 UTC,Japan vs Sweden,FIFA World Cup ,Not Japan,1X2,102.0,2026-06-20 16:00:47 UTC,102.0,1.5613,Yes,0xE4DD6165bFF7EE73D7932C3b478f7E22431e85E7
2026-06-26 02:00:00 UTC,Paraguay vs Australia,FIFA World Cup ,Paraguay -1.5,Asian Handicap (-1.5),69.0,2026-06-20 15:19:47 UTC,69.0,1.1275,Yes,0x8268feC8dCb0D284343054BDf2b649286c9aA0a1
2026-06-27 03:00:00 UTC,Egypt vs Iran,FIFA World Cup ,Under 2.5,Under/Over (2.5),141.0,2026-06-20 14:53:29 UTC,141.0,1.6138,Yes,0xE4DD6165bFF7EE73D7932C3b478f7E22431e85E7
2026-06-27 03:00:00 UTC,Egypt vs Iran,FIFA World Cup ,Under 2.0,Under/Over (2),75.0,2026-06-20 14:53:29 UTC,75.0,1.4712,Yes,0xE4DD6165bFF7EE73D7932C3b478f7E22431e85E7
2026-06-28 02:00:00 UTC,Algeria vs Austria,FIFA World Cup ,Austria -1.5,Asian Handicap (1.5),1.0,2026-06-20 14:16:26 UTC,1.0,1.1462,Yes,0xe2C68b7ef85645e47F9b94382c3Db59b046945a2
2026-06-26 02:00:00 UTC,Paraguay vs Australia,FIFA World Cup ,Paraguay -1,Asian Handicap (-1),32.0,2026-06-20 13:55:43 UTC,32.0,1.1625,Yes,0xE4DD6165bFF7EE73D7932C3b478f7E22431e85E7
2026-06-26 02:00:00 UTC,Paraguay vs Australia,FIFA World Cup ,Paraguay -1.5,Asian Handicap (-1.5),146.0,2026-06-20 13:15:06 UTC,146.0,1.1287,Yes,0x8268feC8dCb0D284343054BDf2b649286c9aA0a1
2026-06-26 02:00:00 UTC,Paraguay vs Australia,FIFA World Cup ,Not Australia,1X2,100.0,2026-06-20 12:58:34 UTC,100.0,1.7563,Yes,0x8268feC8dCb0D284343054BDf2b649286c9aA0a1
2026-06-26 02:00:00 UTC,Paraguay vs Australia,FIFA World Cup ,Not Australia,1X2,4.0,2026-06-20 12:39:34 UTC,4.0,1.7538,Yes,0x8268feC8dCb0D284343054BDf2b649286c9aA0a1
2026-06-26 02:00:00 UTC,Turkey vs USA,FIFA World Cup ,Not USA,1X2,1.0,2026-06-20 11:57:40 UTC,1.0,1.54,Yes,0xe2C68b7ef85645e47F9b94382c3Db59b046945a2
2026-06-26 02:00:00 UTC,Turkey vs USA,FIFA World Cup ,Not USA,1X2,46.0,2026-06-20 11:56:49 UTC,46.0,1.54,Yes,0xe2C68b7ef85645e47F9b94382c3Db59b046945a2
2026-06-26 02:00:00 UTC,Turkey vs USA,FIFA World Cup ,Turkey +0.5,Asian Handicap (0.5),26.0,2026-06-20 11:56:49 UTC,26.0,1.54,Yes,0xe2C68b7ef85645e47F9b94382c3Db59b046945a2
2026-06-27 00:00:00 UTC,Cape Verde vs Saudi Arabia,FIFA World Cup ,Tie,1X2,47.0,2026-06-20 11:21:54 UTC,47.0,1.2512,Yes,0x8268feC8dCb0D284343054BDf2b649286c9aA0a1
2026-06-27 00:00:00 UTC,Cape Verde vs Saudi Arabia,FIFA World Cup ,Not tie,1X2,104.0,2026-06-20 11:21:52 UTC,104.0,1.7425,Yes,0xE4DD6165bFF7EE73D7932C3b478f7E22431e85E7
2026-06-26 19:00:00 UTC,Norway vs France,FIFA World Cup ,Under 2.5,Under/Over (2.5),0.0,2026-06-20 10:54:47 UTC,0.0,1.4525,Yes,0xE4DD6165bFF7EE73D7932C3b478f7E22431e85E7
2026-06-26 19:00:00 UTC,Norway vs France,FIFA World Cup ,Under 2.5,Under/Over (2.5),32.0,2026-06-20 10:54:32 UTC,32.0,1.455,Yes,0xE4DD6165bFF7EE73D7932C3b478f7E22431e85E7
2026-06-26 02:00:00 UTC,Turkey vs USA,FIFA World Cup ,USA,1X2,131.0,2026-06-20 09:46:11 UTC,131.0,1.4487,Yes,0x740d5718a79A8559fEeE8B00922F8Cd773A81D84
2026-06-26 19:00:00 UTC,Norway vs France,FIFA World Cup ,Under 2.5,Under/Over (2.5),69.0,2026-06-20 09:43:59 UTC,69.0,1.4587,Yes,0xE4DD6165bFF7EE73D7932C3b478f7E22431e85E7
2026-06-25 23:00:00 UTC,Tunisia vs Netherlands,FIFA World Cup ,Tunisia +1.5,Asian Handicap (1.5),69.0,2026-06-20 09:41:36 UTC,69.0,1.4863,Yes,0x740d5718a79A8559fEeE8B00922F8Cd773A81D84
2026-06-26 02:00:00 UTC,Paraguay vs Australia,FIFA World Cup ,Over 3.0,Under/Over (3),0.0,2026-06-20 09:31:08 UTC,0.0,1.1687,Yes,0xE4DD6165bFF7EE73D7932C3b478f7E22431e85E7
2026-06-26 02:00:00 UTC,Paraguay vs Australia,FIFA World Cup ,Over 3.0,Under/Over (3),17.0,2026-06-20 09:30:44 UTC,17.0,1.1713,Yes,0xE4DD6165bFF7EE73D7932C3b478f7E22431e85E7
2026-06-26 02:00:00 UTC,Paraguay vs Australia,FIFA World Cup ,Over 2.0,Under/Over (2),93.0,2026-06-20 09:15:14 UTC,93.0,1.4425,Yes,0xE4DD6165bFF7EE73D7932C3b478f7E22431e85E7
2026-06-26 02:00:00 UTC,Paraguay vs Australia,FIFA World Cup ,Not Paraguay,1X2,83.0,2026-06-20 09:05:05 UTC,83.0,1.655,Yes,0xE4DD6165bFF7EE73D7932C3b478f7E22431e85E7
2026-06-26 19:00:00 UTC,Norway vs France,FIFA World Cup ,Under 2.5,Under/Over (2.5),0.0,2026-06-20 09:00:11 UTC,0.0,1.4563,Yes,0xE4DD6165bFF7EE73D7932C3b478f7E22431e85E7
2026-06-26 02:00:00 UTC,Paraguay vs Australia,FIFA World Cup ,Under 1.5,Under/Over (1.5),103.0,2026-06-20 08:59:31 UTC,103.0,1.3862,Yes,0x740d5718a79A8559fEeE8B00922F8Cd773A81D84
2026-06-26 19:00:00 UTC,Norway vs France,FIFA World Cup ,Under 2.5,Under/Over (2.5),13.0,2026-06-20 08:59:30 UTC,13.0,1.4575,Yes,0xE4DD6165bFF7EE73D7932C3b478f7E22431e85E7
2026-06-26 19:00:00 UTC,Norway vs France,FIFA World Cup ,Under 2.5,Under/Over (2.5),0.0,2026-06-20 08:41:59 UTC,0.0,1.4575,Yes,0xE4DD6165bFF7EE73D7932C3b478f7E22431e85E7
2026-06-26 19:00:00 UTC,Norway vs France,FIFA World Cup ,Under 2.5,Under/Over (2.5),0.0,2026-06-20 08:41:26 UTC,0.0,1.4575,Yes,0xE4DD6165bFF7EE73D7932C3b478f7E22431e85E7
2026-06-26 02:00:00 UTC,Turkey vs USA,FIFA World Cup ,Under 2.5,Under/Over (2.5),69.0,2026-06-20 08:41:14 UTC,69.0,1.4412,Yes,0xE4DD6165bFF7EE73D7932C3b478f7E22431e85E7
2026-06-26 02:00:00 UTC,Turkey vs USA,FIFA World Cup ,Under 3.0,Under/Over (3),111.0,2026-06-20 08:41:14 UTC,111.0,1.5762,Yes,0xE4DD6165bFF7EE73D7932C3b478f7E22431e85E7
2026-06-26 19:00:00 UTC,Norway vs France,FIFA World Cup ,Under 2.5,Under/Over (2.5),29.0,2026-06-20 08:41:14 UTC,29.0,1.4587,Yes,0xE4DD6165bFF7EE73D7932C3b478f7E22431e85E7
2026-06-26 02:00:00 UTC,Paraguay vs Australia,FIFA World Cup ,Over 2.0,Under/Over (2),77.0,2026-06-20 08:38:00 UTC,77.0,1.4425,Yes,0xE4DD6165bFF7EE73D7932C3b478f7E22431e85E7
2026-06-26 02:00:00 UTC,Turkey vs USA,FIFA World Cup ,Not Turkey,1X2,66.0,2026-06-20 07:03:39 UTC,66.0,1.6963,Yes,0xE4DD6165bFF7EE73D7932C3b478f7E22431e85E7
2026-06-26 02:00:00 UTC,Turkey vs USA,FIFA World Cup ,Not Turkey,1X2,64.0,2026-06-20 07:03:36 UTC,64.0,1.6963,Yes,0x5B3498Cb20C3107B5B267fabd3601B6425BDeb42
2026-06-25 20:00:00 UTC,Ecuador vs Germany,FIFA World Cup ,Ecuador +1,Asian Handicap (1),94.0,2026-06-20 06:26:00 UTC,94.0,1.5713,Yes,0xE4DD6165bFF7EE73D7932C3b478f7E22431e85E7
2026-06-25 20:00:00 UTC,Ecuador vs Germany,FIFA World Cup ,Not Germany,1X2,44.0,2026-06-20 05:50:11 UTC,44.0,1.425,Yes,0xE4DD6165bFF7EE73D7932C3b478f7E22431e85E7
2026-06-26 02:00:00 UTC,Paraguay vs Australia,FIFA World Cup ,Not tie,1X2,15.0,2026-06-20 05:49:43 UTC,15.0,1.5975,Yes,0x42B4CF407654a8469d1Cf3606712C1f30599B2C5
2026-06-26 02:00:00 UTC,Paraguay vs Australia,FIFA World Cup ,Under 2.5,Under/Over (2.5),28.0,2026-06-20 05:41:05 UTC,28.0,1.6763,Yes,0xE4DD6165bFF7EE73D7932C3b478f7E22431e85E7
2026-06-25 20:00:00 UTC,Ecuador vs Germany,FIFA World Cup ,Not Germany,1X2,102.0,2026-06-20 05:35:10 UTC,102.0,1.4238,Yes,0xe2C68b7ef85645e47F9b94382c3Db59b046945a2
2026-06-26 02:00:00 UTC,Paraguay vs Australia,FIFA World Cup ,Over 1.5,Under/Over (1.5),84.0,2026-06-20 05:32:52 UTC,84.0,1.5975,Yes,0x8268feC8dCb0D284343054BDf2b649286c9aA0a1
2026-06-26 02:00:00 UTC,Paraguay vs Australia,FIFA World Cup ,Under 0.5,Under/Over (0.5),0.0,2026-06-20 05:30:53 UTC,0.0,1.1763,Yes,0xE4DD6165bFF7EE73D7932C3b478f7E22431e85E7
2026-06-26 02:00:00 UTC,Turkey vs USA,FIFA World Cup ,Not USA,1X2,4.0,2026-06-20 05:26:43 UTC,4.0,1.5088,Yes,0xE4DD6165bFF7EE73D7932C3b478f7E22431e85E7
2026-06-26 02:00:00 UTC,Turkey vs USA,FIFA World Cup ,Not USA,1X2,4.0,2026-06-20 05:25:10 UTC,4.0,1.5075,Yes,0x8268feC8dCb0D284343054BDf2b649286c9aA0a1
2026-06-26 02:00:00 UTC,Paraguay vs Australia,FIFA World Cup ,Over 1.5,Under/Over (1.5),16.0,2026-06-20 05:21:58 UTC,16.0,1.605,Yes,0x42B4CF407654a8469d1Cf3606712C1f30599B2C5
2026-06-26 02:00:00 UTC,Turkey vs USA,FIFA World Cup ,USA,1X2,81.0,2026-06-20 05:21:51 UTC,81.0,1.4712,Yes,0x8268feC8dCb0D284343054BDf2b649286c9aA0a1
2026-06-26 02:00:00 UTC,Paraguay vs Australia,FIFA World Cup ,Paraguay,1X2,0.0,2026-06-20 05:19:55 UTC,0.0,1.375,Yes,0x42B4CF407654a8469d1Cf3606712C1f30599B2C5
2026-06-26 02:00:00 UTC,Paraguay vs Australia,FIFA World Cup ,Paraguay,1X2,9.0,2026-06-20 05:19:54 UTC,9.0,1.375,Yes,0x42B4CF407654a8469d1Cf3606712C1f30599B2C5
2026-06-26 02:00:00 UTC,Paraguay vs Australia,FIFA World Cup ,Over 2.0,Under/Over (2),37.0,2026-06-20 05:17:15 UTC,37.0,1.465,Yes,0xE4DD6165bFF7EE73D7932C3b478f7E22431e85E7
2026-06-26 02:00:00 UTC,Paraguay vs Australia,FIFA World Cup ,Over 2.0,Under/Over (2),22.0,2026-06-20 05:17:14 UTC,22.0,1.465,Yes,0xE4DD6165bFF7EE73D7932C3b478f7E22431e85E7
2026-06-26 02:00:00 UTC,Turkey vs USA,FIFA World Cup ,Under 2.5,Under/Over (2.5),22.0,2026-06-20 05:17:01 UTC,22.0,1.4438,Yes,0xE4DD6165bFF7EE73D7932C3b478f7E22431e85E7
2026-06-26 02:00:00 UTC,Paraguay vs Australia,FIFA World Cup ,Over 2.0,Under/Over (2),78.0,2026-06-20 05:16:23 UTC,78.0,1.4663,Yes,0x8268feC8dCb0D284343054BDf2b649286c9aA0a1
2026-06-26 02:00:00 UTC,Paraguay vs Australia,FIFA World Cup ,Over 2.5,Under/Over (2.5),102.0,2026-06-20 05:15:47 UTC,102.0,1.3462,Yes,0xE4DD6165bFF7EE73D7932C3b478f7E22431e85E7
2026-06-26 02:00:00 UTC,Turkey vs USA,FIFA World Cup ,Not USA,1X2,90.0,2026-06-20 05:15:05 UTC,90.0,1.5175,Yes,0xE4DD6165bFF7EE73D7932C3b478f7E22431e85E7
2026-06-26 02:00:00 UTC,Turkey vs USA,FIFA World Cup ,Not USA,1X2,1.0,2026-06-20 05:15:04 UTC,1.0,1.5175,Yes,0xE4DD6165bFF7EE73D7932C3b478f7E22431e85E7
2026-06-26 02:00:00 UTC,Turkey vs USA,FIFA World Cup ,Not USA,1X2,14.0,2026-06-20 05:13:40 UTC,14.0,1.5162,Yes,0x8268feC8dCb0D284343054BDf2b649286c9aA0a1
2026-06-26 02:00:00 UTC,Turkey vs USA,FIFA World Cup ,Not USA,1X2,14.0,2026-06-20 05:13:39 UTC,14.0,1.5162,Yes,0x8268feC8dCb0D284343054BDf2b649286c9aA0a1
2026-06-26 02:00:00 UTC,Turkey vs USA,FIFA World Cup ,Not USA,1X2,43.0,2026-06-20 05:13:29 UTC,43.0,1.515,Yes,0xE4DD6165bFF7EE73D7932C3b478f7E22431e85E7
2026-06-26 02:00:00 UTC,Paraguay vs Australia,FIFA World Cup ,Under 3.0,Under/Over (3),67.0,2026-06-20 05:11:46 UTC,67.0,1.7875,Yes,0xE4DD6165bFF7EE73D7932C3b478f7E22431e85E7
2026-06-26 02:00:00 UTC,Paraguay vs Australia,FIFA World Cup ,Under 3.0,Under/Over (3),182.0,2026-06-20 05:11:45 UTC,182.0,1.7875,Yes,0xE4DD6165bFF7EE73D7932C3b478f7E22431e85E7
2026-06-26 02:00:00 UTC,Turkey vs USA,FIFA World Cup ,Turkey +1.5,Asian Handicap (1.5),98.0,2026-06-20 05:10:52 UTC,98.0,1.7575,Yes,0xE4DD6165bFF7EE73D7932C3b478f7E22431e85E7
2026-06-26 02:00:00 UTC,Turkey vs USA,FIFA World Cup ,USA 0,Asian Handicap (0),77.0,2026-06-20 05:10:48 UTC,77.0,1.605,Yes,0x8268feC8dCb0D284343054BDf2b649286c9aA0a1
2026-06-26 02:00:00 UTC,Turkey vs USA,FIFA World Cup ,USA,1X2,42.0,2026-06-20 05:10:46 UTC,42.0,1.4625,Yes,0x8268feC8dCb0D284343054BDf2b649286c9aA0a1
2026-06-26 02:00:00 UTC,Paraguay vs Australia,FIFA World Cup ,Under 3.0,Under/Over (3),53.0,2026-06-20 05:10:29 UTC,53.0,1.7875,Yes,0xE4DD6165bFF7EE73D7932C3b478f7E22431e85E7
2026-06-26 02:00:00 UTC,Paraguay vs Australia,FIFA World Cup ,Under 3.0,Under/Over (3),164.0,2026-06-20 05:10:26 UTC,164.0,1.7875,Yes,0xE4DD6165bFF7EE73D7932C3b478f7E22431e85E7
2026-06-26 02:00:00 UTC,Paraguay vs Australia,FIFA World Cup ,Under 3.0,Under/Over (3),117.0,2026-06-20 05:10:25 UTC,117.0,1.7875,Yes,0xE4DD6165bFF7EE73D7932C3b478f7E22431e85E7
2026-06-26 02:00:00 UTC,Paraguay vs Australia,FIFA World Cup ,Over 2.0,Under/Over (2),38.0,2026-06-20 05:10:01 UTC,38.0,1.4612,Yes,0x8268feC8dCb0D284343054BDf2b649286c9aA0a1
2026-06-26 02:00:00 UTC,Paraguay vs Australia,FIFA World Cup ,Not tie,1X2,58.0,2026-06-20 05:09:33 UTC,58.0,1.6275,Yes,0x5B3498Cb20C3107B5B267fabd3601B6425BDeb42
2026-06-26 02:00:00 UTC,Turkey vs USA,FIFA World Cup ,Turkey +1.5,Asian Handicap (1.5),158.0,2026-06-20 05:08:42 UTC,158.0,1.7575,Yes,0xE4DD6165bFF7EE73D7932C3b478f7E22431e85E7
2026-06-26 02:00:00 UTC,Paraguay vs Australia,FIFA World Cup ,Not tie,1X2,197.0,2026-06-20 05:08:10 UTC,197.0,1.6338,Yes,0x5B3498Cb20C3107B5B267fabd3601B6425BDeb42
2026-06-26 02:00:00 UTC,Paraguay vs Australia,FIFA World Cup ,Tie,1X2,9.0,2026-06-20 05:08:03 UTC,9.0,1.3725,Yes,0xE531A1CE55b94E311cC1629a6D68cAcf4F74d044
2026-06-26 02:00:00 UTC,Turkey vs USA,FIFA World Cup ,USA 0,Asian Handicap (0),114.0,2026-06-20 04:59:52 UTC,114.0,1.5825,Yes,0xE4DD6165bFF7EE73D7932C3b478f7E22431e85E7
2026-06-26 02:00:00 UTC,Paraguay vs Australia,FIFA World Cup ,Australia,12,13.0,2026-06-20 04:56:06 UTC,13.0,1.3713,Yes,0xe2C68b7ef85645e47F9b94382c3Db59b046945a2
2026-06-26 02:00:00 UTC,Paraguay vs Australia,FIFA World Cup ,Australia,12,0.0,2026-06-20 04:54:53 UTC,0.0,1.3713,Yes,0xe2C68b7ef85645e47F9b94382c3Db59b046945a2
2026-06-26 02:00:00 UTC,Paraguay vs Australia,FIFA World Cup ,Australia,1X2,9.0,2026-06-20 04:54:46 UTC,9.0,1.26,Yes,0x42B4CF407654a8469d1Cf3606712C1f30599B2C5
2026-06-26 02:00:00 UTC,Paraguay vs Australia,FIFA World Cup ,Australia,12,10.0,2026-06-20 04:54:45 UTC,10.0,1.3713,Yes,0xe2C68b7ef85645e47F9b94382c3Db59b046945a2
2026-06-26 02:00:00 UTC,Paraguay vs Australia,FIFA World Cup ,Australia 0,Asian Handicap (0),10.0,2026-06-20 04:54:45 UTC,10.0,1.3713,Yes,0xe2C68b7ef85645e47F9b94382c3Db59b046945a2
2026-06-26 02:00:00 UTC,Paraguay vs Australia,FIFA World Cup ,Not tie,1X2,55.0,2026-06-20 04:49:41 UTC,55.0,1.7025,Yes,0xE4DD6165bFF7EE73D7932C3b478f7E22431e85E7
2026-06-26 02:00:00 UTC,Paraguay vs Australia,FIFA World Cup ,Over 2.5,Under/Over (2.5),33.0,2026-06-20 04:49:28 UTC,33.0,1.395,Yes,0xe2C68b7ef85645e47F9b94382c3Db59b046945a2
2026-06-26 02:00:00 UTC,Paraguay vs Australia,FIFA World Cup ,Over 4.5,Under/Over (4.5),9.0,2026-06-20 04:49:28 UTC,9.0,1.0813,Yes,0xe2C68b7ef85645e47F9b94382c3Db59b046945a2
2026-06-26 02:00:00 UTC,Paraguay vs Australia,FIFA World Cup ,Not tie,1X2,4.0,2026-06-20 04:49:15 UTC,4.0,1.7025,Yes,0xE4DD6165bFF7EE73D7932C3b478f7E22431e85E7
2026-06-26 02:00:00 UTC,Paraguay vs Australia,FIFA World Cup ,Over 1.5,Under/Over (1.5),72.0,2026-06-20 04:48:37 UTC,72.0,1.6663,Yes,0x740d5718a79A8559fEeE8B00922F8Cd773A81D84
2026-06-26 02:00:00 UTC,Paraguay vs Australia,FIFA World Cup ,Australia +1.5,Asian Handicap (-1.5),3.0,2026-06-20 04:48:36 UTC,3.0,1.7975,Yes,0x8268feC8dCb0D284343054BDf2b649286c9aA0a1
2026-06-26 02:00:00 UTC,Paraguay vs Australia,FIFA World Cup ,Over 1.5,Under/Over (1.5),31.0,2026-06-20 04:48:21 UTC,31.0,1.6713,Yes,0xE4DD6165bFF7EE73D7932C3b478f7E22431e85E7
2026-06-26 02:00:00 UTC,Paraguay vs Australia,FIFA World Cup ,Tie,1X2,128.0,2026-06-20 04:47:51 UTC,128.0,1.2925,Yes,0xE4DD6165bFF7EE73D7932C3b478f7E22431e85E7
2026-06-26 02:00:00 UTC,Paraguay vs Australia,FIFA World Cup ,Australia +1.5,Asian Handicap (-1.5),211.0,2026-06-20 04:47:50 UTC,211.0,1.7975,Yes,0xE4DD6165bFF7EE73D7932C3b478f7E22431e85E7
2026-06-26 02:00:00 UTC,Paraguay vs Australia,FIFA World Cup ,Australia +1,Asian Handicap (-1),240.0,2026-06-20 04:47:50 UTC,240.0,1.7325,Yes,0xE4DD6165bFF7EE73D7932C3b478f7E22431e85E7
2026-06-26 02:00:00 UTC,Paraguay vs Australia,FIFA World Cup ,Under 2.0,Under/Over (2),84.0,2026-06-20 04:47:47 UTC,84.0,1.4387,Yes,0xE4DD6165bFF7EE73D7932C3b478f7E22431e85E7
2026-06-26 02:00:00 UTC,Paraguay vs Australia,FIFA World Cup ,Under 3.0,Under/Over (3),157.0,2026-06-20 04:47:47 UTC,157.0,1.7412,Yes,0xE4DD6165bFF7EE73D7932C3b478f7E22431e85E7
2026-06-26 02:00:00 UTC,Paraguay vs Australia,FIFA World Cup ,Over 2.0,Under/Over (2),88.0,2026-06-20 04:44:14 UTC,88.0,1.545,Yes,0x8268feC8dCb0D284343054BDf2b649286c9aA0a1
2026-06-26 02:00:00 UTC,Paraguay vs Australia,FIFA World Cup ,Over 1.0,Under/Over (1),143.0,2026-06-20 04:44:05 UTC,143.0,1.8625,Yes,0x8268feC8dCb0D284343054BDf2b649286c9aA0a1
2026-06-26 02:00:00 UTC,Paraguay vs Australia,FIFA World Cup ,Over 2.0,Under/Over (2),87.0,2026-06-20 04:39:12 UTC,87.0,1.555,Yes,0xE4DD6165bFF7EE73D7932C3b478f7E22431e85E7
2026-06-26 02:00:00 UTC,Paraguay vs Australia,FIFA World Cup ,Not tie,1X2,162.0,2026-06-20 04:37:40 UTC,162.0,1.7063,Yes,0x8268feC8dCb0D284343054BDf2b649286c9aA0a1
2026-06-26 02:00:00 UTC,Turkey vs USA,FIFA World Cup ,Not USA,1X2,198.0,2026-06-20 03:58:21 UTC,198.0,1.5813,Yes,0xE4DD6165bFF7EE73D7932C3b478f7E22431e85E7
2026-06-26 02:00:00 UTC,Turkey vs USA,FIFA World Cup ,Not USA,1X2,67.0,2026-06-20 03:56:27 UTC,67.0,1.5837,Yes,0xE4DD6165bFF7EE73D7932C3b478f7E22431e85E7
2026-06-26 02:00:00 UTC,Turkey vs USA,FIFA World Cup ,Not USA,1X2,3.0,2026-06-20 03:54:22 UTC,3.0,1.5837,Yes,0xE4DD6165bFF7EE73D7932C3b478f7E22431e85E7
2026-06-26 02:00:00 UTC,Paraguay vs Australia,FIFA World Cup ,Under 3.0,Under/Over (3),149.0,2026-06-20 03:50:52 UTC,149.0,1.7412,Yes,0xE4DD6165bFF7EE73D7932C3b478f7E22431e85E7
2026-06-26 02:00:00 UTC,Paraguay vs Australia,FIFA World Cup ,Under 2.5,Under/Over (2.5),96.0,2026-06-20 03:50:48 UTC,96.0,1.5863,Yes,0xE4DD6165bFF7EE73D7932C3b478f7E22431e85E7
2026-06-26 02:00:00 UTC,Paraguay vs Australia,FIFA World Cup ,Not tie,1X2,177.0,2026-06-20 03:32:30 UTC,177.0,1.7138,Yes,0xE4DD6165bFF7EE73D7932C3b478f7E22431e85E7
2026-06-26 02:00:00 UTC,Turkey vs USA,FIFA World Cup ,Under 4.0,Under/Over (4),223.0,2026-06-20 03:08:02 UTC,223.0,1.8137,Yes,0xE4DD6165bFF7EE73D7932C3b478f7E22431e85E7
2026-06-26 02:00:00 UTC,Paraguay vs Australia,FIFA World Cup ,Under 3.0,Under/Over (3),68.0,2026-06-20 03:05:32 UTC,68.0,1.7412,Yes,0xE4DD6165bFF7EE73D7932C3b478f7E22431e85E7
2026-06-26 02:00:00 UTC,Paraguay vs Australia,FIFA World Cup ,Under 2.0,Under/Over (2),42.0,2026-06-20 03:05:27 UTC,42.0,1.4387,Yes,0xE4DD6165bFF7EE73D7932C3b478f7E22431e85E7
2026-06-26 02:00:00 UTC,Paraguay vs Australia,FIFA World Cup ,Under 2.5,Under/Over (2.5),59.0,2026-06-20 03:05:26 UTC,59.0,1.5875,Yes,0xE4DD6165bFF7EE73D7932C3b478f7E22431e85E7
2026-06-26 02:00:00 UTC,Turkey vs USA,FIFA World Cup ,Not Turkey,1X2,10.0,2026-06-20 03:03:42 UTC,10.0,1.6513,Yes,0x8268feC8dCb0D284343054BDf2b649286c9aA0a1
2026-06-26 02:00:00 UTC,Turkey vs USA,FIFA World Cup ,USA -0.5,Asian Handicap (0.5),2.0,2026-06-20 03:03:34 UTC,2.0,1.4138,Yes,0xe2C68b7ef85645e47F9b94382c3Db59b046945a2
2026-06-26 02:00:00 UTC,Turkey vs USA,FIFA World Cup ,USA -0.5,Asian Handicap (0.5),2.0,2026-06-20 03:03:29 UTC,2.0,1.4138,Yes,0xe2C68b7ef85645e47F9b94382c3Db59b046945a2
2026-06-26 02:00:00 UTC,Turkey vs USA,FIFA World Cup ,USA,1X2,10.0,2026-06-20 03:03:21 UTC,10.0,1.41,Yes,0xE4DD6165bFF7EE73D7932C3b478f7E22431e85E7
2026-06-26 02:00:00 UTC,Turkey vs USA,FIFA World Cup ,Turkey +2,Asian Handicap (2),157.0,2026-06-20 03:03:09 UTC,157.0,1.9112,Yes,0xE4DD6165bFF7EE73D7932C3b478f7E22431e85E7
2026-06-26 02:00:00 UTC,Paraguay vs Australia,FIFA World Cup ,Over 1.5,Under/Over (1.5),40.0,2026-06-20 03:02:49 UTC,40.0,1.67,Yes,0xE4DD6165bFF7EE73D7932C3b478f7E22431e85E7
2026-06-26 02:00:00 UTC,Paraguay vs Australia,FIFA World Cup ,Not tie,1X2,149.0,2026-06-20 03:02:38 UTC,149.0,1.72,Yes,0x8268feC8dCb0D284343054BDf2b649286c9aA0a1
2026-06-26 02:00:00 UTC,Turkey vs USA,FIFA World Cup ,Not USA,1X2,25.0,2026-06-20 02:19:15 UTC,25.0,1.5938,Yes,0xE4DD6165bFF7EE73D7932C3b478f7E22431e85E7
2026-06-26 02:00:00 UTC,Turkey vs USA,FIFA World Cup ,Not USA,1X2,46.0,2026-06-20 02:19:14 UTC,46.0,1.5938,Yes,0xE4DD6165bFF7EE73D7932C3b478f7E22431e85E7
2026-06-25 20:00:00 UTC,Ecuador vs Germany,FIFA World Cup ,Ecuador +1.5,Asian Handicap (1.5),77.0,2026-06-20 00:53:31 UTC,77.0,1.6763,Yes,0x740d5718a79A8559fEeE8B00922F8Cd773A81D84
2026-06-26 02:00:00 UTC,Turkey vs USA,FIFA World Cup ,Over 3.0,Under/Over (3),28.0,2026-06-19 23:21:06 UTC,28.0,1.3912,Yes,0xE4DD6165bFF7EE73D7932C3b478f7E22431e85E7
2026-06-26 02:00:00 UTC,Turkey vs USA,FIFA World Cup ,Turkey +0.5,Asian Handicap (0.5),90.0,2026-06-19 23:11:30 UTC,90.0,1.6025,Yes,0xE4DD6165bFF7EE73D7932C3b478f7E22431e85E7
2026-06-26 02:00:00 UTC,Turkey vs USA,FIFA World Cup ,Turkey +0.5,Asian Handicap (0.5),29.0,2026-06-19 23:08:56 UTC,29.0,1.6113,Yes,0xE4DD6165bFF7EE73D7932C3b478f7E22431e85E7
2026-06-27 00:00:00 UTC,Uruguay vs Spain,FIFA World Cup ,Under 2.0,Under/Over (2),136.0,2026-06-19 23:03:32 UTC,136.0,1.3,Yes,0xe2C68b7ef85645e47F9b94382c3Db59b046945a2
2026-06-26 02:00:00 UTC,Turkey vs USA,FIFA World Cup ,USA,1X2,24.0,2026-06-19 22:13:00 UTC,24.0,1.3962,Yes,0xE531A1CE55b94E311cC1629a6D68cAcf4F74d044
2026-06-25 20:00:00 UTC,Ecuador vs Germany,FIFA World Cup ,Ecuador +0.5,Asian Handicap (0.5),17.0,2026-06-19 22:10:56 UTC,17.0,1.4312,Yes,0xE4DD6165bFF7EE73D7932C3b478f7E22431e85E7
2026-06-26 02:00:00 UTC,Turkey vs USA,FIFA World Cup ,Not USA,1X2,95.0,2026-06-19 21:31:25 UTC,95.0,1.6138,Yes,0xE4DD6165bFF7EE73D7932C3b478f7E22431e85E7
2026-06-25 20:00:00 UTC,Ecuador vs Germany,FIFA World Cup ,Not Ecuador,1X2,4.0,2026-06-19 21:28:00 UTC,4.0,1.8037,Yes,0x8268feC8dCb0D284343054BDf2b649286c9aA0a1
2026-06-26 02:00:00 UTC,Turkey vs USA,FIFA World Cup ,Not USA,1X2,163.0,2026-06-19 21:23:17 UTC,163.0,1.6075,Yes,0xE4DD6165bFF7EE73D7932C3b478f7E22431e85E7
2026-06-26 02:00:00 UTC,Turkey vs USA,FIFA World Cup ,Under 3.0,Under/Over (3),1.0,2026-06-19 21:11:30 UTC,1.0,1.5962,Yes,0xE4DD6165bFF7EE73D7932C3b478f7E22431e85E7
2026-06-26 02:00:00 UTC,Turkey vs USA,FIFA World Cup ,Under 3.0,Under/Over (3),1.0,2026-06-19 21:11:18 UTC,1.0,1.5962,Yes,0xE4DD6165bFF7EE73D7932C3b478f7E22431e85E7
2026-06-26 02:00:00 UTC,Turkey vs USA,FIFA World Cup ,Under 3.0,Under/Over (3),60.0,2026-06-19 21:10:33 UTC,60.0,1.5962,Yes,0xE4DD6165bFF7EE73D7932C3b478f7E22431e85E7
2026-06-26 02:00:00 UTC,Turkey vs USA,FIFA World Cup ,Under 3.0,Under/Over (3),26.0,2026-06-19 21:10:31 UTC,26.0,1.5962,Yes,0xE4DD6165bFF7EE73D7932C3b478f7E22431e85E7
2026-06-26 02:00:00 UTC,Turkey vs USA,FIFA World Cup ,USA 0,Asian Handicap (0),56.0,2026-06-19 20:57:12 UTC,56.0,1.505,Yes,0xE4DD6165bFF7EE73D7932C3b478f7E22431e85E7
2026-06-25 20:00:00 UTC,Ecuador vs Germany,FIFA World Cup ,Ecuador +1,Asian Handicap (1),26.0,2026-06-19 20:55:50 UTC,26.0,1.5737,Yes,0xe2C68b7ef85645e47F9b94382c3Db59b046945a2
2026-06-26 02:00:00 UTC,Turkey vs USA,FIFA World Cup ,Over 2.5,Under/Over (2.5),126.0,2026-06-19 20:41:41 UTC,126.0,1.5312,Yes,0xE4DD6165bFF7EE73D7932C3b478f7E22431e85E7
2026-06-25 20:00:00 UTC,Ecuador vs Germany,FIFA World Cup ,Ecuador +1,Asian Handicap (1),26.0,2026-06-19 20:41:22 UTC,26.0,1.5762,Yes,0xe2C68b7ef85645e47F9b94382c3Db59b046945a2
2026-06-26 02:00:00 UTC,Turkey vs USA,FIFA World Cup ,Under 4.0,Under/Over (4),157.0,2026-06-19 20:19:55 UTC,157.0,1.8163,Yes,0xE4DD6165bFF7EE73D7932C3b478f7E22431e85E7
2026-06-25 20:00:00 UTC,Ecuador vs Germany,FIFA World Cup ,Ecuador +1,Asian Handicap (1),1.0,2026-06-19 20:15:39 UTC,1.0,1.5775,Yes,0xe2C68b7ef85645e47F9b94382c3Db59b046945a2
2026-06-25 20:00:00 UTC,Ecuador vs Germany,FIFA World Cup ,Ecuador +1,Asian Handicap (1),19.0,2026-06-19 20:14:51 UTC,19.0,1.5787,Yes,0xe2C68b7ef85645e47F9b94382c3Db59b046945a2
2026-06-25 20:00:00 UTC,Ecuador vs Germany,FIFA World Cup ,Ecuador +1,Asian Handicap (1),1.0,2026-06-19 20:14:02 UTC,1.0,1.5787,Yes,0xe2C68b7ef85645e47F9b94382c3Db59b046945a2
2026-06-25 20:00:00 UTC,Ecuador vs Germany,FIFA World Cup ,Ecuador +1,Asian Handicap (1),1.0,2026-06-19 20:13:27 UTC,1.0,1.5787,Yes,0xe2C68b7ef85645e47F9b94382c3Db59b046945a2
2026-06-25 20:00:00 UTC,Ecuador vs Germany,FIFA World Cup ,Ecuador +1,Asian Handicap (1),1.0,2026-06-19 20:13:24 UTC,1.0,1.5787,Yes,0xe2C68b7ef85645e47F9b94382c3Db59b046945a2
2026-06-25 20:00:00 UTC,Ecuador vs Germany,FIFA World Cup ,Ecuador +1,Asian Handicap (1),19.0,2026-06-19 20:13:19 UTC,19.0,1.58,Yes,0xe2C68b7ef85645e47F9b94382c3Db59b046945a2
2026-06-25 20:00:00 UTC,Ecuador vs Germany,FIFA World Cup ,Ecuador +1,Asian Handicap (1),1.0,2026-06-19 20:12:36 UTC,1.0,1.58,Yes,0xe2C68b7ef85645e47F9b94382c3Db59b046945a2
2026-06-25 20:00:00 UTC,Ecuador vs Germany,FIFA World Cup ,Ecuador +1,Asian Handicap (1),18.0,2026-06-19 20:12:31 UTC,18.0,1.5775,Yes,0xe2C68b7ef85645e47F9b94382c3Db59b046945a2
2026-06-25 20:00:00 UTC,Ecuador vs Germany,FIFA World Cup ,Ecuador +1,Asian Handicap (1),20.0,2026-06-19 20:12:24 UTC,20.0,1.5787,Yes,0xE4DD6165bFF7EE73D7932C3b478f7E22431e85E7
2026-06-25 20:00:00 UTC,Ecuador vs Germany,FIFA World Cup ,Not tie,1X2,49.0,2026-06-19 20:11:28 UTC,49.0,1.7588,Yes,0x5B3498Cb20C3107B5B267fabd3601B6425BDeb42
2026-06-25 20:00:00 UTC,Ecuador vs Germany,FIFA World Cup ,Germany,1X2,72.0,2026-06-19 20:11:26 UTC,72.0,1.5688,Yes,0x5B3498Cb20C3107B5B267fabd3601B6425BDeb42
2026-06-25 20:00:00 UTC,Ecuador vs Germany,FIFA World Cup ,Not Ecuador,1X2,371.0,2026-06-19 20:11:24 UTC,371.0,1.8087,Yes,0x5B3498Cb20C3107B5B267fabd3601B6425BDeb42
2026-06-26 02:00:00 UTC,Turkey vs USA,FIFA World Cup ,Turkey +0.5,Asian Handicap (0.5),36.0,2026-06-19 20:05:59 UTC,36.0,1.6238,Yes,0xE4DD6165bFF7EE73D7932C3b478f7E22431e85E7
2026-06-25 23:00:00 UTC,Japan vs Sweden,FIFA World Cup ,Japan -1.5,Asian Handicap (-1.5),23.0,2026-06-19 20:00:26 UTC,23.0,1.205,Yes,0xE4DD6165bFF7EE73D7932C3b478f7E22431e85E7
2026-06-25 23:00:00 UTC,Japan vs Sweden,FIFA World Cup ,Japan -1,Asian Handicap (-1),31.0,2026-06-19 20:00:26 UTC,31.0,1.2662,Yes,0xE4DD6165bFF7EE73D7932C3b478f7E22431e85E7
2026-06-25 23:00:00 UTC,Japan vs Sweden,FIFA World Cup ,Japan -1.5,Asian Handicap (-1.5),15.0,2026-06-19 20:00:25 UTC,15.0,1.205,Yes,0xE4DD6165bFF7EE73D7932C3b478f7E22431e85E7
2026-06-25 23:00:00 UTC,Japan vs Sweden,FIFA World Cup ,Japan -1,Asian Handicap (-1),16.0,2026-06-19 20:00:24 UTC,16.0,1.2662,Yes,0xE4DD6165bFF7EE73D7932C3b478f7E22431e85E7
2026-06-26 02:00:00 UTC,Turkey vs USA,FIFA World Cup ,Not Turkey,1X2,28.0,2026-06-19 19:46:05 UTC,28.0,1.6175,Yes,0x5B3498Cb20C3107B5B267fabd3601B6425BDeb42
2026-06-25 20:00:00 UTC,Curaçao vs Ivory Coast,FIFA World Cup ,Over 2.5,Under/Over (2.5),50.0,2026-06-19 19:21:56 UTC,50.0,1.6488,Yes,0xE4DD6165bFF7EE73D7932C3b478f7E22431e85E7
2026-06-26 02:00:00 UTC,Turkey vs USA,FIFA World Cup ,Under 4.0,Under/Over (4),111.0,2026-06-19 19:18:06 UTC,111.0,1.8175,Yes,0x8268feC8dCb0D284343054BDf2b649286c9aA0a1
2026-06-26 02:00:00 UTC,Turkey vs USA,FIFA World Cup ,Under 3.0,Under/Over (3),43.0,2026-06-19 19:11:27 UTC,43.0,1.5962,Yes,0xE4DD6165bFF7EE73D7932C3b478f7E22431e85E7
2026-06-25 23:00:00 UTC,Japan vs Sweden,FIFA World Cup ,Under 2.0,Under/Over (2),0.0,2026-06-19 17:34:27 UTC,0.0,1.3575,Yes,0xE4DD6165bFF7EE73D7932C3b478f7E22431e85E7
2026-06-25 23:00:00 UTC,Japan vs Sweden,FIFA World Cup ,Under 2.0,Under/Over (2),15.0,2026-06-19 17:33:40 UTC,15.0,1.36,Yes,0xE4DD6165bFF7EE73D7932C3b478f7E22431e85E7
2026-06-25 20:00:00 UTC,Curaçao vs Ivory Coast,FIFA World Cup ,Over 4.5,Under/Over (4.5),1.0,2026-06-19 16:02:35 UTC,1.0,1.2312,Yes,0xE4DD6165bFF7EE73D7932C3b478f7E22431e85E7
2026-06-25 20:00:00 UTC,Ecuador vs Germany,FIFA World Cup ,Not tie,1X2,91.0,2026-06-19 14:58:51 UTC,91.0,1.7525,Yes,0x8268feC8dCb0D284343054BDf2b649286c9aA0a1
2026-06-25 20:00:00 UTC,Curaçao vs Ivory Coast,FIFA World Cup ,Over 2.0,Under/Over (2),42.0,2026-06-19 14:41:51 UTC,42.0,1.8125,Yes,0xE4DD6165bFF7EE73D7932C3b478f7E22431e85E7
2026-06-25 20:00:00 UTC,Curaçao vs Ivory Coast,FIFA World Cup ,Over 4.5,Under/Over (4.5),41.0,2026-06-19 11:52:13 UTC,41.0,1.2425,Yes,0xE4DD6165bFF7EE73D7932C3b478f7E22431e85E7
2026-06-25 20:00:00 UTC,Curaçao vs Ivory Coast,FIFA World Cup ,Curaçao +1,Asian Handicap (1),0.0,2026-06-19 07:22:05 UTC,0.0,1.175,Yes,0xe2C68b7ef85645e47F9b94382c3Db59b046945a2
2026-06-25 20:00:00 UTC,Curaçao vs Ivory Coast,FIFA World Cup ,Curaçao +1,Asian Handicap (1),26.0,2026-06-19 07:22:04 UTC,26.0,1.175,Yes,0xe2C68b7ef85645e47F9b94382c3Db59b046945a2
2026-06-25 20:00:00 UTC,Curaçao vs Ivory Coast,FIFA World Cup ,Curaçao +2.5,Asian Handicap (2.5),1.0,2026-06-18 18:04:20 UTC,1.0,1.555,Yes,0x8268feC8dCb0D284343054BDf2b649286c9aA0a1
2026-06-27 21:00:00 UTC,Panama vs England,FIFA World Cup ,Under 5.5,Under/Over (5.5),9.0,2026-06-18 16:53:08 UTC,9.0,1.9062,Yes,0xe2C68b7ef85645e47F9b94382c3Db59b046945a2
